﻿<?xml version="1.0" encoding="utf-8" ?>
<data>
  <ExpectedElement>
    <XPath>//span[contains(@id, "PageHeaderSpan") and text()="Agency Manuals"]</XPath>
  </ExpectedElement>
  <ExpectedElement>
    <XPath>//p[contains(text(), "View Agency Manuals with a Table of Contents.")]</XPath>
  </ExpectedElement>
  <ExpectedElement>
    <XPath>//td[contains(text(), "Personal Lines")]/a[text()="Iowa"]</XPath>
  </ExpectedElement>
  <ExpectedElement>
    <XPath>//td[contains(text(), "Personal Lines")]/a[text()="Illinois"]</XPath>
  </ExpectedElement>
  <ExpectedElement>
    <XPath>//td[contains(text(), "Personal Lines")]/a[text()="Indiana"]</XPath>
  </ExpectedElement>
  <ExpectedElement>
    <XPath>//td[contains(text(), "Personal Lines")]/a[text()="Minnesota"]</XPath>
  </ExpectedElement>
  <ExpectedElement>
    <XPath>//td[contains(text(), "Personal Lines")]/a[text()="Wisconsin"]</XPath>
  </ExpectedElement>
</data>