﻿<?xml version="1.0" encoding="utf-8" ?>
<data>
  <Search>
    <expectedTermXPath>//div[contains(@id, 'InsuredsRadGrid')]</expectedTermXPath>
  </Search>
  <Search>
    <expectedTermXPath>//div[contains(@id, 'ProspectsRadGrid')]</expectedTermXPath>
  </Search>
  <Search>
    <expectedTermXPath>//div[contains(@id, 'ClaimantsRadGrid')]</expectedTermXPath>
  </Search>
  <Search>
    <expectedTermXPath>//span[contains(@id, 'ResultsForLabel') and text()='GlobalVar(searchTerm)']</expectedTermXPath>
  </Search>
  <Search>
    <expectedTermXPath>//tr[contains(@id, 'MasterContentPlaceHolder_InsuredsRadGrid')]/td/a[contains(text(), 'GlobalVar(expectedTermAllUpperCase)')]</expectedTermXPath>    
  </Search>
  <Search>
    <expectedTermXPath>//tr[contains(@id, 'MasterContentPlaceHolder_ProspectsRadGrid')]/td/a[contains(text(), 'GlobalVar(expectedTermFirstCharUpperCase)')]</expectedTermXPath>    
  </Search>
</data>