<?xml version="1.0" encoding="utf-8" ?>
<data>

<!-- home smoke test-->
	<Insured>
		<ID>101</ID>
		<Prefix>Dr.</Prefix>
		<FirstName>Automated</FirstName>
		<MiddleName>UI</MiddleName>
		<LastName>LiferayTest</LastName>
		<Suffix>Sr.</Suffix>
		<!-- Options
		Jr.
		Sr.
		1st
		2nd
		3rd
		4th -->
		<Gender>M</Gender>
		<!-- Gender needs to be updated only xpath parameterization is in place 
		Options
			M, F, NB-->
		<DOB>02/02/1988</DOB>
		<MaritalStatus>Single</MaritalStatus>
		<!-- Options
		Single
		Married
		Divorced
		Widowed
		Separated -->
		<StreetAddress>123 main st</StreetAddress>
		<StreetAddress2>Ste 2134</StreetAddress2>
		<City>Ann Arbor</City>
		<County>none</County>
		<State>MI</State>
		<Zip>48001</Zip>
		<RelationShipToFNI>FNI</RelationShipToFNI>
		<!-- Options
		'Spouse'
		'Child'
		'Grandparent'
		'Not Related'
		'Relative' -->
		<IsLicensed>false</IsLicensed>
		<!-- Options 
		true, false		-->
		<Licensed5Yrs></Licensed5Yrs>
		<!-- Options
		true, false -->
		<DateLicensed></DateLicensed>
		<LicensedState></LicensedState>
		<LicenseNum></LicenseNum>
		<DriverType></DriverType>
		<!-- Options
			RATED
			NON_RATED
			EXCLUDED-->
		<FinancialRespFiling>false</FinancialRespFiling>
		<!-- Options
			true, false -->
		<Group>Academy of General Dentistry</Group>
		<!-- Options
		Academy of General Dentistry
		American Dental Association
		American Institute of Architects
		American Institute of Certified Public Accountants
		Association of Mature American Citizens
		Association of American Physicians and Surgeon
		Company Employees
		Grand Rapids Bar Association
		Lakeside Home
		Lake Michigan Credit Union
		MEA
		Michigan Dental Association
		Michigan State Bar
		Michigan Society of Professional Engineers
		National Society of Professional Engineers
		Spectrum Health Employees
		WB Appointed Agency
		None 	-->
	</Insured>
	<PolicyGeneralInfo>
		<PayInFull>false</PayInFull>
			<!--  true, false -->
		<ContinuouslyInsured>YES</ContinuouslyInsured>
		<!-- options
			YES
			NO
			NOT_NEEDED
		-->
		<NotNeededReason></NotNeededReason>
		<TwoOrMoreCarriers>false</TwoOrMoreCarriers>
		<!-- options
			false, true		-->
		<PriorCarrier>Admiral Group</PriorCarrier>
		<PolicyInception>06/01/2019</PolicyInception>
		<PolicyExpiration>06/01/2020</PolicyExpiration>
		<BILimit>Combined single limits</BILimit>
		<!-- options
			Split limits
			Combined single limits
		-->
		<CSL>$5,000</CSL>
		<PerPerson>$5,000</PerPerson>
		<PerAccident>$5,000</PerAccident>
	</PolicyGeneralInfo>
    
	
	<CA_PolicyGeneral>
      <PaymentOption>Quarterly</PaymentOption>
	   <DayOfMonth>20</DayOfMonth>
	  
		<!-- option values
		Bill in Full
		Semi - Annually
		Quarterly
		Monthly (EFT Only)
		Bill in Full - No Prior Ins -->
		<MailingSameAsPrimary>yes</MailingSameAsPrimary>
		<!-- if no, then use the following address fields-->
			<StreetAddress></StreetAddress>
			<StreetStreetAddress2></StreetStreetAddress2>
			<City></City>
			<State></State>
			<Zip></Zip>
		<EMail>TestingPolicy@WBMI.com</EMail>
		
		
		
		
		<Phone>  <!-- allows for multiple phone entries-->
			<PhoneID>0</PhoneID>  <!-- starts at 0-->
			<PhoneNumberType>Mobile</PhoneNumberType>
			  <!-- option values
				Home
				Mobile
				Work
				Other -->
			<PhoneNumber>248-365-8160</PhoneNumber>
		</Phone>
  		  			
     </CA_PolicyGeneral>
	 
	 
	 <CA_Driver>
		<ID>101</ID>
		 <Occupation>Technical /Supervisory</Occupation>
		 <WhyNotLicensed>Disabled</WhyNotLicensed>
		   <!-- a long list exists, some examples
		   Accountant
		   Administrator/Director
		   All other officers and employees not listed above
		   Artist (Without Other Profession)
		   Courts e.g. Bailiff, Clerk, Reporter, Stenographer, etc.
		   Factory Worker, Machine Operator, Tool & Die Worker	   
		   -->
	 </CA_Driver> 
	 
	 
	<newhome>
      <!-- <FormType>Home (H03)</FormType> -->
      <UsageType>Primary</UsageType>	 
		<!--  before we change this on use 1 script for primary and secondary, need to add address script call
		Options
		Primary
		Secondary
		Seasonal
		-->	
     <YearBuilt>1980</YearBuilt>			
      <ConstructionType>Frame</ConstructionType>	
		<!--  Options
		Frame
		Masonry/Brick
		Log
		Mobile Home
		Converted Commercial Structure
		-->	  
     <!-- <NumOfFamilies>One</NumOfFamilies>	-->
		<!-- before using Two, script will need if/then function.  or use exists as an optional check 
		Options
		One
		Two
		-->	  	
      <CovADwelling>$356,894</CovADwelling>	
      <CovALossSettlement>Replacement Cost</CovALossSettlement>	
		<!--options:  
		Replacement Cost
		Replacement Cost + 25%
		Replacement Cost + 50%
		Guaranteed Replacement Cost
		Functional Replacement Cost
		-->	  
      <CovBOtherStructures>10% of Coverage A</CovBOtherStructures>	
		<!--options:
		10% of Coverage A
		20% of Coverage A	
		-->		
      <CovCLossSettlement>Actual Cash Value</CovCLossSettlement>	
		<!--options:  must be same across all homes
		Actual Cash Value
		Replacement Cost	
		-->	
	  <CovCProperty>40% of Coverage A</CovCProperty>		
		<!--options:
		40% of Coverage A
		50% of Coverage A	
		60% of Coverage A
		70% of Coverage A
		80% of Coverage A
		-->	  
	  <CovDLossOfUse>20% of Coverage A</CovDLossOfUse>	
		<!--options:
		20% of Coverage A
		30% of Coverage A
		40% of Coverage A
		50% of Coverage A	
		60% of Coverage A
		70% of Coverage A
		80% of Coverage A
		90% of Coverage A
		100% of Coverage A
		-->	 
	  <CovE>$500,000</CovE>	
		<!--options:  must be same across all homes
		$100,000
		$300,000
		$500,000
		$1,000,000    *internal only
		-->	 
	  <CovF>$25,000</CovF>	
		<!--options:  must be same across all homes
		$5,000
		$10,000
		$25,000
		-->	 		
	  <Deductible>$2,000</Deductible>	
		<!--options:
			$500
			$1,000
			$1,500
			$2,000
			$2,500
			$5,000
			$7,500
			$10,000
			$15,000
			$20,000
			$25,000
			$35,000
			$50,000	
			-->	  	
		<StreetAddress>124 N Main st</StreetAddress>		
		<StreetAddress2>apt 362</StreetAddress2>		
		<City>Ann Arbor</City>	
		<County></County>		
		<State>MI</State>		
		<Zip>48000</Zip>				
		</newhome>	
     <newhome>
      <!-- <FormType>Home (H03)</FormType> -->
      <UsageType>Secondary</UsageType>	 
		<!--  before we change this on use 1 script for primary and secondary, need to add address script call
		Options
		Primary
		Secondary
		Seasonal
		-->	
     <YearBuilt>1991</YearBuilt>			
      <ConstructionType>Frame</ConstructionType>	
		<!--  Options
		Frame
		Masonry/Brick
		Log
		Mobile Home
		Converted Commercial Structure
		-->	  
     <!-- <NumOfFamilies>One</NumOfFamilies>	-->
		<!-- before using Two, script will need if/then function.  or use exists as an optional check 
		Options
		One
		Two
		-->	  	
      <CovADwelling>$123,894</CovADwelling>	
      <CovALossSettlement>Replacement Cost</CovALossSettlement>	
		<!--options:
		Replacement Cost
		Replacement Cost + 25%
		Replacement Cost + 50%
		Guaranteed Replacement Cost
		Functional Replacement Cost
		-->	  
      <CovBOtherStructures>20% of Coverage A</CovBOtherStructures>	
		<!--options:
		10% of Coverage A
		20% of Coverage A	
		-->		
      <CovCLossSettlement>Actual Cash Value</CovCLossSettlement>	
		<!--options:
		Actual Cash Value
		Replacement Cost	
		-->	
	  <CovCProperty>50% of Coverage A</CovCProperty>		
		<!--options:
		40% of Coverage A
		50% of Coverage A	
		60% of Coverage A
		70% of Coverage A
		80% of Coverage A
		-->	  
	  <CovDLossOfUse>30% of Coverage A</CovDLossOfUse>	
		<!--options:
		20% of Coverage A
		30% of Coverage A
		40% of Coverage A
		50% of Coverage A	
		60% of Coverage A
		70% of Coverage A
		80% of Coverage A
		90% of Coverage A
		100% of Coverage A
		-->	 
	  <CovE>$500,000</CovE>	
		<!--options:  must be same across all homes
		$100,000
		$300,000
		$500,000
		$1,000,000    *internal only
		-->	 
	  <CovF>$25,000</CovF>	
		<!--options:  must be same across all homes
		$5,000
		$10,000
		$25,000
		-->	 		
		<Deductible>$5,000</Deductible>	
		<!--options:
			$500
			$1,000
			$1,500
			$2,000
			$2,500
			$5,000
			$7,500
			$10,000
			$15,000
			$20,000
			$25,000
			$35,000
			$50,000	
			-->	  
		<StreetAddress>124 s main st</StreetAddress>		
		<StreetAddress2>apt 1324</StreetAddress2>		
		<City>Ann Arbor</City>	
		<County></County>
		<State>MI</State>		
		<Zip>48106</Zip>		
	</newhome>			
     <newhome>
      <!-- <FormType>Home (H03)</FormType> -->
      <UsageType>Seasonal</UsageType>	 
		<!--  before we change this on use 1 script for primary and secondary, need to add address script call
		Options
		Primary
		Secondary
		Seasonal
		-->	
     <YearBuilt>1909</YearBuilt>			
      <ConstructionType>Masonry/Brick</ConstructionType>	
		<!--  Options
		Frame
		Masonry/Brick
		Log
		Mobile Home
		Converted Commercial Structure
		-->	  
     <!-- <NumOfFamilies>One</NumOfFamilies>	-->
		<!-- before using Two, script will need if/then function.  or use exists as an optional check 
		Options
		One
		Two
		-->	  	
      <CovADwelling>$262,001</CovADwelling>	
      <CovALossSettlement>Replacement Cost + 25%</CovALossSettlement>	
		<!--options:
		Replacement Cost
		Replacement Cost + 25%
		Replacement Cost + 50%
		Guaranteed Replacement Cost
		Functional Replacement Cost
		-->	  
      <CovBOtherStructures>20% of Coverage A</CovBOtherStructures>	
		<!--options:
		10% of Coverage A
		20% of Coverage A	
		-->		
      <CovCLossSettlement>Actual Cash Value</CovCLossSettlement>	
		<!--options:
		Actual Cash Value
		Replacement Cost	
		-->	
	  <CovCProperty>70% of Coverage A</CovCProperty>		
		<!--options:
		40% of Coverage A
		50% of Coverage A	
		60% of Coverage A
		70% of Coverage A
		80% of Coverage A
		-->	  
	  <CovDLossOfUse>60% of Coverage A</CovDLossOfUse>	
		<!--options:
		20% of Coverage A
		30% of Coverage A
		40% of Coverage A
		50% of Coverage A	
		60% of Coverage A
		70% of Coverage A
		80% of Coverage A
		90% of Coverage A
		100% of Coverage A
		-->	
	  <CovE>$500,000</CovE>	
		<!--options:  must be same across all homes
		$100,000
		$300,000
		$500,000
		$1,000,000    *internal only
		-->	 
	  <CovF>$25,000</CovF>	
		<!--options:  must be same across all homes
		$5,000
		$10,000
		$25,000
		-->	 				
	  <Deductible>$10,000</Deductible>	
		<!--options:
			$500
			$1,000
			$1,500
			$2,000
			$2,500
			$5,000
			$7,500
			$10,000
			$15,000
			$20,000
			$25,000
			$35,000
			$50,000	
			-->	  
		<StreetAddress>126 s main st</StreetAddress>		
		<StreetAddress2>apt 362</StreetAddress2>		
		<City>Ann Arbor</City>
		<County></County>
		<State>MI</State>		
		<Zip>48106</Zip>		
		</newhome>					

<steps> 
	  <step>
		<caption>Wait for PSS LUCI spinner to disappear</caption>
		<data></data>
		<action>Wait_LUCI.xml</action>
		<xpath></xpath>
	  </step>     
	 <step>
		<caption>Wait for Create application button</caption>
		<data>true</data>
		<action>exists</action>
		<xpath>//button[contains(@class,'createAppBtn') and not(@disabled)]</xpath>
	  </step>   
	 <step>
		<caption>Wait</caption>
		<data>1000</data>
		<action>staticwait</action>
		<xpath></xpath>
	  </step>   
  <step>
	<caption>Click Create Application button</caption>
	<data></data>
	<action>click</action>
	<xpath>//button[contains(@class,'createAppBtn')]</xpath>
  </step>    
	  <step>
		<caption>Wait for loading spinner to disappear</caption>
		<data></data>
		<action>Wait_Loading-Saving.xml</action>
		<xpath></xpath>
	  </step>	  
  <!-- this data entry part could call out to other script and data files-->
   <step>
      <caption>Initiating the data set</caption>
      <data>CA_PolicyGeneral</data>
      <action>setdata</action>
      <xpath></xpath>
  </step>
   	  <step>
		<caption>Wait </caption>
		<data>1000</data>
		<action>staticwait</action>
		<xpath></xpath>
	  </step>  
   <step>
	<caption>Enter payment Option</caption>
	<data>{PaymentOption}</data>
	<action>select</action>
	<xpath>//select[contains(@id,'paymentOption')]</xpath>
  </step> 
  <step>
		<caption>Wait </caption>
		<data>1000</data>
		<action>staticwait</action>
		<xpath></xpath>
	  </step> 
      <!-- handle popup-->
		<step>
		  <caption>If premium change popup</caption>
		  <data></data>
		  <action>ifelementexists</action>
		  <xpath>//div[@class='modal-sm modal-dialog']</xpath>
		</step>
		<step>
		  <caption>click Yes</caption>
		  <data></data>
		  <action>click</action>
		  <xpath>//div[@class='modal-sm modal-dialog']//button[@class='btn btn-primary' and text()='Yes']</xpath>
		</step>
		<step>
		  <caption>End If</caption>
		  <data></data>
		  <action>endif</action>
		  <xpath></xpath>
		</step>
    <!-- continue--> 
 	<step>
		<caption>What day of the month should we make the due date?</caption>
		<data>{DayOfMonth}</data>
		<action>select</action>
		<xpath>//select[contains(@id,'_paymentWithdrawDayOfMonth')]</xpath>
	</step>
	<!--down payment-->
	  <step>
		  <caption>Will the client be making a down payment?</caption>
		  <data></data>
		  <action>click</action>
		  <xpath>//div[contains(@id,'downPaymentIndicator')]//input[@value='false']</xpath>
		</step> 
 
  
  <!--Producer details -->
  
<!--  <step>
	  <caption>Agency Name</caption>
	  <data>A W WELT AMBRISCO INSURANCE-14768 BLOOMINGTON, IN (14768)</data>
	  <action>input</action>
	  <xpath>(//div[contains(@id, 'COMPLETE_APP_POLICY')])[1]//input</xpath>
  </step>
  <step>
	  <caption>Producer</caption>
	  <data>stephanie producer</data>
	  <action>input</action>
	  <xpath>(//div[contains(@id, 'COMPLETE_APP_POLICY')])[2]//input</xpath>
  </step>
  <step>
	  <caption>Requested by</caption>
	  <data>stephanie producer</data>
	  <action>input</action>
	  <xpath>(//div[contains(@id, 'COMPLETE_APP_POLICY')])[3]//input</xpath>
  </step>-->
   	  <step>
		<caption>Wait </caption>
		<data>3000</data>
		<action>staticwait</action>
		<xpath></xpath>
	  </step> 
  <step>
	  <caption>Agency Name</caption>
	  <data>R &amp; R INSURANCE SERVICES INC-48508 WEST BEND, WI (48508)</data>
	  <action>input</action>
	  <xpath>//div[contains(@id, '_agency')]//input</xpath>
  </step>
   <step>
	  <caption>Agency Name</caption>
	  <data>R &amp; R INSURANCE SERVICES INC-48508 WEST BEND, WI (48508)</data>
	  <action>input</action>
	  <xpath>//div[contains(@id, '_agency')]//input</xpath>
  </step>
     <step>
		<caption>Wait </caption>
		<data>2000</data>
		<action>staticwait</action>
		<xpath></xpath>
	  </step> 
   <step>
	  <caption>Producer</caption>
	  <data>Joyner Producer</data>
	  <action>input</action>
	  <xpath>//div[contains(@id, '_producer')]//input</xpath>
  </step>
    <step>
	  <caption>Producer</caption>
	  <data>Joyner Producer</data>
	  <action>input</action>
	  <xpath>//div[contains(@id, '_producer')]//input</xpath>
  </step>
      <step>
		<caption>Wait </caption>
		<data>2000</data>
		<action>staticwait</action>
		<xpath></xpath>
	  </step> 
  <step>
	  <caption>Requested by</caption>
	  <data>Joyner Producer</data>
	  <action>input</action>
	  <xpath>//div[contains(@id, '_agent')]//input</xpath>
  </step>
  <step>
	  <caption>Requested by</caption>
	  <data>Joyner Producer</data>
	  <action>input</action>
	  <xpath>//div[contains(@id, '_agent')]//input</xpath>
  </step> 
  <!--Producer details -->
  <step>
		<caption>Wait </caption>
		<data>2000</data>
		<action>staticwait</action>
		<xpath></xpath>
	  </step>
	 
	 
	<!--Mailing Address Information-->
	<step>
	  <caption>Email Address</caption>
	  <data>{EMail}</data>
	  <action>input</action>
	  <xpath>//input[contains(@id, '_insuredEmail')]</xpath>
   </step>
		  <step>
		  <caption>Initiating the data set</caption>
		  <data>Phone</data>
		  <action>setdata</action>
		  <xpath></xpath>
		</step>
		
		  <step>
			  <caption>Phone Number Type</caption>
			  <data>{PhoneNumberType}</data>
			  <action>select</action>
			  <xpath>//select[contains(@id,'insuredPhone_{PhoneID}_phoneType')]</xpath>
			</step>
		  <step>
			  <caption>Phone Number</caption>
			  <data>{PhoneNumber}</data>
			  <action>input</action>
			  <xpath>//input[contains(@id, 'insuredPhone_{PhoneID}_phoneNumber')]</xpath>
		   </step>
		<step>
		  <caption>release the data set</caption>
		  <data>Phone</data>
		  <action>enddata</action>
		  <xpath></xpath>
		</step>	
   <step>
		<caption>Wait </caption>
		<data>2000</data>
		<action>staticwait</action>
		<xpath></xpath>
	  </step>  
   
  <step>
      <caption>release the data set</caption>
      <data>CA_PolicyGeneral</data>
      <action>enddata</action>
      <xpath></xpath>
    </step>  
  
     <step>
      <caption>Initiating the data set</caption>
      <data>CA_Driver</data>
      <action>setdata</action>
      <xpath></xpath>
  </step>
  <step>
	<caption>Enter occupation</caption>
	<data>{Occupation}</data>
	<action>select</action>
	<xpath>//select[contains(@id,'{ID}_driverOccupation')]</xpath>
  </step> 
   
  	<step>
      <caption>If </caption>
      <data>true</data>
      <action>ifelementexists</action>
      <xpath>//select[contains(@id,'{ID}_driverNotLicensedReason')]</xpath>
    </step> 
		  <step>
			<caption>Enter occupation</caption>
			<data>{WhyNotLicensed}</data>
			<action>select</action>
			<xpath>//select[contains(@id,'{ID}_driverNotLicensedReason')]</xpath>
		  </step> 
 	<step>
      <caption>End if</caption>
      <data></data>
      <action>endif</action>
      <xpath></xpath>
    </step>
	
  
  <step>
      <caption>release the data set</caption>
      <data>CA_Driver</data>
      <action>enddata</action>
      <xpath></xpath>
  </step> 
  <step>
	<caption>Scroll to top of the page</caption>
	<action>JavaScript</action>
	<data>scroll top</data>
	<code>window.scrollTo(0,0)</code>
    <xpath></xpath>
</step>
    <!--End data entry-->
    <step>
      <caption>Screen shot</caption>
      <data>CA_submit</data>
      <action>takescreenshot</action>
      <xpath></xpath>
    </step>   
 </steps> 




</data>

