<?xml version="1.0" encoding="utf-8" ?>
<data>
	<Insured>
		<ID>101</ID>
			<Prefix></Prefix>
			<FirstName>DOROTHY</FirstName>
			<MiddleName></MiddleName>
			<LastName>PIRSAR</LastName>
			<Suffix></Suffix>
			<!-- Options
			Jr.
			Sr.
			1st
			2nd
			3rd
			4th -->
			<Gender>F</Gender>
			<!-- Gender needs to be updated only xpath parameterization is in place 
			Options
				M, F, NB-->
			<DOB>08/07/1944</DOB>
			<MaritalStatus>Married</MaritalStatus>
			<!-- Options
			Single
			Married
			Divorced
			Widowed
			Separated -->
			<StreetAddress>5329 S DAM RD</StreetAddress>
			<StreetAddress2>Stree123</StreetAddress2>
			<City>ALGER</City>
			<County>none</County>
			<State>MI</State>
			<Zip>48610</Zip>
			<RelationShipToFNI>FNI</RelationShipToFNI>
			<!-- Options
			'Spouse'
			'Child'
			'Grandparent'
			'Not Related'
			'Relative' -->
			 <IsLicensed>true</IsLicensed> 
			<!-- Options 
			true, false		-->
			<Licensed5Yrs>false</Licensed5Yrs>
			<!-- Options
			true, false -->
			<DateLicensed>01/11/2018</DateLicensed>
			<LicensedState>AZ</LicensedState>
			<LicenseNum>D05006107</LicenseNum>
			<DriverType>RATED</DriverType>
			<!-- Options
				RATED
				NON_RATED
				EXCLUDED-->
			<FinancialRespFiling>false</FinancialRespFiling>
			<!-- Options
				true, false -->
			<Group>Academy of General Dentistry</Group>
			<!-- Options
			Academy of General Dentistry
			American Dental Association
			American Institute of Architects
			American Institute of Certified Public Accountants
			Association of Mature American Citizens
			Association of American Physicians and Surgeon
			Company Employees
			Grand Rapids Bar Association
			Lakeside Home
			Lake Michigan Credit Union
			MEA
			Michigan Dental Association
			Michigan State Bar
			Michigan Society of Professional Engineers
			National Society of Professional Engineers
			Spectrum Health Employees
			WB Appointed Agency
			None 	-->
	</Insured>
	<Driver>
		<ID>102</ID>
			<Prefix></Prefix>
			<FirstName>RICHARD</FirstName>
			<MiddleName></MiddleName>
			<LastName>DUCCI</LastName>
			<Suffix></Suffix>
			<!-- Options
			Jr.
			Sr.
			1st
			2nd
			3rd
			4th -->
			<Gender>F</Gender>
			<!-- Gender needs to be updated only xpath parameterization is in place 
			Options
				M, F, NB-->
			<DOB>12/11/1948</DOB>
			<MaritalStatus>Single</MaritalStatus>
			<!-- Options
			Single
			Married
			Divorced
			Widowed
			Separated -->
			<RelationShipToFNI>Not Related</RelationShipToFNI>
			<!-- Options
			'Spouse'
			'Child'
			'Grandparent'
			'Not Related'
			'Relative' -->
			<IsLicensed>true</IsLicensed> 
			<!-- Options 
			true, false		-->
			<Licensed5Yrs>true</Licensed5Yrs>
			<!-- Options
			true, false -->
	</Driver>
	<editvehicle>
		<ID>101</ID>
		<VehicleNumber>1</VehicleNumber>
		<Over10k>false</Over10k>
		<!-- options
			false, true			-->
		<BusinessVehicle>false</BusinessVehicle>
			<!-- options
			false, true			-->
		<TitledType>Other</TitledType>
			<!-- options
			Other, Business, [driver name]		-->		
		<TitledinNameof>My Test Business</TitledinNameof>
		<VehicleRegistrationState>MI</VehicleRegistrationState>
		<GaragedAtPrimary>true</GaragedAtPrimary>
			<!-- options
			false, true			-->		
		<!-- Adaptive Headlights - TBD -->	
		<!-- backup warning - TBD -->	
		<!-- Forward Crash - TBD -->
		<ForwardCrashSelect>With Auto-Braking</ForwardCrashSelect>
			<!-- options:  With Auto-Braking,Without Auto-Braking -->		
		<!-- Autonomous at - TBD -->	
		<!-- driver fatigue - TBD -->	
		<!-- Land Departure - blind spot- TBD -->	
		<LaneDepartureSelect>Lane Departure Only</LaneDepartureSelect>	
			<!-- options:  Lane Departure Only, Blind Spot Monitoring Only, Both Lane Departure Blind Spot Monitoring -->
		<BICSL>$50,000 / $100,000</BICSL>	
			<!-- options:  
				$15,000 / $30,000     AZ only with PED < 6/30/2020
				$20,000 / $40,000     MI only
				$25,000 / $50,000     other than MI
				$50,000 / $100,000
				$100,000 / $300,000
				$250,000 / $500,000
				$500,000 / $500,000
				$500,000 / $1,000,000
				$1,000,000 / $1,000,000
				$100,000
				$300,000
				$500,000
				$1,000,000
			-->		
		<PD>$10,000</PD>
			<!-- options:  
				$10,000        applicable for MI. For AZ only when PED < 6/30/2020
				$15,000        other than MI
				$25,000
				$50,000
				$100,000
				$250,000
				$350,000
				$500,000
			-->				
		<UMUIM>$50,000 / $100,000</UMUIM>	
			<!-- MUST BE LES THAN OR EQUAL TO BI/CSL
				options:  
				$20,000 / $40,000
				$50,000 / $100,000
				$100,000 / $300,000
				$250,000 / $500,000
				$500,000 / $500,000
				$500,000 / $1,000,000
				$1,000,000 / $1,000,000
			-->	
		<APDL>$1,000</APDL>	
			<!-- options:  		$1,000	-->
		<PIP>Primary Medical - $1,000 deductible</PIP>	
			<!-- options:  		
			Excess Medical - $0 deductible
			Primary Medical - $0 deductible
			Primary Medical - $500 deductible
			Primary Medical - $1,000 deductible
			Primary Medical - $10,000 deductible
			-->		
		<WorkLossWaiver>No</WorkLossWaiver>	
			<!--options:
				Yes       (must be over 60)
				No				-->
		<WorkLossWaiverDeductible>$10,000</WorkLossWaiverDeductible>		
			<!-- options:  		
				$0
				$500
				$1,000
				$5,000
				$10,000
				-->
		<MedPay>Not Requested</MedPay>
		<!-- options:
			Not Requested
			$1,000
			$2,000
			$5,000
			$10,000
			$25,000 
			-->
		<COMPOTC>$5,000</COMPOTC>	
			<!-- options:  		
				$100
				$250
				$500
				$1,000
				$1,500
				$2,000
				$2,500
				$3,000
				$5,000
				-->		
		<FCG>Yes</FCG>	
			<!-- options:
				Yes, No				-->	
		<COLL>Broad</COLL>	
			<!-- options:  		
				Broad
				Standard
				Limited	
				-->	
		<COLLDeductible>$100</COLLDeductible>	
			<!-- options:  		
				Broad or standard:
					$100
					$250
					$500
					$1,000
					$1,500
					$2,000
					$2,500
					$3,000
					$5,000
				Limited	
					$0
					$100
				-->	
		<AutoLL>Yes</AutoLL>
			<!-- options:
				Yes, No			-->		
		<TransExpense>$40 / $1,200</TransExpense>	
			<!-- options:  		
				$30 / $900 Included
				$40 / $1,200
				$50 / $1,500
				$75 / $2,250
				$100 / $3,000
				$150 / $4,500
				$200 / $6,000
				-->	
		<CustomEquip>false</CustomEquip>
				<!-- options:
				true, false				-->	
	<CustomEquipOther>true</CustomEquipOther>
				<!-- options:
				true, false	-->
	<CustomEquipment>
		<RowId>0</RowId>
		<CustomEquipValue>5000</CustomEquipValue>	
		<CustomEquipDesc>added handicap drop gate</CustomEquipDesc>	
		<OEMSelection>false</OEMSelection>
			<!-- options:
			true
			 false	-->	
	</CustomEquipment>
	<CDR>No</CDR>
		<!-- options:  
			Yes			
			No
			-->	
		<Leased>false</Leased>	
			<!-- options:
			true, false			-->	
	</editvehicle>
	<editvehicle>
		<ID>102</ID>
		<VehicleNumber>2</VehicleNumber>
		<Over10k>false</Over10k>
		
		<!-- options
			false, true			-->
		<BusinessVehicle>false</BusinessVehicle>
			<!-- options
			false, true			-->
		<TitledType>Other</TitledType>
			<!-- options
			Other, Business, [driver name]		-->		
		<TitledinNameof>My Test Business</TitledinNameof>
		<VehicleRegistrationState>MI</VehicleRegistrationState>
		<GaragedAtPrimary>true</GaragedAtPrimary>
			<!-- options
			false, true			-->		
		<!-- Adaptive Headlights - TBD -->	
		<!-- backup warning - TBD -->	
		<!-- Forward Crash - TBD -->
		<ForwardCrashSelect>With Auto-Braking</ForwardCrashSelect>
			<!-- options:  With Auto-Braking,Without Auto-Braking -->		
		<!-- Autonomous at - TBD -->	
		<!-- driver fatigue - TBD -->	
		<!-- Land Departure - blind spot- TBD -->	
		<LaneDepartureSelect>Lane Departure Only</LaneDepartureSelect>	
			<!-- options:  Lane Departure Only, Blind Spot Monitoring Only, Both Lane Departure Blind Spot Monitoring -->
		<BICSL>$50,000 / $100,000</BICSL>	
			<!-- options:  
				$15,000 / $30,000     AZ only with PED < 6/30/2020
				$20,000 / $40,000     MI only
				$25,000 / $50,000     other than MI
				$50,000 / $100,000
				$100,000 / $300,000
				$250,000 / $500,000
				$500,000 / $500,000
				$500,000 / $1,000,000
				$1,000,000 / $1,000,000
				$100,000
				$300,000
				$500,000
				$1,000,000
			-->		
		<PD>$10,000</PD>
			<!-- options:  
				$10,000        applicable for MI. For AZ only when PED < 6/30/2020
				$15,000        other than MI
				$25,000
				$50,000
				$100,000
				$250,000
				$350,000
				$500,000
			-->				
		<UMUIM>$50,000 / $100,000</UMUIM>	
			<!-- MUST BE LES THAN OR EQUAL TO BI/CSL
				options:  
				$20,000 / $40,000
				$50,000 / $100,000
				$100,000 / $300,000
				$250,000 / $500,000
				$500,000 / $500,000
				$500,000 / $1,000,000
				$1,000,000 / $1,000,000
			-->	
		<APDL>$1,000</APDL>	
			<!-- options:  		$1,000	-->
		<PIP>Primary Medical - $1,000 deductible</PIP>	
			<!-- options:  		
			Excess Medical - $0 deductible
			Primary Medical - $0 deductible
			Primary Medical - $500 deductible
			Primary Medical - $1,000 deductible
			Primary Medical - $10,000 deductible
			-->		
		<WorkLossWaiver>No</WorkLossWaiver>	
			<!--options:
				Yes       (must be over 60)
				No				-->
		<WorkLossWaiverDeductible>$10,000</WorkLossWaiverDeductible>		
			<!-- options:  		
				$0
				$500
				$1,000
				$5,000
				$10,000
				-->
		<MedPay>Not Requested</MedPay>
		<!-- options:
			Not Requested
			$1,000
			$2,000
			$5,000
			$10,000
			$25,000 
			-->
		<COMPOTC>$5,000</COMPOTC>	
			<!-- options:  		
				$100
				$250
				$500
				$1,000
				$1,500
				$2,000
				$2,500
				$3,000
				$5,000
				-->		
		<FCG>Yes</FCG>	
			<!-- options:
				Yes, No				-->	
		<COLL>Broad</COLL>	
			<!-- options:  		
				Broad
				Standard
				Limited	
				-->	
		<COLLDeductible>$100</COLLDeductible>	
			<!-- options:  		
				Broad or standard:
					$100
					$250
					$500
					$1,000
					$1,500
					$2,000
					$2,500
					$3,000
					$5,000
				Limited	
					$0
					$100
				-->	
		<AutoLL>Yes</AutoLL>
			<!-- options:
				Yes, No			-->		
		<TransExpense>$40 / $1,200</TransExpense>	
			<!-- options:  		
				$30 / $900 Included
				$40 / $1,200
				$50 / $1,500
				$75 / $2,250
				$100 / $3,000
				$150 / $4,500
				$200 / $6,000
				-->	
		<CustomEquip>false</CustomEquip>
				<!-- options:
				true, false				-->	
		<CustomEquipOther>true</CustomEquipOther>
				<!-- options:
				true, false	-->
		<CustomEquipment>
			<RowId>0</RowId>
			<CustomEquipValue>5000</CustomEquipValue>	
			<CustomEquipDesc>added handicap drop gate</CustomEquipDesc>	
			<OEMSelection>false</OEMSelection>
			<!-- options:
				true
				false	-->
		</CustomEquipment>
		<CDR>No</CDR>
		<!-- options:  
			Yes			
			No
			-->
		<Leased>false</Leased>	
			<!-- options:
			true, false			-->	
	</editvehicle>
	<PolicyGeneralInfo>
		<PayInFull>false</PayInFull>
			<!--  true, false -->
		<ContinuouslyInsured>YES</ContinuouslyInsured>
		<!-- options
			YES
			NO
			NOT_NEEDED
		-->
		<NotNeededReason></NotNeededReason>
		<TwoOrMoreCarriers>true</TwoOrMoreCarriers>
		<PerPerson>$10,000</PerPerson>
		<PerAccident>$10,000</PerAccident>
	</PolicyGeneralInfo>
	<CA_PolicyGeneral>
      <PaymentOption>Quarterly</PaymentOption>
	  <DayOfMonth>20</DayOfMonth>
		<MailingSameAsPrimary>yes</MailingSameAsPrimary>
		<!-- if no, then use the following address fields-->
			<StreetAddress></StreetAddress>
			<StreetAddress2></StreetAddress2>
			<City></City>
			<State></State>
			<ZipCode></ZipCode>
		<EMail>TestingPolicy@WBMI.com</EMail>
		<Phone>  <!-- allows for multiple phone entries-->
			<PhoneID>0</PhoneID>  <!-- starts at 0-->
			<PhoneNumberType>Mobile</PhoneNumberType>
			  <!-- option values
				Home
				Mobile
				Work
				Other -->
			<PhoneNumber>248-365-8160</PhoneNumber>
		</Phone>
    </CA_PolicyGeneral>
    <CA_Driver>
      <ID>101</ID>
      <Occupation>Accountant</Occupation>
	  <WhyNotLicensed>Revoked</WhyNotLicensed>
		   <!--options
		   No Longer Drivers
		   Disabled
		   Minor
		   Revoked
		   Other
		   -->
    </CA_Driver>
	<CA_Driver>
      <ID>102</ID>
      <Occupation>Athlete - Professional</Occupation>
	  <WhyNotLicensed>Revoked</WhyNotLicensed>
		   options
		   No Longer Drivers
		   Disabled
		   Minor
		   Revoked
		   Other
		  
   </CA_Driver>
	<CA_MailingAddressInformation>
	  <EMail>TestingPolicy@WBMI.com</EMail>
	  <PhoneNumberType>Mobile</PhoneNumberType>
	  <PhoneNumber>248-365-8160</PhoneNumber>
	</CA_MailingAddressInformation>
    <CA_VehicleGeneral>
      <Uber>false</Uber>
      <CarSharing>false</CarSharing>
    </CA_VehicleGeneral>
<!-- repeat CA_Vehicle for each vehicle on the policy -->
	<CA_Vehicle>
      <ID>101</ID>
      <TypeOfBusiness></TypeOfBusiness>
      <EmployeeOperatesVehicle></EmployeeOperatesVehicle>
      <DateOfLease>03/13/2019</DateOfLease>
      <CarryOverBalance>false</CarryOverBalance>
      <PriorLoanLeaseCoverage>false</PriorLoanLeaseCoverage>
      <AdditInterest>
        <VehicleID>101</VehicleID>
        <InterestType>Loss Payee</InterestType>
        <!--  options
				Loss Payee
				Additional Insured
				Additional Interest
				Additional Interest-Lessor  -->
        <LoanNumber>1234567890</LoanNumber>
        <Name1>ABC Bank</Name1>
        <Name2>Attn:  dept A</Name2>
        <StreetAddr>513 Michigan</StreetAddr>
        <StreetAddr2></StreetAddr2>
        <City>Baldwin</City>
        <County></County>
        <State>MI</State>
        <ZipCode>49304</ZipCode>
      </AdditInterest>
    </CA_Vehicle>
	<VehGenCovQues>
<!-- repeat AssignDriver for each vehicle on policy-->
	<AssignDriver>
		<VehicleID>101</VehicleID>
		<PrincipalDriver>RICHARD DUCCI</PrincipalDriver>
		<!--<PrincipalDriverID>101</PrincipalDriverID>-->
		<!--repeat OccasionalDriver as needed-->
	</AssignDriver>
	<AssignDriver>
		<VehicleID>102</VehicleID>
		<PrincipalDriver>DOROTHY PIRSAR</PrincipalDriver>
		<!--<PrincipalDriverID>102</PrincipalDriverID>-->
		<!--repeat OccasionalDriver as needed-->
	</AssignDriver>
	<TravelNet>$250</TravelNet>
	<OtherAutoInsurance>false</OtherAutoInsurance>
</VehGenCovQues>
	<CA_Vehicle>
      <ID>102</ID>
      <TypeOfBusiness></TypeOfBusiness>
      <EmployeeOperatesVehicle></EmployeeOperatesVehicle>
      <DateOfLease>07/13/2017</DateOfLease>
      <CarryOverBalance>false</CarryOverBalance>
      <PriorLoanLeaseCoverage>false</PriorLoanLeaseCoverage>

      <AdditInterest>
        <VehicleID>102</VehicleID>
        <InterestType>Additional Insured</InterestType>
        <!--  options
				Loss Payee
				Additional Insured
				Additional Interest
				Additional Interest-Lessor  -->
        <LoanNumber>12abc</LoanNumber>
        <Name1>US Bank</Name1>
        <Name2>Attn:  payments</Name2>
        <StreetAddr>1243 N 10th st</StreetAddr>
        <StreetAddr2></StreetAddr2>
        <City>ann arbor</City>
        <County></County>
        <State>MI</State>
        <ZipCode>48104</ZipCode>
      </AdditInterest>
	  
    </CA_Vehicle>
</data>