<?xml version="1.0" encoding="utf-8" ?>
<data>
	<Insured>
		<ID>1</ID>
			<Prefix></Prefix>
			<FirstName>WILMA</FirstName>
			<MiddleName>J</MiddleName>
			<LastName>MECKELBECKER</LastName>
			<Suffix></Suffix>
			<Gender>F</Gender>
			<DOB>05/17/1976</DOB>
			<MaritalStatus>Married</MaritalStatus>
			<StreetAddress>41327 N CLEAR CROSSING CT</StreetAddress>
			<StreetAddress2>Stree123</StreetAddress2>
			<City>ANTHEM</City>
			<County>none</County>
			<State>AZ</State>
			<Zip>85086</Zip>
			<RelationShipToFNI>FNI</RelationShipToFNI>
		  <IsLicensed>true</IsLicensed> 
			<Licensed5Yrs>false</Licensed5Yrs>
			<DateLicensed>01/11/2018</DateLicensed>
			<LicensedState>AZ</LicensedState>
			<LicenseNum>D05006107</LicenseNum>
			<DriverType>RATED</DriverType>
			<Group></Group>
	</Insured>
	<Driver>
		<ID>2</ID>
			<Prefix></Prefix>
			<FirstName>ELIZABETH</FirstName>
			<MiddleName></MiddleName>
			<LastName>YACAHA</LastName>
			<Suffix></Suffix>
			<Gender>F</Gender>
			<DOB>06/06/1996</DOB>
			<MaritalStatus>Single</MaritalStatus>
			<RelationShipToFNI>Not Related</RelationShipToFNI>
			<IsLicensed>true</IsLicensed> 
			<Licensed5Yrs>true</Licensed5Yrs>
	</Driver>
	<editvehicle>
		<ID>3</ID>
		<VehicleNumber>1</VehicleNumber>
		<Over10k>false</Over10k>
		<BusinessVehicle>false</BusinessVehicle>
		<TitledType>Other</TitledType>	
		<TitledinNameof>My Test Business</TitledinNameof>
		<VehicleRegistrationState>AZ</VehicleRegistrationState>
		<GaragedAtPrimary>true</GaragedAtPrimary>
		<ForwardCrashSelect>With Auto-Braking</ForwardCrashSelect>
		<LaneDepartureSelect>Lane Departure Only</LaneDepartureSelect>	
		<BICSL>$50,000 / $100,000</BICSL>	
		<PD>$15,000</PD>	
		<UM>$50,000 / $100,000</UM>	
		<UIM>$50,000 / $100,000</UIM>
		<APDL></APDL>	
		<PIP></PIP>	
		<WorkLossWaiver></WorkLossWaiver>	
		<WorkLossWaiverDeductible></WorkLossWaiverDeductible>		
		<MedPay>$1,000</MedPay>
		<COMPOTC>$5,000</COMPOTC>		
		<FCG>Yes</FCG>	
		<COLL></COLL>	
		<COLLDeductible>$100</COLLDeductible>	
		<AutoLL>Yes</AutoLL>	
		<TransExpense>$40 / $1,200</TransExpense>	
		<CustomEquip>true</CustomEquip>
		<CustomEquipment>
			<RowId>0</RowId>
			<CustomEquipValue>5000</CustomEquipValue>	
			<CustomEquipDesc>added handicap drop gate</CustomEquipDesc>
			<OEMSelection>false</OEMSelection>
		</CustomEquipment>
		<CDR>No</CDR>
		<Leased></Leased>	
	</editvehicle>
	<editvehicle>
		<ID>4</ID>
		<VehicleNumber>2</VehicleNumber>
		<Over10k>false</Over10k>
		<BusinessVehicle>false</BusinessVehicle>
		<TitledType>Other</TitledType>
		<TitledinNameof>My Test Business</TitledinNameof>
		<VehicleRegistrationState>AZ</VehicleRegistrationState>
		<GaragedAtPrimary>true</GaragedAtPrimary>
		<ForwardCrashSelect>With Auto-Braking</ForwardCrashSelect>
		<LaneDepartureSelect>Lane Departure Only</LaneDepartureSelect>	
		<BICSL>$50,000 / $100,000</BICSL>	
		<PD>$15,000</PD>
		<UM>$50,000 / $100,000</UM>	
		<UIM>$50,000 / $100,000</UIM>
		<APDL></APDL>	
		<PIP></PIP>	
		<WorkLossWaiver></WorkLossWaiver>	
		<WorkLossWaiverDeductible></WorkLossWaiverDeductible>		
		<MedPay>$1,000</MedPay>
		<COMPOTC>$5,000</COMPOTC>	
		<FCG>Yes</FCG>	
		<COLL></COLL>	
		<COLLDeductible>$100</COLLDeductible>	
		<AutoLL>Yes</AutoLL>	
		<TransExpense>$40 / $1,200</TransExpense>	
		<CustomEquip>true</CustomEquip>
		<CustomEquipment>
			<RowId>0</RowId>
			<CustomEquipValue>5000</CustomEquipValue>	
			<CustomEquipDesc>added handicap drop gate</CustomEquipDesc>
			<OEMSelection>false</OEMSelection>
		</CustomEquipment>
		<CDR>Yes</CDR>
		<Leased>false</Leased>	
	</editvehicle>
 	<PolicyGeneralInfo>
    <AssociationPlus>Dentists</AssociationPlus>
    <PayInFull>false</PayInFull>
    <TwoOrMoreCarriers>true</TwoOrMoreCarriers>
    <PriorCarrier></PriorCarrier>
    <OtherPriorCarrierName></OtherPriorCarrierName>
    <ReasonNewQuote></ReasonNewQuote>
    <OtherReason></OtherReason>
    <PolicyInception></PolicyInception>
    <PolicyExpiration></PolicyExpiration>
    <NoInsuranceReason></NoInsuranceReason>
    <NoInsuranceReasonDes></NoInsuranceReasonDes>
    <LiabilityType>Split limits</LiabilityType>
    <CSL></CSL>
    <PerPerson>$10,000</PerPerson>
    <PerAccident>$10,000</PerAccident>
	</PolicyGeneralInfo>
 <VehGenCovQues>
		<AssignDriver>
			<VehicleID>3</VehicleID>
			<PrincipalDriver>WILMA MECKELBECKER - 05/17/1976</PrincipalDriver>
		</AssignDriver>
		<AssignDriver>
			<VehicleID>4</VehicleID>
			<PrincipalDriver>ELIZABETH YACAHA - 06/06/1996</PrincipalDriver>
				</AssignDriver>
		<TravelNet>$250</TravelNet>
		<OtherAutoInsurance>false</OtherAutoInsurance>
	</VehGenCovQues>
</data>