<?xml version="1.0" encoding="utf-8" ?>
<data>
<!-- Scenario #P1-->
<!--Scenario DescriptionComp only vehicle. Driver 2 assigned to 2 vehicles because 1 is comp only. AI on a vehicle. -->
<!--Transaction TypeNew Business-->
<Insured>
	<ID>101</ID>
	<Prefix>Dr.</Prefix>
	<FirstName>Auto</FirstName>
	<MiddleName>S01</MiddleName>
	<LastName>Regression</LastName>
	<Suffix></Suffix>
	<Gender>F</Gender>
	<DOB>02/02/1988</DOB>
	<MaritalStatus>Married</MaritalStatus>
	<StreetAddress>123 main st</StreetAddress>
	<StreetAddress2>ste 2134</StreetAddress2>
	<City>Ann Arbor</City>
	<County></County>
	<State>MI</State>
	<Zip>48001</Zip>
	<RelationShipToFNI></RelationShipToFNI>
	<IsLicensed>true</IsLicensed>
	<Licensed5Yrs>true</Licensed5Yrs>
	<DateLicensed></DateLicensed>
	<LicensedState>IL</LicensedState>
	<LicenseNum>S12541254124</LicenseNum>
	<DriverType>RATED</DriverType>
	<FinancialRespFiling>false</FinancialRespFiling>
	<Group>Academy of General Dentistry</Group>
	<ACV>
		<DateOfOccurance></DateOfOccurance>
		<IncidentDescription></IncidentDescription>
		<ClaimStatus></ClaimStatus>
		<AmountOfDamage></AmountOfDamage> 
		<RatingStatus>-- Select --</RatingStatus>
		<WBClaims></WBClaims>
	</ACV>
</Insured>
<newvehicle>
		<ID>101</ID>
		<VehicleType>Private Passenger</VehicleType>
		<ModelYear>2014</ModelYear>
		<VIN>1G1FS1EW1E1111111</VIN>
		<Make>CHEV</Make>
		<Model>CAMARO SS/CAMARO SS RS</Model>
		<StyleEngine>2-Door Coupe - 6.2</StyleEngine>
		<CostNew></CostNew>
		<Weight></Weight>
		<Over10k>false</Over10k>
		<CostNew></CostNew>
		<BusinessVehicle>false</BusinessVehicle>
		<TitledType>Other</TitledType>
			<!-- options
			Other, Business, [driver name]		-->		
		<TitledinNameof>My Test Business</TitledinNameof>
		<VehicleRegistrationState>AZ</VehicleRegistrationState>
		<GaragedAtPrimary>false</GaragedAtPrimary>
			<!-- options
			false, true			-->		
		<StreetAddress>513 Michigan Ave</StreetAddress>
		<StreetAddress2></StreetAddress2>
		<City>Baldwin</City>
		<County></County>
		<State>MI</State>
		<Zip>49304</Zip>
		<VehicleDiffLocation>My Garage</VehicleDiffLocation>
		<!-- Adaptive Headlights - TBD -->	
		<!-- backup warning - TBD -->	
		<!-- Forward Crash - TBD -->
		<ForwardCrashSelect>With Auto-Braking</ForwardCrashSelect>
			<!-- options:  With Auto-Braking,Without Auto-Braking -->		
		<!-- Autonomous at - TBD -->	
		<!-- driver fatigue - TBD -->	
		<!-- Land Departure - blind spot- TBD -->	
		<LaneDepartureSelect>Lane Departure Only</LaneDepartureSelect>	
			<!-- options:  Lane Departure Only, Blind Spot Monitoring Only, Both Lane Departure Blind Spot Monitoring -->
		<BICSL>$50,000 / $100,000</BICSL>	
			<!-- options:  
				$15,000 / $30,000     AZ only with PED < 6/30/2020
				$20,000 / $40,000     MI only
				$25,000 / $50,000     other than MI
				$50,000 / $100,000
				$100,000 / $300,000
				$250,000 / $500,000
				$500,000 / $500,000
				$500,000 / $1,000,000
				$1,000,000 / $1,000,000
				$100,000
				$300,000
				$500,000
				$1,000,000
			-->		
		<PD>$10,000</PD>
			<!-- options:  
				$10,000        applicable for MI. For AZ only when PED < 6/30/2020
				$15,000        other than MI
				$25,000
				$50,000
				$100,000
				$250,000
				$350,000
				$500,000
			-->				
		<UMUIM>$50,000 / $100,000</UMUIM>	
			<!-- MUST BE LES THAN OR EQUAL TO BI/CSL
				options:  
				$20,000 / $40,000
				$50,000 / $100,000
				$100,000 / $300,000
				$250,000 / $500,000
				$500,000 / $500,000
				$500,000 / $1,000,000
				$1,000,000 / $1,000,000
			-->	
		<APDL>$1,000</APDL>	
			<!-- options:  		$1,000	-->
		<PIP>Primary Medical - $1,000 deductible</PIP>	
			<!-- options:  		
			Excess Medical - $0 deductible
			Primary Medical - $0 deductible
			Primary Medical - $500 deductible
			Primary Medical - $1,000 deductible
			Primary Medical - $10,000 deductible
			-->		
		<WorkLossWaiver>No</WorkLossWaiver>	
			<!--options:
				Yes       (must be over 60)
				No				-->
		<WorkLossWaiverDeductible>$10,000</WorkLossWaiverDeductible>		
			<!-- options:  		
				$0
				$500
				$1,000
				$5,000
				$10,000
				-->
		<MedPay>Not Requested</MedPay>
		<!-- options:
			Not Requested
			$1,000
			$2,000
			$5,000
			$10,000
			$25,000 
			-->
		<COMPOTC>$5,000</COMPOTC>	
			<!-- options:  		
				$100
				$250
				$500
				$1,000
				$1,500
				$2,000
				$2,500
				$3,000
				$5,000
				-->		
		<FCG>Yes</FCG>	
			<!-- options:
				Yes, No				-->	
		<COLL>Broad</COLL>	
			<!-- options:  		
				Broad
				Standard
				Limited	
				-->	
		<COLLDeductible>$100</COLLDeductible>	
			<!-- options:  		
				Broad or standard:
					$100
					$250
					$500
					$1,000
					$1,500
					$2,000
					$2,500
					$3,000
					$5,000
				Limited	
					$0
					$100
				-->	
		<AutoLL>Yes</AutoLL>
			<!-- options:
				Yes, No			-->		
		<TransExpense>$40 / $1,200</TransExpense>	
			<!-- options:  		
				$30 / $900 Included
				$40 / $1,200
				$50 / $1,500
				$75 / $2,250
				$100 / $3,000
				$150 / $4,500
				$200 / $6,000
				-->	
		<CustomEquip>false</CustomEquip>
				<!-- options:
				true, false				-->	
		<CustomEquipOther>true</CustomEquipOther>
				<!-- options:
				true, false	-->
		<CustomEquipment>
			<RowId>0</RowId>
			<CustomEquipValue>5000</CustomEquipValue>	
			<CustomEquipDesc>added handicap drop gate</CustomEquipDesc>	
			<OEMSelection>false</OEMSelection>
			<!-- options:
				true
				false	-->	
		</CustomEquipment>
		<CDR>No</CDR>
		<!-- options:  
			Yes			
			No
			-->
		<Leased>false</Leased>	
			<!-- options:
			true, false			-->	
			
 </newvehicle>
<VehGenCovQues>
<!-- repeat AssignDriver for each vehicle on policy-->
	<AssignDriver>
		<VehicleID>102</VehicleID>
		<PrincipalDriverID>102</PrincipalDriverID>
		<!--repeat OccasionalDriver as needed-->
		<OccasionalDriver>
			<VehicleID>102</VehicleID>
			<OccasionalDriverID>101</OccasionalDriverID>
		</OccasionalDriver>
	</AssignDriver>
	<!--<AssignDriver>
		<VehicleID>102</VehicleID>
		<PrincipalDriverID>101</PrincipalDriverID>
		repeat OccasionalDriver as needed
		<OccasionalDriver>
			<VehicleID>102</VehicleID>
			<OccasionalDriverID>102</OccasionalDriverID>
		</OccasionalDriver>
	</AssignDriver>-->
	<TravelNet>$250</TravelNet>
	<OtherAutoInsurance>false</OtherAutoInsurance>
</VehGenCovQues>
<PolicyGeneralInfo>
	<PayInFull>true</PayInFull>
	<ContinuouslyInsured>NO</ContinuouslyInsured>
	<NotNeededReason></NotNeededReason>
	<TwoOrMoreCarriers>false</TwoOrMoreCarriers>
	<PriorCarrier></PriorCarrier>
	<PolicyInception></PolicyInception>
	<PolicyExpiration></PolicyExpiration>
	<BILimit></BILimit>
	<CSL></CSL>
	<PerPerson></PerPerson>
	<PerAccident></PerAccident>
</PolicyGeneralInfo>
	<CA_PolicyGeneral>
      <PaymentOption>Quarterly</PaymentOption>
	  <DayOfMonth>20</DayOfMonth>
		<MailingSameAsPrimary>yes</MailingSameAsPrimary>
		<!-- if no, then use the following address fields-->
			<StreetAddress></StreetAddress>
			<StreetAddress2></StreetAddress2>
			<City></City>
			<State></State>
			<ZipCode></ZipCode>
		<EMail>TestingPolicy@WBMI.com</EMail>
		<Phone>  <!-- allows for multiple phone entries-->
			<PhoneID>0</PhoneID>  <!-- starts at 0-->
			<PhoneNumberType>Mobile</PhoneNumberType>
			  <!-- option values
				Home
				Mobile
				Work
				Other -->
			<PhoneNumber>248-365-8160</PhoneNumber>
		</Phone>
	  		  
    </CA_PolicyGeneral>
 <CA_Driver>
      <ID>101</ID>
      <Occupation>Accountant</Occupation>
	  <WhyNotLicensed>Revoked</WhyNotLicensed>
		   <!--options
		   No Longer Drivers
		   Disabled
		   Minor
		   Revoked
		   Other
		   -->
    </CA_Driver>

<CA_MailingAddressInformation>
	  <EMail>TestingPolicy@WBMI.com</EMail>
	  <PhoneNumberType>Mobile</PhoneNumberType>
	  <PhoneNumber>248-365-8160</PhoneNumber>
</CA_MailingAddressInformation>

<CA_VehicleGeneral>
      <Uber>false</Uber>
      <CarSharing>false</CarSharing>
 </CA_VehicleGeneral>
<!-- repeat CA_Vehicle for each vehicle on the policy -->
<CA_Vehicle>
      <ID>101</ID>
      <TypeOfBusiness></TypeOfBusiness>
      <EmployeeOperatesVehicle></EmployeeOperatesVehicle>
      <DateOfLease>03/13/2019</DateOfLease>
      <CarryOverBalance>false</CarryOverBalance>
      <PriorLoanLeaseCoverage>false</PriorLoanLeaseCoverage>
      <AdditInterest>
        <VehicleID>101</VehicleID>
        <InterestType>Loss Payee</InterestType>
        <!--  options
				Loss Payee
				Additional Insured
				Additional Interest
				Additional Interest-Lessor  -->
        <LoanNumber>1234567890</LoanNumber>
        <Name1>ABC Bank</Name1>
        <Name2>Attn:  dept A</Name2>
        <StreetAddr>Michigan Ave</StreetAddr>
        <StreetAddr2></StreetAddr2>
		<City>Baldwin</City>
        <County>none</County>
        <State>MI</State>
        <ZipCode>49034</ZipCode>
      </AdditInterest>
  </CA_Vehicle>
  <Cancel_EffectiveDate>
        <CancelDate>Date(0,0,0,MM/dd/yyyy)</CancelDate>
  </Cancel_EffectiveDate>
  <!--<CA_Vehicle>
	<ID>102</ID>
	<TypeOfBusiness></TypeOfBusiness>
	<EmployeeOperatesVehicle></EmployeeOperatesVehicle>
	<DateOfLease>08/22/2018</DateOfLease>
	<CarryOverBalance>false</CarryOverBalance>
	<PriorLoanLeaseCoverage>false</PriorLoanLeaseCoverage>
</CA_Vehicle>-->
</data>