﻿<?xml version="1.0" encoding="utf-8" ?>
<data>
  <Insured>
    <ID>1</ID>
    <Prefix>Dr.</Prefix>
    <FirstName>Automated</FirstName>
    <MiddleName>UI</MiddleName>
    <LastName>HomeTest</LastName>
    <Suffix>Sr.</Suffix>
    <Gender>M</Gender>
    <DOB>02/02/1978</DOB>
    <MaritalStatus>Married</MaritalStatus>
    <StreetAddress>5149 E Carolina Dr</StreetAddress>
    <StreetAddress2></StreetAddress2>
    <City>Scottsdale</City>
    <County>none</County>
    <State>AZ</State>
    <Zip>85254</Zip>
    <RelationShipToFNI>FNI</RelationShipToFNI>
    <IsLicensed>false</IsLicensed>
  </Insured>
  <newhome>
    <UsageType>Primary</UsageType>
    <StreetAddress>411 N Central Ave</StreetAddress>
    <StreetAddress2></StreetAddress2>
    <City>Phoenix</City>
    <County></County>
    <State>AZ</State>
    <Zip>85004</Zip>
    <YearBuilt>1980</YearBuilt>
    <ConstructionType>Frame</ConstructionType>
    <!-- <NumOfFamilies>One</NumOfFamilies> -->
    <StructureType>Manufactured Home</StructureType>
    <CovADwelling>$356,894</CovADwelling>
    <CovALossSettlement>Replacement Cost</CovALossSettlement>
    <CovBOtherStructures>10% of Coverage A</CovBOtherStructures>
    <CovCLossSettlement>Actual Cash Value</CovCLossSettlement>
    <CovCProperty>40% of Coverage A</CovCProperty>
    <CovDLossOfUse>20% of Coverage A</CovDLossOfUse>
    <CovE>$500,000</CovE>
    <CovF>$25,000</CovF>
    <Deductible>$2,000</Deductible>
    <HailDeductible>$1,000</HailDeductible>
    <RoofMaterial>Poured</RoofMaterial>
    <RoofMaterialDesc>Testdata123123</RoofMaterialDesc>
    <RoofInstallationYear>2000</RoofInstallationYear>
    <RoofFlat>true</RoofFlat>
    <HailResistive>true</HailResistive>
    <RoofLossSettlementType>Actual Cash Value</RoofLossSettlementType>
  </newhome>
  <PolicyGeneralInfo>
    <AssociationPlus>Dentists</AssociationPlus>
    <PayInFull>false</PayInFull>
    <TwoOrMoreCarriers>true</TwoOrMoreCarriers>
    <PriorCarrier>Admiral Group</PriorCarrier>
    <OtherPriorCarrierName></OtherPriorCarrierName>
    <ReasonNewQuote></ReasonNewQuote>
    <OtherReason></OtherReason>
    <PolicyInception>06/01/2019</PolicyInception>
    <PolicyExpiration>06/01/2020</PolicyExpiration>
    <NoInsuranceReason></NoInsuranceReason>
    <NoInsuranceReasonDes></NoInsuranceReasonDes>
    <LiabilityType>Split limits</LiabilityType>
    <CSL></CSL>
    <PerPerson>$10,000</PerPerson>
    <PerAccident>$10,000</PerAccident>
  </PolicyGeneralInfo>
  <CA_PolicyGeneral>
    <PaymentOption>Quarterly</PaymentOption>
    <DayOfMonth>20</DayOfMonth>
    <DepositAmt>1000</DepositAmt>
    <MailingSameAsPrimary>yes</MailingSameAsPrimary>
    <StreetAddress></StreetAddress>
    <StreetAddress2></StreetAddress2>
    <City></City>
    <State></State>
    <Zip></Zip>
    <EMail>TestingPolicy@WBMI.com</EMail>
    <AgencyName>R &amp; R INSURANCE SERVICES INC-48508 WEST BEND, WI (48508)</AgencyName>
    <Producer>Joyner Producer</Producer>
    <RequestedBy>Joyner Producer</RequestedBy>
    <Phone>
      <PhoneID>0</PhoneID>
      <PhoneNumberType>Mobile</PhoneNumberType>
      <PhoneNumber>248-365-8160</PhoneNumber>
    </Phone>
  </CA_PolicyGeneral>
  <CA_Driver>
    <ID>1</ID>
    <Occupation>Accountant</Occupation>
    <WhyNotLicensed>Revoked</WhyNotLicensed>
    <HouseholdMember></HouseholdMember>
    <DriverHaveOwnCar></DriverHaveOwnCar>
    <OwnAutoInsurance></OwnAutoInsurance>
    <InsuranceCompanyName></InsuranceCompanyName>
  </CA_Driver>
  <Cancel_EffectiveDate>
    <CancelReason>Coverage No Longer Desired/Needed</CancelReason>
    <CancelDate>Date(0,0,0,MM/dd/yyyy)</CancelDate>
  </Cancel_EffectiveDate>
</data>