﻿<PolicyRs xmlns="http://www.acord.org/schema/PC/xml/2">
  <BusinessPurposeTypeCd>NBQ</BusinessPurposeTypeCd>
  <TransactionEffectiveDt>2020-04-06T00:00:00.000</TransactionEffectiveDt>
  <SourceSystem id="S1927F5D61D8D4A22A69BA1194AE41CDD">
    <SourceSystemCd>WB</SourceSystemCd>
    <SourceSystemQualifierCd>LR</SourceSystemQualifierCd>
  </SourceSystem>
  <TransactionSeqNumber>1</TransactionSeqNumber>
  <Policy id="P1E9FD9F2A5474AE1AD31A87233A2F01E">
    <PolicyNumber>A920379</PolicyNumber>
    <PolicyVersion>00</PolicyVersion>
    <CompanyProductCd>801</CompanyProductCd>
    <BroadLOBCd>1</BroadLOBCd>
    <NAICCd>15350</NAICCd>
    <ControllingStateProvCd>AZ</ControllingStateProvCd>
    <ContractTerm id="C13D67A3E69EE4B428F0D19A1371CF5A2">
      <EffectiveDt>2020-04-06</EffectiveDt>
      <ExpirationDt>2021-04-06</ExpirationDt>
    </ContractTerm>
    <CustomerServicingCd>AGY</CustomerServicingCd>
    <GroupId></GroupId>
    <NumLosses>0</NumLosses>
    <OtherOrPriorPolicy id="O76109054110F476C9F6DEDE1C19CE87E" DriverRef="D6F3FDCCD84FC49DB9AB04297966DDE6D">
      <PolicyCd>RecentOt</PolicyCd>
      <ContractTerm id="C30F4497898204FE9ADBCBB4604C7D701">
        <ExpirationDt>2020-04-06</ExpirationDt>
      </ContractTerm>
      <LengthTimeWithPreviousInsurer id="L2B46C600860144DDBE929C258CB6A178">
        <NumUnits>62</NumUnits>
      </LengthTimeWithPreviousInsurer>
      <Coverage id="CSLCSL">
        <CoverageCd>CSL</CoverageCd>
        <Limit id="L34377CAB8CD34424B9996011BBC1B6E5">
          <FormatCurrencyAmt id="F1A8E3CA14577445C9A15254107E8B78B">
            <Amt>500000</Amt>
          </FormatCurrencyAmt>
          <LimitAppliesToCd>PerAcc</LimitAppliesToCd>
        </Limit>
        <ProRateFactor>1</ProRateFactor>
        <CoverageSupplement id="CEC241E07DF2A4BD8B6A787DDB2574C93">
          <CoverageSubCd>CSL</CoverageSubCd>
        </CoverageSupplement>
      </Coverage>
      <OtherOrPriorPolicyExt id="O50637A593C6943D2AEC3E327C8251067">
        <WBPriorCarrierInceptionDt>2015-02-02</WBPriorCarrierInceptionDt>
        <WBRecordInfo id="W50C82CC6F00147AD99260C3CD72B0C7D">
          <WBRecordModifyInd>0</WBRecordModifyInd>
          <WBRecordModifyType>O</WBRecordModifyType>
          <WBRecordSource>MANUAL</WBRecordSource>
        </WBRecordInfo>
        <WBPriorCarrierGroupName>Agricultural Workers Mutual Auto Ins Co</WBPriorCarrierGroupName>
        <WBInsLapseCheckInd>0</WBInsLapseCheckInd>
        <WBPriorBIRatingRange>High</WBPriorBIRatingRange>
        <WBPriorCarrierGroupCode>0006</WBPriorCarrierGroupCode>
      </OtherOrPriorPolicyExt>
    </OtherOrPriorPolicy>
    <PaymentOption id="P59E5E063086948479C67677D58EBB860">
      <PaymentPlanCd>FL</PaymentPlanCd>
      <PaymentOptionExt id="P86EDC824110F499BBBD2ABD79EA2899C">
        <WBDepositInd>0</WBDepositInd>
      </PaymentOptionExt>
    </PaymentOption>
    <QuoteInfo id="Q21198B737484416FA2E91AFD369FB3C9">
      <InitialQuoteRequestDt>2020-04-08</InitialQuoteRequestDt>
    </QuoteInfo>
    <PolicyStatusCd>InForce</PolicyStatusCd>
    <UnderwritingDecisionInfo id="U4F5BC74D78F84C0FA6AF3BAA69C8513B">
      <SystemUnderwritingDecisionDt>2020-04-08</SystemUnderwritingDecisionDt>
      <UnderwritingScoreNumber>3000</UnderwritingScoreNumber>
      <UnderwritingRuleInfo id="UF0976ED18148495BB37C5EA5DC3DC530">
        <UnderwritingDecisionCd>Refer</UnderwritingDecisionCd>
        <UnderwritingScoreNumber>3000</UnderwritingScoreNumber>
        <UnderwritingRuleInfoExt id="U37EEEAD6B1F74CF7A614517834932437">
          <WBRuleIDDesc>RX4487</WBRuleIDDesc>
          <WBRuleMessageDesc>Refer to Underwriting - Due to  Reports have not been ordered. To assure the quote and eligibility decision we provide are most accurate and reliable, reports should be ordered at this time.</WBRuleMessageDesc>
          <WBRuleSeverityCd>1</WBRuleSeverityCd>
          <WBOverrideInd>1</WBOverrideInd>
          <WBRemark id="W3AFCC2FADB88457391F145BA90518330">
            <WBMessage>asdfadsf</WBMessage>
            <WBMessageDt>2020-04-08T08:13:59.440</WBMessageDt>
            <WBUserId>Michael Collins</WBUserId>
            <WBMessageTypeCd>LUCI</WBMessageTypeCd>
          </WBRemark>
        </UnderwritingRuleInfoExt>
      </UnderwritingRuleInfo>
      <UnderwritingDecisionInfoExt id="U3952D08686954E0EA62F1791624871A2">
        <WBUpdatedCumulativeScore>0</WBUpdatedCumulativeScore>
      </UnderwritingDecisionInfoExt>
    </UnderwritingDecisionInfo>
    <OriginalPolicyInceptionDt>2020-04-06</OriginalPolicyInceptionDt>
    <PaidInFullInd>1</PaidInFullInd>
    <Producer id="P146E2B1E843546A7A6B6D3FEFACE1589">
      <Relationship id="R438FDE5626FC462A987634B12488FBD5">
        <RelationshipToCd>Agency</RelationshipToCd>
      </Relationship>
      <Name>A &amp; J PETERSBURG AGENCY</Name>
      <Addr id="A4C5A7FA6CDA74FB5AB0C289160F91FB0">
        <AddrTypeCd>MailingAddress</AddrTypeCd>
        <Addr1>PO BOX 290</Addr1>
        <City>DECORAH</City>
        <StateProvCd>IA</StateProvCd>
        <PostalCode>52101</PostalCode>
        <CountryCd>USA</CountryCd>
        <County>US</County>
      </Addr>
      <Communications id="CC2CD3F6BC5EE477CB6C0B9D994970C79">
        <PhoneTypeCd>HOME</PhoneTypeCd>
        <PhoneNumber>563-382-3627</PhoneNumber>
      </Communications>
      <ContractNumber>14004</ContractNumber>
      <ProducerSubCode />
    </Producer>
    <Producer id="P46CEA6FBCE1E4C5D8D5065808AF8B686">
      <Relationship id="R04E10D158F984B8C87CD501CB99DF005">
        <RelationshipToCd>USERIN</RelationshipToCd>
      </Relationship>
      <Name>Michael Collins</Name>
      <ProducerSubCode>99999</ProducerSubCode>
    </Producer>
    <Producer id="P13E2E80EE3344C8FB2260C7150A94C3F">
      <Relationship id="R6D0ECB8DC73E4D119752F501BE123B92">
        <RelationshipToCd>PROD</RelationshipToCd>
      </Relationship>
      <Name>Kim Claus31</Name>
      <ProducerSubCode>11010</ProducerSubCode>
    </Producer>
    <InsuredOrPrincipal id="I82E2351BA8F24E62B0489172ADAE269C">
      <ItemIdInfo id="IC49D1489486B49C8B8EE1F7D510FFCCD">
        <InsurerId>1000531268</InsurerId>
      </ItemIdInfo>
      <Relationship id="R044075AAC81542458C88796E2F38B1AA" RelationshipToRef="P1E9FD9F2A5474AE1AD31A87233A2F01E">
        <RelationshipToCd>FNI</RelationshipToCd>
      </Relationship>
      <Name>Mike Collins</Name>
      <Addr id="A36DA82C243B74B76A9B943E2C93AA335">
        <AddrTypeCd>InsuredsAddress</AddrTypeCd>
        <Addr1>321 W Main St</Addr1>
        <City>Mesa</City>
        <StateProvCd>AZ</StateProvCd>
        <PostalCode>85201-7313</PostalCode>
        <CountryCd>USA</CountryCd>
        <Latitude>33.4313</Latitude>
        <Longitude>-111.8484</Longitude>
        <County>Maricopa County</County>
        <AddrExt id="A4392C84CFFF045F7982740B16AE739FD">
          <WBAddressStandardization id="WB800344999D7449F9237250269F99042">
            <WBAddrStandardizeStreetName>Main</WBAddrStandardizeStreetName>
            <WBAddrStandardizeStreetTypeCd>St</WBAddrStandardizeStreetTypeCd>
            <WBAddrStandardizeStreetNumber>321</WBAddrStandardizeStreetNumber>
            <WBConfidence>99</WBConfidence>
            <WBAddrStandardizeLeadingDirectional>W</WBAddrStandardizeLeadingDirectional>
            <WBAddrStandardizeStatus>Accepted</WBAddrStandardizeStatus>
          </WBAddressStandardization>
        </AddrExt>
      </Addr>
      <Addr id="AEC11CB75F6FE4B5A875D9B94ED717C36">
        <AddrTypeCd>MailingAddress</AddrTypeCd>
        <Addr1>321 W Main St</Addr1>
        <City>Mesa</City>
        <StateProvCd>AZ</StateProvCd>
        <PostalCode>85201-7313</PostalCode>
        <CountryCd>USA</CountryCd>
        <Latitude>33.4313</Latitude>
        <Longitude>-111.8484</Longitude>
        <County>Maricopa County</County>
        <AddrExt id="A1FD9DDC283E44E6CAAEBEEB72BCA2DBE">
          <WBAddressStandardization id="WF2B7B9AFE3784EE38FD6F51415700D3B">
            <WBAddrStandardizeStreetName>Main</WBAddrStandardizeStreetName>
            <WBAddrStandardizeStreetTypeCd>St</WBAddrStandardizeStreetTypeCd>
            <WBAddrStandardizeStreetNumber>321</WBAddrStandardizeStreetNumber>
            <WBConfidence>99</WBConfidence>
            <WBAddrStandardizeLeadingDirectional>W</WBAddrStandardizeLeadingDirectional>
            <WBAddrStandardizeStatus>Accepted</WBAddrStandardizeStatus>
          </WBAddressStandardization>
        </AddrExt>
        <Addr2 />
      </Addr>
      <Addr id="AB39E3158CAEE4098B90550B9E77E69CA">
        <AddrTypeCd>BillingAddress</AddrTypeCd>
      </Addr>
      <Communications id="C1BF9F22963A34F29A74B27528358DD1E">
        <CommunicationUseCd>Alternate</CommunicationUseCd>
        <PhoneTypeCd>Cell</PhoneTypeCd>
        <PhoneNumber>9876543210</PhoneNumber>
      </Communications>
      <Surname>Collins</Surname>
      <GivenName>Mike</GivenName>
      <GenderCd>M</GenderCd>
      <BirthDt>1977-02-02</BirthDt>
      <MaritalStatusCd>S</MaritalStatusCd>
      <TitlePrefix />
      <NameSuffix />
    </InsuredOrPrincipal>
    <PersAutoLineBusiness id="P83BF821D670F4462902E8075CCF5A4D6">
      <CompanyProductCd>850</CompanyProductCd>
      <Driver id="D6F3FDCCD84FC49DB9AB04297966DDE6D">
        <ItemIdInfo id="I50944A34928D4EF48D5A182D234FD615">
          <InsurerId>1</InsurerId>
        </ItemIdInfo>
        <Relationship id="RDC0357F048FE471E8AF04C69A875FD0A" RelationshipToRef="I82E2351BA8F24E62B0489172ADAE269C">
          <RelationshipToCd>IN</RelationshipToCd>
        </Relationship>
        <Relationship id="RD39031C708D546438FF5F0C0F54ECA81" RelationshipToRef="V1A0B981251184739B4F905361F907065">
          <RelationshipToCd>DRV</RelationshipToCd>
          <RelationshipDesc>PRINCIPAL</RelationshipDesc>
        </Relationship>
        <License id="LA96530617E3B4D09AC39334E4B5F5E8E">
          <LicenseTypeCd>Driver</LicenseTypeCd>
          <LicenseStatusCd>VALID</LicenseStatusCd>
          <LicensePermitNumber>QBV1I04987</LicensePermitNumber>
          <StateProvCd>AZ</StateProvCd>
        </License>
        <Addr id="A3613983120C44A85AD8E47424D643118">
          <AddrTypeCd>InsuredsAddress</AddrTypeCd>
          <Addr1>321 W Main St</Addr1>
          <City>Mesa</City>
          <StateProvCd>AZ</StateProvCd>
          <PostalCode>85201-7313</PostalCode>
          <CountryCd>USA</CountryCd>
          <Latitude>33.4313</Latitude>
          <Longitude>-111.8484</Longitude>
          <County>Maricopa County</County>
          <AddrExt id="AC0476EFB35FE4CA9B512D223402BD294">
            <WBAddressStandardization id="W47F89A682D434888BB078B3842C3BA11">
              <WBAddrStandardizeStreetName>Main</WBAddrStandardizeStreetName>
              <WBAddrStandardizeStreetTypeCd>St</WBAddrStandardizeStreetTypeCd>
              <WBAddrStandardizeStreetNumber>321</WBAddrStandardizeStreetNumber>
              <WBConfidence>99</WBConfidence>
              <WBAddrStandardizeLeadingDirectional>W</WBAddrStandardizeLeadingDirectional>
              <WBAddrStandardizeStatus>Accepted</WBAddrStandardizeStatus>
            </WBAddressStandardization>
          </AddrExt>
        </Addr>
        <Addr id="AB02892B8393D4B97BA8044FE2437EFBF">
          <AddrTypeCd>MailingAddress</AddrTypeCd>
          <Addr1>321 W Main St</Addr1>
          <City>Mesa</City>
          <StateProvCd>AZ</StateProvCd>
          <PostalCode>85201-7313</PostalCode>
          <CountryCd>USA</CountryCd>
          <Latitude>33.4313</Latitude>
          <Longitude>-111.8484</Longitude>
          <County>Maricopa County</County>
          <AddrExt id="A28D383F048F64AF796D5630B551E50E7">
            <WBAddressStandardization id="W6F128716AD014E699FA2E03754F0131C">
              <WBAddrStandardizeStreetName>Main</WBAddrStandardizeStreetName>
              <WBAddrStandardizeStreetTypeCd>St</WBAddrStandardizeStreetTypeCd>
              <WBAddrStandardizeStreetNumber>321</WBAddrStandardizeStreetNumber>
              <WBConfidence>99</WBConfidence>
              <WBAddrStandardizeLeadingDirectional>W</WBAddrStandardizeLeadingDirectional>
              <WBAddrStandardizeStatus>Accepted</WBAddrStandardizeStatus>
            </WBAddressStandardization>
          </AddrExt>
        </Addr>
        <Surname>Collins</Surname>
        <GivenName>Mike</GivenName>
        <GenderCd>M</GenderCd>
        <BirthDt>1977-02-02</BirthDt>
        <MaritalStatusCd>S</MaritalStatusCd>
        <OccupationClassCd>ADM</OccupationClassCd>
        <QuestionAnswer id="Q44243CA21CB743C4AE69C708A6A87CB2">
          <QuestionCd>DRV04</QuestionCd>
          <YesNoCd>YES</YesNoCd>
          <QuestionText>licensedLastFive</QuestionText>
        </QuestionAnswer>
        <QuestionAnswer id="Q6F58BCE4EC504B47994E9F39178DDD21">
          <QuestionCd>DRV05</QuestionCd>
          <YesNoCd>YES</YesNoCd>
          <QuestionText>isIndiviualLicensed</QuestionText>
        </QuestionAnswer>
        <QuestionAnswer id="Q2AD0EB712CC24169B5ED8CF902E42472">
          <QuestionCd>DRV06</QuestionCd>
          <YesNoCd>NO</YesNoCd>
          <QuestionAnswerExt id="QAD75A63D55514F4F8581CEF6948CFF62">
            <WBOverrideInfo id="WF323686E1503480DAC3F260768F670B6">
              <WBOverrideType>UWQ</WBOverrideType>
              <WBOverrideCategory>PriorCarrier</WBOverrideCategory>
              <WBOverrideCd>MultPriorCarrier</WBOverrideCd>
              <WBOverrideValue>NO</WBOverrideValue>
            </WBOverrideInfo>
          </QuestionAnswerExt>
        </QuestionAnswer>
        <ContinuousInsuranceCd>Continuous6To11Months</ContinuousInsuranceCd>
        <DriverExt id="D988E3E4F90164BFE8AB2D6A9A95C29BE">
          <YouthfulInd>0</YouthfulInd>
          <WBIsMinor>0</WBIsMinor>
          <WBRiskTerm id="WEA4A7F0251A340B8A33ECFE398264D28">
            <WBRiskEffectiveDt>2020-04-06</WBRiskEffectiveDt>
            <WBRiskExpirationDt>2021-04-06</WBRiskExpirationDt>
          </WBRiskTerm>
          <WBDriverAge>43</WBDriverAge>
          <WBDriverIncidentEligiblePoints>0</WBDriverIncidentEligiblePoints>
          <WBInexperiencedOperatorInd>0</WBInexperiencedOperatorInd>
          <WBAdvantageDriverInd>0</WBAdvantageDriverInd>
          <WBCleanRecordThreeYrInd>1</WBCleanRecordThreeYrInd>
          <WBCleanRecordFiveYrInd>1</WBCleanRecordFiveYrInd>
          <WBDriverIncidentScore>-5</WBDriverIncidentScore>
        </DriverExt>
        <DriverTypeCd />
        <TitlePrefix />
        <NameSuffix />
        <OtherGivenName />
      </Driver>
      <Vehicle id="V1A0B981251184739B4F905361F907065" RatedDriverRef="D6F3FDCCD84FC49DB9AB04297966DDE6D">
        <ItemIdInfo id="ICAF6CC082BED495AAB1D62ACAAC3F3F0">
          <InsurerId>2</InsurerId>
        </ItemIdInfo>
        <Manufacturer>MAZDA</Manufacturer>
        <ManufacturerCd>MAZD</ManufacturerCd>
        <Model>MAZDA3 GRAND TOURING</Model>
        <ModelCd>MAZDA3</ModelCd>
        <ModelYear>2017</ModelYear>
        <VehBodyTypeCd>PP</VehBodyTypeCd>
        <Registration id="R85F816FE3D2A4C409C7998DCA570AC94">
          <StateProvCd>AZ</StateProvCd>
        </Registration>
        <Horsepower id="H9FA65A61C08843ABBAB75E91C95E8505">
          <NumUnits>2.5</NumUnits>
        </Horsepower>
        <VehIdentificationNumber>JM1BN1M33H1151442</VehIdentificationNumber>
        <GrossVehWeight id="GB8B2583DB0A84DE7BEE3E2AC142560E4">
          <NumUnits>9999</NumUnits>
        </GrossVehWeight>
        <InspectionInfo id="I377ED73C6B5B488AAB050C643B6A51E7">
          <VehInspectionInfo id="V100DA8A43C1A4C35B2231888E44AE6B2">
            <VehEquipment id="V84D0D65919CD4BFFA32E4157CC2B725E">
              <VehEquipmentCd>AdaptiveHeadlights</VehEquipmentCd>
            </VehEquipment>
          </VehInspectionInfo>
        </InspectionInfo>
        <VehPerformanceCd>BASIC</VehPerformanceCd>
        <BIPDSymbolCd>290</BIPDSymbolCd>
        <MedPayPIPLiabilitySymbolCd>490</MedPayPIPLiabilitySymbolCd>
        <Addr id="AB1AE43127C494B8A8DC1412AF18F8C7B">
          <AddrTypeCd>GaragingAddress</AddrTypeCd>
          <Addr1>321 W Main St</Addr1>
          <City>Mesa</City>
          <StateProvCd>AZ</StateProvCd>
          <PostalCode>85201-7313</PostalCode>
          <CountryCd>USA</CountryCd>
          <Latitude>33.4313</Latitude>
          <Longitude>-111.8484</Longitude>
          <County>Maricopa County</County>
          <Region>31</Region>
          <AddrExt id="A4E575D9ABD2048B88E1FF7C3710F7C5D">
            <WBRatedZipCd>85201</WBRatedZipCd>
            <WBRatedVehicleStateProvCd>AZ</WBRatedVehicleStateProvCd>
            <WBAddressStandardization id="WBF9874FFD1724EEA93C7474CFE2B0D26">
              <WBAddrStandardizeStreetName>Main</WBAddrStandardizeStreetName>
              <WBAddrStandardizeStreetTypeCd>St</WBAddrStandardizeStreetTypeCd>
              <WBAddrStandardizeStreetNumber>321</WBAddrStandardizeStreetNumber>
              <WBConfidence>99</WBConfidence>
              <WBAddrStandardizeLeadingDirectional>W</WBAddrStandardizeLeadingDirectional>
              <WBAddrStandardizeStatus>Accepted</WBAddrStandardizeStatus>
            </WBAddressStandardization>
          </AddrExt>
        </Addr>
        <Coverage id="BIBI2">
          <CoverageCd>BI</CoverageCd>
          <Limit id="L1B84393FE8F642EE95B34E77016EB248">
            <FormatCurrencyAmt id="FD6D2A3B500084F7DA470E9A96D966D54">
              <Amt>500000</Amt>
            </FormatCurrencyAmt>
            <LimitAppliesToCd>BIEachPers</LimitAppliesToCd>
          </Limit>
          <Limit id="LF24B985BFFA24DB0AB9009BDD09586B3">
            <FormatCurrencyAmt id="FA06E95D16DBC43CBB2173FC18C933B17">
              <Amt>500000</Amt>
            </FormatCurrencyAmt>
            <LimitAppliesToCd>PerAcc</LimitAppliesToCd>
          </Limit>
          <CreditOrSurcharge id="CE9CD4AE6C0C341F7982FD548B743897D">
            <CreditSurchargeCd>LFREE</CreditSurchargeCd>
            <NumericValue id="N67AE63138B5F43B9AD1CFECD072DC624" />
            <SecondaryCd>CFAEST</SecondaryCd>
            <WBRatingAppliedInd>0</WBRatingAppliedInd>
          </CreditOrSurcharge>
          <EffectiveDt>2020-04-06</EffectiveDt>
          <ExpirationDt>2021-04-06</ExpirationDt>
          <ProRateFactor>1</ProRateFactor>
          <CoverageSupplement id="C61C3BB05B927432B9ACFB47BC6CD9075">
            <CoverageSubCd>BI</CoverageSubCd>
          </CoverageSupplement>
          <CoverageExt id="C0BF123BE269543B8B6A016DEABFD1526">
            <WBOnsetOffsetPremiumInfo id="W679EE4198F464E15B360DE2896B9F98F">
              <WBCurrentTermOnsetAmt id="W38612DC023664AC19C36478EB22EF62C">
                <Amt>316</Amt>
              </WBCurrentTermOnsetAmt>
              <WBCurrentTermOffsetAmt id="W139CBE6F4BAA4D008B5E5202F9D3B6E9">
                <Amt>0</Amt>
              </WBCurrentTermOffsetAmt>
            </WBOnsetOffsetPremiumInfo>
            <WBPremiumInfo id="W0EDC1BB1B5CB4A018B7740E5D8B44062">
              <WBCurrentTermAmt id="W0B5F91B2C31645D49730308268C4E57C">
                <Amt>316</Amt>
              </WBCurrentTermAmt>
              <WBNetChangeAmt id="W1E6CEE6C280045DDABBE8260213DA95B">
                <Amt>316</Amt>
              </WBNetChangeAmt>
              <WBWrittenAmt id="W70CB1AA6F488417885F851F19D2F96E5">
                <Amt>316</Amt>
              </WBWrittenAmt>
              <WBPriorCurrentTermAmt id="W5890725B63B548C7BEF545E57AA63057">
                <Amt>0</Amt>
              </WBPriorCurrentTermAmt>
              <WBPriorWrittenAmt id="WDEDCEDC8CF954FD3BDDD9F47336C3245">
                <Amt>0</Amt>
              </WBPriorWrittenAmt>
              <WBCancelAmt id="W210628CB204D40FEA5B692F6E86F9097">
                <Amt>0</Amt>
              </WBCancelAmt>
            </WBPremiumInfo>
          </CoverageExt>
        </Coverage>
        <Coverage id="PDPD2">
          <CoverageCd>PD</CoverageCd>
          <Limit id="L9407AF29628C4BC2AEECD0718A92E557">
            <FormatCurrencyAmt id="F3C2864DBF77A4B99B615978EB0394D06">
              <Amt>50000</Amt>
            </FormatCurrencyAmt>
            <LimitAppliesToCd>PerAcc</LimitAppliesToCd>
          </Limit>
          <CreditOrSurcharge id="CDEE8EA2B16784AF7A83CFEBAFDF68E4B">
            <CreditSurchargeCd>LFREE</CreditSurchargeCd>
            <NumericValue id="NDE2AD5133277434383751F6F5414518D" />
            <SecondaryCd>CFAEST</SecondaryCd>
            <WBRatingAppliedInd>0</WBRatingAppliedInd>
          </CreditOrSurcharge>
          <EffectiveDt>2020-04-06</EffectiveDt>
          <ExpirationDt>2021-04-06</ExpirationDt>
          <ProRateFactor>1</ProRateFactor>
          <CoverageSupplement id="CE03DA4DC3BD242748F9E977C244F1886">
            <CoverageSubCd>PD</CoverageSubCd>
          </CoverageSupplement>
          <CoverageExt id="C459D808D631440B998DE2D9BDE587B47">
            <WBOnsetOffsetPremiumInfo id="W917C68677B9E43F1B5A736ABF5955FC3">
              <WBCurrentTermOnsetAmt id="WA40D0D73CDF3466BB45A60978E82E160">
                <Amt>144</Amt>
              </WBCurrentTermOnsetAmt>
              <WBCurrentTermOffsetAmt id="W495DE5866BC74F12851FBBE7132A1D80">
                <Amt>0</Amt>
              </WBCurrentTermOffsetAmt>
            </WBOnsetOffsetPremiumInfo>
            <WBPremiumInfo id="WB9CACF24718B43CFBE3C08B085A78E35">
              <WBCurrentTermAmt id="WB95B5B2B145449A28CCCA74A995734E0">
                <Amt>144</Amt>
              </WBCurrentTermAmt>
              <WBNetChangeAmt id="W8C4304F6016A45C6A66D2FE6AFF5C2D5">
                <Amt>144</Amt>
              </WBNetChangeAmt>
              <WBWrittenAmt id="W57481E0E5EA7468A9A11248E7234E1CA">
                <Amt>144</Amt>
              </WBWrittenAmt>
              <WBPriorCurrentTermAmt id="WCBB8353E2A3343C79534B9A1C5A30076">
                <Amt>0</Amt>
              </WBPriorCurrentTermAmt>
              <WBPriorWrittenAmt id="WA747AD874D964AA4A2ED66EEB5DA4322">
                <Amt>0</Amt>
              </WBPriorWrittenAmt>
              <WBCancelAmt id="WED49092B47E94E6AB9C735CC63BC012B">
                <Amt>0</Amt>
              </WBCancelAmt>
            </WBPremiumInfo>
          </CoverageExt>
        </Coverage>
        <Coverage id="UMUMSP2">
          <CoverageCd>UM</CoverageCd>
          <Limit id="LEFF9779382C74B3680D89780F74C04A0">
            <FormatCurrencyAmt id="F2E535F05F14845D48E5B04765CDCEEA1">
              <Amt>500000</Amt>
            </FormatCurrencyAmt>
            <LimitAppliesToCd>PerPerson</LimitAppliesToCd>
          </Limit>
          <Limit id="L1638462EC9204FF283D0CC27D886B7FD">
            <FormatCurrencyAmt id="F2AE6A54AA527479B89EB92CE53BB8802">
              <Amt>500000</Amt>
            </FormatCurrencyAmt>
            <LimitAppliesToCd>PerAcc</LimitAppliesToCd>
          </Limit>
          <CreditOrSurcharge id="C997CA521F42A462499DA9F7D3BD9546E">
            <CreditSurchargeCd>LFREE</CreditSurchargeCd>
            <NumericValue id="N6941E65BF3A44E9BB3449AA9071BEF73" />
            <SecondaryCd>CFAEST</SecondaryCd>
            <WBRatingAppliedInd>0</WBRatingAppliedInd>
          </CreditOrSurcharge>
          <EffectiveDt>2020-04-06</EffectiveDt>
          <ExpirationDt>2021-04-06</ExpirationDt>
          <ProRateFactor>1</ProRateFactor>
          <CoverageSupplement id="CA3F643587A1D4BE7B713FF47EC6672E1">
            <CoverageSubCd>UMSP</CoverageSubCd>
          </CoverageSupplement>
          <CoverageExt id="C3A0E8CCD377C41D397FC0405B851912D">
            <WBOnsetOffsetPremiumInfo id="W35A8F822E7534AB4B4126F7D02AEA1A0">
              <WBCurrentTermOnsetAmt id="WDDAA582459C34F7ABEB931749C6F58C7">
                <Amt>79</Amt>
              </WBCurrentTermOnsetAmt>
              <WBCurrentTermOffsetAmt id="WCD47D80DF93447E3BF4395E71311D616">
                <Amt>0</Amt>
              </WBCurrentTermOffsetAmt>
            </WBOnsetOffsetPremiumInfo>
            <WBPremiumInfo id="WC1AC878C01B641C38CDAA46F83A77FC4">
              <WBCurrentTermAmt id="WDDE2F4183F594F94B90E1EC349C5D4EE">
                <Amt>79</Amt>
              </WBCurrentTermAmt>
              <WBNetChangeAmt id="WB292121C055E458CBB67C372B95144BC">
                <Amt>79</Amt>
              </WBNetChangeAmt>
              <WBWrittenAmt id="W4E30FD4FA0E947A898AEA6B8D5DAA6D2">
                <Amt>79</Amt>
              </WBWrittenAmt>
              <WBPriorCurrentTermAmt id="WB8E4560984E642D7AD6B27F10A6AE1F1">
                <Amt>0</Amt>
              </WBPriorCurrentTermAmt>
              <WBPriorWrittenAmt id="W76D8BA802F684AB8A3A0FC33ED53F419">
                <Amt>0</Amt>
              </WBPriorWrittenAmt>
              <WBCancelAmt id="W186B9CC9E0C74A508FF04D194E737FDE">
                <Amt>0</Amt>
              </WBCancelAmt>
            </WBPremiumInfo>
          </CoverageExt>
        </Coverage>
        <Coverage id="UNDUMUNDMSP2">
          <CoverageCd>UNDUM</CoverageCd>
          <Limit id="L57E4A842FAF54A8AB0FDCAA10669A142">
            <FormatCurrencyAmt id="FC49F5948925A4B84B95410FFA1717437">
              <Amt>500000</Amt>
            </FormatCurrencyAmt>
            <LimitAppliesToCd>PerPerson</LimitAppliesToCd>
          </Limit>
          <Limit id="LF89C9EBB431A47DCA939D58F240606C2">
            <FormatCurrencyAmt id="F290D0F5A10A9454FBB64D86E4560B839">
              <Amt>500000</Amt>
            </FormatCurrencyAmt>
            <LimitAppliesToCd>PerAcc</LimitAppliesToCd>
          </Limit>
          <EffectiveDt>2020-04-06</EffectiveDt>
          <ExpirationDt>2021-04-06</ExpirationDt>
          <ProRateFactor>1</ProRateFactor>
          <CoverageSupplement id="C769B7E70916D43D29F7843AD46E49328">
            <CoverageSubCd>UNDMSP</CoverageSubCd>
          </CoverageSupplement>
          <CoverageExt id="CE53E90087E8740599AD7AE7D66864266">
            <WBOnsetOffsetPremiumInfo id="W6D9909FB50C641C480C8FA42E92CA2B7">
              <WBCurrentTermOnsetAmt id="W5EB66DFBE2E14A8FA6D3D3FCC353033D">
                <Amt>72</Amt>
              </WBCurrentTermOnsetAmt>
              <WBCurrentTermOffsetAmt id="WF52A8F42CE42435B8D425E3C0E6E020D">
                <Amt>0</Amt>
              </WBCurrentTermOffsetAmt>
            </WBOnsetOffsetPremiumInfo>
            <WBPremiumInfo id="W678CF5A39EC042A18250C655029C42CE">
              <WBCurrentTermAmt id="W9D4584F2F4DB4A1C810D49619E5C72BD">
                <Amt>72</Amt>
              </WBCurrentTermAmt>
              <WBNetChangeAmt id="W4A9D91017451490886F91A5C4A931E53">
                <Amt>72</Amt>
              </WBNetChangeAmt>
              <WBWrittenAmt id="W8C8411156AE74D63BD115FA3EF6DD204">
                <Amt>72</Amt>
              </WBWrittenAmt>
              <WBPriorCurrentTermAmt id="W1736E0D45A4643EBBEFA5380068D021F">
                <Amt>0</Amt>
              </WBPriorCurrentTermAmt>
              <WBPriorWrittenAmt id="WCD797753C0914535B85CF64AE92454A8">
                <Amt>0</Amt>
              </WBPriorWrittenAmt>
              <WBCancelAmt id="WC8E3E7CA93EA458496200DDFEF742D72">
                <Amt>0</Amt>
              </WBCancelAmt>
            </WBPremiumInfo>
          </CoverageExt>
        </Coverage>
        <Coverage id="MEDPMMP2">
          <CoverageCd>MEDPM</CoverageCd>
          <Limit id="LE52388B8B52D4205AEE769551735991C">
            <FormatCurrencyAmt id="F44E8D9AA8A7C41E1B42BA6707A5BB2FD">
              <Amt>5000</Amt>
            </FormatCurrencyAmt>
            <LimitAppliesToCd>PerPerson</LimitAppliesToCd>
          </Limit>
          <EffectiveDt>2020-04-06</EffectiveDt>
          <ExpirationDt>2021-04-06</ExpirationDt>
          <ProRateFactor>1</ProRateFactor>
          <CoverageSupplement id="C329D81CA03A847579E5EB3AC3F15D0B2">
            <CoverageSubCd>MP</CoverageSubCd>
          </CoverageSupplement>
          <CoverageExt id="C21AB8E67F4D34E859523119281F1110C">
            <WBOnsetOffsetPremiumInfo id="W41CBD97A9B7B4A83BCCEE28EA2F4F8B8">
              <WBCurrentTermOnsetAmt id="WA6EAFA816019430399CF03084071453D">
                <Amt>42</Amt>
              </WBCurrentTermOnsetAmt>
              <WBCurrentTermOffsetAmt id="W35844F15FCEC4CBC9E0CF84BAB4F43FA">
                <Amt>0</Amt>
              </WBCurrentTermOffsetAmt>
            </WBOnsetOffsetPremiumInfo>
            <WBPremiumInfo id="W0A8C2AFC0BC74969B6A965EDEA69385F">
              <WBCurrentTermAmt id="W2574A7D56F8C4CBBA925C0E018C1DFA6">
                <Amt>42</Amt>
              </WBCurrentTermAmt>
              <WBNetChangeAmt id="WBC44080AB295453F894A098E5CE5A305">
                <Amt>42</Amt>
              </WBNetChangeAmt>
              <WBWrittenAmt id="W432D60C442F14FCA8DC9EFA0E1165B75">
                <Amt>42</Amt>
              </WBWrittenAmt>
              <WBPriorCurrentTermAmt id="W9CC23F89413C445B98A36D0FBF22D599">
                <Amt>0</Amt>
              </WBPriorCurrentTermAmt>
              <WBPriorWrittenAmt id="WE88C5CCD3DFC4EBBAF860FACD98EE8DE">
                <Amt>0</Amt>
              </WBPriorWrittenAmt>
              <WBCancelAmt id="W74B5BC0A28D747D0BA1E9ABA03A59849">
                <Amt>0</Amt>
              </WBCancelAmt>
            </WBPremiumInfo>
          </CoverageExt>
        </Coverage>
        <Coverage id="C617791049FDF4144AA1C878321200DC4">
          <CoverageCd>TPAC</CoverageCd>
          <CoverageTypeCd>Fee</CoverageTypeCd>
          <EffectiveDt>2020-04-06</EffectiveDt>
          <ExpirationDt>2021-04-06</ExpirationDt>
          <ProRateFactor>1</ProRateFactor>
          <CoverageSupplement id="CCA11F6300EB741F8A9C017A17B02502C">
            <CoverageSubCd>AATA</CoverageSubCd>
          </CoverageSupplement>
          <CoverageExt id="CD33B3D20A7284DC3A9476421D4F7AB8F">
            <WBOnsetOffsetPremiumInfo id="W15974F0887414859B822543CAD87AA56">
              <WBCurrentTermOnsetAmt id="W2F4EA02E91604B05B801BE3D7F783E7D">
                <Amt>1</Amt>
              </WBCurrentTermOnsetAmt>
              <WBCurrentTermOffsetAmt id="W7204271EFEED46F5BD7B1AE0F146A6D6">
                <Amt>0</Amt>
              </WBCurrentTermOffsetAmt>
            </WBOnsetOffsetPremiumInfo>
            <WBPremiumInfo id="W7A4FCDDBB302421784852FAC506FDCDF">
              <WBCurrentTermAmt id="W02A2109AF9CD4A1B946056CB87E43E26">
                <Amt>1</Amt>
              </WBCurrentTermAmt>
              <WBNetChangeAmt id="WCD72A4C7EDE04CB98BAF431BB7E42BDB">
                <Amt>1</Amt>
              </WBNetChangeAmt>
              <WBWrittenAmt id="W77D2E5A35272450BAD3447CC07515B95">
                <Amt>1</Amt>
              </WBWrittenAmt>
              <WBPriorCurrentTermAmt id="WB477861882E34A27885AC884600B18C8">
                <Amt>0</Amt>
              </WBPriorCurrentTermAmt>
              <WBPriorWrittenAmt id="W3C6615BD625F42A49F07D2C79247C76B">
                <Amt>0</Amt>
              </WBPriorWrittenAmt>
              <WBCancelAmt id="W0FD363FDE89141BA947295D8EFFD9E5E">
                <Amt>0</Amt>
              </WBCancelAmt>
            </WBPremiumInfo>
          </CoverageExt>
        </Coverage>
        <CreditOrSurcharge id="CE100BD7E287848F4B85C851F7538B834">
          <SecondaryCd>LDM</SecondaryCd>
          <WBRatingAppliedInd>0</WBRatingAppliedInd>
        </CreditOrSurcharge>
        <CreditOrSurcharge id="CE7A17775DF994D4A88DB9F0F7489E0E1">
          <SecondaryCd>BSM</SecondaryCd>
          <WBRatingAppliedInd>0</WBRatingAppliedInd>
        </CreditOrSurcharge>
        <CreditOrSurcharge id="C6ACC6D18AEE9479BB82CCAB6DE9A657B">
          <SecondaryCd>FCAWB</SecondaryCd>
          <WBRatingAppliedInd>0</WBRatingAppliedInd>
        </CreditOrSurcharge>
        <CreditOrSurcharge id="C1D16D2C28659448D997D408F62C7E253">
          <SecondaryCd>FCAWOB</SecondaryCd>
          <WBRatingAppliedInd>0</WBRatingAppliedInd>
        </CreditOrSurcharge>
        <CreditOrSurcharge id="CA27CE32937654E9E83C67E83F3DCFBC4">
          <SecondaryCd>AHS</SecondaryCd>
          <WBRatingAppliedInd>1</WBRatingAppliedInd>
        </CreditOrSurcharge>
        <CreditOrSurcharge id="C06331AB05A164385A50D96254DA7148A">
          <SecondaryCd>AOM</SecondaryCd>
          <WBRatingAppliedInd>0</WBRatingAppliedInd>
        </CreditOrSurcharge>
        <CreditOrSurcharge id="CCDF6A86A2ABC4EC08B777ECE694E25F1">
          <SecondaryCd>BWS</SecondaryCd>
          <WBRatingAppliedInd>0</WBRatingAppliedInd>
        </CreditOrSurcharge>
        <CreditOrSurcharge id="C80164A3A1C094D1AA7E6A9A8DFDE33B9">
          <SecondaryCd>DFSS</SecondaryCd>
          <WBRatingAppliedInd>0</WBRatingAppliedInd>
        </CreditOrSurcharge>
        <CreditOrSurcharge id="C0A3058B4950944CFB64151E20DAD3DDE">
          <SecondaryCd>GDSTD</SecondaryCd>
          <WBRatingAppliedInd>0</WBRatingAppliedInd>
        </CreditOrSurcharge>
        <CreditOrSurcharge id="C5585DC7D6C05447F8ACACB665E11211A">
          <SecondaryCd>GRSTD</SecondaryCd>
          <WBRatingAppliedInd>0</WBRatingAppliedInd>
        </CreditOrSurcharge>
        <CreditOrSurcharge id="CEA77760699E8402DA3812730DC4CC426">
          <SecondaryCd>RSTD</SecondaryCd>
          <WBRatingAppliedInd>0</WBRatingAppliedInd>
        </CreditOrSurcharge>
        <CreditOrSurcharge id="C1E97F334C4D24969BD9686AFBDB5967C">
          <SecondaryCd>MIL</SecondaryCd>
          <WBRatingAppliedInd>0</WBRatingAppliedInd>
        </CreditOrSurcharge>
        <CreditOrSurcharge id="CBCF7D50363804589AB492F5540666548">
          <SecondaryCd>DED</SecondaryCd>
          <WBRatingAppliedInd>1</WBRatingAppliedInd>
        </CreditOrSurcharge>
        <CreditOrSurcharge id="CD6719723C1BE4DD283C40AD5BA81B397">
          <SecondaryCd>AVS</SecondaryCd>
          <WBRatingAppliedInd>0</WBRatingAppliedInd>
        </CreditOrSurcharge>
        <ComprehensiveOTCSymbolCd>31</ComprehensiveOTCSymbolCd>
        <CollisionSymbolCd>33</CollisionSymbolCd>
        <QuestionAnswer id="QB5BAD22BBEB64FA3B27194FEBB7791F1">
          <QuestionCd>VEH01</QuestionCd>
          <YesNoCd>NO</YesNoCd>
        </QuestionAnswer>
        <QuestionAnswer id="QE07CED98AB554D199E10725C53E1F34E">
          <QuestionCd>VEH02</QuestionCd>
          <YesNoCd>DRV</YesNoCd>
          <Explanation>1</Explanation>
        </QuestionAnswer>
        <QuestionAnswer id="Q5FDBF2C1A5D041B2ACA32FC8AE07B920">
          <QuestionCd>VEH09</QuestionCd>
          <YesNoCd>NO</YesNoCd>
        </QuestionAnswer>
        <VehicleExt id="V091E7D2D850941729FC52C1ECA68E1BA">
          <ClassCode>1143</ClassCode>
          <WBMileage id="WE50CE5C226144494BD29BC4DAD6132F0">
            <WBReportDtTime>2020-04-08T08:12:13</WBReportDtTime>
            <WBCarFaxBodyStyleDesc>Hatchback 4 DR</WBCarFaxBodyStyleDesc>
            <WBAnnualMileageMAMCd>X</WBAnnualMileageMAMCd>
            <WBAnnualMileageSource>Carfax</WBAnnualMileageSource>
            <WBCarFaxLastAcquisitionDt>2017-07-29</WBCarFaxLastAcquisitionDt>
            <WBRatedDrivingExposure>12108</WBRatedDrivingExposure>
            <WBCarFaxModeledAnnualMileage>14752</WBCarFaxModeledAnnualMileage>
            <WBCarFaxLengthOwned>32</WBCarFaxLengthOwned>
          </WBMileage>
          <WBISOBodyStyleDesc>4-Door Hatchback</WBISOBodyStyleDesc>
          <WBFinancialResponsibilityCnt>0</WBFinancialResponsibilityCnt>
          <WBRiskTerm id="WC61D2A88843B444CBF6C4D368662F85A">
            <WBRiskEffectiveDt>2020-04-06</WBRiskEffectiveDt>
            <WBRiskExpirationDt>2021-04-06</WBRiskExpirationDt>
          </WBRiskTerm>
          <WBSubtotalInfo id="WE380811F5A824525BF59C748386C7B4A">
            <WBSubtotalInfoTypeCd>CFA</WBSubtotalInfoTypeCd>
            <WBCurrentTermAmt id="WC4C435A0A4EA40F29BA3635CB6AB0BBF">
              <Amt>18</Amt>
            </WBCurrentTermAmt>
          </WBSubtotalInfo>
          <WBSubtotalInfo id="W9496B0A32BF64A1CAFA828089050AFC3">
            <WBSubtotalInfoTypeCd>VEH</WBSubtotalInfoTypeCd>
            <WBCurrentTermAmt id="WD08505988DB346DCB81C352B2E09BF26">
              <Amt>653</Amt>
            </WBCurrentTermAmt>
          </WBSubtotalInfo>
          <WBVehicleAge>3</WBVehicleAge>
          <WBThirdPartyReport id="WE438E2B0728146CCAA4C6B17B0122A94">
            <WBReportTypeCd>VINMASTER</WBReportTypeCd>
            <WBReportOrderStatus>Returned</WBReportOrderStatus>
          </WBThirdPartyReport>
          <WBOnsetOffsetPremiumInfo id="W9205B90F57804CA6B04BC47FF342EE36">
            <WBCurrentTermOnsetAmt id="WC43C3C81DC234E2FB0E1933062DA2390" />
            <WBCurrentTermOffsetAmt id="WF51ED34CF7624A5AAD1E7AE8FAC95345" />
          </WBOnsetOffsetPremiumInfo>
          <WBPremiumInfo id="W93A03381B3C74BCD8FB96FE7183D5846">
            <WBCurrentTermAmt id="W9A98C27B59ED477A9F91162F9A2D0AF0">
              <Amt>654</Amt>
            </WBCurrentTermAmt>
            <WBNetChangeAmt id="W469A5ED3B782401CB1757A0B945BAE7D">
              <Amt>654</Amt>
            </WBNetChangeAmt>
            <WBWrittenAmt id="W2AF16CA6FA734E6F928833F09FB7078C">
              <Amt>654</Amt>
            </WBWrittenAmt>
            <WBPriorCurrentTermAmt id="WF6B1D66D3BD64FAAAB951040B6D47815">
              <Amt>0</Amt>
            </WBPriorCurrentTermAmt>
            <WBPriorWrittenAmt id="W7B111F64636645339BFA39A9B5953041">
              <Amt>0</Amt>
            </WBPriorWrittenAmt>
            <WBCancelAmt id="W654B04B0F55145B195A8FFBAECD40D1C" />
          </WBPremiumInfo>
          <WBPhysicalDamageOnlyInd>0</WBPhysicalDamageOnlyInd>
          <WBCustomEquipInd>0</WBCustomEquipInd>
          <WBVehicleIncidentScore>-5</WBVehicleIncidentScore>
          <WBISSClassCode>4082</WBISSClassCode>
          <Form id="F939AC8D86BB741BB879B359BCE116663">
            <FormNumber>PP0001Q</FormNumber>
            <EditionDt>2019-01-01</EditionDt>
            <FormName>Personal Auto Policy</FormName>
            <EffectiveDt>2020-04-06</EffectiveDt>
            <Order>06</Order>
          </Form>
          <Form id="FA42AB3110D5F4F919E988FCEE83BAFCC">
            <FormNumber>PP0167Q</FormNumber>
            <EditionDt>2019-06-01</EditionDt>
            <FormName>Amendment of Policy Provisions - AZ</FormName>
            <EffectiveDt>2020-04-06</EffectiveDt>
            <Order>07</Order>
          </Form>
          <Form id="FB9A47292F15841A8B8913E7359443741">
            <FormNumber>PP0267Q</FormNumber>
            <EditionDt>2019-01-01</EditionDt>
            <FormName>Termination Provisions - AZ</FormName>
            <EffectiveDt>2020-04-06</EffectiveDt>
            <Order>09</Order>
          </Form>
          <Form id="F351E1204316B495E846C07F639F8D5F1">
            <FormNumber>PP0477Q</FormNumber>
            <EditionDt>2019-01-01</EditionDt>
            <FormName>Uninsured Motorists Coverage - AZ</FormName>
            <EffectiveDt>2020-04-06</EffectiveDt>
            <Order>14</Order>
          </Form>
          <Form id="FE520CFFEEC0A44948FD4B98F62BA76E0">
            <FormNumber>PP0489Q</FormNumber>
            <EditionDt>2019-01-01</EditionDt>
            <FormName>Underinsured Motorists Coverage - AZ</FormName>
            <EffectiveDt>2020-04-06</EffectiveDt>
            <Order>15</Order>
          </Form>
        </VehicleExt>
      </Vehicle>
      <QuestionAnswer id="Q8A375782E6DD4154972C475A0E9BFFF2">
        <QuestionCd>AUTOP03</QuestionCd>
        <YesNoCd>NO</YesNoCd>
      </QuestionAnswer>
      <QuestionAnswer id="QA63C211F2AA74E329C6EC673A6FBDB6A">
        <QuestionCd>VEH03</QuestionCd>
        <YesNoCd>NO</YesNoCd>
      </QuestionAnswer>
      <QuestionAnswer id="QCB341A7A080C4775BC40888A816C6B1C">
        <QuestionCd>VEH04</QuestionCd>
        <YesNoCd>NO</YesNoCd>
      </QuestionAnswer>
      <PersAutoLineBusinessExt id="P909B73A55A414CBEBD5384A2EE213867">
        <WBSubtotalInfo id="W32BC5CAD9E8448E4AA7529DC18666AB8">
          <WBSubtotalInfoTypeCd>CFA</WBSubtotalInfoTypeCd>
          <WBCurrentTermAmt id="W5FB1B6872F2548EFAD685DBCEDD5A35E">
            <Amt>18</Amt>
          </WBCurrentTermAmt>
        </WBSubtotalInfo>
        <WBOnsetOffsetPremiumInfo id="W974BDA4AC26547729BE6596167712B2E">
          <WBCurrentTermOnsetAmt id="W26424D47C4754E78AB11B7BDB7A18C44" />
          <WBCurrentTermOffsetAmt id="W5C6EA702DBD647268732F0B1342567C1" />
        </WBOnsetOffsetPremiumInfo>
        <WBPermissiveUseCnt>0</WBPermissiveUseCnt>
        <WBPremiumInfo id="W6EFE29BC344A41E989097E01D52C1B38">
          <WBCurrentTermAmt id="W5432434ABC914033A5076399EC92A24D">
            <Amt>654</Amt>
          </WBCurrentTermAmt>
          <WBNetChangeAmt id="WF73C16C1440245E7A492A8AA862CC608">
            <Amt>654</Amt>
          </WBNetChangeAmt>
          <WBWrittenAmt id="W8899157B55A747C9BE3AA361FC86FE86">
            <Amt>654</Amt>
          </WBWrittenAmt>
          <WBPriorCurrentTermAmt id="W49AC56E201584074A67F4561B0658A32">
            <Amt>0</Amt>
          </WBPriorCurrentTermAmt>
          <WBPriorWrittenAmt id="WEDD2E60BC1BB43749C143793F586DC47">
            <Amt>0</Amt>
          </WBPriorWrittenAmt>
          <WBCancelAmt id="W8BA6322E2A644F44928AAF91978F50DE" />
        </WBPremiumInfo>
        <WBAATAFeeCnt>1</WBAATAFeeCnt>
      </PersAutoLineBusinessExt>
    </PersAutoLineBusiness>
    <PolicyExt id="P0A4A4FE03EC54778A699E70CFF687AA9">
      <AutoCompositionFactorCd>P</AutoCompositionFactorCd>
      <HighestAdvantageDriverPointValueInHousehold>0</HighestAdvantageDriverPointValueInHousehold>
      <WBTransactionStatusDesc>Committed</WBTransactionStatusDesc>
      <WBQuoteStatusDesc>Issued</WBQuoteStatusDesc>
      <CreditOrSurcharge id="C62EEC2DAC82C4036B569146EE3BF98E3">
        <SecondaryCd>PIF</SecondaryCd>
        <WBRatingAppliedInd>1</WBRatingAppliedInd>
      </CreditOrSurcharge>
      <CreditOrSurcharge id="C89BED57F5E2344728159DC6C1C53C4F9">
        <SecondaryCd>HCD</SecondaryCd>
        <WBRatingAppliedInd>0</WBRatingAppliedInd>
      </CreditOrSurcharge>
      <CreditOrSurcharge id="C3F74435F6DBE4BB1B97533182062FD5B">
        <SecondaryCd>INSCRA</SecondaryCd>
        <WBRatingAppliedInd>1</WBRatingAppliedInd>
      </CreditOrSurcharge>
      <WBHouseholdCompositionInd>0</WBHouseholdCompositionInd>
      <WBSubtotalInfo id="WFA3F88439D724B178D0D15AB8DC4F5AC">
        <WBSubtotalInfoTypeCd>CFA</WBSubtotalInfoTypeCd>
        <WBCurrentTermAmt id="W80816A1DA8124D9CB2B5D633E9E8A1AE">
          <Amt>18</Amt>
        </WBCurrentTermAmt>
      </WBSubtotalInfo>
      <WBSubtotalInfo id="W687DFE953A4140A4A01C4300E24A3C5E">
        <WBSubtotalInfoTypeCd>PIFD</WBSubtotalInfoTypeCd>
        <WBCurrentTermAmt id="WB6AA010EEA184A4D9BC48DF375D5120E">
          <Amt>0</Amt>
        </WBCurrentTermAmt>
      </WBSubtotalInfo>
      <WBSubtotalInfo id="W6BC231B76D0C4A6286922D8D1C6B4989">
        <WBSubtotalInfoTypeCd>PIFND</WBSubtotalInfoTypeCd>
        <WBCurrentTermAmt id="WEA20FC77B8C449128EE649C478CA5D8C">
          <Amt>665</Amt>
        </WBCurrentTermAmt>
      </WBSubtotalInfo>
      <WBThirdPartyReport id="W14C19B1E411A483C8B6B4284B86C5AF5">
        <WBReportTypeCd>APD</WBReportTypeCd>
        <WBReportOrderDt>2020-04-08</WBReportOrderDt>
        <WBReportOrderStatus>No Hit</WBReportOrderStatus>
        <WBReportExpirationDt>2020-07-07</WBReportExpirationDt>
      </WBThirdPartyReport>
      <WBPolicyAge>0</WBPolicyAge>
      <WBAssocGroupType></WBAssocGroupType>
      <WBOnsetOffsetPremiumInfo id="W4A50AB2A8FA94020B18C7984CC25CDC2">
        <WBCurrentTermOnsetAmt id="W3054DE69708E41929655F594FE571329" />
        <WBCurrentTermOffsetAmt id="W19AF3FAFA5044DB7972DA7DAF54FD83B" />
      </WBOnsetOffsetPremiumInfo>
      <WBPremiumInfo id="W3CF77EDDD6CC4322B464C9D8C9207B61">
        <WBCurrentTermAmt id="W70926DD5F0AF47708D370C011A00883D">
          <Amt>654</Amt>
        </WBCurrentTermAmt>
        <WBNetChangeAmt id="WF6FB6B8FBE26412B97E792D11846786F">
          <Amt>654</Amt>
        </WBNetChangeAmt>
        <WBWrittenAmt id="W10875C9D2AD44392A71ED73BA0318400">
          <Amt>654</Amt>
        </WBWrittenAmt>
        <WBPriorCurrentTermAmt id="W0EBF6F1BAE784753AB96EFE2F53C3947">
          <Amt>0</Amt>
        </WBPriorCurrentTermAmt>
        <WBPriorWrittenAmt id="W47C20983ED6043A4B4C1D1E061C06A5D">
          <Amt>0</Amt>
        </WBPriorWrittenAmt>
        <WBCancelAmt id="W7F515B3F0E5A456B858FF66E9252D785" />
      </WBPremiumInfo>
      <WBPriorPolicyCnt>1</WBPriorPolicyCnt>
      <WBPolicyIssue id="W357292E831D941B5B5B8D06ED2DC1BAF">
        <WBPolicyIssueCd>N</WBPolicyIssueCd>
      </WBPolicyIssue>
      <WBPolicyInceptionDateInfo id="W24D415EC8D424D3886F7C5C08100DDDD">
        <WBPolicyUWInceptionDt>2020-04-06</WBPolicyUWInceptionDt>
        <WBPolicyUWDtOverrideInd>0</WBPolicyUWDtOverrideInd>
      </WBPolicyInceptionDateInfo>
      <WBPolicyTenureAge>0</WBPolicyTenureAge>
      <WBGroupAssocName></WBGroupAssocName>
      <WBISSTravelNetClassCode>0</WBISSTravelNetClassCode>
    </PolicyExt>
    <Form id="F3F291E53535844F79D563FCB59DA3CCE">
      <FormNumber>WB623</FormNumber>
      <EditionDt>2019-12-01</EditionDt>
      <FormName>Notice of Proposed Changes to Articles of Incorporation</FormName>
      <EffectiveDt>2020-04-06</EffectiveDt>
      <Order>01</Order>
    </Form>
    <Form id="FA16E330400B14CA59355A76B4DC8007D">
      <FormNumber>DC2177</FormNumber>
      <EditionDt>2019-01-01</EditionDt>
      <FormName>Membership and Voting Rights Notice</FormName>
      <EffectiveDt>2020-04-06</EffectiveDt>
      <Order>07</Order>
    </Form>
    <Form id="F7A023908D2514E44AD567562657145E9">
      <FormNumber>DC249</FormNumber>
      <EditionDt>2019-01-01</EditionDt>
      <FormName>Coordination of Deductible Clause</FormName>
      <EffectiveDt>2020-04-06</EffectiveDt>
      <Order>08</Order>
    </Form>
    <Form id="FF4702A91D1154B1E9E9F615A82DA79C4">
      <FormNumber>DC1188</FormNumber>
      <EditionDt>2019-01-01</EditionDt>
      <FormName>West Bend Privacy Statement</FormName>
      <EffectiveDt>2020-04-06</EffectiveDt>
      <Order>09</Order>
    </Form>
    <Form id="FC062C0ABF530462890131CFB7ED5FFC1">
      <FormNumber>DC877C</FormNumber>
      <EditionDt>2019-01-01</EditionDt>
      <FormName>Consumer Report Disclosure Notice</FormName>
      <EffectiveDt>2020-04-06</EffectiveDt>
      <Order>05</Order>
    </Form>
    <Form id="FE04AC84DDDBD4FD8A6BA7EF861942243">
      <FormNumber>DC1491</FormNumber>
      <EditionDt>2019-01-01</EditionDt>
      <FormName>Payment Options and Billing Information</FormName>
      <EffectiveDt>2020-04-06</EffectiveDt>
      <Order>10</Order>
    </Form>
  </Policy>
</PolicyRs>