﻿<PolicyRs xmlns="http://www.acord.org/schema/PC/xml/2">
  <BusinessPurposeTypeCd>NBQ</BusinessPurposeTypeCd>
  <TransactionEffectiveDt>2020-03-08T00:00:00.000</TransactionEffectiveDt>
  <SourceSystem id="S22CA7B6EFD3F4BDB8FAD7E0684C98FDE">
    <SourceSystemCd>WB</SourceSystemCd>
    <SourceSystemQualifierCd>LR</SourceSystemQualifierCd>
  </SourceSystem>
  <TransactionSeqNumber>1</TransactionSeqNumber>
  <Policy id="PE5C8DB6FD9EE4248B34DDA2D5EBCDE1A">
    <PolicyNumber>B035684</PolicyNumber>
    <PolicyVersion>00</PolicyVersion>
    <CompanyProductCd>801</CompanyProductCd>
    <BroadLOBCd>1</BroadLOBCd>
    <NAICCd>15350</NAICCd>
    <ControllingStateProvCd>AZ</ControllingStateProvCd>
    <ContractTerm id="C9E7DF8188A984A12BC086037348C1298">
      <EffectiveDt>2020-03-08</EffectiveDt>
      <ExpirationDt>2021-03-08</ExpirationDt>
    </ContractTerm>
    <CustomerServicingCd>AGY</CustomerServicingCd>
    <NumLosses>0</NumLosses>
    <PaymentOption id="P2276E527BA3648F0B170FAF9BD4512DC">
      <PaymentPlanCd>SA</PaymentPlanCd>
      <PaymentOptionExt id="P79E2B06F67004601BE600E38EDD4C409">
        <WBDepositInd>0</WBDepositInd>
      </PaymentOptionExt>
    </PaymentOption>
    <QuoteInfo id="Q7F16C5DD5AA34F4CB93C4288C7004AF7">
      <InitialQuoteRequestDt>2020-03-08</InitialQuoteRequestDt>
    </QuoteInfo>
    <PolicyStatusCd>InForce</PolicyStatusCd>
    <UnderwritingDecisionInfo id="U41181D6A368848BC85B3968FF8149480">
      <SystemUnderwritingDecisionDt>2020-03-08</SystemUnderwritingDecisionDt>
      <UnderwritingScoreNumber>360</UnderwritingScoreNumber>
      <UnderwritingRuleInfo id="UD7679345DB7F460BBB705263D41BBA54">
        <UnderwritingDecisionCd>Refer</UnderwritingDecisionCd>
        <UnderwritingScoreNumber>120</UnderwritingScoreNumber>
        <UnderwritingRuleInfoExt id="UD6D9A80D78394751A3B1460DB0BF9BDC">
          <WBRuleIDDesc>RX3467</WBRuleIDDesc>
          <WBRuleMessageDesc>Auto - Refer to Underwriting due to extra party listed on 2010 INFINITI QX56</WBRuleMessageDesc>
          <WBRuleSeverityCd>3</WBRuleSeverityCd>
        </UnderwritingRuleInfoExt>
      </UnderwritingRuleInfo>
      <UnderwritingRuleInfo id="U73F59C385CA4481EABF83BBA7CB03B09">
        <UnderwritingDecisionCd>Refer</UnderwritingDecisionCd>
        <UnderwritingScoreNumber>120</UnderwritingScoreNumber>
        <UnderwritingRuleInfoExt id="U34AAA9DF45AC4B9D84D2FACBBB8C5F62">
          <WBRuleIDDesc>RX4223</WBRuleIDDesc>
          <WBRuleMessageDesc>Auto - Refer to Underwriting due to business use on 2010 INFINITI QX56.</WBRuleMessageDesc>
          <WBRuleSeverityCd>3</WBRuleSeverityCd>
        </UnderwritingRuleInfoExt>
      </UnderwritingRuleInfo>
      <UnderwritingRuleInfo id="UF33399DE43E9499EBFBCCF34FBAAB856">
        <UnderwritingDecisionCd>Refer</UnderwritingDecisionCd>
        <UnderwritingScoreNumber>120</UnderwritingScoreNumber>
        <UnderwritingRuleInfoExt id="U2486041759834CDEAD0C92084873CC0D">
          <WBRuleIDDesc>RX4430</WBRuleIDDesc>
          <WBRuleMessageDesc>Not eligible for coverage due to a vehicle on the policy rented to others.</WBRuleMessageDesc>
          <WBRuleSeverityCd>3</WBRuleSeverityCd>
        </UnderwritingRuleInfoExt>
      </UnderwritingRuleInfo>
      <UnderwritingDecisionInfoExt id="UF700167EBEE54A4C826432ED410508CA">
        <WBUpdatedCumulativeScore>360</WBUpdatedCumulativeScore>
      </UnderwritingDecisionInfoExt>
    </UnderwritingDecisionInfo>
    <OriginalPolicyInceptionDt>2020-03-08</OriginalPolicyInceptionDt>
    <PaidInFullInd>0</PaidInFullInd>
    <Producer id="PF84DAC78E86A47FC9768BA906837F743">
      <Relationship id="R1ECF23E1E4A94CDE83195C8E642CE370">
        <RelationshipToCd>Agency</RelationshipToCd>
      </Relationship>
      <Name>A &amp; J PETERSBURG AGENCY</Name>
      <Addr id="A4D69757888D34F65AA5F5963712F2AD4">
        <AddrTypeCd>MailingAddress</AddrTypeCd>
        <Addr1>PO BOX 290</Addr1>
        <City>DECORAH</City>
        <StateProvCd>IA</StateProvCd>
        <PostalCode>52101</PostalCode>
        <CountryCd>USA</CountryCd>
        <County>US</County>
      </Addr>
      <Communications id="C4C5C092FEDE247ACA7FFEADAC38AC610">
        <PhoneTypeCd>HOME</PhoneTypeCd>
        <PhoneNumber>563-382-3627</PhoneNumber>
      </Communications>
      <ContractNumber>14004</ContractNumber>
      <ProducerSubCode />
    </Producer>
    <Producer id="P85C35C3047BA46B3ABFEE6F2E1D3BF44">
      <Relationship id="RD3F7345A855A48518ECC1262484A30FF">
        <RelationshipToCd>USERIN</RelationshipToCd>
      </Relationship>
      <Name>PLAgent Tester</Name>
      <ProducerSubCode>20260</ProducerSubCode>
    </Producer>
    <Producer id="P32078472163A4FE2AD95D188F13F2B8E">
      <Relationship id="REE75A8981B1C45E7936E709F34462452">
        <RelationshipToCd>PROD</RelationshipToCd>
      </Relationship>
      <Name>Andrea Martin</Name>
      <ProducerSubCode>10937</ProducerSubCode>
    </Producer>
    <InsuredOrPrincipal id="I7150AF7A00194A8483783887AE4D8992">
      <ItemIdInfo id="IB5F80CB99B354E13A57366D2F06D974D">
        <InsurerId>1000472093</InsurerId>
      </ItemIdInfo>
      <Relationship id="R9B801C65763F42F388B84BB1ACF0C1D7" RelationshipToRef="PE5C8DB6FD9EE4248B34DDA2D5EBCDE1A">
        <RelationshipToCd>FNI</RelationshipToCd>
      </Relationship>
      <Name>MARINABATT 2DRIVEr1VEH</Name>
      <Addr id="AEA2E6D72221A4429928F5C128C88E357">
        <AddrTypeCd>InsuredsAddress</AddrTypeCd>
        <Addr1>7350 N Dobson Rd Ste 120</Addr1>
        <City>Scottsdale</City>
        <StateProvCd>AZ</StateProvCd>
        <PostalCode>85256-2712</PostalCode>
        <CountryCd>USA</CountryCd>
        <Latitude>33.543545</Latitude>
        <Longitude>-111.874251</Longitude>
        <County>Maricopa County</County>
        <AddrExt id="A832BD5E1CB6D4BE9BDDEDDF37A0C7149">
          <WBAddressStandardization id="W21591DAD04EA46F6B84AFB98BD3F8A29">
            <WBAddrStandardizeStreetName>Dobson</WBAddrStandardizeStreetName>
            <WBAddrStandardizeStreetTypeCd>Rd</WBAddrStandardizeStreetTypeCd>
            <WBAddrStandardizeStreetNumber>7350</WBAddrStandardizeStreetNumber>
            <WBAddrStandardizeUnitNumber>120</WBAddrStandardizeUnitNumber>
            <WBAddrStandardizeUnitLabel>Ste</WBAddrStandardizeUnitLabel>
            <WBConfidence>100</WBConfidence>
            <WBAddrStandardizeLeadingDirectional>N</WBAddrStandardizeLeadingDirectional>
            <WBAddrStandardizeStatus>Accepted</WBAddrStandardizeStatus>
          </WBAddressStandardization>
        </AddrExt>
      </Addr>
      <Addr id="A3EBE66EB63214586B9B6F3097BD645D7">
        <AddrTypeCd>MailingAddress</AddrTypeCd>
        <Addr1>7350 N Dobson Rd Ste 120</Addr1>
        <City>Scottsdale</City>
        <StateProvCd>AZ</StateProvCd>
        <PostalCode>85256-2712</PostalCode>
        <CountryCd>USA</CountryCd>
        <Latitude>33.543545</Latitude>
        <Longitude>-111.874251</Longitude>
        <County>Maricopa County</County>
        <AddrExt id="A23A54BB656A84AEEAF6C549335489D11">
          <WBAddressStandardization id="W67791E2D503348CDABB564B959A7346E">
            <WBAddrStandardizeStreetName>Dobson</WBAddrStandardizeStreetName>
            <WBAddrStandardizeStreetTypeCd>Rd</WBAddrStandardizeStreetTypeCd>
            <WBAddrStandardizeStreetNumber>7350</WBAddrStandardizeStreetNumber>
            <WBAddrStandardizeUnitNumber>120</WBAddrStandardizeUnitNumber>
            <WBAddrStandardizeUnitLabel>Ste</WBAddrStandardizeUnitLabel>
            <WBConfidence>100</WBConfidence>
            <WBAddrStandardizeLeadingDirectional>N</WBAddrStandardizeLeadingDirectional>
            <WBAddrStandardizeStatus>Accepted</WBAddrStandardizeStatus>
          </WBAddressStandardization>
        </AddrExt>
        <Addr2 />
      </Addr>
      <Addr id="A088CB84B60E64F4FB7FA70ADDBB0BEE0">
        <AddrTypeCd>BillingAddress</AddrTypeCd>
      </Addr>
      <Communications id="C727856C60956401193AEC9527B46DD3D">
        <CommunicationUseCd>Alternate</CommunicationUseCd>
        <PhoneTypeCd>Cell</PhoneTypeCd>
        <PhoneNumber>7657657587</PhoneNumber>
        <EmailAddr>mpalanisamy@wbmi.com</EmailAddr>
      </Communications>
      <Surname>2DRIVEr1VEH</Surname>
      <GivenName>MARINABATT</GivenName>
      <OtherGivenName>A</OtherGivenName>
      <GenderCd>NB</GenderCd>
      <BirthDt>1925-09-16</BirthDt>
      <MaritalStatusCd>W</MaritalStatusCd>
      <TitlePrefix />
      <NameSuffix>III</NameSuffix>
    </InsuredOrPrincipal>
    <InsuredOrPrincipal id="I2E981BCAA49B4D8C80D746F3A2981416">
      <Relationship id="RBB139AE24DC848A6AACABE466BD67B46" RelationshipToRef="PE5C8DB6FD9EE4248B34DDA2D5EBCDE1A">
        <RelationshipToCd>CN</RelationshipToCd>
      </Relationship>
      <Relationship id="R9E95D21A063947CDAED58DF50910FEAC" RelationshipToRef="I7150AF7A00194A8483783887AE4D8992">
        <RelationshipToCd>CH</RelationshipToCd>
      </Relationship>
      <Name>Kelly Stafford</Name>
      <Surname>Stafford</Surname>
      <GivenName>Kelly</GivenName>
      <TitlePrefix>Dr.</TitlePrefix>
      <NameSuffix>1st</NameSuffix>
      <GenderCd>F</GenderCd>
      <BirthDt>1979-05-10</BirthDt>
      <MaritalStatusCd>M</MaritalStatusCd>
    </InsuredOrPrincipal>
    <PersAutoLineBusiness id="PD645CE79971948AD9F7D84C87DA9B3EA">
      <CompanyProductCd>850</CompanyProductCd>
      <Driver id="D8F8ACFCE573644CC87F85C8564432DC6">
        <ItemIdInfo id="I6B709D847F364A8BB55458916F7040F5">
          <InsurerId>1</InsurerId>
        </ItemIdInfo>
        <Relationship id="R31E678213FB242F9B630E70B801ECEC4" RelationshipToRef="I7150AF7A00194A8483783887AE4D8992">
          <RelationshipToCd>IN</RelationshipToCd>
        </Relationship>
        <Relationship id="R18691ED8B0A849C7B77CB168199E1D6D" RelationshipToRef="V60C5C421A2EE46F48F5C70DA44D141E8">
          <RelationshipToCd>DRV</RelationshipToCd>
          <RelationshipDesc>PRINCIPAL</RelationshipDesc>
        </Relationship>
        <License id="LF17393B1F9D04EB88012BF4F320DA5D0">
          <LicenseTypeCd>Driver</LicenseTypeCd>
          <LicenseStatusCd>VALID</LicenseStatusCd>
          <LicensePermitNumber>5YW9BP13T9098</LicensePermitNumber>
          <StateProvCd>AZ</StateProvCd>
        </License>
        <Addr id="A851F3473D6144981BCEF525D7A964794">
          <AddrTypeCd>MailingAddress</AddrTypeCd>
          <Addr1>7350 N Dobson Rd Ste 120</Addr1>
          <City>Scottsdale</City>
          <StateProvCd>AZ</StateProvCd>
          <PostalCode>85256-2712</PostalCode>
          <CountryCd>USA</CountryCd>
          <Latitude>33.543545</Latitude>
          <Longitude>-111.874251</Longitude>
          <County>Maricopa County</County>
          <AddrExt id="ACE87BE304D5A42359982777C2952C87B">
            <WBAddressStandardization id="W8312B2C0B6CF497F8C2005B3BA3CFA8B">
              <WBAddrStandardizeStreetName>Dobson</WBAddrStandardizeStreetName>
              <WBAddrStandardizeStreetTypeCd>Rd</WBAddrStandardizeStreetTypeCd>
              <WBAddrStandardizeStreetNumber>7350</WBAddrStandardizeStreetNumber>
              <WBAddrStandardizeUnitNumber>120</WBAddrStandardizeUnitNumber>
              <WBAddrStandardizeUnitLabel>Ste</WBAddrStandardizeUnitLabel>
              <WBConfidence>100</WBConfidence>
              <WBAddrStandardizeLeadingDirectional>N</WBAddrStandardizeLeadingDirectional>
              <WBAddrStandardizeStatus>Accepted</WBAddrStandardizeStatus>
            </WBAddressStandardization>
          </AddrExt>
        </Addr>
        <Addr id="AFEE7BB629A04457A82B4E9370059C778">
          <AddrTypeCd>InsuredsAddress</AddrTypeCd>
          <Addr1>7350 N Dobson Rd Ste 120</Addr1>
          <City>Scottsdale</City>
          <StateProvCd>AZ</StateProvCd>
          <PostalCode>85256-2712</PostalCode>
          <CountryCd>USA</CountryCd>
          <Latitude>33.543545</Latitude>
          <Longitude>-111.874251</Longitude>
          <County>Maricopa County</County>
          <AddrExt id="A5AD053634C5C4377BEB6BC8F4FCD9DC6">
            <WBAddressStandardization id="W9B7B09D43C394E3C9D8905CD7CFEC358">
              <WBAddrStandardizeStreetName>Dobson</WBAddrStandardizeStreetName>
              <WBAddrStandardizeStreetTypeCd>Rd</WBAddrStandardizeStreetTypeCd>
              <WBAddrStandardizeStreetNumber>7350</WBAddrStandardizeStreetNumber>
              <WBAddrStandardizeUnitNumber>120</WBAddrStandardizeUnitNumber>
              <WBAddrStandardizeUnitLabel>Ste</WBAddrStandardizeUnitLabel>
              <WBConfidence>100</WBConfidence>
              <WBAddrStandardizeLeadingDirectional>N</WBAddrStandardizeLeadingDirectional>
              <WBAddrStandardizeStatus>Accepted</WBAddrStandardizeStatus>
            </WBAddressStandardization>
          </AddrExt>
        </Addr>
        <Surname>2Driver1VEH</Surname>
        <GivenName>MarinaBatt</GivenName>
        <GenderCd>NB</GenderCd>
        <BirthDt>1925-09-16</BirthDt>
        <MaritalStatusCd>W</MaritalStatusCd>
        <OccupationClassCd>AUM</OccupationClassCd>
        <QuestionAnswer id="Q0AF7EAF6542A41CC975188EEEB82A2D3">
          <QuestionCd>DRV04</QuestionCd>
          <YesNoCd>YES</YesNoCd>
          <QuestionText>licensedLastFive</QuestionText>
        </QuestionAnswer>
        <QuestionAnswer id="QE6768C056E484DD69A10EE799FBAAE77">
          <QuestionCd>DRV05</QuestionCd>
          <YesNoCd>YES</YesNoCd>
          <QuestionText>isIndiviualLicensed</QuestionText>
        </QuestionAnswer>
        <QuestionAnswer id="Q12841C32B84742918DF6604F156F9398">
          <QuestionCd>DRV06</QuestionCd>
          <YesNoCd>NO</YesNoCd>
          <QuestionAnswerExt id="Q024C0BB98CB34CF2A46406AFCFC2BA41">
            <WBOverrideInfo id="W697AF6C24C6D4222963649677AD310F1">
              <WBOverrideType>UWQ</WBOverrideType>
              <WBOverrideCategory>PriorCarrier</WBOverrideCategory>
              <WBOverrideCd>MultPriorCarrier</WBOverrideCd>
              <WBOverrideValue>NO</WBOverrideValue>
            </WBOverrideInfo>
          </QuestionAnswerExt>
        </QuestionAnswer>
        <ContinuousInsuranceCd>ContinuousLessThan6Months</ContinuousInsuranceCd>
        <DriverExt id="D9B57928BF38E4FCA9539D90FE1175B41">
          <YouthfulInd>0</YouthfulInd>
          <WBIsMinor>0</WBIsMinor>
          <WBRiskTerm id="W78AE5F77F45F4CA8A96CD61FF4ADD45C">
            <WBRiskEffectiveDt>2020-03-08</WBRiskEffectiveDt>
            <WBRiskExpirationDt>2021-03-08</WBRiskExpirationDt>
          </WBRiskTerm>
          <WBDriverAge>94</WBDriverAge>
          <WBDriverIncidentEligiblePoints>0</WBDriverIncidentEligiblePoints>
          <WBInexperiencedOperatorInd>0</WBInexperiencedOperatorInd>
          <WBAdvantageDriverInd>0</WBAdvantageDriverInd>
          <WBInsLapseInfo id="W629795ACEAA04678813252472EE77ECB">
            <WBInsLapseReasonCd>NoVeh</WBInsLapseReasonCd>
          </WBInsLapseInfo>
          <WBCleanRecordThreeYrInd>1</WBCleanRecordThreeYrInd>
          <WBCleanRecordFiveYrInd>1</WBCleanRecordFiveYrInd>
          <WBDriverIncidentScore>-5</WBDriverIncidentScore>
        </DriverExt>
        <DriverTypeCd />
        <TitlePrefix />
        <NameSuffix>II</NameSuffix>
        <OtherGivenName>A</OtherGivenName>
      </Driver>
      <Driver id="D2794564583054CEE99B0D653D783F743">
        <ItemIdInfo id="I0C8E3A55F6C14C628E0477B25BB93295">
          <InsurerId>2</InsurerId>
        </ItemIdInfo>
        <Relationship id="RE663A3CF71DE4CC6A541AE96CBAFD2CE" RelationshipToRef="I2E981BCAA49B4D8C80D746F3A2981416">
          <RelationshipToCd>IN</RelationshipToCd>
        </Relationship>
        <Relationship id="R9E470405637540F9AE913EE2C103967F" RelationshipToRef="V60C5C421A2EE46F48F5C70DA44D141E8">
          <RelationshipToCd>DOC</RelationshipToCd>
          <RelationshipDesc>OCCASIONAL</RelationshipDesc>
        </Relationship>
        <License id="LB2DA7D992E904CB1A850BAD6922DEDE4">
          <LicenseTypeCd>Driver</LicenseTypeCd>
          <LicenseStatusCd>VALID</LicenseStatusCd>
          <LicensePermitNumber>CRO8X4321</LicensePermitNumber>
          <StateProvCd>AZ</StateProvCd>
        </License>
        <Addr id="ABB4C2C1C8C974D9CB1ABAD6A7A7956EF">
          <AddrTypeCd>InsuredsAddress</AddrTypeCd>
          <Addr1>7350 N Dobson Rd Ste 120</Addr1>
          <City>Scottsdale</City>
          <StateProvCd>AZ</StateProvCd>
          <PostalCode>85256-2712</PostalCode>
          <CountryCd>USA</CountryCd>
          <Latitude>33.543545</Latitude>
          <Longitude>-111.874251</Longitude>
          <County>Maricopa County</County>
          <Region>23</Region>
          <AddrExt id="A1672D4A426C14A4D83E3EB85B2653ED5">
            <WBAddressStandardization id="W058F9D9E52184217A5A6BE708DAE0DA0">
              <WBAddrStandardizeStreetName>Dobson</WBAddrStandardizeStreetName>
              <WBAddrStandardizeStreetTypeCd>Rd</WBAddrStandardizeStreetTypeCd>
              <WBAddrStandardizeStreetNumber>7350</WBAddrStandardizeStreetNumber>
              <WBAddrStandardizeUnitNumber>120</WBAddrStandardizeUnitNumber>
              <WBAddrStandardizeUnitLabel>Ste</WBAddrStandardizeUnitLabel>
              <WBConfidence>100</WBConfidence>
              <WBAddrStandardizeLeadingDirectional>N</WBAddrStandardizeLeadingDirectional>
              <WBAddrStandardizeStatus>Accepted</WBAddrStandardizeStatus>
            </WBAddressStandardization>
          </AddrExt>
        </Addr>
        <Surname>Stafford</Surname>
        <GivenName>Kelly</GivenName>
        <TitlePrefix>Dr.</TitlePrefix>
        <NameSuffix>1st</NameSuffix>
        <GenderCd>F</GenderCd>
        <BirthDt>1979-05-10</BirthDt>
        <MaritalStatusCd>M</MaritalStatusCd>
        <OccupationClassCd>BFI</OccupationClassCd>
        <QuestionAnswer id="Q225EB24B506D4D06B7B720CE7F2A0E05">
          <QuestionCd>DRV04</QuestionCd>
          <YesNoCd>YES</YesNoCd>
          <QuestionText>licensedLastFive</QuestionText>
        </QuestionAnswer>
        <QuestionAnswer id="Q3AB20D05E4704034AF0D4C52B325D877">
          <QuestionCd>DRV05</QuestionCd>
          <YesNoCd>YES</YesNoCd>
          <QuestionText>isIndiviualLicensed</QuestionText>
        </QuestionAnswer>
        <DriverExt id="D151D8D40FDC1416685D454CF28835444">
          <YouthfulInd>0</YouthfulInd>
          <WBIsMinor>0</WBIsMinor>
          <WBRiskTerm id="W2DB613A71CA5433D8DF21D65B0847149">
            <WBRiskEffectiveDt>2020-03-08</WBRiskEffectiveDt>
            <WBRiskExpirationDt>2021-03-08</WBRiskExpirationDt>
          </WBRiskTerm>
          <WBDriverAge>40</WBDriverAge>
          <WBDriverIncidentEligiblePoints>0</WBDriverIncidentEligiblePoints>
          <WBInexperiencedOperatorInd>0</WBInexperiencedOperatorInd>
          <WBAdvantageDriverInd>0</WBAdvantageDriverInd>
          <WBCleanRecordThreeYrInd>1</WBCleanRecordThreeYrInd>
          <WBCleanRecordFiveYrInd>1</WBCleanRecordFiveYrInd>
          <WBDriverIncidentScore>-5</WBDriverIncidentScore>
        </DriverExt>
        <DriverTypeCd />
        <OtherGivenName />
      </Driver>
      <Vehicle id="V60C5C421A2EE46F48F5C70DA44D141E8" RatedDriverRef="D8F8ACFCE573644CC87F85C8564432DC6">
        <ItemIdInfo id="I3AE3FB9F674245BFB4E46A1F41A54A13">
          <InsurerId>4</InsurerId>
        </ItemIdInfo>
        <Manufacturer>INFINITI</Manufacturer>
        <ManufacturerCd>INFI</ManufacturerCd>
        <Model>QX56</Model>
        <ModelCd>QX56</ModelCd>
        <ModelYear>2010</ModelYear>
        <VehBodyTypeCd>PP</VehBodyTypeCd>
        <Registration id="R58B9A54C1F004FF0B1B36528AE8DBC93">
          <StateProvCd>AZ</StateProvCd>
        </Registration>
        <Horsepower id="H11C9665B84D64F35973FC569F827AA3D">
          <NumUnits>5.6</NumUnits>
        </Horsepower>
        <LeasedVehInd>0</LeasedVehInd>
        <LeasedDt>2020-03-02</LeasedDt>
        <VehIdentificationNumber>5N3ZA0NE1A1111111</VehIdentificationNumber>
        <AdditionalInterest id="A0A30BB083C214159B9F3B39E9B783029">
          <ItemIdInfo id="I54B0DCD295124875A99E21EA8B222C1D">
            <InsurerId>8</InsurerId>
          </ItemIdInfo>
          <Addr id="A6A6A1D4B475149CF8B3654B157C31931">
            <AddrTypeCd>MailingAddress</AddrTypeCd>
            <Addr1>1900 S 18th Ave</Addr1>
            <City>West Bend</City>
            <StateProvCd>WI</StateProvCd>
            <PostalCode>53095-8796</PostalCode>
            <CountryCd>USA</CountryCd>
            <Latitude>43.398738</Latitude>
            <Longitude>-88.201138</Longitude>
            <County>Washington County</County>
            <AddrExt id="ADFB14985505C4D1AB3F09490A8A568A0">
              <WBAddressStandardization id="W9E866A582EBA45CBAC924A1E0BE1882F">
                <WBAddrStandardizeStreetName>18th</WBAddrStandardizeStreetName>
                <WBAddrStandardizeStreetTypeCd>Ave</WBAddrStandardizeStreetTypeCd>
                <WBAddrStandardizeStreetNumber>1900</WBAddrStandardizeStreetNumber>
                <WBConfidence>93</WBConfidence>
                <WBAddrStandardizeLeadingDirectional>S</WBAddrStandardizeLeadingDirectional>
                <WBAddrStandardizeStatus>Accepted</WBAddrStandardizeStatus>
              </WBAddressStandardization>
            </AddrExt>
            <Addr2 />
            <Addr3 />
            <Addr4 />
          </Addr>
          <GivenName>iuytgfc</GivenName>
          <NatureInterestCd>AINT</NatureInterestCd>
          <AccountNumberId>876546</AccountNumberId>
          <AdditionalInterestExt id="AE800FA2E04714D65BE6F51A6A5ACB831">
            <WBRiskTerm id="W9C62679E2F314E24950A8A317638A173">
              <WBRiskEffectiveDt>2020-03-08</WBRiskEffectiveDt>
              <WBRiskExpirationDt>2021-03-08</WBRiskExpirationDt>
            </WBRiskTerm>
          </AdditionalInterestExt>
          <TitlePrefix />
          <NameSuffix />
          <Surname />
        </AdditionalInterest>
        <GrossVehWeight id="GEBE3CE516D144992AE80325C1B0267A2">
          <NumUnits>7300</NumUnits>
        </GrossVehWeight>
        <InspectionInfo id="IAF42A53A392B45F68D076BAF1DD820AD">
          <VehInspectionInfo id="VE2E2DAB68BDA4115AB885B94751CC54F">
            <VehEquipment id="V851E05D488C743B685644208C6087815">
              <VehEquipmentCd>AdaptiveHeadlights</VehEquipmentCd>
            </VehEquipment>
            <VehEquipment id="V97C67D542290433DBF658EDBE8551D45">
              <VehEquipmentCd>AutonomousOperationMode</VehEquipmentCd>
            </VehEquipment>
            <VehEquipment id="V37BF4F63E1634ECAB2504F24C77B3B67">
              <VehEquipmentCd>BackupWarning</VehEquipmentCd>
            </VehEquipment>
            <VehEquipment id="V9CDC2B560F2A41B39A83E4C26E6C826E">
              <VehEquipmentCd>DriverFatigueSensing</VehEquipmentCd>
            </VehEquipment>
            <VehEquipment id="VA7C2BBC9ACFD461092E521B5EFD5EF40">
              <VehEquipmentCd>ForwardCrashAvoidanceWithAB</VehEquipmentCd>
            </VehEquipment>
            <VehEquipment id="VD3D695B325CB4BE4A138C9A165FED36C">
              <VehEquipmentCd>LaneDepMonitoring</VehEquipmentCd>
            </VehEquipment>
          </VehInspectionInfo>
        </InspectionInfo>
        <DrivenByCoWorkersInd>0</DrivenByCoWorkersInd>
        <VehPerformanceCd>BASIC</VehPerformanceCd>
        <BIPDSymbolCd>300</BIPDSymbolCd>
        <MedPayPIPLiabilitySymbolCd>490</MedPayPIPLiabilitySymbolCd>
        <Addr id="AB139FB401CEC4E728945BF3AA1CBDFC0">
          <AddrTypeCd>GaragingAddress</AddrTypeCd>
          <Addr1>7350 N Dobson Rd Ste 120</Addr1>
          <City>Scottsdale</City>
          <StateProvCd>AZ</StateProvCd>
          <PostalCode>85256-2712</PostalCode>
          <CountryCd>USA</CountryCd>
          <Latitude>33.543545</Latitude>
          <Longitude>-111.874251</Longitude>
          <County>Maricopa County</County>
          <Region>23</Region>
          <AddrExt id="A54AA8CC279974C3E985AC5C09FFC26DD">
            <WBRatedZipCd>85256</WBRatedZipCd>
            <WBRatedVehicleStateProvCd>AZ</WBRatedVehicleStateProvCd>
            <WBAddressStandardization id="W1FC84F088234429E8099717DD26C6EC1">
              <WBAddrStandardizeStreetName>Dobson</WBAddrStandardizeStreetName>
              <WBAddrStandardizeStreetTypeCd>Rd</WBAddrStandardizeStreetTypeCd>
              <WBAddrStandardizeStreetNumber>7350</WBAddrStandardizeStreetNumber>
              <WBAddrStandardizeUnitNumber>120</WBAddrStandardizeUnitNumber>
              <WBAddrStandardizeUnitLabel>Ste</WBAddrStandardizeUnitLabel>
              <WBConfidence>100</WBConfidence>
              <WBAddrStandardizeLeadingDirectional>N</WBAddrStandardizeLeadingDirectional>
              <WBAddrStandardizeStatus>Accepted</WBAddrStandardizeStatus>
            </WBAddressStandardization>
          </AddrExt>
        </Addr>
        <Coverage id="C42340A66E79E4AA89A4E6E04E9E579BD">
          <CoverageCd>COMP</CoverageCd>
          <Deductible id="DBC7C8CC923A042CE878C0143C2757D6A">
            <FormatCurrencyAmt id="FAAE6B78300644A0D803E373B3D8C01AD">
              <Amt>250</Amt>
            </FormatCurrencyAmt>
            <DeductibleAppliesToCd>ACC</DeductibleAppliesToCd>
          </Deductible>
          <CreditOrSurcharge id="C21F9A8EB24B6479C8CC2446F3FC4FD8D">
            <CreditSurchargeCd>LFREE</CreditSurchargeCd>
            <NumericValue id="NA5BB8E985A86406CBDAB6B1CD1BB7E12" />
            <SecondaryCd>CFAEST</SecondaryCd>
            <WBRatingAppliedInd>0</WBRatingAppliedInd>
          </CreditOrSurcharge>
          <EffectiveDt>2020-03-08</EffectiveDt>
          <ExpirationDt>2021-03-08</ExpirationDt>
          <ProRateFactor>1</ProRateFactor>
          <CoverageSupplement id="CD49E68BA22534AA7B764B5E8E82B3656">
            <CoverageSubCd>OTC</CoverageSubCd>
          </CoverageSupplement>
          <CoverageExt id="C155D3FD0AE3A472BBE69548A1B02CA53">
            <WBOnsetOffsetPremiumInfo id="W1016AED8FC07406288AF8F5FE0F31152">
              <WBCurrentTermOnsetAmt id="W71FA1438B5E1459A8FF8C4B4EAC709D3">
                <Amt>375</Amt>
              </WBCurrentTermOnsetAmt>
              <WBCurrentTermOffsetAmt id="WB75C1BFE15FD46968F8FB2AF664DEBB8">
                <Amt>0</Amt>
              </WBCurrentTermOffsetAmt>
            </WBOnsetOffsetPremiumInfo>
            <WBPremiumInfo id="W9DFF1EFCD9E04924B45190E692DAAD57">
              <WBCurrentTermAmt id="W733D2EFFE1C64484BE094BB72908CA7B">
                <Amt>375</Amt>
                <offset>0</offset>
                <onset>375</onset>
              </WBCurrentTermAmt>
              <WBNetChangeAmt id="W9AA69331A51C4412B26CE47E7AE9F2F5">
                <Amt>375</Amt>
              </WBNetChangeAmt>
              <WBWrittenAmt id="WC76126D96C2B46E2B1E6E748F304FD9E">
                <Amt>375</Amt>
              </WBWrittenAmt>
              <WBPriorCurrentTermAmt id="W541E4DD48874482A86728CB04983B10E">
                <Amt>0</Amt>
              </WBPriorCurrentTermAmt>
              <WBPriorWrittenAmt id="W9E4448618842497DBAB2792F1B5A7B8A">
                <Amt>0</Amt>
              </WBPriorWrittenAmt>
              <WBCancelAmt id="WB359EC00A7E148C99B20DD5E88B02803">
                <Amt>0</Amt>
              </WBCancelAmt>
            </WBPremiumInfo>
          </CoverageExt>
        </Coverage>
        <Coverage id="CBF6214D536AC4C7CA1D2A9A338ADBA21">
          <CoverageCd>COLL</CoverageCd>
          <Deductible id="D430B312B0E6F4CDFB048D51555C2FA65">
            <FormatCurrencyAmt id="FB21DBFADB5194FECAE35C9A36D12951D">
              <Amt>2500</Amt>
            </FormatCurrencyAmt>
            <DeductibleAppliesToCd>ACC</DeductibleAppliesToCd>
          </Deductible>
          <CreditOrSurcharge id="C2632F3FBF509470BAF7A73878819A4D0">
            <CreditSurchargeCd>LFREE</CreditSurchargeCd>
            <NumericValue id="N25686E42D5F846F08615EC00CE46DB1E" />
            <SecondaryCd>CFAEST</SecondaryCd>
            <WBRatingAppliedInd>0</WBRatingAppliedInd>
          </CreditOrSurcharge>
          <EffectiveDt>2020-03-08</EffectiveDt>
          <ExpirationDt>2021-03-08</ExpirationDt>
          <ProRateFactor>1</ProRateFactor>
          <CoverageSupplement id="CD7BF775BAB3F4F80BDEC7D78B7758652">
            <CoverageSubCd>COLL</CoverageSubCd>
          </CoverageSupplement>
          <CoverageExt id="CBC15B43B9A5E4C7CAAE993666237C859">
            <WBOnsetOffsetPremiumInfo id="WA9229AF9B77A4346870A1C8B51E584EC">
              <WBCurrentTermOnsetAmt id="W882A594130FA45A6892E875D9CE64E2C">
                <Amt>536</Amt>
              </WBCurrentTermOnsetAmt>
              <WBCurrentTermOffsetAmt id="WFA5A18E222324B36B946CA7974EADA1B">
                <Amt>0</Amt>
              </WBCurrentTermOffsetAmt>
            </WBOnsetOffsetPremiumInfo>
            <WBPremiumInfo id="W0388F72395994CA2B206F0DB27BE8897">
              <WBCurrentTermAmt id="WA4AD43A44EEF4797A5DD58D88F57FCBF">
                <Amt>536</Amt>
              </WBCurrentTermAmt>
              <WBNetChangeAmt id="W07905B1CD2CB49249B6A5604B0593DCB">
                <Amt>536</Amt>
              </WBNetChangeAmt>
              <WBWrittenAmt id="WAB4EEB7B6A5B4E248AD2749D00811F16">
                <Amt>536</Amt>
              </WBWrittenAmt>
              <WBPriorCurrentTermAmt id="W13A126914880488EAE970207CE1CB27C">
                <Amt>0</Amt>
              </WBPriorCurrentTermAmt>
              <WBPriorWrittenAmt id="W8A27ABBD3215454EB4CEC2D55076E48D">
                <Amt>0</Amt>
              </WBPriorWrittenAmt>
              <WBCancelAmt id="WC18090E17EF34F2C974928829B55F74B">
                <Amt>0</Amt>
              </WBCancelAmt>
            </WBPremiumInfo>
          </CoverageExt>
        </Coverage>
        <Coverage id="CC1C3A095736446059ADCBA6A52E5268C">
          <CoverageCd>MEDPM</CoverageCd>
          <Limit id="LC424CB6A726247F18B127F74F18D29E6">
            <FormatCurrencyAmt id="F8CD5184CAE1247DCAC241C61BC9886BE">
              <Amt>10000</Amt>
            </FormatCurrencyAmt>
            <LimitAppliesToCd>PerPerson</LimitAppliesToCd>
          </Limit>
          <EffectiveDt>2020-03-08</EffectiveDt>
          <ExpirationDt>2021-03-08</ExpirationDt>
          <ProRateFactor>1</ProRateFactor>
          <CoverageSupplement id="CA6F8EFC633E747CAB3E2F71F06AD4E9A">
            <CoverageSubCd>MP</CoverageSubCd>
          </CoverageSupplement>
          <CoverageExt id="C604657C153834E70BEA9A50885B5BFDC">
            <WBOnsetOffsetPremiumInfo id="WDEE5F30E0EB248B98FB69929CD967F7D">
              <WBCurrentTermOnsetAmt id="W50AD4BE218DF4F6E95D56A27C23DB0C8">
                <Amt>93</Amt>
              </WBCurrentTermOnsetAmt>
              <WBCurrentTermOffsetAmt id="WAF147778C6654825A4F318BB8CDAEF57">
                <Amt>0</Amt>
              </WBCurrentTermOffsetAmt>
            </WBOnsetOffsetPremiumInfo>
            <WBPremiumInfo id="W18F9BA663C4A4B419807850AFEAEE069">
              <WBCurrentTermAmt id="W933C94902DC54EF48844AF87D04581C2">
                <Amt>93</Amt>
              </WBCurrentTermAmt>
              <WBNetChangeAmt id="W1AE7F0E1FFB4411A8374E273E45C1880">
                <Amt>93</Amt>
              </WBNetChangeAmt>
              <WBWrittenAmt id="W33F0824E43FE4E47AF787E03AC05597B">
                <Amt>93</Amt>
              </WBWrittenAmt>
              <WBPriorCurrentTermAmt id="W84DA3527AE434645B7B7CBFF6BD65EB7">
                <Amt>0</Amt>
              </WBPriorCurrentTermAmt>
              <WBPriorWrittenAmt id="WFE23B86C437048B0BF8759529CC87EB6">
                <Amt>0</Amt>
              </WBPriorWrittenAmt>
              <WBCancelAmt id="W106640352EE04480B5A0468604F8612E">
                <Amt>0</Amt>
              </WBCancelAmt>
            </WBPremiumInfo>
          </CoverageExt>
        </Coverage>
        <Coverage id="CEAF89D40522F4B6C9985F27732874861">
          <CoverageCd>TRNEX</CoverageCd>
          <Limit id="L6247FF549C0C4A1DAFA41046AE83EB0F">
            <FormatCurrencyAmt id="F938C0843A4894340AF7E4249B236C880">
              <Amt>40</Amt>
            </FormatCurrencyAmt>
            <LimitAppliesToCd>PerDay</LimitAppliesToCd>
          </Limit>
          <Limit id="LE28FBB55E3C94714A195808CA84A6F3A">
            <FormatCurrencyAmt id="FF2016B88EB664942B455917214D51C6F">
              <Amt>1200</Amt>
            </FormatCurrencyAmt>
            <LimitAppliesToCd>EachClaim</LimitAppliesToCd>
          </Limit>
          <CreditOrSurcharge id="CFA715FF872E6442C8C53052364A19ABB">
            <CreditSurchargeCd>LFREE</CreditSurchargeCd>
            <NumericValue id="NA26388DEF4BC4BA4BFAE57A91C001BCF" />
            <SecondaryCd>CFAEST</SecondaryCd>
            <WBRatingAppliedInd>0</WBRatingAppliedInd>
          </CreditOrSurcharge>
          <EffectiveDt>2020-03-08</EffectiveDt>
          <ExpirationDt>2021-03-08</ExpirationDt>
          <ProRateFactor>1</ProRateFactor>
          <CoverageSupplement id="CEFE3A3AA1C2B4B0485291A5EE6649D2C">
            <CoverageSubCd>TRNSEXP</CoverageSubCd>
          </CoverageSupplement>
          <CoverageExt id="C1693949ECAA4454C8E61F1D4984102A7">
            <WBOnsetOffsetPremiumInfo id="W8E7C35394BDD48A683C6B7DD2B324D93">
              <WBCurrentTermOnsetAmt id="W992C8045C84D46A3807A43D82D3A874A">
                <Amt>24</Amt>
              </WBCurrentTermOnsetAmt>
              <WBCurrentTermOffsetAmt id="W0459AB76929144D5A85B8E351FAD6678">
                <Amt>0</Amt>
              </WBCurrentTermOffsetAmt>
            </WBOnsetOffsetPremiumInfo>
            <WBPremiumInfo id="W9082207906DC4E5BB43E38EB99DD9428">
              <WBCurrentTermAmt id="W8137E0D344ED4DA5B9CFE4C750A6E3ED">
                <Amt>24</Amt>
                <offset>0</offset>
                <onset>24</onset>
              </WBCurrentTermAmt>
              <WBNetChangeAmt id="W43E4D855C6854C3C87406B03867706F2">
                <Amt>24</Amt>
              </WBNetChangeAmt>
              <WBWrittenAmt id="WB17C56339E6140ACB9E451F3B8541960">
                <Amt>24</Amt>
              </WBWrittenAmt>
              <WBPriorCurrentTermAmt id="W0B0989D50F114516B2DADE6D0115B14E">
                <Amt>0</Amt>
              </WBPriorCurrentTermAmt>
              <WBPriorWrittenAmt id="WD9A9957EA4894F61884DDC09C1A0C33D">
                <Amt>0</Amt>
              </WBPriorWrittenAmt>
              <WBCancelAmt id="WCA465C63AD69403199F0711B7BA9467B">
                <Amt>0</Amt>
              </WBCancelAmt>
            </WBPremiumInfo>
          </CoverageExt>
        </Coverage>
        <Coverage id="C15BC6FBAE807486B85AB02DBB05E5F66">
          <CoverageCd>RRGAP</CoverageCd>
          <EffectiveDt>2020-03-08</EffectiveDt>
          <ExpirationDt>2021-03-08</ExpirationDt>
          <ProRateFactor>1</ProRateFactor>
          <CoverageSupplement id="CE6D2D6419C0B4743B03D6651FA837F61">
            <CoverageSubCd>CDRCOLL</CoverageSubCd>
          </CoverageSupplement>
          <CoverageExt id="CBF66F584F6144712B526879FADB0DBFE">
            <WBOnsetOffsetPremiumInfo id="WF49F787871F649FEA34D6458E7C214E8">
              <WBCurrentTermOnsetAmt id="WCEFEA5FEEA4D451AB86A18135DEC4ED5">
                <Amt>48</Amt>
              </WBCurrentTermOnsetAmt>
              <WBCurrentTermOffsetAmt id="W32D9815E2E2948C8BAF90AC05904D7D7">
                <Amt>0</Amt>
              </WBCurrentTermOffsetAmt>
            </WBOnsetOffsetPremiumInfo>
            <WBPremiumInfo id="WEAAC3CAD82F44306A4EFDDCEA02FFC95">
              <WBCurrentTermAmt id="WFB37A76D5C5544D89FCE7222DD208599">
                <Amt>48</Amt>
              </WBCurrentTermAmt>
              <WBNetChangeAmt id="W9A4E091D97B845E78FC98399532F6941">
                <Amt>48</Amt>
              </WBNetChangeAmt>
              <WBWrittenAmt id="WD261679AC1A14BDD9F46392B99CF11EA">
                <Amt>48</Amt>
              </WBWrittenAmt>
              <WBPriorCurrentTermAmt id="WC3890D29E8974079AFC66E5CB1E42252">
                <Amt>0</Amt>
              </WBPriorCurrentTermAmt>
              <WBPriorWrittenAmt id="W1767C88437C043B2B0769FB93D87733A">
                <Amt>0</Amt>
              </WBPriorWrittenAmt>
              <WBCancelAmt id="WB8A5908504744349A202412824800907">
                <Amt>0</Amt>
              </WBCancelAmt>
            </WBPremiumInfo>
          </CoverageExt>
        </Coverage>
        <Coverage id="CB51A2B1C606147B4B28867E2C826F4A6">
          <CoverageCd>LNCOL</CoverageCd>
          <EffectiveDt>2020-03-08</EffectiveDt>
          <ExpirationDt>2021-03-08</ExpirationDt>
          <ProRateFactor>1</ProRateFactor>
          <CoverageSupplement id="CF05A52364AC04F53AD85C1498A93AC2F">
            <CoverageSubCd>ALCCOLL</CoverageSubCd>
          </CoverageSupplement>
          <CoverageExt id="C3540D33568614B0382FDEA979E4BA2C5">
            <WBOnsetOffsetPremiumInfo id="WD4F655B5CC614361A1A3DCF4CE4BAB4F">
              <WBCurrentTermOnsetAmt id="WB2266EACA0DB402CAE27F178ED4FC0CB">
                <Amt>38</Amt>
              </WBCurrentTermOnsetAmt>
              <WBCurrentTermOffsetAmt id="W1E19BFB0C0224507B8D9BB188FBBE233">
                <Amt>0</Amt>
              </WBCurrentTermOffsetAmt>
            </WBOnsetOffsetPremiumInfo>
            <WBPremiumInfo id="WAFA1646E723B4C018721926A98508462">
              <WBCurrentTermAmt id="W11CF69E0EED14266AA966E07A3C969B1">
                <Amt>38</Amt>
                <offset>0</offset>
                <onset>38</onset>
              </WBCurrentTermAmt>
              <WBNetChangeAmt id="WE69C7DC1D45343918AEC896BFCF765B5">
                <Amt>38</Amt>
              </WBNetChangeAmt>
              <WBWrittenAmt id="W2012AE7A9FF44DC1BF13D84D371C8706">
                <Amt>38</Amt>
              </WBWrittenAmt>
              <WBPriorCurrentTermAmt id="W9539E712ED5F41B19D70A1178EB94CD4">
                <Amt>0</Amt>
              </WBPriorCurrentTermAmt>
              <WBPriorWrittenAmt id="W6D74BE9C3FE54274B0751C6DB91069E7">
                <Amt>0</Amt>
              </WBPriorWrittenAmt>
              <WBCancelAmt id="W03076483EC55400996D1F03F32BE8581">
                <Amt>0</Amt>
              </WBCancelAmt>
            </WBPremiumInfo>
          </CoverageExt>
        </Coverage>
        <Coverage id="C6BB18F023E814B18A53AA8CFD7EFF325">
          <CoverageCd>LNCMP</CoverageCd>
          <CreditOrSurcharge id="CB4462212C67A407E887131DE674C10AD">
            <CreditSurchargeCd>LFREE</CreditSurchargeCd>
            <NumericValue id="N6AEF9A2111EB47DDB83C97DF355B94A7" />
            <SecondaryCd>CFAEST</SecondaryCd>
            <WBRatingAppliedInd>0</WBRatingAppliedInd>
          </CreditOrSurcharge>
          <EffectiveDt>2020-03-08</EffectiveDt>
          <ExpirationDt>2021-03-08</ExpirationDt>
          <ProRateFactor>1</ProRateFactor>
          <CoverageSupplement id="C00C82A9ECA79418688181757E403405A">
            <CoverageSubCd>ALCOTC</CoverageSubCd>
          </CoverageSupplement>
          <CoverageExt id="C1DAD77723E3A4E4BA38174A0119134A9">
            <WBOnsetOffsetPremiumInfo id="W117E7CFFD66242518068D09A9FEBA76B">
              <WBCurrentTermOnsetAmt id="W709BA4D96F7C409EBB89B08961F7C2FC">
                <Amt>26</Amt>
              </WBCurrentTermOnsetAmt>
              <WBCurrentTermOffsetAmt id="W27D3BD4C27BA4A4387ADDB23ECED7F9A">
                <Amt>0</Amt>
              </WBCurrentTermOffsetAmt>
            </WBOnsetOffsetPremiumInfo>
            <WBPremiumInfo id="W06957DEDBF4848F0B60ECE250BF30617">
              <WBCurrentTermAmt id="WA2C0993904CC495098DACCF4720FCD8B">
                <Amt>26</Amt>
                <offset>0</offset>
                <onset>26</onset>
              </WBCurrentTermAmt>
              <WBNetChangeAmt id="WB88E8083A8934DF4959BA3F7E883B320">
                <Amt>26</Amt>
              </WBNetChangeAmt>
              <WBWrittenAmt id="WC0810566B8D943F0BCD6413FEB0DC84E">
                <Amt>26</Amt>
              </WBWrittenAmt>
              <WBPriorCurrentTermAmt id="W11AFA8F8104D40F693EA05DB5AB17646">
                <Amt>0</Amt>
              </WBPriorCurrentTermAmt>
              <WBPriorWrittenAmt id="W78F5401AD8DD4B07A84542D697CD1F84">
                <Amt>0</Amt>
              </WBPriorWrittenAmt>
              <WBCancelAmt id="W6CEC3ED3A6184BD98D5AA5C0E348261B">
                <Amt>0</Amt>
              </WBCancelAmt>
            </WBPremiumInfo>
          </CoverageExt>
        </Coverage>
        <Coverage id="C3A4E159E4F6D4B80A1C31DC071A9E85B">
          <CoverageCd>RRGAP</CoverageCd>
          <EffectiveDt>2020-03-08</EffectiveDt>
          <ExpirationDt>2021-03-08</ExpirationDt>
          <ProRateFactor>1</ProRateFactor>
          <CoverageSupplement id="CA3CBA87A7E5B4317BBC3E6DF8480FEDB">
            <CoverageSubCd>CDROTC</CoverageSubCd>
          </CoverageSupplement>
          <CoverageExt id="CCF8E307D85E742D98FC277D4791C135D">
            <WBOnsetOffsetPremiumInfo id="WB3CA0AB2D2DA45118F596FFF1ABED8E7">
              <WBCurrentTermOnsetAmt id="WCB677E1BB6BC48A8890DB67347315519">
                <Amt>36</Amt>
              </WBCurrentTermOnsetAmt>
              <WBCurrentTermOffsetAmt id="WA7AA107572FE43F99373918BB9399D45">
                <Amt>0</Amt>
              </WBCurrentTermOffsetAmt>
            </WBOnsetOffsetPremiumInfo>
            <WBPremiumInfo id="W14843E698BE6431DBACF9477E270170D">
              <WBCurrentTermAmt id="W43B4BE8769A2429F9E646147CF37EC82">
                <Amt>36</Amt>
              </WBCurrentTermAmt>
              <WBNetChangeAmt id="W3E4019AA38E247B7B780433D9A2ACD50">
                <Amt>36</Amt>
              </WBNetChangeAmt>
              <WBWrittenAmt id="W0E8EAC999ED14E81898A52DEA26B4441">
                <Amt>36</Amt>
              </WBWrittenAmt>
              <WBPriorCurrentTermAmt id="W8ACB77A2124C4C0395100FCD3DDE6738">
                <Amt>0</Amt>
              </WBPriorCurrentTermAmt>
              <WBPriorWrittenAmt id="WE27A703ECECD448AAB58D860AB6A2B3D">
                <Amt>0</Amt>
              </WBPriorWrittenAmt>
              <WBCancelAmt id="W34AC2950486C4C0DBF3EE52C72F1D933">
                <Amt>0</Amt>
              </WBCancelAmt>
            </WBPremiumInfo>
          </CoverageExt>
        </Coverage>
        <Coverage id="CEFBADA5B96EB41ACAC9907CDD295988E">
          <CoverageCd>CSL</CoverageCd>
          <Limit id="L0F701E41D8E04D5CB38A1155319335B2">
            <FormatCurrencyAmt id="F0D8A01417E5042CBB5D4A23AFE148E38">
              <Amt>500000</Amt>
            </FormatCurrencyAmt>
            <LimitAppliesToCd>PerAcc</LimitAppliesToCd>
          </Limit>
          <CreditOrSurcharge id="CB5F98B5191134CF8AF640944AC3F6418">
            <CreditSurchargeCd>LFREE</CreditSurchargeCd>
            <NumericValue id="NBB52AF697CAF42E6A5207BB9B9ECBB3B" />
            <SecondaryCd>CFAEST</SecondaryCd>
            <WBRatingAppliedInd>0</WBRatingAppliedInd>
          </CreditOrSurcharge>
          <EffectiveDt>2020-03-08</EffectiveDt>
          <ExpirationDt>2021-03-08</ExpirationDt>
          <ProRateFactor>1</ProRateFactor>
          <CoverageSupplement id="CD1623D77E5FF4A5EA3B2D9529F776E53">
            <CoverageSubCd>CSL</CoverageSubCd>
          </CoverageSupplement>
          <CoverageExt id="C677D0CED00044AABB0CB0A5C1DADC9C6">
            <WBOnsetOffsetPremiumInfo id="W37818FCA8A834615845855D7120F5DBC">
              <WBCurrentTermOnsetAmt id="W3E269D21E2E349CEB3A98E3772AF2BF5">
                <Amt>928</Amt>
              </WBCurrentTermOnsetAmt>
              <WBCurrentTermOffsetAmt id="W1BAC92C992234908B46486EEFCA84A09">
                <Amt>0</Amt>
              </WBCurrentTermOffsetAmt>
            </WBOnsetOffsetPremiumInfo>
            <WBPremiumInfo id="W4EDBE27A98EE4F94945FD494959793C3">
              <WBCurrentTermAmt id="W15AB997ACBF5421B95938CC12A287380">
                <Amt>928</Amt>
              </WBCurrentTermAmt>
              <WBNetChangeAmt id="W2227AB82C8E64D759E34BD895D29F2BD">
                <Amt>928</Amt>
              </WBNetChangeAmt>
              <WBWrittenAmt id="WBA944E9168A54952B2435636E8013975">
                <Amt>928</Amt>
              </WBWrittenAmt>
              <WBPriorCurrentTermAmt id="W7AB31ED87B154B4780EAB21E8B914974">
                <Amt>0</Amt>
              </WBPriorCurrentTermAmt>
              <WBPriorWrittenAmt id="W928A827093D34CFC90AA0D4687AEED43">
                <Amt>0</Amt>
              </WBPriorWrittenAmt>
              <WBCancelAmt id="W49952254CE95405DBC5C8CA825EB24FC">
                <Amt>0</Amt>
              </WBCancelAmt>
            </WBPremiumInfo>
          </CoverageExt>
        </Coverage>
        <Coverage id="C990692961A544C0BB45C32BBA44E8D3B">
          <CoverageCd>UMCSL</CoverageCd>
          <Limit id="L9C815E560CDA4D159165ECF827358526">
            <FormatCurrencyAmt id="F31168C2C06B749F595029E1495AB02F4">
              <Amt>500000</Amt>
            </FormatCurrencyAmt>
            <LimitAppliesToCd>PerAcc</LimitAppliesToCd>
          </Limit>
          <CreditOrSurcharge id="CE6A63E09566B485D968AFFD15B4BFBA9">
            <CreditSurchargeCd>LFREE</CreditSurchargeCd>
            <NumericValue id="NB187C5DC85994CD4AE55BF00F07A1936" />
            <SecondaryCd>CFAEST</SecondaryCd>
            <WBRatingAppliedInd>0</WBRatingAppliedInd>
          </CreditOrSurcharge>
          <EffectiveDt>2020-03-08</EffectiveDt>
          <ExpirationDt>2021-03-08</ExpirationDt>
          <ProRateFactor>1</ProRateFactor>
          <CoverageSupplement id="C38FDBF1B74CD46DC86BD5F31B8377725">
            <CoverageSubCd>UMCSL</CoverageSubCd>
          </CoverageSupplement>
          <CoverageExt id="CD9C29A59C4F3478DA638A1558B7A0E1A">
            <WBOnsetOffsetPremiumInfo id="W8D7B1B3047A442DFB26BC38FA6C26BD8">
              <WBCurrentTermOnsetAmt id="WC71A6CC4C2F9498BA1A53ADDE09F3E3C">
                <Amt>78</Amt>
              </WBCurrentTermOnsetAmt>
              <WBCurrentTermOffsetAmt id="WF12F3BFEA6FB4E67B2572BE76A5D195C">
                <Amt>0</Amt>
              </WBCurrentTermOffsetAmt>
            </WBOnsetOffsetPremiumInfo>
            <WBPremiumInfo id="W6A1CA51C84144F2BA652EDD4A91FCAF6">
              <WBCurrentTermAmt id="W3CAEF045A159470E8E8B8330B132DB8E">
                <Amt>78</Amt>
              </WBCurrentTermAmt>
              <WBNetChangeAmt id="W3F2D9E4AD1BE4676BD94D708D32B0671">
                <Amt>78</Amt>
              </WBNetChangeAmt>
              <WBWrittenAmt id="W12205C17CA2E4AF0B37462FD7DEE55F4">
                <Amt>78</Amt>
              </WBWrittenAmt>
              <WBPriorCurrentTermAmt id="W021F9D64A9E941F9925C8630A5267EE4">
                <Amt>0</Amt>
              </WBPriorCurrentTermAmt>
              <WBPriorWrittenAmt id="WCAD91F13A86147F594E4F52935462520">
                <Amt>0</Amt>
              </WBPriorWrittenAmt>
              <WBCancelAmt id="W38AD148C6C3E42F381D60DFCCBFDBCBC">
                <Amt>0</Amt>
              </WBCancelAmt>
            </WBPremiumInfo>
          </CoverageExt>
        </Coverage>
        <Coverage id="C0C1C40385A63450E93F961A59FFA2E92">
          <CoverageCd>UNCSL</CoverageCd>
          <Limit id="LDB277486764A4D61AF4D5577C64D74B6">
            <FormatCurrencyAmt id="F54D28D6151E2410CBAD0F8A22AF178A6">
              <Amt>300000</Amt>
            </FormatCurrencyAmt>
            <LimitAppliesToCd>PerAcc</LimitAppliesToCd>
          </Limit>
          <CreditOrSurcharge id="CB59C0AEBC5304F47B935406CA41FFF2F">
            <CreditSurchargeCd>LFREE</CreditSurchargeCd>
            <NumericValue id="N7E034B3D40D7446E94CE4BF665AC4587" />
            <SecondaryCd>CFAEST</SecondaryCd>
            <WBRatingAppliedInd>0</WBRatingAppliedInd>
          </CreditOrSurcharge>
          <EffectiveDt>2020-03-08</EffectiveDt>
          <ExpirationDt>2021-03-08</ExpirationDt>
          <ProRateFactor>1</ProRateFactor>
          <CoverageSupplement id="C408B0D289A4848F2AB9EFB33FB983262">
            <CoverageSubCd>UNDMCSL</CoverageSubCd>
          </CoverageSupplement>
          <CoverageExt id="C6E54B1C57EDF4CC3AB87DBA6516A373B">
            <WBOnsetOffsetPremiumInfo id="W22C216611FEC4D15AE7AA4CE7BE7855B">
              <WBCurrentTermOnsetAmt id="W0BF91E65533847448F6C7107AB163A8E">
                <Amt>62</Amt>
              </WBCurrentTermOnsetAmt>
              <WBCurrentTermOffsetAmt id="WDBD68D895CFF4BD1A44470051FC8D9DC">
                <Amt>0</Amt>
              </WBCurrentTermOffsetAmt>
            </WBOnsetOffsetPremiumInfo>
            <WBPremiumInfo id="WFD8385F725654A97A84C0BBA7AF5BC01">
              <WBCurrentTermAmt id="WFCDC4EC100A84BF3AE450D4EDE9C8FC4">
                <Amt>62</Amt>
              </WBCurrentTermAmt>
              <WBNetChangeAmt id="W1EC0481640AF41EF86405EEB52441ADC">
                <Amt>62</Amt>
              </WBNetChangeAmt>
              <WBWrittenAmt id="WABF660F1497447EA8006E8B8E48F8F26">
                <Amt>62</Amt>
              </WBWrittenAmt>
              <WBPriorCurrentTermAmt id="W3D5B210AAAD5413D8DF5D301A65348B6">
                <Amt>0</Amt>
              </WBPriorCurrentTermAmt>
              <WBPriorWrittenAmt id="WE7D164FD848D443F836A49562261D950">
                <Amt>0</Amt>
              </WBPriorWrittenAmt>
              <WBCancelAmt id="W290EFAD0325A41ABAAA23FD40C43647F">
                <Amt>0</Amt>
              </WBCancelAmt>
            </WBPremiumInfo>
          </CoverageExt>
        </Coverage>
        <Coverage id="CC5183EBD579A4F53B2C79FF7637657B7">
          <CoverageCd>TPAC</CoverageCd>
          <CoverageTypeCd>Fee</CoverageTypeCd>
          <EffectiveDt>2020-03-08</EffectiveDt>
          <ExpirationDt>2021-03-08</ExpirationDt>
          <ProRateFactor>1</ProRateFactor>
          <CoverageSupplement id="C23ACFD635E1D491187F2D5F548E1B080">
            <CoverageSubCd>AATA</CoverageSubCd>
          </CoverageSupplement>
          <CoverageExt id="CA41B83214D5D4DE6BCF33041474F5E52">
            <WBOnsetOffsetPremiumInfo id="W8376F171AAF146818BD3BA5BC9450E75">
              <WBCurrentTermOnsetAmt id="W94EB2D516F5641C08514E1A43E98629B">
                <Amt>1</Amt>
              </WBCurrentTermOnsetAmt>
              <WBCurrentTermOffsetAmt id="W8939064CDFBD497187629C7694279311">
                <Amt>0</Amt>
              </WBCurrentTermOffsetAmt>
            </WBOnsetOffsetPremiumInfo>
            <WBPremiumInfo id="W03C69937EA954016A851C17DACA6D409">
              <WBCurrentTermAmt id="WDDA2A7937C784D58BF3B819805C1CE69">
                <Amt>1</Amt>
              </WBCurrentTermAmt>
              <WBNetChangeAmt id="W61D8F43B5F7D4227AC3D5D20E23EDC17">
                <Amt>1</Amt>
              </WBNetChangeAmt>
              <WBWrittenAmt id="W71C0CF014FA849B7913957A01ED1B667">
                <Amt>1</Amt>
              </WBWrittenAmt>
              <WBPriorCurrentTermAmt id="WED02B051365B4271B846AC72ADBEF1A5">
                <Amt>0</Amt>
              </WBPriorCurrentTermAmt>
              <WBPriorWrittenAmt id="W96C797C6A736456BA46B2FF8D5E1C5AD">
                <Amt>0</Amt>
              </WBPriorWrittenAmt>
              <WBCancelAmt id="W2AB0A1B958D7484C8AEA9773C6890AD7">
                <Amt>0</Amt>
              </WBCancelAmt>
            </WBPremiumInfo>
          </CoverageExt>
        </Coverage>
        <CreditOrSurcharge id="C0453B943CF194E50B00659E5E899407D">
          <SecondaryCd>LDM</SecondaryCd>
          <WBRatingAppliedInd>1</WBRatingAppliedInd>
        </CreditOrSurcharge>
        <CreditOrSurcharge id="CADE8A714844B468881A36DBC0A82F031">
          <SecondaryCd>BSM</SecondaryCd>
          <WBRatingAppliedInd>0</WBRatingAppliedInd>
        </CreditOrSurcharge>
        <CreditOrSurcharge id="CAB93C5B233E247E6B5930F785964ED84">
          <SecondaryCd>FCAWB</SecondaryCd>
          <WBRatingAppliedInd>1</WBRatingAppliedInd>
        </CreditOrSurcharge>
        <CreditOrSurcharge id="C1C8D73A5169B485F9649910B5956CA6C">
          <SecondaryCd>FCAWOB</SecondaryCd>
          <WBRatingAppliedInd>0</WBRatingAppliedInd>
        </CreditOrSurcharge>
        <CreditOrSurcharge id="CA393F7F2F47F4C03B906BC1F0A99B355">
          <SecondaryCd>AHS</SecondaryCd>
          <WBRatingAppliedInd>1</WBRatingAppliedInd>
        </CreditOrSurcharge>
        <CreditOrSurcharge id="CEA196BB60AE745518FFE0CC71EEF7204">
          <SecondaryCd>AOM</SecondaryCd>
          <WBRatingAppliedInd>0</WBRatingAppliedInd>
        </CreditOrSurcharge>
        <CreditOrSurcharge id="C33C60B90F9754FE5A586A454F27F8AD2">
          <SecondaryCd>BWS</SecondaryCd>
          <WBRatingAppliedInd>1</WBRatingAppliedInd>
        </CreditOrSurcharge>
        <CreditOrSurcharge id="CDD0882C9E7B74966AD6A9808C3602A21">
          <SecondaryCd>DFSS</SecondaryCd>
          <WBRatingAppliedInd>1</WBRatingAppliedInd>
        </CreditOrSurcharge>
        <CreditOrSurcharge id="C3D26696C8D2E4AE4825FE921B8505A34">
          <SecondaryCd>GDSTD</SecondaryCd>
          <WBRatingAppliedInd>0</WBRatingAppliedInd>
        </CreditOrSurcharge>
        <CreditOrSurcharge id="C47895372245C4F7493D0DB66B457C6A2">
          <SecondaryCd>GRSTD</SecondaryCd>
          <WBRatingAppliedInd>0</WBRatingAppliedInd>
        </CreditOrSurcharge>
        <CreditOrSurcharge id="C20A382AAA0D54F9D8B2FF55344048D2A">
          <SecondaryCd>RSTD</SecondaryCd>
          <WBRatingAppliedInd>0</WBRatingAppliedInd>
        </CreditOrSurcharge>
        <CreditOrSurcharge id="C8577CB28C4404EC98A971C247531B99E">
          <SecondaryCd>MIL</SecondaryCd>
          <WBRatingAppliedInd>0</WBRatingAppliedInd>
        </CreditOrSurcharge>
        <CreditOrSurcharge id="CCC83FCAA35EE428490391ADCAB6081DD">
          <SecondaryCd>DED</SecondaryCd>
          <WBRatingAppliedInd>1</WBRatingAppliedInd>
        </CreditOrSurcharge>
        <CreditOrSurcharge id="C72904CADFBF34563A8314C97B42C5639">
          <SecondaryCd>AVS</SecondaryCd>
          <WBRatingAppliedInd>0</WBRatingAppliedInd>
        </CreditOrSurcharge>
        <ComprehensiveOTCSymbolCd>20</ComprehensiveOTCSymbolCd>
        <CollisionSymbolCd>20</CollisionSymbolCd>
        <QuestionAnswer id="QD96D7BBDB2134A45A3B461AAD4221DA3">
          <QuestionCd>VEH02</QuestionCd>
          <YesNoCd>DRV</YesNoCd>
          <Explanation>2</Explanation>
        </QuestionAnswer>
        <QuestionAnswer id="Q211F3E32712346D084BBA740AA41FEC7">
          <QuestionCd>VEH09</QuestionCd>
          <YesNoCd>YES</YesNoCd>
        </QuestionAnswer>
        <QuestionAnswer id="Q2174A06D84014487B9F85E6020BFF5DB">
          <QuestionCd>VEH07</QuestionCd>
          <YesNoCd>NO</YesNoCd>
        </QuestionAnswer>
        <QuestionAnswer id="Q95D5AE1515E945CB8A56690838E596D7">
          <QuestionCd>VEH08</QuestionCd>
          <YesNoCd>YES</YesNoCd>
        </QuestionAnswer>
        <QuestionAnswer id="Q9E24B29A9C3E4BC58DD6DFB99387BDF9">
          <QuestionCd>VEH01</QuestionCd>
          <YesNoCd>YES</YesNoCd>
          <Explanation>jtfhj</Explanation>
        </QuestionAnswer>
        <VehicleExt id="V3228F2577987486888B264745AECA3FF">
          <ClassCode>1185</ClassCode>
          <WBMileage id="WE7C734C1430348A9B2042FF0549BF6E3">
            <WBAnnualMileageMAMCd>E</WBAnnualMileageMAMCd>
            <WBRatedDrivingExposure>5727</WBRatedDrivingExposure>
            <WBCarFaxModeledAnnualMileage>0</WBCarFaxModeledAnnualMileage>
            <WBOverrideInfo id="W6861C1E0BEB44C5CBA84435EC7162688">
              <WBOverrideType>CFX</WBOverrideType>
              <WBOverrideCategory>AnnualMileage</WBOverrideCategory>
              <WBOverrideCd>Mileage</WBOverrideCd>
              <WBOverrideValue>5000</WBOverrideValue>
            </WBOverrideInfo>
          </WBMileage>
          <WBISOBodyStyleDesc>Utility Vehicle - Four-Wheel Drive 4-Door</WBISOBodyStyleDesc>
          <WBFinancialResponsibilityCnt>0</WBFinancialResponsibilityCnt>
          <WBRiskTerm id="WB18AA68D768C48A79F19DC38EBBE6C70">
            <WBRiskEffectiveDt>2020-03-08</WBRiskEffectiveDt>
            <WBRiskExpirationDt>2021-03-08</WBRiskExpirationDt>
          </WBRiskTerm>
          <WBSubtotalInfo id="W5478451051C54397B87FE2F9AAB1AD31">
            <WBSubtotalInfoTypeCd>CFA</WBSubtotalInfoTypeCd>
            <WBCurrentTermAmt id="W283B458D85374C6AADB92D9A09ED58B4">
              <Amt>67</Amt>
            </WBCurrentTermAmt>
          </WBSubtotalInfo>
          <WBSubtotalInfo id="W8E71986091984A60811F7B4477F4987F">
            <WBSubtotalInfoTypeCd>VEH</WBSubtotalInfoTypeCd>
            <WBCurrentTermAmt id="W997FC1C8E6D6420DAC1D8FC7DC47C25C">
              <Amt>2244</Amt>
            </WBCurrentTermAmt>
          </WBSubtotalInfo>
          <WBVehicleAge>10</WBVehicleAge>
          <WBThirdPartyReport id="W8A789886DD364FCEA88E4D5D8A2D5F57">
            <WBReportTypeCd>VINMASTER</WBReportTypeCd>
            <WBReportOrderStatus>Returned</WBReportOrderStatus>
          </WBThirdPartyReport>
          <WBOnsetOffsetPremiumInfo id="WFC516AB8B8874FC8B39C82A496E4E876">
            <WBCurrentTermOnsetAmt id="W464B263A524E42F8A88719789BF2B824" />
            <WBCurrentTermOffsetAmt id="W59C584BD554F4AF791D23EFF01B56DD5" />
          </WBOnsetOffsetPremiumInfo>
          <WBPremiumInfo id="W9CF7C18595334C85892B080351D2E79B">
            <WBCurrentTermAmt id="W7A756C237940493FA47C7444807F5F5B">
              <Amt>2245</Amt>
            </WBCurrentTermAmt>
            <WBNetChangeAmt id="W4A30E690D83B4A4F97FDD177BD002969">
              <Amt>2245</Amt>
            </WBNetChangeAmt>
            <WBWrittenAmt id="WEF277720A32C4346B52ADDFCAB6AFFEC">
              <Amt>2245</Amt>
            </WBWrittenAmt>
            <WBPriorCurrentTermAmt id="WEB5ADD90DF4E4C19AA1AFB17E7783D6E">
              <Amt>0</Amt>
            </WBPriorCurrentTermAmt>
            <WBPriorWrittenAmt id="W51E68C3811FC4B18A584D2ADC5C4E5AC">
              <Amt>0</Amt>
            </WBPriorWrittenAmt>
            <WBCancelAmt id="W84D376FDA48B40149A3F483482C4840F" />
          </WBPremiumInfo>
          <WBPhysicalDamageOnlyInd>0</WBPhysicalDamageOnlyInd>
          <WBCustomEquipInd>0</WBCustomEquipInd>
          <WBVehicleIncidentScore>-10</WBVehicleIncidentScore>
          <WBISSClassCode>4089</WBISSClassCode>
          <WBAdaptiveHeadlightSystemInd>0</WBAdaptiveHeadlightSystemInd>
          <WBAutonomousOperationsModeInd>0</WBAutonomousOperationsModeInd>
          <WBBackupWarningSystemInd>0</WBBackupWarningSystemInd>
          <WBBlindSpotLaneOrDepartureMonitoringCd />
          <WBDriverFatigueSensingSystemInd>0</WBDriverFatigueSensingSystemInd>
          <WBForwardCrashAvoidanceCd />
          <Form id="F6C8A86C416774197B9D6EE2940FC98DA">
            <FormNumber>PP0001Q</FormNumber>
            <EditionDt>2019-01-01</EditionDt>
            <FormName>Personal Auto Policy</FormName>
            <EffectiveDt>2020-03-08</EffectiveDt>
          </Form>
          <Form id="FCB0E51C8B0DA48F5A67E32A2CAEB78DE">
            <FormNumber>DC0009</FormNumber>
            <EditionDt>2019-01-01</EditionDt>
            <FormName>Transportation Expenses</FormName>
            <EffectiveDt>2020-03-08</EffectiveDt>
          </Form>
          <Form id="F81E9931E1F5B4E69B0B5AC1670A04CDA">
            <FormNumber>DC0001</FormNumber>
            <EditionDt>2019-01-01</EditionDt>
            <FormName>Car Damage Enhanced Loss Settlement</FormName>
            <EffectiveDt>2020-03-08</EffectiveDt>
          </Form>
          <Form id="F9477C9B7251F4666AE68D5A5F2D0EA9E">
            <FormNumber>DC1258</FormNumber>
            <EditionDt>2019-01-01</EditionDt>
            <FormName>Additional Interest</FormName>
            <EffectiveDt>2020-03-08</EffectiveDt>
          </Form>
          <Form id="F8461D26E670B483FA1CF692013A1B04F">
            <FormNumber>PP0335Q</FormNumber>
            <EditionDt>2019-01-01</EditionDt>
            <FormName>Auto Loan/Lease Coverage</FormName>
            <EffectiveDt>2020-03-08</EffectiveDt>
          </Form>
          <Form id="F5442DBC57E4C4EF4A9BD3989632DFDB6">
            <FormNumber>PP0167Q</FormNumber>
            <EditionDt>2019-01-01</EditionDt>
            <FormName>Amendment of Policy Provisions - AZ</FormName>
            <EffectiveDt>2020-03-08</EffectiveDt>
          </Form>
          <Form id="FF494A8C0CBA84E1D9417A407FADCC547">
            <FormNumber>PP0267Q</FormNumber>
            <EditionDt>2019-01-01</EditionDt>
            <FormName>Termination Provisions - AZ</FormName>
            <EffectiveDt>2020-03-08</EffectiveDt>
          </Form>
          <Form id="F293E5BA186434F83A35DE2B958B8C4C8">
            <FormNumber>PP0477Q</FormNumber>
            <EditionDt>2019-01-01</EditionDt>
            <FormName>Uninsured Motorists Coverage - AZ</FormName>
            <EffectiveDt>2020-03-08</EffectiveDt>
          </Form>
          <Form id="FDF3A3DDADD944EACAA1D20A1DEE0B960">
            <FormNumber>PP0489Q</FormNumber>
            <EditionDt>2019-01-01</EditionDt>
            <FormName>Underinsured Motorists Coverage - AZ</FormName>
            <EffectiveDt>2020-03-08</EffectiveDt>
          </Form>
        </VehicleExt>
      </Vehicle>
      <QuestionAnswer id="QFE558EDF40284ACA8DC1CE6E587F3755">
        <QuestionCd>AUTOP03</QuestionCd>
        <YesNoCd>NO</YesNoCd>
      </QuestionAnswer>
      <QuestionAnswer id="Q3302274812E44598B2985678CF8BC61F">
        <QuestionCd>VEH03</QuestionCd>
        <YesNoCd>NO</YesNoCd>
      </QuestionAnswer>
      <QuestionAnswer id="QFA2B11D8B5114104AC46C7A6BABFCFB0">
        <QuestionCd>VEH04</QuestionCd>
        <YesNoCd>YES</YesNoCd>
      </QuestionAnswer>
      <PersAutoLineBusinessExt id="P12626DD048AB4E62A43E421CDEB989CE">
        <WBSubtotalInfo id="WEF1E5FA24DDD4676AB297391F75D9C64">
          <WBSubtotalInfoTypeCd>CFA</WBSubtotalInfoTypeCd>
          <WBCurrentTermAmt id="WD57F782B619145B6A5C39E0D4BB2BD8E">
            <Amt>67</Amt>
          </WBCurrentTermAmt>
        </WBSubtotalInfo>
        <WBOnsetOffsetPremiumInfo id="W1C4B7AB7D45A4307A44B1FC6EDD62FCC">
          <WBCurrentTermOnsetAmt id="WB04C8521349948A09529BBA2BC115BF4" />
          <WBCurrentTermOffsetAmt id="W308F547AAB18440B98AC54F2C47D6170" />
        </WBOnsetOffsetPremiumInfo>
        <WBPermissiveUseCnt>0</WBPermissiveUseCnt>
        <WBPremiumInfo id="W4FE52C430B1D4B67BCA5629D7C47856C">
          <WBCurrentTermAmt id="W59093F3E203D4E91AFF312C575626F77">
            <Amt>2245</Amt>
          </WBCurrentTermAmt>
          <WBNetChangeAmt id="WA02C1ABEC70942D4A89AE0A6249BA90B">
            <Amt>2245</Amt>
          </WBNetChangeAmt>
          <WBWrittenAmt id="WC77683E1E3FE47DEBEED743D1B2866C0">
            <Amt>2245</Amt>
          </WBWrittenAmt>
          <WBPriorCurrentTermAmt id="WB00974BD03954D1A9D151EED28225C53">
            <Amt>0</Amt>
          </WBPriorCurrentTermAmt>
          <WBPriorWrittenAmt id="W8D4BEDFE46EF4EA0943D237472F80A3E">
            <Amt>0</Amt>
          </WBPriorWrittenAmt>
          <WBCancelAmt id="W649B480413F242A394CC13CE3C3C021F" />
        </WBPremiumInfo>
        <WBAATAFeeCnt>1</WBAATAFeeCnt>
      </PersAutoLineBusinessExt>
    </PersAutoLineBusiness>
    <PolicyExt id="PF630A3FF447E4804898452B373731FB2">
      <AutoCompositionFactorCd>F</AutoCompositionFactorCd>
      <HighestAdvantageDriverPointValueInHousehold>0</HighestAdvantageDriverPointValueInHousehold>
      <WBTransactionStatusDesc>Committed</WBTransactionStatusDesc>
      <WBQuoteStatusDesc>Issued</WBQuoteStatusDesc>
      <CreditOrSurcharge id="C8F0DA9D6C69745EDAB6F7201F08D404B">
        <SecondaryCd>PIF</SecondaryCd>
        <WBRatingAppliedInd>0</WBRatingAppliedInd>
      </CreditOrSurcharge>
      <CreditOrSurcharge id="C5CF03D33155741A896741F05A87B2F6D">
        <SecondaryCd>HCD</SecondaryCd>
        <WBRatingAppliedInd>0</WBRatingAppliedInd>
      </CreditOrSurcharge>
      <CreditOrSurcharge id="C98C58253CDFB45D69575DD263373134B">
        <SecondaryCd>INSCRA</SecondaryCd>
        <WBRatingAppliedInd>1</WBRatingAppliedInd>
      </CreditOrSurcharge>
      <WBHouseholdCompositionInd>0</WBHouseholdCompositionInd>
      <WBSubtotalInfo id="W56214C8924194849A392A9B4240272AB">
        <WBSubtotalInfoTypeCd>CFA</WBSubtotalInfoTypeCd>
        <WBCurrentTermAmt id="WE647FDB0013B4537A47B9E087F91513D">
          <Amt>67</Amt>
        </WBCurrentTermAmt>
      </WBSubtotalInfo>
      <WBSubtotalInfo id="W8DCB87AE1E3A484CB5FDC21A6F26BFF6">
        <WBSubtotalInfoTypeCd>PIFD</WBSubtotalInfoTypeCd>
        <WBCurrentTermAmt id="WF41E3616595A4B9F9F7CB7147DF22FB7">
          <Amt>2205</Amt>
        </WBCurrentTermAmt>
      </WBSubtotalInfo>
      <WBSubtotalInfo id="W3D3663FB809B40E89A9FE2A253483391">
        <WBSubtotalInfoTypeCd>PIFND</WBSubtotalInfoTypeCd>
        <WBCurrentTermAmt id="W56AC31CCC54E41E2A97DD3A1265AE592">
          <Amt>0</Amt>
        </WBCurrentTermAmt>
      </WBSubtotalInfo>
      <WBThirdPartyReport id="WBE703F17F1F040BFAAE5E0FBB519867B">
        <WBReportTypeCd>APD</WBReportTypeCd>
        <WBReportOrderDt>2020-03-08</WBReportOrderDt>
        <WBReportOrderStatus>No Hit</WBReportOrderStatus>
        <WBReportExpirationDt>2020-06-06</WBReportExpirationDt>
      </WBThirdPartyReport>
      <WBPolicyAge>0</WBPolicyAge>
      <WBOnsetOffsetPremiumInfo id="W1E2AF8E08C6046409296E0117F29A384">
        <WBCurrentTermOnsetAmt id="W1D9A02665E454E1F8ADA0B552A4BC5E9" />
        <WBCurrentTermOffsetAmt id="W45632BDD65A14E09825A0AF32401776A" />
      </WBOnsetOffsetPremiumInfo>
      <WBPremiumInfo id="WAEE7B86DDB3A4353A27E07A70DD18CF3">
        <WBCurrentTermAmt id="W0196134BE4214D8F9E448DC1C2E5F1EB">
          <Amt>2245</Amt>
        </WBCurrentTermAmt>
        <WBNetChangeAmt id="WE8E548F7EE90451D857ACF94FA1F6132">
          <Amt>2245</Amt>
        </WBNetChangeAmt>
        <WBWrittenAmt id="W0134C8EBCD69448697250A5C88EA2BE0">
          <Amt>2245</Amt>
        </WBWrittenAmt>
        <WBPriorCurrentTermAmt id="WCF93B260EDCF482A8E28A60BE135872C">
          <Amt>0</Amt>
        </WBPriorCurrentTermAmt>
        <WBPriorWrittenAmt id="W8633F6DDF12D411A98BE04CCBECF3AE3">
          <Amt>0</Amt>
        </WBPriorWrittenAmt>
        <WBCancelAmt id="WB63EB67259FD46DCA91FC41C514BB216" />
      </WBPremiumInfo>
      <WBPriorPolicyCnt>1</WBPriorPolicyCnt>
      <WBPolicyIssue id="WBA4E6FCE59324ACA8532491B9713DF52">
        <WBPolicyIssueCd>N</WBPolicyIssueCd>
      </WBPolicyIssue>
      <WBPolicyInceptionDateInfo id="WE584EB02B4644E7EA9E576316D9ED9B4">
        <WBPolicyUWInceptionDt>2020-03-08</WBPolicyUWInceptionDt>
        <WBPolicyUWDtOverrideInd>0</WBPolicyUWDtOverrideInd>
      </WBPolicyInceptionDateInfo>
      <WBPolicyTenureAge>0</WBPolicyTenureAge>
      <WBISSTravelNetClassCode>0</WBISSTravelNetClassCode>
      <WBGroupAssocName></WBGroupAssocName>
      <WBAssocGroupType></WBAssocGroupType>
    </PolicyExt>
    <GroupId></GroupId>
    <Form id="F1B19FA71ADAE4954B22DE81A7E2D425F">
      <FormNumber>WB623</FormNumber>
      <EditionDt>2019-12-01</EditionDt>
      <FormName>Notice of Proposed Changes to Articles of Incorporation</FormName>
      <EffectiveDt>2020-03-08</EffectiveDt>
    </Form>
    <Form id="F59BACE61460C4C77B9136D8D6F7B859F">
      <FormNumber>DC2177</FormNumber>
      <EditionDt>2019-01-01</EditionDt>
      <FormName>Membership and Voting Rights Notice</FormName>
      <EffectiveDt>2020-03-08</EffectiveDt>
    </Form>
    <Form id="F7ED696E6D40F43A3AED408A49E3A1D4D">
      <FormNumber>DC249</FormNumber>
      <EditionDt>2019-01-01</EditionDt>
      <FormName>Coordination of Deductible Clause</FormName>
      <EffectiveDt>2020-03-08</EffectiveDt>
    </Form>
    <Form id="FC9CE3C1106F84250BC71B1309A5875B5">
      <FormNumber>DC1188</FormNumber>
      <EditionDt>2019-01-01</EditionDt>
      <FormName>West Bend Privacy Statement</FormName>
      <EffectiveDt>2020-03-08</EffectiveDt>
    </Form>
    <Form id="F9798E8DC37E44E839423B964229E9023">
      <FormNumber>DC877C</FormNumber>
      <EditionDt>2019-01-01</EditionDt>
      <FormName>Consumer Report Disclosure Notice</FormName>
      <EffectiveDt>2020-03-08</EffectiveDt>
    </Form>
    <Form id="F10C3CD9193B9449FB94CD9BF9E5FB2E3">
      <FormNumber>DC1491</FormNumber>
      <EditionDt>2019-01-01</EditionDt>
      <FormName>Payment Plan Options</FormName>
      <EffectiveDt>2020-03-08</EffectiveDt>
    </Form>
  </Policy>
</PolicyRs>