﻿<PolicyRs xmlns="http://www.acord.org/schema/PC/xml/2">
  <BusinessPurposeTypeCd>PCH</BusinessPurposeTypeCd>
  <TransactionEffectiveDt>2020-04-24T00:00:00.000</TransactionEffectiveDt>
  <SourceSystem id="SAC6F7386EF90464C807C8DBB95023F52">
    <SourceSystemCd>WB</SourceSystemCd>
    <SourceSystemQualifierCd>LR</SourceSystemQualifierCd>
  </SourceSystem>
  <TransactionSeqNumber>3</TransactionSeqNumber>
  <ModInfo id="M8311E128C040478EB42E9955E551FE96" IdRef="P56FB170B53444949AB0E10855BDB4B27">
    <ActionCd>M</ActionCd>
    <ChangeDesc>Change Producer</ChangeDesc>
  </ModInfo>
  <Policy id="P3EE2D73F45EC49BEA363655680EA0564">
    <PolicyNumber>B128521</PolicyNumber>
    <PolicyVersion>01</PolicyVersion>
    <CompanyProductCd>801</CompanyProductCd>
    <BroadLOBCd>1</BroadLOBCd>
    <NAICCd>15350</NAICCd>
    <ControllingStateProvCd>AZ</ControllingStateProvCd>
    <ContractTerm id="CB6AF9F7439E1423DA6ED278BEF502352">
      <EffectiveDt>2020-04-24</EffectiveDt>
      <ExpirationDt>2021-04-24</ExpirationDt>
    </ContractTerm>
    <CustomerServicingCd>AGY</CustomerServicingCd>
    <GroupId>PR</GroupId>
    <Form id="FF1816E7F932448F985C8DB9977A9DA54">
      <FormNumber>WB623</FormNumber>
      <FormName>Notice of Proposed Changes to Articles of Incorporation</FormName>
      <EditionDt>2019-12-01</EditionDt>
      <EffectiveDt>2020-04-24</EffectiveDt>
    </Form>
    <Form id="F478A7B7773FB4E59803188C8905B4FBB">
      <FormNumber>DC877B</FormNumber>
      <FormName>Consumer Report Disclosure Notice</FormName>
      <EditionDt>2019-01-01</EditionDt>
      <EffectiveDt>2020-04-24</EffectiveDt>
    </Form>
    <Form id="FEBCD23E87BA64193AB42DC1984F952C9">
      <FormNumber>DC2177</FormNumber>
      <FormName>Membership and Voting Rights Notice</FormName>
      <EditionDt>2019-01-01</EditionDt>
      <EffectiveDt>2020-04-24</EffectiveDt>
    </Form>
    <Form id="F2E4AE26EB2964095A55FCB166F2D0F91">
      <FormNumber>DC249</FormNumber>
      <FormName>Coordination of Deductible Clause</FormName>
      <EditionDt>2019-01-01</EditionDt>
      <EffectiveDt>2020-04-24</EffectiveDt>
    </Form>
    <Form id="F37EBEECE7C004C5A8EF50FD3B732BB10">
      <FormNumber>DC1188</FormNumber>
      <FormName>West Bend Privacy Statement</FormName>
      <EditionDt>2019-01-01</EditionDt>
      <EffectiveDt>2020-04-24</EffectiveDt>
    </Form>
    <Form id="F3E0F8FB49E4140D485F8C84479D25848">
      <FormNumber>DC1491</FormNumber>
      <FormName>Payment Options and Billing Information</FormName>
      <EditionDt>2019-01-01</EditionDt>
      <EffectiveDt>2020-04-24</EffectiveDt>
    </Form>
    <NumLosses>1</NumLosses>
    <OtherOrPriorPolicy id="OD43C32E5E67C4348AB19E5B0DE1EBB94" DriverRef="DB90DA07899D54730BCE5542DAA726DE7">
      <PolicyCd>RecentOt</PolicyCd>
      <ContractTerm id="C2BBDAECCCBB8460D87D3A70C0BF155D8">
        <ExpirationDt>2020-05-10</ExpirationDt>
      </ContractTerm>
      <LengthTimeWithPreviousInsurer id="L52C57A0CD9CF4709B336C475A6A86C63">
        <NumUnits>13</NumUnits>
      </LengthTimeWithPreviousInsurer>
      <Coverage id="CSLCSL">
        <CoverageCd>CSL</CoverageCd>
        <Limit id="L06C027ECC9634E0D8034FE0F87C38C1B">
          <FormatCurrencyAmt id="FB93ECDB8BDD646F5BD47BF1B1539085B">
            <Amt>1000000</Amt>
          </FormatCurrencyAmt>
          <LimitAppliesToCd>PerAcc</LimitAppliesToCd>
        </Limit>
        <EffectiveDt>2020-04-24</EffectiveDt>
        <ExpirationDt>2021-04-24</ExpirationDt>
        <ProRateFactor>1</ProRateFactor>
        <CoverageSupplement id="CD376ED695DE54F24844AD40F7A4F7458">
          <CoverageSubCd>CSL</CoverageSubCd>
        </CoverageSupplement>
      </Coverage>
      <OtherOrPriorPolicyExt id="OA6633ECB87584CC78D6662254A7652BA">
        <WBPriorCarrierInceptionDt>2019-04-10</WBPriorCarrierInceptionDt>
        <WBRecordInfo id="W44D1302C90B34650A7F5473B284C0663">
          <WBRecordModifyInd>0</WBRecordModifyInd>
          <WBRecordModifyType>O</WBRecordModifyType>
          <WBRecordSource>MANUAL</WBRecordSource>
        </WBRecordInfo>
        <WBPriorCarrierGroupName>Amer Farmers &amp; Ranchers Mutual Ins Co</WBPriorCarrierGroupName>
        <WBInsLapseCheckInd>0</WBInsLapseCheckInd>
        <WBPriorBIRatingRange>High</WBPriorBIRatingRange>
        <WBPriorCarrierGroupCode>0012</WBPriorCarrierGroupCode>
      </OtherOrPriorPolicyExt>
    </OtherOrPriorPolicy>
    <PaymentOption id="PEEF456B1387D46C4B7C0DA4C5D29E02A">
      <PaymentPlanCd>QT</PaymentPlanCd>
      <PaymentOptionExt id="P76F30D8C06914668B40019B9D9BB31F4">
        <WBDepositInd>0</WBDepositInd>
      </PaymentOptionExt>
    </PaymentOption>
    <QuoteInfo id="QA2F78F9C88DB49D492ECB489F3DB9DA9">
      <InitialQuoteRequestDt>2020-04-14</InitialQuoteRequestDt>
    </QuoteInfo>
    <CreditScoreInfo id="C8A49AB5875294127AF09928DA20723FA">
      <CreditScore>998</CreditScore>
      <CreditScoreDt>2020-04-14</CreditScoreDt>
      <CSPolicyTypeCd>Auto</CSPolicyTypeCd>
      <CreditScoreInfoExt id="C13B17844E97546B1BEE6CA8E75101C46">
        <WBInsuranceScore id="W4104791CEC1849ACA95DEE2A748963AE">
          <WBRatingScore>998</WBRatingScore>
          <WBRatingScoreOverrideInd>0</WBRatingScoreOverrideInd>
          <WBCappedReasonCd>N</WBCappedReasonCd>
        </WBInsuranceScore>
      </CreditScoreInfoExt>
    </CreditScoreInfo>
    <CreditScoreInfo id="C2F795CC4A83F4C5BBD90FD42CC15EB62">
      <CreditScore>998</CreditScore>
      <CreditScoreDt>2020-04-14</CreditScoreDt>
      <CSPolicyTypeCd>Lowest</CSPolicyTypeCd>
      <CreditScoreInfoExt id="C452B20A2829A4C3085AEC6BF6AA9BD69">
        <WBInsuranceScore id="W1EC3E1A6046B49419482959939B03927">
          <WBRatingScore>998</WBRatingScore>
        </WBInsuranceScore>
      </CreditScoreInfoExt>
    </CreditScoreInfo>
    <PolicyStatusCd>InForce</PolicyStatusCd>
    <UnderwritingDecisionInfo id="U1B84F892EAE64B578FAFF8A3E4007739">
      <SystemUnderwritingDecisionDt>2020-04-22</SystemUnderwritingDecisionDt>
      <UnderwritingScoreNumber>0</UnderwritingScoreNumber>
      <UnderwritingDecisionInfoExt id="UA0B85425CD754FBC9934BF516C8B77AB">
        <WBUpdatedCumulativeScore>0</WBUpdatedCumulativeScore>
      </UnderwritingDecisionInfoExt>
    </UnderwritingDecisionInfo>
    <OriginalPolicyInceptionDt>2020-03-01</OriginalPolicyInceptionDt>
    <PaidInFullInd>0</PaidInFullInd>
    <AccidentViolation id="ABD7DF12C26AF47C391C0B2F02A2F8666" DriverRef="DB90DA07899D54730BCE5542DAA726DE7">
      <ItemIdInfo id="I36E1DBEF60134E2489462CA32A394604">
        <InsurerId>12</InsurerId>
      </ItemIdInfo>
      <AccidentViolationDt>2018-01-02</AccidentViolationDt>
      <ChargeableInd>1</ChargeableInd>
      <AccidentViolationExt id="A766719CA80DB4D4A8119A8C24134EF8F">
        <WBCountedForVehiclePointsInd>1</WBCountedForVehiclePointsInd>
        <WBIncidentType>Minor Violation</WBIncidentType>
        <WBIncidentLossRatingCategory>A</WBIncidentLossRatingCategory>
        <WBIncidentAge>2</WBIncidentAge>
        <WBIncidentLastThreeYrInd>1</WBIncidentLastThreeYrInd>
        <WBIncidentLastFiveYrInd>1</WBIncidentLastFiveYrInd>
        <WBRecordInfo id="W330F1ADBF14C42C79393B92106605025">
          <WBRecordModifyInd>1</WBRecordModifyInd>
          <WBRecordModifyType>M</WBRecordModifyType>
          <WBRecordSource>MANUAL</WBRecordSource>
          <WBRecordCategory>Violation</WBRecordCategory>
        </WBRecordInfo>
        <WBThirdPartyMVR id="WCC9567292EFB4F3C89BA564B6ED7E259">
          <WBCustomerSpecificCd>SPD</WBCustomerSpecificCd>
          <WBCustomerSpecificDesc>Speeding</WBCustomerSpecificDesc>
          <WBEligibilityPoints>3</WBEligibilityPoints>
          <WBLookBackYrs>0</WBLookBackYrs>
        </WBThirdPartyMVR>
        <WBFirstIncidentTypeInd>1</WBFirstIncidentTypeInd>
      </AccidentViolationExt>
    </AccidentViolation>
    <AccidentViolation id="A557350A7C374430DA1DCE89C17CACBA5">
      <ItemIdInfo id="I02961EE673EE4B858C0EA7E3DF03555D">
        <InsurerId>15</InsurerId>
      </ItemIdInfo>
      <AccidentViolationDt>2020-04-14</AccidentViolationDt>
      <DamageTotalAmt id="D42592039E2AE430DAF4882E01C0F6D3B">
        <Amt>5500</Amt>
      </DamageTotalAmt>
      <ChargeableInd>0</ChargeableInd>
      <AccidentViolationExt id="A8CDFA2D48AB647E3B29EC552D6960102">
        <WBCountedForVehiclePointsInd>0</WBCountedForVehiclePointsInd>
        <WBIncidentLossRatingCategory>A</WBIncidentLossRatingCategory>
        <WBIncidentAge>0</WBIncidentAge>
        <WBIncidentLastThreeYrInd>1</WBIncidentLastThreeYrInd>
        <WBIncidentLastFiveYrInd>0</WBIncidentLastFiveYrInd>
        <WBRecordInfo id="WA8FF8882D46F466DB41652ACEB0DDB73">
          <WBRecordModifyInd>1</WBRecordModifyInd>
          <WBRecordModifyType>M</WBRecordModifyType>
          <WBRecordSource>WB-CLAIMS</WBRecordSource>
          <WBRecordCategory>Loss</WBRecordCategory>
        </WBRecordInfo>
        <WBThirdPartyCLUE id="WC0C79BB8FA7844448B3CD2D26CB8410E">
          <WBCLUEClaimStatusCd>Open</WBCLUEClaimStatusCd>
          <WBCLUEClaimType>Permissive Use</WBCLUEClaimType>
          <WBCLUELossDesc>Driver Name = SUSIE FRIEND.  Collision: FRIEND DROVE VEHICLE AND HIT PARKED CAR.</WBCLUELossDesc>
          <WBClaimNbr>QA11315</WBClaimNbr>
        </WBThirdPartyCLUE>
        <WBFirstIncidentTypeInd>0</WBFirstIncidentTypeInd>
      </AccidentViolationExt>
    </AccidentViolation>
    <Producer id="P56FB170B53444949AB0E10855BDB4B27">
      <Relationship id="R8EEC063C99E24E60BBD9D910E4846A32">
        <RelationshipToCd>Agency</RelationshipToCd>
      </Relationship>
      <Name>A W WELT AMBRISCO INSURANCE</Name>
      <Addr id="AA561810F167141B994503FD72444659C">
        <AddrTypeCd>MailingAddress</AddrTypeCd>
        <Addr1>409 E THIRD STREET</Addr1>
        <City>BLOOMINGTON</City>
        <StateProvCd>IN</StateProvCd>
        <PostalCode>47401</PostalCode>
        <CountryCd>USA</CountryCd>
        <County>US</County>
      </Addr>
      <Communications id="C8DABDF12364346ABA22B3BF721EE5313">
        <PhoneTypeCd>HOME</PhoneTypeCd>
        <PhoneNumber>319-887-3700</PhoneNumber>
      </Communications>
      <ContractNumber>14768</ContractNumber>
    </Producer>
    <Producer id="P21EEDE64B4C341619BFD906DCF80F1CA">
      <Relationship id="RBD929A3D62414913A35222F00D5B90BF">
        <RelationshipToCd>USERIN</RelationshipToCd>
      </Relationship>
      <Name>Subhankar Sarkar</Name>
      <ProducerSubCode>99999</ProducerSubCode>
    </Producer>
    <Producer id="P43ECEEA898AE49BA8AC4AC648E8AF61F">
      <Relationship id="R2B7EC8930C434621A58E89D3400CE1D0">
        <RelationshipToCd>PROD</RelationshipToCd>
      </Relationship>
      <Name>stephanie producer</Name>
      <ProducerSubCode>19786</ProducerSubCode>
    </Producer>
    <InsuredOrPrincipal id="I048BC97C64564273A6D1172FAB47CACD">
      <Relationship id="RA547689D8AD849849CBE80B8D70DA852" RelationshipToRef="P3EE2D73F45EC49BEA363655680EA0564">
        <RelationshipToCd>CN</RelationshipToCd>
      </Relationship>
      <Relationship id="RB04A39779F3D40D9B7E50216FB295455" RelationshipToRef="I0053A82D65CC45279CC27556242F20CF">
        <RelationshipToCd>CH</RelationshipToCd>
      </Relationship>
      <Name>Miranda Standage</Name>
      <CreditScoreInfo id="CD825B8AD28E249BEAFE6E6116242CE3B">
        <ReferenceNumber>20105201601738</ReferenceNumber>
        <CreditScore>998</CreditScore>
        <CreditScoreDt>2020-04-14</CreditScoreDt>
        <CSPolicyTypeCd>Auto</CSPolicyTypeCd>
        <CreditScoreInfoExt id="CC358D45E6BC942ABB7CCCA641DC20D5D">
          <WBThirdPartyReport id="WE795D0969DAB4B7C98075C55F3E29182">
            <WBReportTypeCd>NCF</WBReportTypeCd>
            <WBReportOrderDt>2020-04-14</WBReportOrderDt>
            <WBReportOrderStatus>No Hit</WBReportOrderStatus>
            <WBReportExpirationDt>2020-07-13</WBReportExpirationDt>
          </WBThirdPartyReport>
          <WBThirdPartyNCF id="WF9BF8554547441FB9804CDCC29216C88">
            <WBNCFProcessingStatus>Complete Success</WBNCFProcessingStatus>
            <WBCreditScoreReason id="W48F94FB7FEA64AECBA19E6AD49E99370">
              <WBCreditScoreReasonCd>WB1</WBCreditScoreReasonCd>
              <WBCreditScoreReasonDesc>An insurance score could not be generated as no credit file was found.</WBCreditScoreReasonDesc>
            </WBCreditScoreReason>
          </WBThirdPartyNCF>
          <WBRecordInfo id="WA181972B3AA0478B98AE0A869A1B6CA8">
            <WBRecordSource>NCF-CREDIT</WBRecordSource>
          </WBRecordInfo>
        </CreditScoreInfoExt>
      </CreditScoreInfo>
      <CreditScoreInfo id="C13E38BD54B134C43898DC50DF09227CF">
        <CreditScore>0</CreditScore>
        <CreditScoreDt>2020-04-14</CreditScoreDt>
        <CSPolicyTypeCd>Home</CSPolicyTypeCd>
      </CreditScoreInfo>
      <Addr id="A398B738AC87A4DE98D2559B14C195D05">
        <AddrTypeCd>BillingAddress</AddrTypeCd>
      </Addr>
      <Surname>Standage</Surname>
      <GivenName>Miranda</GivenName>
      <GenderCd>F</GenderCd>
      <BirthDt>1990-07-05</BirthDt>
      <MaritalStatusCd>S</MaritalStatusCd>
    </InsuredOrPrincipal>
    <InsuredOrPrincipal id="I0053A82D65CC45279CC27556242F20CF">
      <ItemIdInfo id="I9D1D53EEACFE49B7A61B621995DA885B">
        <InsurerId>1000498121</InsurerId>
      </ItemIdInfo>
      <Relationship id="R97C69DFF9AF541B3A79450A0F738F833" RelationshipToRef="P3EE2D73F45EC49BEA363655680EA0564">
        <RelationshipToCd>FNI</RelationshipToCd>
      </Relationship>
      <Name>Mary Standage</Name>
      <CreditScoreInfo id="C885993E0FBA8457F8587B5EC13753BA6">
        <ReferenceNumber>20105161202018</ReferenceNumber>
        <CreditScore>998</CreditScore>
        <CreditScoreDt>2020-04-14</CreditScoreDt>
        <CSPolicyTypeCd>Auto</CSPolicyTypeCd>
        <CreditScoreInfoExt id="C2CFD4D2616B64B7C9ACCE98D7797F441">
          <WBThirdPartyReport id="W964A2C3282E3464B8F99FFD7801559E7">
            <WBReportTypeCd>NCF</WBReportTypeCd>
            <WBReportOrderDt>2020-04-14</WBReportOrderDt>
            <WBReportOrderStatus>No Hit</WBReportOrderStatus>
            <WBReportExpirationDt>2020-07-13</WBReportExpirationDt>
          </WBThirdPartyReport>
          <WBThirdPartyNCF id="WE02241C2065F40B8AE93EE1750DC1FF8">
            <WBNCFProcessingStatus>Complete Success</WBNCFProcessingStatus>
            <WBCreditScoreReason id="W739AECAA2E46428DA2886CA954617CAE">
              <WBCreditScoreReasonCd>WB1</WBCreditScoreReasonCd>
              <WBCreditScoreReasonDesc>An insurance score could not be generated as no credit file was found.</WBCreditScoreReasonDesc>
            </WBCreditScoreReason>
          </WBThirdPartyNCF>
          <WBRecordInfo id="WA3656500712E4CDC94BF19DE71F33C0C">
            <WBRecordSource>NCF-CREDIT</WBRecordSource>
          </WBRecordInfo>
        </CreditScoreInfoExt>
      </CreditScoreInfo>
      <CreditScoreInfo id="C7951F3F01C624D3D83E8855CD44B444F">
        <CreditScore>0</CreditScore>
        <CreditScoreDt>2020-04-14</CreditScoreDt>
        <CSPolicyTypeCd>Home</CSPolicyTypeCd>
      </CreditScoreInfo>
      <Addr id="ABEA1D6D0084F452C8E9291F002A65402">
        <AddrTypeCd>BillingAddress</AddrTypeCd>
      </Addr>
      <Addr id="A325B0D50AF824D98921A3F76E5DBD8E1">
        <AddrTypeCd>InsuredsAddress</AddrTypeCd>
        <Addr1>9116 W Heber Rd</Addr1>
        <City>Tolleson</City>
        <StateProvCd>AZ</StateProvCd>
        <PostalCode>85353-5563</PostalCode>
        <CountryCd>USA</CountryCd>
        <Latitude>33.414628</Latitude>
        <Longitude>-112.256682</Longitude>
        <County>Maricopa County</County>
        <Region>33</Region>
        <AddrExt id="AFDC68416FD174B3998B7B06440B46984">
          <WBAddressStandardization id="W8E67B99E5145427C9062A10B422B1F3A">
            <WBAddrStandardizeStreetName>Heber</WBAddrStandardizeStreetName>
            <WBAddrStandardizeStreetTypeCd>Rd</WBAddrStandardizeStreetTypeCd>
            <WBAddrStandardizeStreetNumber>9116</WBAddrStandardizeStreetNumber>
            <WBConfidence>100</WBConfidence>
            <WBAddrStandardizeLeadingDirectional>W</WBAddrStandardizeLeadingDirectional>
            <WBAddrStandardizeStatus>Accepted</WBAddrStandardizeStatus>
          </WBAddressStandardization>
        </AddrExt>
      </Addr>
      <Addr id="AF65494D8CBE74F7F81C0DF4A61A989DA">
        <AddrTypeCd>MailingAddress</AddrTypeCd>
        <Addr1>9116 W Heber Rd</Addr1>
        <City>Tolleson</City>
        <StateProvCd>AZ</StateProvCd>
        <PostalCode>85353-5563</PostalCode>
        <CountryCd>USA</CountryCd>
        <Latitude>33.414628</Latitude>
        <Longitude>-112.256682</Longitude>
        <County>Maricopa County</County>
        <AddrExt id="A685D5593DDF643DA8C405FC2C7CA786D">
          <WBAddressStandardization id="W54135ED284C14897924301E1F75F2DBD">
            <WBAddrStandardizeStreetName>Heber</WBAddrStandardizeStreetName>
            <WBAddrStandardizeStreetTypeCd>Rd</WBAddrStandardizeStreetTypeCd>
            <WBAddrStandardizeStreetNumber>9116</WBAddrStandardizeStreetNumber>
            <WBConfidence>100</WBConfidence>
            <WBAddrStandardizeLeadingDirectional>W</WBAddrStandardizeLeadingDirectional>
            <WBAddrStandardizeStatus>Accepted</WBAddrStandardizeStatus>
          </WBAddressStandardization>
        </AddrExt>
      </Addr>
      <Communications id="CE6F083CA68EB48F38B25949A16E5F0CF">
        <CommunicationUseCd>Alternate</CommunicationUseCd>
        <PhoneTypeCd>Cell</PhoneTypeCd>
        <PhoneNumber>5462378563</PhoneNumber>
      </Communications>
      <Surname>Standage</Surname>
      <GivenName>Mary</GivenName>
      <GenderCd>F</GenderCd>
      <BirthDt>1949-03-01</BirthDt>
      <MaritalStatusCd>W</MaritalStatusCd>
    </InsuredOrPrincipal>
    <PersAutoLineBusiness id="PA1A822D151E1485FA359F490C113AEA2">
      <CompanyProductCd>850</CompanyProductCd>
      <Coverage id="ROADTLN">
        <CoverageCd>ROAD</CoverageCd>
        <Limit id="L903B2064B4C5417DB6AFB1BF45AD5394">
          <FormatCurrencyAmt id="F8B3DD4AECB3A4A72A2FD21CA7691E218">
            <Amt>150</Amt>
          </FormatCurrencyAmt>
          <LimitAppliesToCd>PerOcc</LimitAppliesToCd>
        </Limit>
        <EffectiveDt>2020-04-24</EffectiveDt>
        <ExpirationDt>2021-04-24</ExpirationDt>
        <ProRateFactor>1</ProRateFactor>
        <CoverageSupplement id="C77906B04689F4B17BF66B16F84221402">
          <CoverageSubCd>TLN</CoverageSubCd>
        </CoverageSupplement>
        <CoverageExt id="C99847BE8E25148DA95FAAA2F20A417A2">
          <WBOnsetOffsetPremiumInfo id="W7429689100444BDE835B420D281E9936">
            <WBCurrentTermOnsetAmt id="W19CFB1943D8F4375B4F3ECDE5C091870">
              <Amt>45</Amt>
            </WBCurrentTermOnsetAmt>
            <WBCurrentTermOffsetAmt id="W026697805F2D47EE9A8851785AA00985">
              <Amt>45</Amt>
            </WBCurrentTermOffsetAmt>
          </WBOnsetOffsetPremiumInfo>
          <WBPremiumInfo id="W1F26C7B76B254CEB9512E6D22A5A9E8F">
            <WBCurrentTermAmt id="W0DB302F9844548F09174B0AAE26B0948">
              <Amt>45</Amt>
            </WBCurrentTermAmt>
            <WBNetChangeAmt id="W18A99688D45249E48C203582C3FA7430">
              <Amt>0</Amt>
            </WBNetChangeAmt>
            <WBWrittenAmt id="W2EF1A8E000E74279A11DC958E0C8633C">
              <Amt>45</Amt>
            </WBWrittenAmt>
            <WBPriorCurrentTermAmt id="WC6294D6D39A240918708F8911337F518">
              <Amt>45</Amt>
            </WBPriorCurrentTermAmt>
            <WBPriorWrittenAmt id="W2DAFC85D6CFD421DA8D054BAC267B3C6">
              <Amt>45</Amt>
            </WBPriorWrittenAmt>
            <WBCancelAmt id="WFF1C3611E05E4D20B4DD82C5A5A71E16">
              <Amt>0</Amt>
            </WBCancelAmt>
          </WBPremiumInfo>
        </CoverageExt>
      </Coverage>
      <Driver id="D9111E04CB27445A097132F9E52660DB9">
        <ItemIdInfo id="IACF0F4D5C1DE4ADD82644439B760D8EC">
          <InsurerId>16</InsurerId>
        </ItemIdInfo>
        <Relationship id="R6022B240B75F40F7AF3354B07727801F" RelationshipToRef="I048BC97C64564273A6D1172FAB47CACD">
          <RelationshipToCd>IN</RelationshipToCd>
        </Relationship>
        <Relationship id="RFB9267C5C8984105B39B81BA4C6B1068" RelationshipToRef="V7A1272EE05074D629CD7880EC46306B2">
          <RelationshipToCd>DRV</RelationshipToCd>
          <RelationshipDesc>PRINCIPAL</RelationshipDesc>
        </Relationship>
        <License id="LA2764C40DDA14A0A9FDB5822D18FFAF6">
          <LicenseTypeCd>Driver</LicenseTypeCd>
          <LicenseStatusCd>VALID</LicenseStatusCd>
          <LicensePermitNumber>ZATXFH52JE7829</LicensePermitNumber>
          <StateProvCd>AZ</StateProvCd>
        </License>
        <Addr id="A8649ED281EC34638B059B314E4D93FB9">
          <AddrTypeCd>InsuredsAddress</AddrTypeCd>
          <Addr1>9116 W Heber Rd</Addr1>
          <City>Tolleson</City>
          <StateProvCd>AZ</StateProvCd>
          <PostalCode>85353-5563</PostalCode>
          <CountryCd>USA</CountryCd>
          <Latitude>33.414628</Latitude>
          <Longitude>-112.256682</Longitude>
          <County>Maricopa County</County>
          <Region>33</Region>
          <AddrExt id="A81822B21D0164458BD9E57B53D022E2C">
            <WBAddressStandardization id="W5C9A81038D6A4DC0962AB88DCCBA86A1">
              <WBAddrStandardizeStreetName>Heber</WBAddrStandardizeStreetName>
              <WBAddrStandardizeStreetTypeCd>Rd</WBAddrStandardizeStreetTypeCd>
              <WBAddrStandardizeStreetNumber>9116</WBAddrStandardizeStreetNumber>
              <WBConfidence>100</WBConfidence>
              <WBAddrStandardizeLeadingDirectional>W</WBAddrStandardizeLeadingDirectional>
              <WBAddrStandardizeStatus>Accepted</WBAddrStandardizeStatus>
            </WBAddressStandardization>
          </AddrExt>
        </Addr>
        <Surname>Standage</Surname>
        <GivenName>Miranda</GivenName>
        <GenderCd>F</GenderCd>
        <BirthDt>1990-07-05</BirthDt>
        <MaritalStatusCd>S</MaritalStatusCd>
        <OccupationClassCd>STO</OccupationClassCd>
        <QuestionAnswer id="Q7D07352F5C274D6592A8613ED312AC10">
          <QuestionCd>DRV04</QuestionCd>
          <YesNoCd>YES</YesNoCd>
          <QuestionText>licensedLastFive</QuestionText>
        </QuestionAnswer>
        <QuestionAnswer id="Q970CE8C5A13B4811914043D3CA6395FE">
          <QuestionCd>DRV05</QuestionCd>
          <YesNoCd>YES</YesNoCd>
          <QuestionText>isIndiviualLicensed</QuestionText>
        </QuestionAnswer>
        <DriverExt id="DDE742040C63146F4B8EED9FB13DD9982">
          <YouthfulInd>0</YouthfulInd>
          <WBIsMinor>0</WBIsMinor>
          <WBThirdPartyReport id="W38244C203AB247D491F7CF3D579FE2E4">
            <WBReportTypeCd>MVR</WBReportTypeCd>
            <WBReportOrderDt>2020-04-14</WBReportOrderDt>
            <WBReportOrderStatus>Error</WBReportOrderStatus>
          </WBThirdPartyReport>
          <WBRiskTerm id="WE1A42321596947BAB7D9C865E2D53669">
            <WBRiskEffectiveDt>2020-04-24</WBRiskEffectiveDt>
            <WBRiskExpirationDt>2021-04-24</WBRiskExpirationDt>
          </WBRiskTerm>
          <WBDriverAge>29</WBDriverAge>
          <WBDriverIncidentEligiblePoints>0</WBDriverIncidentEligiblePoints>
          <WBInexperiencedOperatorInd>0</WBInexperiencedOperatorInd>
          <WBAdvantageDriverInd>0</WBAdvantageDriverInd>
          <WBCleanRecordThreeYrInd>1</WBCleanRecordThreeYrInd>
          <WBCleanRecordFiveYrInd>1</WBCleanRecordFiveYrInd>
          <WBDriverIncidentScore>-5</WBDriverIncidentScore>
        </DriverExt>
      </Driver>
      <Driver id="DB90DA07899D54730BCE5542DAA726DE7">
        <ItemIdInfo id="ID062474AD3FB4B159A7EAEC58F2CA294">
          <InsurerId>2</InsurerId>
        </ItemIdInfo>
        <RelationshipX id="R130B68A3495246868089788909B19103" RelationshipToRef="I0053A82D65CC45279CC27556242F20CF">
          <RelationshipToCd>IN</RelationshipToCd>
        </RelationshipX>
        <RelationshipX id="R53AD11F4C5BA4377A064399E60342457" RelationshipToRef="V348AF939D7E846B7922A3FD2517E129A">
          <RelationshipToCd>DRV</RelationshipToCd>
          <RelationshipDesc>PRINCIPAL</RelationshipDesc>
        </RelationshipX>
        <License id="LDD6A78927F774C3AB42852C6D748BCEB">
          <LicenseTypeCd>Driver</LicenseTypeCd>
          <LicenseStatusCd>VALID</LicenseStatusCd>
          <LicensePermitNumber>VNUY8436</LicensePermitNumber>
          <StateProvCd>AZ</StateProvCd>
        </License>
        <Addr id="A6AD78A1FAA60438D950FAECB7BE80966">
          <AddrTypeCd>InsuredsAddress</AddrTypeCd>
          <Addr1>9116 W Heber Rd</Addr1>
          <City>Tolleson</City>
          <StateProvCd>AZ</StateProvCd>
          <PostalCode>85353-5563</PostalCode>
          <CountryCd>USA</CountryCd>
          <Latitude>33.414628</Latitude>
          <Longitude>-112.256682</Longitude>
          <County>Maricopa County</County>
          <Region>33</Region>
          <AddrExt id="AE8400C5D54C14D48ADE7C11C43E0E61F">
            <WBAddressStandardization id="WC6CC8A07D4614473B3CD7CDB52CD05FD">
              <WBAddrStandardizeStreetName>Heber</WBAddrStandardizeStreetName>
              <WBAddrStandardizeStreetTypeCd>Rd</WBAddrStandardizeStreetTypeCd>
              <WBAddrStandardizeStreetNumber>9116</WBAddrStandardizeStreetNumber>
              <WBConfidence>100</WBConfidence>
              <WBAddrStandardizeLeadingDirectional>W</WBAddrStandardizeLeadingDirectional>
              <WBAddrStandardizeStatus>Accepted</WBAddrStandardizeStatus>
            </WBAddressStandardization>
          </AddrExt>
        </Addr>
        <Surname>Standage</Surname>
        <GivenName>Mary</GivenName>
        <GenderCd>F</GenderCd>
        <BirthDt>1949-03-01</BirthDt>
        <MaritalStatusCd>W</MaritalStatusCd>
        <OccupationClassCd>RET</OccupationClassCd>
        <QuestionAnswer id="Q459E7517D4D745BFA745F152154D7C9B">
          <QuestionCd>DRV04</QuestionCd>
          <YesNoCd>YES</YesNoCd>
          <QuestionText>licensedLastFive</QuestionText>
        </QuestionAnswer>
        <QuestionAnswer id="Q374126E23508402D8AB1D4FE616DC27F">
          <QuestionCd>DRV05</QuestionCd>
          <YesNoCd>YES</YesNoCd>
          <QuestionText>isIndiviualLicensed</QuestionText>
        </QuestionAnswer>
        <QuestionAnswer id="Q1E55883FC2644D78BC83DEBB826D516D">
          <QuestionCd>DRV06</QuestionCd>
          <YesNoCd>YES</YesNoCd>
          <QuestionAnswerExt id="QABF1107BDD184144BAD9B4B45C5B6272">
            <WBOverrideInfo id="WBAE9CC8AEF134909A6D23B5AF8349AEC">
              <WBOverrideType>UWQ</WBOverrideType>
              <WBOverrideCategory>PriorCarrier</WBOverrideCategory>
              <WBOverrideCd>MultPriorCarrier</WBOverrideCd>
              <WBOverrideValue>YES</WBOverrideValue>
            </WBOverrideInfo>
          </QuestionAnswerExt>
        </QuestionAnswer>
        <ContinuousInsuranceCd>Continuous6To11Months</ContinuousInsuranceCd>
        <DriverExt id="D4E43047DCABA42CEB18E8D966F97778F">
          <YouthfulInd>0</YouthfulInd>
          <WBIsMinor>0</WBIsMinor>
          <WBThirdPartyReport id="W05577F6D00B249D088DC84DD19CDE727">
            <WBReportTypeCd>MVR</WBReportTypeCd>
            <WBReportOrderDt>2020-04-14</WBReportOrderDt>
            <WBReportOrderStatus>Error</WBReportOrderStatus>
          </WBThirdPartyReport>
          <WBRiskTerm id="WB7D1643D44D24BDAB363B30544E4D0AC">
            <WBRiskEffectiveDt>2020-04-24</WBRiskEffectiveDt>
            <WBRiskExpirationDt>2021-04-24</WBRiskExpirationDt>
          </WBRiskTerm>
          <WBDriverAge>71</WBDriverAge>
          <WBDriverIncidentEligiblePoints>3</WBDriverIncidentEligiblePoints>
          <WBInexperiencedOperatorInd>0</WBInexperiencedOperatorInd>
          <WBAdvantageDriverInd>0</WBAdvantageDriverInd>
          <WBCleanRecordThreeYrInd>0</WBCleanRecordThreeYrInd>
          <WBCleanRecordFiveYrInd>0</WBCleanRecordFiveYrInd>
          <WBDriverIncidentScore>1</WBDriverIncidentScore>
        </DriverExt>
      </Driver>
      <Vehicle id="V348AF939D7E846B7922A3FD2517E129A" RatedDriverRef="DB90DA07899D54730BCE5542DAA726DE7">
        <ItemIdInfo id="IE012487E1D2B4F6783FEA46A1562CA78">
          <InsurerId>3</InsurerId>
        </ItemIdInfo>
        <Manufacturer>JEEP</Manufacturer>
        <ManufacturerCd>JEEP</ManufacturerCd>
        <Model>GRAND CHEROKEE LAREDO/LAREDO E/UPLD/ALT</Model>
        <ModelCd>GRAND CHER</ModelCd>
        <ModelYear>2020</ModelYear>
        <VehBodyTypeCd>PP</VehBodyTypeCd>
        <Registration id="R867AB5EF3011478AA5BA81274C3719BF">
          <StateProvCd>AZ</StateProvCd>
        </Registration>
        <Horsepower id="HFD0EF433CD714B4580C0FD81C931ECB2">
          <NumUnits>3.6</NumUnits>
        </Horsepower>
        <LeasedVehInd>0</LeasedVehInd>
        <LeasedDt>2020-04-14</LeasedDt>
        <VehIdentificationNumber>1C4RJFAG7LC121288</VehIdentificationNumber>
        <AdditionalInterest id="A8E534E4DB3C9489D8A844CB7641E4CFA">
          <ItemIdInfo id="IF415FB4182D44FE7AFD0C6595B8BBB94">
            <InsurerId>13</InsurerId>
          </ItemIdInfo>
          <Addr id="A21288BDC2EEE4382B7D0E761F4A5F695">
            <AddrTypeCd>MailingAddress</AddrTypeCd>
            <Addr1>1234 Main St</Addr1>
            <City>Slinger</City>
            <StateProvCd>WI</StateProvCd>
            <PostalCode>53086</PostalCode>
            <CountryCd>USA</CountryCd>
            <Latitude>43.329</Latitude>
            <Longitude>-88.2741</Longitude>
            <County>Washington County</County>
            <AddrExt id="A41F155B314024675A25761639EE509CD">
              <WBAddressStandardization id="W341472F95D924474BE3A8A45049E0207">
                <WBAddrStandardizeStreetName>Main</WBAddrStandardizeStreetName>
                <WBAddrStandardizeStreetTypeCd>St</WBAddrStandardizeStreetTypeCd>
                <WBAddrStandardizeStreetNumber>1234</WBAddrStandardizeStreetNumber>
                <WBConfidence>50</WBConfidence>
                <WBAddrStandardizeStatus>No Hit</WBAddrStandardizeStatus>
              </WBAddressStandardization>
            </AddrExt>
          </Addr>
          <GivenName>ABC Loans</GivenName>
          <NatureInterestCd>LOSSP</NatureInterestCd>
          <AdditionalInterestExt id="A5EA6C6DD304F471E8132028AE3AB33A4">
            <WBRiskTerm id="W0A33466DEBF7463EA7F7AE39D2B3E918">
              <WBRiskEffectiveDt>2020-04-24</WBRiskEffectiveDt>
              <WBRiskExpirationDt>2020-04-24</WBRiskExpirationDt>
            </WBRiskTerm>
          </AdditionalInterestExt>
        </AdditionalInterest>
        <GrossVehWeight id="GE7D3820E9C2F4EA9911BFE3BDC374BEF">
          <NumUnits>6500</NumUnits>
        </GrossVehWeight>
        <VehPerformanceCd>INMDT</VehPerformanceCd>
        <BIPDSymbolCd>315</BIPDSymbolCd>
        <MedPayPIPLiabilitySymbolCd>475</MedPayPIPLiabilitySymbolCd>
        <Addr id="A9AF7645F2D7E4294A69C0EC446075A13">
          <AddrTypeCd>GaragingAddress</AddrTypeCd>
          <Addr1>9116 W Heber Rd</Addr1>
          <City>Tolleson</City>
          <StateProvCd>AZ</StateProvCd>
          <PostalCode>85353-5563</PostalCode>
          <CountryCd>USA</CountryCd>
          <Latitude>33.414628</Latitude>
          <Longitude>-112.256682</Longitude>
          <County>Maricopa County</County>
          <Region>33</Region>
          <AddrExt id="A35F45DFC9A0B49718219063B250F72E7">
            <WBRatedZipCd>85353</WBRatedZipCd>
            <WBRatedVehicleStateProvCd>AZ</WBRatedVehicleStateProvCd>
            <WBAddressStandardization id="W7F3372F6FF744DBCA43DDD1C90BC23D6">
              <WBAddrStandardizeStreetName>Heber</WBAddrStandardizeStreetName>
              <WBAddrStandardizeStreetTypeCd>Rd</WBAddrStandardizeStreetTypeCd>
              <WBAddrStandardizeStreetNumber>9116</WBAddrStandardizeStreetNumber>
              <WBConfidence>100</WBConfidence>
              <WBAddrStandardizeLeadingDirectional>W</WBAddrStandardizeLeadingDirectional>
              <WBAddrStandardizeStatus>Accepted</WBAddrStandardizeStatus>
            </WBAddressStandardization>
          </AddrExt>
        </Addr>
        <Coverage id="COMPOTC3">
          <CoverageCd>COMP</CoverageCd>
          <Deductible id="DBE876A64E8D44DC9AD04233B07325132">
            <FormatCurrencyAmt id="F7D4AAD0C4B90439B9A5ADB10E753E8BF">
              <Amt>2000</Amt>
            </FormatCurrencyAmt>
            <DeductibleAppliesToCd>ACC</DeductibleAppliesToCd>
          </Deductible>
          <Option id="OA8FFFEA73F2B40BD9DC140FA467AE03A">
            <OptionCd>FG</OptionCd>
          </Option>
          <CreditOrSurcharge id="C06A041D2663448E9A99EF189781463FE">
            <CreditSurchargeCd>LFREE</CreditSurchargeCd>
            <NumericValue id="NC00E84154AD54E26857918936DB90B43" />
            <SecondaryCd>CFAEST</SecondaryCd>
            <WBRatingAppliedInd>0</WBRatingAppliedInd>
          </CreditOrSurcharge>
          <EffectiveDt>2020-04-24</EffectiveDt>
          <ExpirationDt>2021-04-24</ExpirationDt>
          <ProRateFactor>1</ProRateFactor>
          <CoverageSupplement id="CCB2D71E94D3B4E8CB6ECF841FADB055A">
            <CoverageSubCd>OTC</CoverageSubCd>
          </CoverageSupplement>
          <CoverageExt id="C5958277AADD54632AEB52B67BCDD5887">
            <WBOnsetOffsetPremiumInfo id="W8F64993EA34148699316D1E0BFA3326B">
              <WBCurrentTermOnsetAmt id="W4B1A2F3B69DD43229D3411B59F453B44">
                <Amt>430</Amt>
              </WBCurrentTermOnsetAmt>
              <WBCurrentTermOffsetAmt id="W04469033E4B744D691768C4CFE1A5312">
                <Amt>430</Amt>
              </WBCurrentTermOffsetAmt>
            </WBOnsetOffsetPremiumInfo>
            <WBPremiumInfo id="W9D25CF21DC0A4272AC51935054458F0E">
              <WBCurrentTermAmt id="W904CF15E67FC4AF583000881647B19A8">
                <Amt>430</Amt>
              </WBCurrentTermAmt>
              <WBNetChangeAmt id="W1129996649FB46439B14896B916FECF2">
                <Amt>0</Amt>
              </WBNetChangeAmt>
              <WBWrittenAmt id="W4A5E25966B9C4406AECC0D69125EA0FD">
                <Amt>430</Amt>
              </WBWrittenAmt>
              <WBPriorCurrentTermAmt id="WC2F5C0D4894F4E7DB135312DF5CEFBBF">
                <Amt>430</Amt>
              </WBPriorCurrentTermAmt>
              <WBPriorWrittenAmt id="W857C8271CD7841CB9D8F90D4E5CE4258">
                <Amt>430</Amt>
              </WBPriorWrittenAmt>
              <WBCancelAmt id="WD3F219B653B34F9B9EA0C305A65EC3F5">
                <Amt>0</Amt>
              </WBCancelAmt>
            </WBPremiumInfo>
          </CoverageExt>
        </Coverage>
        <Coverage id="COLLCOLL3">
          <CoverageCd>COLL</CoverageCd>
          <Deductible id="D798678C92D454D40BB80879D8540DE51">
            <FormatCurrencyAmt id="FC178D86156EB433FB28C470F6C585C4C">
              <Amt>2000</Amt>
            </FormatCurrencyAmt>
            <DeductibleAppliesToCd>ACC</DeductibleAppliesToCd>
          </Deductible>
          <CreditOrSurcharge id="C37FFD571E9E44E3B9531D3FD0A3035E8">
            <CreditSurchargeCd>LFREE</CreditSurchargeCd>
            <NumericValue id="ND9974A9986144A45856934BE5A2B052E" />
            <SecondaryCd>CFAEST</SecondaryCd>
            <WBRatingAppliedInd>0</WBRatingAppliedInd>
          </CreditOrSurcharge>
          <EffectiveDt>2020-04-24</EffectiveDt>
          <ExpirationDt>2021-04-24</ExpirationDt>
          <ProRateFactor>1</ProRateFactor>
          <CoverageSupplement id="C3F01849CB06C4A6DB7AE0CA53C94EFF6">
            <CoverageSubCd>COLL</CoverageSubCd>
          </CoverageSupplement>
          <CoverageExt id="C12CEDB031A6445D888A089183E554406">
            <WBOnsetOffsetPremiumInfo id="W0E624BE7FD144F3582172E46F1A2D85F">
              <WBCurrentTermOnsetAmt id="W14CAA276ADFF4C458AB3E9E364196237">
                <Amt>428</Amt>
              </WBCurrentTermOnsetAmt>
              <WBCurrentTermOffsetAmt id="W67C0D005EEF141BCAF10CC9F8EF16DE1">
                <Amt>428</Amt>
              </WBCurrentTermOffsetAmt>
            </WBOnsetOffsetPremiumInfo>
            <WBPremiumInfo id="WF657EA885BC54CA7A045C879862AA794">
              <WBCurrentTermAmt id="W329803CA719E41F49097B0D66F45B353">
                <Amt>428</Amt>
              </WBCurrentTermAmt>
              <WBNetChangeAmt id="WDDEC48EC0EBC4AEA901A9A088D6F8DA8">
                <Amt>0</Amt>
              </WBNetChangeAmt>
              <WBWrittenAmt id="WE4E60DA4ABBF46E5AC5E5A1D3E26A09D">
                <Amt>428</Amt>
              </WBWrittenAmt>
              <WBPriorCurrentTermAmt id="W944BBF642C8D431D86D15DDDC27868BF">
                <Amt>428</Amt>
              </WBPriorCurrentTermAmt>
              <WBPriorWrittenAmt id="W12108B181E0441A29E288B96CD256657">
                <Amt>428</Amt>
              </WBPriorWrittenAmt>
              <WBCancelAmt id="W2745623F69044F15995B9C65B170D4C9">
                <Amt>0</Amt>
              </WBCancelAmt>
            </WBPremiumInfo>
          </CoverageExt>
        </Coverage>
        <Coverage id="CSLCSL3">
          <CoverageCd>CSL</CoverageCd>
          <Limit id="L0691D71E8F0D4F37A24E4F7EA807F7F5">
            <FormatCurrencyAmt id="F4B821FDF0698462BB3DD065D37FAE469">
              <Amt>300000</Amt>
            </FormatCurrencyAmt>
            <LimitAppliesToCd>PerAcc</LimitAppliesToCd>
          </Limit>
          <CreditOrSurcharge id="C1B9C5855C84644B58A4E98F896C23275">
            <CreditSurchargeCd>LFREE</CreditSurchargeCd>
            <NumericValue id="NA202655DCADD4212A82CE978C286A09B" />
            <SecondaryCd>CFAEST</SecondaryCd>
            <WBRatingAppliedInd>0</WBRatingAppliedInd>
          </CreditOrSurcharge>
          <EffectiveDt>2020-04-24</EffectiveDt>
          <ExpirationDt>2021-04-24</ExpirationDt>
          <ProRateFactor>1</ProRateFactor>
          <CoverageSupplement id="CB8EA0D75C7B3423A9DDE0EE855CC529C">
            <CoverageSubCd>CSL</CoverageSubCd>
          </CoverageSupplement>
          <CoverageExt id="CF8940C5B475B4900AB798D2059A0E594">
            <WBOnsetOffsetPremiumInfo id="W558A4CE25416438B8D8E149E5C893148">
              <WBCurrentTermOnsetAmt id="WCE64F267CB694772B9E098D862270805">
                <Amt>595</Amt>
              </WBCurrentTermOnsetAmt>
              <WBCurrentTermOffsetAmt id="WC7E3D1974ED04CFD9C0234F94B605801">
                <Amt>595</Amt>
              </WBCurrentTermOffsetAmt>
            </WBOnsetOffsetPremiumInfo>
            <WBPremiumInfo id="W77994F3E4689466583930C559C041ED0">
              <WBCurrentTermAmt id="WBCA78C5AB3124650B746757A2D228348">
                <Amt>595</Amt>
              </WBCurrentTermAmt>
              <WBNetChangeAmt id="W4A5FF91CCC52421EBFCE971C986F46DD">
                <Amt>0</Amt>
              </WBNetChangeAmt>
              <WBWrittenAmt id="W31DF520B8A934B41908761F70A58200A">
                <Amt>595</Amt>
              </WBWrittenAmt>
              <WBPriorCurrentTermAmt id="WE65FCC09DC464B148F873C76C3C7AB8B">
                <Amt>595</Amt>
              </WBPriorCurrentTermAmt>
              <WBPriorWrittenAmt id="WFA479080E2FB4779AB71F3EDE236ACFC">
                <Amt>595</Amt>
              </WBPriorWrittenAmt>
              <WBCancelAmt id="W6F9FE02056E141F6B74D8339E4078C2B">
                <Amt>0</Amt>
              </WBCancelAmt>
            </WBPremiumInfo>
          </CoverageExt>
        </Coverage>
        <Coverage id="UMCSLUMCSL3">
          <CoverageCd>UMCSL</CoverageCd>
          <Limit id="LC5935B29C1334445A51B83846DEC5130">
            <FormatCurrencyAmt id="F98DDB61AB48D496B9B98D52E8DACD4B2">
              <Amt>300000</Amt>
            </FormatCurrencyAmt>
            <LimitAppliesToCd>PerAcc</LimitAppliesToCd>
          </Limit>
          <CreditOrSurcharge id="CA4E0D4E9E7FD4D4DB6EF00A91A967388">
            <CreditSurchargeCd>LFREE</CreditSurchargeCd>
            <NumericValue id="NBF861CC0055F464A9C1AB2F0545742F3" />
            <SecondaryCd>CFAEST</SecondaryCd>
            <WBRatingAppliedInd>0</WBRatingAppliedInd>
          </CreditOrSurcharge>
          <EffectiveDt>2020-04-24</EffectiveDt>
          <ExpirationDt>2021-04-24</ExpirationDt>
          <ProRateFactor>1</ProRateFactor>
          <CoverageSupplement id="C2F5FA08724884AFEB325907F86C1360B">
            <CoverageSubCd>UMCSL</CoverageSubCd>
          </CoverageSupplement>
          <CoverageExt id="CA714E03B644C4517AAED058DA87A8F69">
            <WBOnsetOffsetPremiumInfo id="W98668B1E287A4F06BEB138B4EA4C48CE">
              <WBCurrentTermOnsetAmt id="WD0A864D2ED714EA4918CE9C2B5D4865B">
                <Amt>70</Amt>
              </WBCurrentTermOnsetAmt>
              <WBCurrentTermOffsetAmt id="WDA48FCFDDD134E189F4802F382738A61">
                <Amt>70</Amt>
              </WBCurrentTermOffsetAmt>
            </WBOnsetOffsetPremiumInfo>
            <WBPremiumInfo id="WD38C893FFFC542D1B434A53615B2487A">
              <WBCurrentTermAmt id="W730E4C8AE9544F2F8F5852F7F3D81258">
                <Amt>70</Amt>
              </WBCurrentTermAmt>
              <WBNetChangeAmt id="W232B847F9C984224A40BD33A3D0A8BC9">
                <Amt>0</Amt>
              </WBNetChangeAmt>
              <WBWrittenAmt id="W1A3D4167C7D94B4194F17E37C37F5B7D">
                <Amt>70</Amt>
              </WBWrittenAmt>
              <WBPriorCurrentTermAmt id="W5CD646DEFE884BCA89FF2056D858427C">
                <Amt>70</Amt>
              </WBPriorCurrentTermAmt>
              <WBPriorWrittenAmt id="W07DA518AF3D2491CBD9158DE12F82D0F">
                <Amt>70</Amt>
              </WBPriorWrittenAmt>
              <WBCancelAmt id="WF1169D221AE44E83AA6205A9AF937AC2">
                <Amt>0</Amt>
              </WBCancelAmt>
            </WBPremiumInfo>
          </CoverageExt>
        </Coverage>
        <Coverage id="UNCSLUNDMCSL3">
          <CoverageCd>UNCSL</CoverageCd>
          <Limit id="L198475BA56A240F6B3D7C19E0E55164C">
            <FormatCurrencyAmt id="FF68972399E0A4632976CBEE59997B599">
              <Amt>300000</Amt>
            </FormatCurrencyAmt>
            <LimitAppliesToCd>PerAcc</LimitAppliesToCd>
          </Limit>
          <CreditOrSurcharge id="C39B4E71111A4447A93B4F516615A7D53">
            <CreditSurchargeCd>LFREE</CreditSurchargeCd>
            <NumericValue id="N5DA3683D4D1947EFB4E4B101370C2C30" />
            <SecondaryCd>CFAEST</SecondaryCd>
            <WBRatingAppliedInd>0</WBRatingAppliedInd>
          </CreditOrSurcharge>
          <EffectiveDt>2020-04-24</EffectiveDt>
          <ExpirationDt>2021-04-24</ExpirationDt>
          <ProRateFactor>1</ProRateFactor>
          <CoverageSupplement id="C0F5A12EAC6E84EF5A04ACB62EB6231BF">
            <CoverageSubCd>UNDMCSL</CoverageSubCd>
          </CoverageSupplement>
          <CoverageExt id="CBDAF975C290F4DD0B4BB48DE9E6910B1">
            <WBOnsetOffsetPremiumInfo id="WA6D7CAA636174DCFB13BC1869A8B1F4C">
              <WBCurrentTermOnsetAmt id="W58438D11BB344ABA95BFAD78187D0A8A">
                <Amt>61</Amt>
              </WBCurrentTermOnsetAmt>
              <WBCurrentTermOffsetAmt id="W92D981B97E1846B0AE59327EF0536AFF">
                <Amt>61</Amt>
              </WBCurrentTermOffsetAmt>
            </WBOnsetOffsetPremiumInfo>
            <WBPremiumInfo id="WCDAFBE43614148278534ADF4DEEABBD9">
              <WBCurrentTermAmt id="WA4A19233E82E4F97BA60FB5407EEFE09">
                <Amt>61</Amt>
              </WBCurrentTermAmt>
              <WBNetChangeAmt id="W4DDBCCDA86A240F6B978357F9FB8E671">
                <Amt>0</Amt>
              </WBNetChangeAmt>
              <WBWrittenAmt id="W95B8AD20AA194F39B86D36A1BB9C8374">
                <Amt>61</Amt>
              </WBWrittenAmt>
              <WBPriorCurrentTermAmt id="W09D970D4F66E4C0EA7BEF8AE07651195">
                <Amt>61</Amt>
              </WBPriorCurrentTermAmt>
              <WBPriorWrittenAmt id="W0BBEE723EE4648509F4BDEA3863B8845">
                <Amt>61</Amt>
              </WBPriorWrittenAmt>
              <WBCancelAmt id="W26E1D2446EBD482F99B4110AEEF587F4">
                <Amt>0</Amt>
              </WBCancelAmt>
            </WBPremiumInfo>
          </CoverageExt>
        </Coverage>
        <Coverage id="TRNEXTRNSEXP3">
          <CoverageCd>TRNEX</CoverageCd>
          <Limit id="L3F681BFFE65546C08DC82F6E94FC0427">
            <FormatCurrencyAmt id="F048B9F5539DF495FAD0C626FE389ECAC">
              <Amt>50</Amt>
            </FormatCurrencyAmt>
            <LimitAppliesToCd>PerDay</LimitAppliesToCd>
          </Limit>
          <Limit id="L58E90E8A0FF64B4C8B9DAE1343ECB02B">
            <FormatCurrencyAmt id="F01FCE621AA7A425297B8683625DD33C4">
              <Amt>1500</Amt>
            </FormatCurrencyAmt>
            <LimitAppliesToCd>EachClaim</LimitAppliesToCd>
          </Limit>
          <CreditOrSurcharge id="CD22F0906EF164DE58DB93FB627383C4E">
            <CreditSurchargeCd>LFREE</CreditSurchargeCd>
            <NumericValue id="N8B619AAAE4E14892B9EB3C11687ADDBF" />
            <SecondaryCd>CFAEST</SecondaryCd>
            <WBRatingAppliedInd>0</WBRatingAppliedInd>
          </CreditOrSurcharge>
          <EffectiveDt>2020-04-24</EffectiveDt>
          <ExpirationDt>2021-04-24</ExpirationDt>
          <ProRateFactor>1</ProRateFactor>
          <CoverageSupplement id="CA520352F2EF34963A1459979FCBCCF2E">
            <CoverageSubCd>TRNSEXP</CoverageSubCd>
          </CoverageSupplement>
          <CoverageExt id="CB2CA8858B15B41E892022C66C1F6B7A5">
            <WBOnsetOffsetPremiumInfo id="WEDAAD74C7C5843B79B18A233F1EAC4F6">
              <WBCurrentTermOnsetAmt id="W866E6DE1111547CD80392A01B82F852A">
                <Amt>31</Amt>
              </WBCurrentTermOnsetAmt>
              <WBCurrentTermOffsetAmt id="W7FBC9EAA11FF4362B03F923BAC0E381E">
                <Amt>31</Amt>
              </WBCurrentTermOffsetAmt>
            </WBOnsetOffsetPremiumInfo>
            <WBPremiumInfo id="W59FD0907FC7C4A279D2A4A46D3E280A5">
              <WBCurrentTermAmt id="WB28230BE84064BD7A83E338C2088C614">
                <Amt>31</Amt>
              </WBCurrentTermAmt>
              <WBNetChangeAmt id="WE61102295A5148C5B5F4DF1CB1B975B7">
                <Amt>0</Amt>
              </WBNetChangeAmt>
              <WBWrittenAmt id="W1E758E1BD16744759B4875CF81933470">
                <Amt>31</Amt>
              </WBWrittenAmt>
              <WBPriorCurrentTermAmt id="WF57D26D3FD7C41879F5D6E5E5EF3EA9D">
                <Amt>31</Amt>
              </WBPriorCurrentTermAmt>
              <WBPriorWrittenAmt id="WF13E54FD2C4D41A68CAEA993372EE492">
                <Amt>31</Amt>
              </WBPriorWrittenAmt>
              <WBCancelAmt id="WF22C677A7D334F53A0E73EA143E2C1E1">
                <Amt>0</Amt>
              </WBCancelAmt>
            </WBPremiumInfo>
          </CoverageExt>
        </Coverage>
        <Coverage id="RRGAPCDRCOLL3">
          <CoverageCd>RRGAP</CoverageCd>
          <EffectiveDt>2020-04-24</EffectiveDt>
          <ExpirationDt>2021-04-24</ExpirationDt>
          <ProRateFactor>1</ProRateFactor>
          <CoverageSupplement id="CB6CF8985BD664D6CB81824236C7E4008">
            <CoverageSubCd>CDRCOLL</CoverageSubCd>
          </CoverageSupplement>
          <CoverageExt id="CE1882B491649455089AB8B7052515690">
            <WBOnsetOffsetPremiumInfo id="W39D6C09820F94ED5AA3FE89D2F8FD870">
              <WBCurrentTermOnsetAmt id="W994FEDFEA0E94D7F90EFF89A2AA980B6">
                <Amt>21</Amt>
              </WBCurrentTermOnsetAmt>
              <WBCurrentTermOffsetAmt id="W8F066D106AA542779F0D08FF2DC55007">
                <Amt>21</Amt>
              </WBCurrentTermOffsetAmt>
            </WBOnsetOffsetPremiumInfo>
            <WBPremiumInfo id="W039C26234CFF4D9A8B240090500B50DA">
              <WBCurrentTermAmt id="W40AE2479F5254721AF2932C6A2CAEBC3">
                <Amt>21</Amt>
              </WBCurrentTermAmt>
              <WBNetChangeAmt id="W0881E587B8834AF79B3FB4738596DC1E">
                <Amt>0</Amt>
              </WBNetChangeAmt>
              <WBWrittenAmt id="WF8B12F94D3D94D6F8FEAB44D47F19F02">
                <Amt>21</Amt>
              </WBWrittenAmt>
              <WBPriorCurrentTermAmt id="W2194237C6BF9440AB5398306FCA6FB45">
                <Amt>21</Amt>
              </WBPriorCurrentTermAmt>
              <WBPriorWrittenAmt id="WB876AA0F71984578943FE23FCD9AFFF9">
                <Amt>21</Amt>
              </WBPriorWrittenAmt>
              <WBCancelAmt id="W928B8A82506E472598E78B3BA067BA56">
                <Amt>0</Amt>
              </WBCancelAmt>
            </WBPremiumInfo>
          </CoverageExt>
        </Coverage>
        <Coverage id="LNCOLALCCOLL3">
          <CoverageCd>LNCOL</CoverageCd>
          <EffectiveDt>2020-04-24</EffectiveDt>
          <ExpirationDt>2020-04-24</ExpirationDt>
          <ProRateFactor>1</ProRateFactor>
          <CoverageSupplement id="C6C8555796D384F4DBD6C9242BF6ADB23">
            <CoverageSubCd>ALCCOLL</CoverageSubCd>
          </CoverageSupplement>
          <CoverageExt id="C85A6A8CBAA414DD29F6C1556771344C4">
            <WBOnsetOffsetPremiumInfo id="WE3D91E3A2EA542D2846558E820E027CB">
              <WBCurrentTermOnsetAmt id="W68BCB6BE12C8413D8D1E2996DEEB7B0D">
                <Amt>0</Amt>
              </WBCurrentTermOnsetAmt>
              <WBCurrentTermOffsetAmt id="WEA0AEDE39D574940A18CB9FF88640F3C">
                <Amt>0</Amt>
              </WBCurrentTermOffsetAmt>
            </WBOnsetOffsetPremiumInfo>
            <WBPremiumInfo id="W911C5DD8DB354DD6A7590F5F34EF5555">
              <WBCurrentTermAmt id="W628F2784BAE745098E84E4BBCB8A8712">
                <Amt>0</Amt>
              </WBCurrentTermAmt>
              <WBNetChangeAmt id="WDD015079ED3F4ADAA6A365DDEBDE0317">
                <Amt>0</Amt>
              </WBNetChangeAmt>
              <WBWrittenAmt id="W5250D88F71EF4115A5E9CC3B9B71D356">
                <Amt>0</Amt>
              </WBWrittenAmt>
              <WBPriorCurrentTermAmt id="WFEFC49B08A2C49FB820F7633A294A7D4">
                <Amt>0</Amt>
              </WBPriorCurrentTermAmt>
              <WBPriorWrittenAmt id="WAF337E3BE9354DA7B660A8B9D0529BB0">
                <Amt>0</Amt>
              </WBPriorWrittenAmt>
              <WBCancelAmt id="WB1AD920BCB06476EBA3CF04D6C82C65F">
                <Amt>0</Amt>
              </WBCancelAmt>
            </WBPremiumInfo>
          </CoverageExt>
        </Coverage>
        <Coverage id="LNCMPALCOTC3">
          <CoverageCd>LNCMP</CoverageCd>
          <CreditOrSurcharge id="C6BA1CBEB938F4B0E9651E7B8EF7DBE75">
            <CreditSurchargeCd>LFREE</CreditSurchargeCd>
            <NumericValue id="N5EB0217EBEED449EA6D206F55BF1DAC3" />
            <SecondaryCd>CFAEST</SecondaryCd>
            <WBRatingAppliedInd>0</WBRatingAppliedInd>
          </CreditOrSurcharge>
          <EffectiveDt>2020-04-24</EffectiveDt>
          <ExpirationDt>2020-04-24</ExpirationDt>
          <ProRateFactor>1</ProRateFactor>
          <CoverageSupplement id="C4D741DBC492C46C29960548AA08DF6EF">
            <CoverageSubCd>ALCOTC</CoverageSubCd>
          </CoverageSupplement>
          <CoverageExt id="C861CB87A27AC446F9B31D6FB7C8A88F6">
            <WBOnsetOffsetPremiumInfo id="WE434A45EDD5E4EC79A589993497E150E">
              <WBCurrentTermOnsetAmt id="WCC7412F4C57949078D95AF76027DAB0C">
                <Amt>0</Amt>
              </WBCurrentTermOnsetAmt>
              <WBCurrentTermOffsetAmt id="WF5FA8577E8A24D52A353EFCB2EA18D69">
                <Amt>0</Amt>
              </WBCurrentTermOffsetAmt>
            </WBOnsetOffsetPremiumInfo>
            <WBPremiumInfo id="W64D627296BAA4D3BBB85DA023E9E0860">
              <WBCurrentTermAmt id="W13D85D3EEEC64D1FA8EAD7031C923625">
                <Amt>0</Amt>
              </WBCurrentTermAmt>
              <WBNetChangeAmt id="W1A8692E433844A3CBC00CC3A3FC1ED5F">
                <Amt>0</Amt>
              </WBNetChangeAmt>
              <WBWrittenAmt id="WB74A3DC12C1447F2BAACBEBEA5F235F0">
                <Amt>0</Amt>
              </WBWrittenAmt>
              <WBPriorCurrentTermAmt id="W8E29B5FBBDC9415FB2E86F4CA8AED642">
                <Amt>0</Amt>
              </WBPriorCurrentTermAmt>
              <WBPriorWrittenAmt id="WEE2922B2AC52449D98CBF49BE3D9D416">
                <Amt>0</Amt>
              </WBPriorWrittenAmt>
              <WBCancelAmt id="W7C2D49963CE64272AEF709C3E2CD1F30">
                <Amt>0</Amt>
              </WBCancelAmt>
            </WBPremiumInfo>
          </CoverageExt>
        </Coverage>
        <Coverage id="RRGAPCDROTC3">
          <CoverageCd>RRGAP</CoverageCd>
          <EffectiveDt>2020-04-24</EffectiveDt>
          <ExpirationDt>2021-04-24</ExpirationDt>
          <ProRateFactor>1</ProRateFactor>
          <CoverageSupplement id="C1BD47C2C6733455A90BBB5B84B489368">
            <CoverageSubCd>CDROTC</CoverageSubCd>
          </CoverageSupplement>
          <CoverageExt id="C52EEEF1A60DA47809C4321450916F6EE">
            <WBOnsetOffsetPremiumInfo id="W253667C7F48A466789A237F7F3E89CD6">
              <WBCurrentTermOnsetAmt id="WFABDC55F92964D9D82A589892B17E5BC">
                <Amt>22</Amt>
              </WBCurrentTermOnsetAmt>
              <WBCurrentTermOffsetAmt id="W261520A6EEE241A4B6BF9B3EF6BFBB9E">
                <Amt>22</Amt>
              </WBCurrentTermOffsetAmt>
            </WBOnsetOffsetPremiumInfo>
            <WBPremiumInfo id="W2F8BA3B04E2F4A9C86DB8F3E0F781AB8">
              <WBCurrentTermAmt id="W15E3FC2814F647F2AF84A6192E85F280">
                <Amt>22</Amt>
              </WBCurrentTermAmt>
              <WBNetChangeAmt id="WA773217231C34BED83E432429B3A2F45">
                <Amt>0</Amt>
              </WBNetChangeAmt>
              <WBWrittenAmt id="W295215C8B9FF41F8A75D61166844B32B">
                <Amt>22</Amt>
              </WBWrittenAmt>
              <WBPriorCurrentTermAmt id="W2A4B516BF0094A60BCEBDD3ADAA8FACE">
                <Amt>22</Amt>
              </WBPriorCurrentTermAmt>
              <WBPriorWrittenAmt id="WEA7285E7413B47DF998BFFD53F7A523C">
                <Amt>22</Amt>
              </WBPriorWrittenAmt>
              <WBCancelAmt id="WD830A113A14844F4992E134454A2A6E6">
                <Amt>0</Amt>
              </WBCancelAmt>
            </WBPremiumInfo>
          </CoverageExt>
        </Coverage>
        <Coverage id="CF4045670A2454731A2DD9BD6F675C37C">
          <CoverageCd>TPAC</CoverageCd>
          <CoverageTypeCd>Fee</CoverageTypeCd>
          <EffectiveDt>2020-04-24</EffectiveDt>
          <ExpirationDt>2021-04-24</ExpirationDt>
          <ProRateFactor>1</ProRateFactor>
          <CoverageSupplement id="C83CCEA7567D740679EE1FD26BE327111">
            <CoverageSubCd>AATA</CoverageSubCd>
          </CoverageSupplement>
          <CoverageExt id="C1584C1954D22449BB679C5C38B5290F1">
            <WBOnsetOffsetPremiumInfo id="W9BD592C81B6440C6B7570549697280C9">
              <WBCurrentTermOnsetAmt id="W0ECBD3FCF00146EB9F3292418224552C">
                <Amt>1</Amt>
              </WBCurrentTermOnsetAmt>
              <WBCurrentTermOffsetAmt id="W913DCC6DFFE94B19AF61E50B3A77D740">
                <Amt>1</Amt>
              </WBCurrentTermOffsetAmt>
            </WBOnsetOffsetPremiumInfo>
            <WBPremiumInfo id="W8F0EC466605A4D7CB40D2F820E80BD35">
              <WBCurrentTermAmt id="W3ACBF497FCF14775A81A98818D488BA0">
                <Amt>1</Amt>
              </WBCurrentTermAmt>
              <WBNetChangeAmt id="W5B99507E1EA04D8B954893FA296177A9">
                <Amt>0</Amt>
              </WBNetChangeAmt>
              <WBWrittenAmt id="W2D9BB1613BB647D480BEBDF2C491200D">
                <Amt>1</Amt>
              </WBWrittenAmt>
              <WBPriorCurrentTermAmt id="W5AC6A1B085114229A20C43E63145D76F">
                <Amt>1</Amt>
              </WBPriorCurrentTermAmt>
              <WBPriorWrittenAmt id="WD0407E3B5B99441584664D4F61D88833">
                <Amt>1</Amt>
              </WBPriorWrittenAmt>
              <WBCancelAmt id="W970EF313C08642C988894DD80F881251">
                <Amt>0</Amt>
              </WBCancelAmt>
            </WBPremiumInfo>
          </CoverageExt>
        </Coverage>
        <CreditOrSurcharge id="C0BB1ED55733449A4AFB415B3C19EAD36">
          <SecondaryCd>LDM</SecondaryCd>
          <WBRatingAppliedInd>0</WBRatingAppliedInd>
        </CreditOrSurcharge>
        <CreditOrSurcharge id="C711DAECE46174D3592A162725DE0E4BB">
          <SecondaryCd>BSM</SecondaryCd>
          <WBRatingAppliedInd>0</WBRatingAppliedInd>
        </CreditOrSurcharge>
        <CreditOrSurcharge id="C0B17A33D926C4BC3A5C7073F54BD4DA9">
          <SecondaryCd>FCAWB</SecondaryCd>
          <WBRatingAppliedInd>0</WBRatingAppliedInd>
        </CreditOrSurcharge>
        <CreditOrSurcharge id="C240635BC5E124CB9B0A27D322C2E2FC9">
          <SecondaryCd>FCAWOB</SecondaryCd>
          <WBRatingAppliedInd>0</WBRatingAppliedInd>
        </CreditOrSurcharge>
        <CreditOrSurcharge id="C132B59B89FC44D3396882B5ADE293E6F">
          <SecondaryCd>AHS</SecondaryCd>
          <WBRatingAppliedInd>0</WBRatingAppliedInd>
        </CreditOrSurcharge>
        <CreditOrSurcharge id="C4D8C278A06664AE6BA065523865C3559">
          <SecondaryCd>AOM</SecondaryCd>
          <WBRatingAppliedInd>0</WBRatingAppliedInd>
        </CreditOrSurcharge>
        <CreditOrSurcharge id="C876024F23898427AB43BAB9A92FA0EEB">
          <SecondaryCd>BWS</SecondaryCd>
          <WBRatingAppliedInd>0</WBRatingAppliedInd>
        </CreditOrSurcharge>
        <CreditOrSurcharge id="CDDA78FC7C13840F5BB95DC72FFC424D9">
          <SecondaryCd>DFSS</SecondaryCd>
          <WBRatingAppliedInd>0</WBRatingAppliedInd>
        </CreditOrSurcharge>
        <CreditOrSurcharge id="C5625329B0C204AAD929C6807A3107A96">
          <SecondaryCd>GDSTD</SecondaryCd>
          <WBRatingAppliedInd>0</WBRatingAppliedInd>
        </CreditOrSurcharge>
        <CreditOrSurcharge id="C3BE390EE91194F83BBA048BA09F3A32A">
          <SecondaryCd>GRSTD</SecondaryCd>
          <WBRatingAppliedInd>0</WBRatingAppliedInd>
        </CreditOrSurcharge>
        <CreditOrSurcharge id="C3552087558A34D92BCFDB11F7D0D2BE7">
          <SecondaryCd>RSTD</SecondaryCd>
          <WBRatingAppliedInd>0</WBRatingAppliedInd>
        </CreditOrSurcharge>
        <CreditOrSurcharge id="CB1BBB0A5ACC74A308522E96386306637">
          <SecondaryCd>MIL</SecondaryCd>
          <WBRatingAppliedInd>0</WBRatingAppliedInd>
        </CreditOrSurcharge>
        <CreditOrSurcharge id="C6E847C5B17E740F1B5FF347E8EDADE98">
          <SecondaryCd>DED</SecondaryCd>
          <WBRatingAppliedInd>1</WBRatingAppliedInd>
        </CreditOrSurcharge>
        <CreditOrSurcharge id="C5E45B035C3FF49529267CD7F8925CBE6">
          <SecondaryCd>LIC</SecondaryCd>
          <WBRatingAppliedInd>0</WBRatingAppliedInd>
        </CreditOrSurcharge>
        <CreditOrSurcharge id="C786EEF17D0EF4C0783B5A5F65837E449">
          <SecondaryCd>AVS</SecondaryCd>
          <WBRatingAppliedInd>1</WBRatingAppliedInd>
        </CreditOrSurcharge>
        <CreditOrSurcharge id="C67320327EC1E459582F2D14968F0AA92">
          <SecondaryCd>IOS</SecondaryCd>
          <WBRatingAppliedInd>0</WBRatingAppliedInd>
        </CreditOrSurcharge>
        <ComprehensiveOTCSymbolCd>27</ComprehensiveOTCSymbolCd>
        <CollisionSymbolCd>20</CollisionSymbolCd>
        <QuestionAnswer id="Q44C8320282DD44D49795EADD1BC2BAF7">
          <QuestionCd>VEH01</QuestionCd>
          <YesNoCd>NO</YesNoCd>
        </QuestionAnswer>
        <QuestionAnswer id="QDB104112E3134950BE58AE9A75D58FA8">
          <QuestionCd>VEH09</QuestionCd>
          <YesNoCd>YES</YesNoCd>
        </QuestionAnswer>
        <QuestionAnswer id="QD136930E8C4945CC9B98F8BCBF7B1E2C">
          <QuestionCd>VEH07</QuestionCd>
          <YesNoCd>NO</YesNoCd>
        </QuestionAnswer>
        <QuestionAnswer id="QF27C20B75CD04B0DA44015A2D49B21C0">
          <QuestionCd>VEH08</QuestionCd>
          <YesNoCd>NO</YesNoCd>
        </QuestionAnswer>
        <QuestionAnswer id="Q4A5E9A20DFC04C6FB0E592373AC7A511">
          <QuestionCd>VEH02</QuestionCd>
          <YesNoCd>DRV</YesNoCd>
          <Explanation>2</Explanation>
        </QuestionAnswer>
        <VehicleExt id="VCEC2C1FAF702452895CD9027AB8BD9B2">
          <ClassCode>2171</ClassCode>
          <WBMileage id="W325227C579FC4F93B4B35283556A1A84">
            <WBReportDtTime>2020-04-14T11:14:14</WBReportDtTime>
            <WBCarFaxBodyStyleDesc>4 Door Wagon/Sport Utility</WBCarFaxBodyStyleDesc>
            <WBAnnualMileageMAMCd>F</WBAnnualMileageMAMCd>
            <WBAnnualMileageSource>Carfax</WBAnnualMileageSource>
            <WBRatedDrivingExposure>7138</WBRatedDrivingExposure>
            <WBCarFaxModeledAnnualMileage>12817</WBCarFaxModeledAnnualMileage>
            <WBOverrideInfo id="WE53C7412A28B447399112820583E00A2">
              <WBOverrideType>CFX</WBOverrideType>
              <WBOverrideCategory>AnnualMileage</WBOverrideCategory>
              <WBOverrideCd>Mileage</WBOverrideCd>
              <WBOverrideValue>5000</WBOverrideValue>
            </WBOverrideInfo>
            <WBCarFaxLengthOwned>0</WBCarFaxLengthOwned>
          </WBMileage>
          <WBISOBodyStyleDesc>Utility Vehicle - Four-Wheel Drive 4-Door</WBISOBodyStyleDesc>
          <WBFinancialResponsibilityCnt>0</WBFinancialResponsibilityCnt>
          <WBRiskTerm id="W8D8E762D122648ADB4AF4A41FF7FF4CD">
            <WBRiskEffectiveDt>2020-04-24</WBRiskEffectiveDt>
            <WBRiskExpirationDt>2021-04-24</WBRiskExpirationDt>
          </WBRiskTerm>
          <WBSubtotalInfo id="WD4B454A0D1984F37A87ED25103F0501C">
            <WBSubtotalInfoTypeCd>CFA</WBSubtotalInfoTypeCd>
            <WBCurrentTermAmt id="W9987B1DDFB67410D919656333D3F4243">
              <Amt>51</Amt>
            </WBCurrentTermAmt>
          </WBSubtotalInfo>
          <WBSubtotalInfo id="W148D96C8D8F94A0FA0E0780D4F77B7F5">
            <WBSubtotalInfoTypeCd>VEH</WBSubtotalInfoTypeCd>
            <WBCurrentTermAmt id="W95ADA433C3A54E278056D36147985FEB">
              <Amt>1658</Amt>
            </WBCurrentTermAmt>
          </WBSubtotalInfo>
          <WBVehicleAge>0</WBVehicleAge>
          <WBThirdPartyReport id="W0ADD859FA377422B95B54D9642F8D829">
            <WBReportTypeCd>VINMASTER</WBReportTypeCd>
            <WBReportOrderStatus>Returned</WBReportOrderStatus>
          </WBThirdPartyReport>
          <WBOnsetOffsetPremiumInfo id="WDBAE8328B2A14531A97E5950903B0F0D">
            <WBCurrentTermOnsetAmt id="W4CA55F6EB86E4FD7889341C768EDDAC9" />
            <WBCurrentTermOffsetAmt id="WFFA17D64DF7344FAAA05AF193DD7C9B5" />
          </WBOnsetOffsetPremiumInfo>
          <WBPremiumInfo id="W0D3A8BBD54A74BFFA31522C2C16220A9">
            <WBCurrentTermAmt id="W1BE9D5D4DDD549378F068CA8D39913F7">
              <Amt>1659</Amt>
            </WBCurrentTermAmt>
            <WBNetChangeAmt id="WEDF7BA5ED0734FB194A2934052369260">
              <Amt>0</Amt>
            </WBNetChangeAmt>
            <WBWrittenAmt id="W0E0E793F4BF34E79BF14BB8C17C36387">
              <Amt>1659</Amt>
            </WBWrittenAmt>
            <WBPriorCurrentTermAmt id="W4E1AF9B0B669404A92A5B0E53C5165CE">
              <Amt>1659</Amt>
            </WBPriorCurrentTermAmt>
            <WBPriorWrittenAmt id="WD30CA0DCFF8E4921BC8C4F3712A6F480">
              <Amt>1659</Amt>
            </WBPriorWrittenAmt>
            <WBCancelAmt id="W1D66B7768C4747B0A9BFC24A1CDE115D" />
          </WBPremiumInfo>
          <WBPhysicalDamageOnlyInd>0</WBPhysicalDamageOnlyInd>
          <WBCoverageDeclinedInfo id="W7FAC3DE18A12437F93B5F3A5B4B83AA1">
            <WBDeclinedCoverageCd>MP</WBDeclinedCoverageCd>
            <WBDeclinedCoverageTypeCd>NR</WBDeclinedCoverageTypeCd>
          </WBCoverageDeclinedInfo>
          <WBCustomEquipInd>0</WBCustomEquipInd>
          <WBVehicleIncidentScore>1</WBVehicleIncidentScore>
          <WBISSClassCode>4099</WBISSClassCode>
        </VehicleExt>
      </Vehicle>
      <Vehicle id="V7A1272EE05074D629CD7880EC46306B2" RatedDriverRef="D9111E04CB27445A097132F9E52660DB9">
        <ItemIdInfo id="I8C00283975524BA5B284B6200F68EC42">
          <InsurerId>4</InsurerId>
        </ItemIdInfo>
        <Manufacturer>Jeep</Manufacturer>
        <ManufacturerCd>OTHER</ManufacturerCd>
        <Model>CJ-7</Model>
        <ModelCd>OTHER</ModelCd>
        <ModelYear>1978</ModelYear>
        <VehBodyTypeCd>PP</VehBodyTypeCd>
        <Registration id="RF12320B2AD6049E89E80BA64162F897A">
          <StateProvCd>AZ</StateProvCd>
        </Registration>
        <CostNewAmt id="C3D64251C90074FA89686D9207950ED73">
          <Amt>30000</Amt>
        </CostNewAmt>
        <VehIdentificationNumber>AAH13087</VehIdentificationNumber>
        <GrossVehWeight id="GCD5F492A3909436ABCA30F2C2E215F24">
          <NumUnits>9999</NumUnits>
        </GrossVehWeight>
        <BIPDSymbolCd>300</BIPDSymbolCd>
        <MedPayPIPLiabilitySymbolCd>500</MedPayPIPLiabilitySymbolCd>
        <Addr id="AE251DB923B0041208FD43E158A5EA780">
          <AddrTypeCd>GaragingAddress</AddrTypeCd>
          <Addr1>9116 W Heber Rd</Addr1>
          <City>Tolleson</City>
          <StateProvCd>AZ</StateProvCd>
          <PostalCode>85353-5563</PostalCode>
          <CountryCd>USA</CountryCd>
          <Latitude>33.414628</Latitude>
          <Longitude>-112.256682</Longitude>
          <County>Maricopa County</County>
          <Region>33</Region>
          <AddrExt id="AB54939E16B52495DA160D3AAC32DD593">
            <WBRatedZipCd>85353</WBRatedZipCd>
            <WBRatedVehicleStateProvCd>AZ</WBRatedVehicleStateProvCd>
            <WBAddressStandardization id="WCFB5F25574BB45BCB9875F9A3F5AA2D2">
              <WBAddrStandardizeStreetName>Heber</WBAddrStandardizeStreetName>
              <WBAddrStandardizeStreetTypeCd>Rd</WBAddrStandardizeStreetTypeCd>
              <WBAddrStandardizeStreetNumber>9116</WBAddrStandardizeStreetNumber>
              <WBConfidence>100</WBConfidence>
              <WBAddrStandardizeLeadingDirectional>W</WBAddrStandardizeLeadingDirectional>
              <WBAddrStandardizeStatus>Accepted</WBAddrStandardizeStatus>
            </WBAddressStandardization>
          </AddrExt>
        </Addr>
        <Coverage id="CSLCSL4">
          <CoverageCd>CSL</CoverageCd>
          <Limit id="L0839BE28F8D8408B9D7DB280573B30ED">
            <FormatCurrencyAmt id="F6FD97FE650164D73BAB8704EDFBF9977">
              <Amt>300000</Amt>
            </FormatCurrencyAmt>
            <LimitAppliesToCd>PerAcc</LimitAppliesToCd>
          </Limit>
          <CreditOrSurcharge id="CDA64544FB5BB4EF882721B0D45C0F4E9">
            <CreditSurchargeCd>LFREE</CreditSurchargeCd>
            <NumericValue id="N03C80745E3F94FD895E6409D9EDC2EE4" />
            <SecondaryCd>CFAEST</SecondaryCd>
            <WBRatingAppliedInd>0</WBRatingAppliedInd>
          </CreditOrSurcharge>
          <EffectiveDt>2020-04-24</EffectiveDt>
          <ExpirationDt>2021-04-24</ExpirationDt>
          <ProRateFactor>1</ProRateFactor>
          <CoverageSupplement id="CEB1AF5AC8B5E4A23B53A27FB0872C639">
            <CoverageSubCd>CSL</CoverageSubCd>
          </CoverageSupplement>
          <CoverageExt id="C22E94A4CA24741769DAF68B4CAE75FC6">
            <WBOnsetOffsetPremiumInfo id="W6F4268BDBB9342BFB09BC03052A92DD8">
              <WBCurrentTermOnsetAmt id="WFB70D13F9FF94BD58E8448A305D76C07">
                <Amt>427</Amt>
              </WBCurrentTermOnsetAmt>
              <WBCurrentTermOffsetAmt id="W9A3528BF16D7468B879332DE78A11660">
                <Amt>427</Amt>
              </WBCurrentTermOffsetAmt>
            </WBOnsetOffsetPremiumInfo>
            <WBPremiumInfo id="W3DF2AF36849443E1994F7CD7759914FE">
              <WBCurrentTermAmt id="W53D727706FA046519EF81D7F12E20D02">
                <Amt>427</Amt>
              </WBCurrentTermAmt>
              <WBNetChangeAmt id="W526854BC985C4335947F2B052D439B1E">
                <Amt>0</Amt>
              </WBNetChangeAmt>
              <WBWrittenAmt id="W9E788C2BC4B64E8DBC4F59DF92EAE3FC">
                <Amt>427</Amt>
              </WBWrittenAmt>
              <WBPriorCurrentTermAmt id="W2303E6BFE5B84CA5A62CB1BBC560B3FE">
                <Amt>427</Amt>
              </WBPriorCurrentTermAmt>
              <WBPriorWrittenAmt id="WD7D37F9981094E4A86F1A599A1D4021A">
                <Amt>427</Amt>
              </WBPriorWrittenAmt>
              <WBCancelAmt id="WD16B9393646F4D39BAC7025D111216B7">
                <Amt>0</Amt>
              </WBCancelAmt>
            </WBPremiumInfo>
          </CoverageExt>
        </Coverage>
        <Coverage id="UMCSLUMCSL4">
          <CoverageCd>UMCSL</CoverageCd>
          <Limit id="L3C3E5A4D19B240289C5CD8FAD30C4EFF">
            <FormatCurrencyAmt id="FD4D5ED3A90034542BA5E6AC8DCCF3397">
              <Amt>300000</Amt>
            </FormatCurrencyAmt>
            <LimitAppliesToCd>PerAcc</LimitAppliesToCd>
          </Limit>
          <CreditOrSurcharge id="C28C41C0F0FD44DA79E180407178CFC65">
            <CreditSurchargeCd>LFREE</CreditSurchargeCd>
            <NumericValue id="N295AD30E3BF34D859D4272B029A52D49" />
            <SecondaryCd>CFAEST</SecondaryCd>
            <WBRatingAppliedInd>0</WBRatingAppliedInd>
          </CreditOrSurcharge>
          <EffectiveDt>2020-04-24</EffectiveDt>
          <ExpirationDt>2021-04-24</ExpirationDt>
          <ProRateFactor>1</ProRateFactor>
          <CoverageSupplement id="C07579C0AAEB646DDAC1E41FEA76624DA">
            <CoverageSubCd>UMCSL</CoverageSubCd>
          </CoverageSupplement>
          <CoverageExt id="C6ABADE00ED284E5CAEA70341D4CEDD0F">
            <WBOnsetOffsetPremiumInfo id="W033145B78EF14B8C8E4F59CEA4AA60C2">
              <WBCurrentTermOnsetAmt id="W45196C21DC5649279FED66067914C930">
                <Amt>73</Amt>
              </WBCurrentTermOnsetAmt>
              <WBCurrentTermOffsetAmt id="W0C8B06180D6D44F68A7997965AD2B1CA">
                <Amt>73</Amt>
              </WBCurrentTermOffsetAmt>
            </WBOnsetOffsetPremiumInfo>
            <WBPremiumInfo id="WCA5213B22F2C4CE49583CF8E8A99F976">
              <WBCurrentTermAmt id="WAF7437CACB934C989A9B0EA65C4BB83E">
                <Amt>73</Amt>
              </WBCurrentTermAmt>
              <WBNetChangeAmt id="W7660CFDD5F974F0AB45B30591592A7A0">
                <Amt>0</Amt>
              </WBNetChangeAmt>
              <WBWrittenAmt id="WAF40E45C0E9644079C7C7E64BD4ADC02">
                <Amt>73</Amt>
              </WBWrittenAmt>
              <WBPriorCurrentTermAmt id="WA22BB69397424AF6ADD1395AFA8718C8">
                <Amt>73</Amt>
              </WBPriorCurrentTermAmt>
              <WBPriorWrittenAmt id="WCB7F148B849D4EA68B69F02D3BC940B7">
                <Amt>73</Amt>
              </WBPriorWrittenAmt>
              <WBCancelAmt id="WA63A94EC00344D41BEC14B8D0318E1F3">
                <Amt>0</Amt>
              </WBCancelAmt>
            </WBPremiumInfo>
          </CoverageExt>
        </Coverage>
        <Coverage id="UNCSLUNDMCSL4">
          <CoverageCd>UNCSL</CoverageCd>
          <Limit id="LAC930828A60848C1844A2F6556888D4F">
            <FormatCurrencyAmt id="F27633EF8F0C24188BA18D47BA210FED5">
              <Amt>300000</Amt>
            </FormatCurrencyAmt>
            <LimitAppliesToCd>PerAcc</LimitAppliesToCd>
          </Limit>
          <CreditOrSurcharge id="CC88EA83DE8304D4DB9A47764857E7CAC">
            <CreditSurchargeCd>LFREE</CreditSurchargeCd>
            <NumericValue id="N4AC7ECA6625E4B41B58415BD2AFBBBEA" />
            <SecondaryCd>CFAEST</SecondaryCd>
            <WBRatingAppliedInd>0</WBRatingAppliedInd>
          </CreditOrSurcharge>
          <EffectiveDt>2020-04-24</EffectiveDt>
          <ExpirationDt>2021-04-24</ExpirationDt>
          <ProRateFactor>1</ProRateFactor>
          <CoverageSupplement id="C35CD7606099C47C8B197EB5823BA4E14">
            <CoverageSubCd>UNDMCSL</CoverageSubCd>
          </CoverageSupplement>
          <CoverageExt id="C182F4E17BFBB43B8BA38800E2B106AA5">
            <WBOnsetOffsetPremiumInfo id="WD0C52288907C41D38E91E94C33096187">
              <WBCurrentTermOnsetAmt id="WD94B4148BF2244CBB7931D4B57FE166C">
                <Amt>63</Amt>
              </WBCurrentTermOnsetAmt>
              <WBCurrentTermOffsetAmt id="W2A697D17597B479B8732BE01768B5760">
                <Amt>63</Amt>
              </WBCurrentTermOffsetAmt>
            </WBOnsetOffsetPremiumInfo>
            <WBPremiumInfo id="WECFFB6367A134532BB98EF18F65FBBB9">
              <WBCurrentTermAmt id="W17450958821040D78DD2924497944626">
                <Amt>63</Amt>
              </WBCurrentTermAmt>
              <WBNetChangeAmt id="WE4EC58DE7C254637A56147C87CB2B9FE">
                <Amt>0</Amt>
              </WBNetChangeAmt>
              <WBWrittenAmt id="WBE86B59D976C478CB3EE28EAF313839B">
                <Amt>63</Amt>
              </WBWrittenAmt>
              <WBPriorCurrentTermAmt id="W4461D1B622014652AA5A28C5DE0807F6">
                <Amt>63</Amt>
              </WBPriorCurrentTermAmt>
              <WBPriorWrittenAmt id="WDCE6BA2A3255480DB9A1B133DA46D602">
                <Amt>63</Amt>
              </WBPriorWrittenAmt>
              <WBCancelAmt id="W6EA11D1DE7D340618C9BE2D0E7048FC8">
                <Amt>0</Amt>
              </WBCancelAmt>
            </WBPremiumInfo>
          </CoverageExt>
        </Coverage>
        <Coverage id="C2B1362A69B3B4FC784DC097DEF852231">
          <CoverageCd>TPAC</CoverageCd>
          <CoverageTypeCd>Fee</CoverageTypeCd>
          <EffectiveDt>2020-04-24</EffectiveDt>
          <ExpirationDt>2021-04-24</ExpirationDt>
          <ProRateFactor>1</ProRateFactor>
          <CoverageSupplement id="C93063AD40043495492BDA136D8238901">
            <CoverageSubCd>AATA</CoverageSubCd>
          </CoverageSupplement>
          <CoverageExt id="C9EA93CCAD92B40C58B54A8E1D7A5506D">
            <WBOnsetOffsetPremiumInfo id="W89166FBCA5DE4299B5640FFB0FBD9352">
              <WBCurrentTermOnsetAmt id="W8EE800B91C814492A48B72E8443DE4E4">
                <Amt>1</Amt>
              </WBCurrentTermOnsetAmt>
              <WBCurrentTermOffsetAmt id="W37E2EF3B372C44B7A722B2027D51B91E">
                <Amt>1</Amt>
              </WBCurrentTermOffsetAmt>
            </WBOnsetOffsetPremiumInfo>
            <WBPremiumInfo id="WC9A0D471FCE64DA087F6960898DD419D">
              <WBCurrentTermAmt id="W4A9A64BD84E54CF689C09969D316EBB4">
                <Amt>1</Amt>
              </WBCurrentTermAmt>
              <WBNetChangeAmt id="W3E4885FBA65142B9957924C3871F091A">
                <Amt>0</Amt>
              </WBNetChangeAmt>
              <WBWrittenAmt id="W38BEA1F0F7084B95BA3A8892964C2B29">
                <Amt>1</Amt>
              </WBWrittenAmt>
              <WBPriorCurrentTermAmt id="WAC9E82F28E714EF88BBB0F32EC212202">
                <Amt>1</Amt>
              </WBPriorCurrentTermAmt>
              <WBPriorWrittenAmt id="W6DF6649DA1AA41639EEF6963471CAF5F">
                <Amt>1</Amt>
              </WBPriorWrittenAmt>
              <WBCancelAmt id="W913D9161866A42399EF4E7C0B1D3D530">
                <Amt>0</Amt>
              </WBCancelAmt>
            </WBPremiumInfo>
          </CoverageExt>
        </Coverage>
        <CreditOrSurcharge id="C909C7C855FD847C390B9FEC6BB1C977F">
          <SecondaryCd>LDM</SecondaryCd>
          <WBRatingAppliedInd>0</WBRatingAppliedInd>
        </CreditOrSurcharge>
        <CreditOrSurcharge id="C39310F10A5C44C54A5083C31101E03AF">
          <SecondaryCd>BSM</SecondaryCd>
          <WBRatingAppliedInd>0</WBRatingAppliedInd>
        </CreditOrSurcharge>
        <CreditOrSurcharge id="C6AC98D29CA8B48B39563D852854DC090">
          <SecondaryCd>FCAWB</SecondaryCd>
          <WBRatingAppliedInd>0</WBRatingAppliedInd>
        </CreditOrSurcharge>
        <CreditOrSurcharge id="C5CA3AFBEE93940E69BB38075894970D4">
          <SecondaryCd>FCAWOB</SecondaryCd>
          <WBRatingAppliedInd>0</WBRatingAppliedInd>
        </CreditOrSurcharge>
        <CreditOrSurcharge id="C02ADC67050614505B834075178882F8E">
          <SecondaryCd>AHS</SecondaryCd>
          <WBRatingAppliedInd>0</WBRatingAppliedInd>
        </CreditOrSurcharge>
        <CreditOrSurcharge id="CE67920E73CEA481F8C9198772A3686FA">
          <SecondaryCd>AOM</SecondaryCd>
          <WBRatingAppliedInd>0</WBRatingAppliedInd>
        </CreditOrSurcharge>
        <CreditOrSurcharge id="CFAB3F27616044822859463538CD3B993">
          <SecondaryCd>BWS</SecondaryCd>
          <WBRatingAppliedInd>0</WBRatingAppliedInd>
        </CreditOrSurcharge>
        <CreditOrSurcharge id="CA0ADFEB76D524C83B925AE9888893643">
          <SecondaryCd>DFSS</SecondaryCd>
          <WBRatingAppliedInd>0</WBRatingAppliedInd>
        </CreditOrSurcharge>
        <CreditOrSurcharge id="CFB82C976B221471FA685689DFB1A8321">
          <SecondaryCd>GDSTD</SecondaryCd>
          <WBRatingAppliedInd>0</WBRatingAppliedInd>
        </CreditOrSurcharge>
        <CreditOrSurcharge id="CC54FFD247D214A8B9661142328C9BCFB">
          <SecondaryCd>GRSTD</SecondaryCd>
          <WBRatingAppliedInd>0</WBRatingAppliedInd>
        </CreditOrSurcharge>
        <CreditOrSurcharge id="CCAA5C8AB642A4D60A45917360E3E6AB5">
          <SecondaryCd>RSTD</SecondaryCd>
          <WBRatingAppliedInd>0</WBRatingAppliedInd>
        </CreditOrSurcharge>
        <CreditOrSurcharge id="CCB53912836574B05BF5318056872E21B">
          <SecondaryCd>MIL</SecondaryCd>
          <WBRatingAppliedInd>0</WBRatingAppliedInd>
        </CreditOrSurcharge>
        <CreditOrSurcharge id="C63676024C99E4742BA1EC5C180DC9779">
          <SecondaryCd>DED</SecondaryCd>
          <WBRatingAppliedInd>1</WBRatingAppliedInd>
        </CreditOrSurcharge>
        <CreditOrSurcharge id="C9007228808FF48A3A07AE2FA287737EB">
          <SecondaryCd>LIC</SecondaryCd>
          <WBRatingAppliedInd>0</WBRatingAppliedInd>
        </CreditOrSurcharge>
        <CreditOrSurcharge id="CED2580AAC8844A78BE3FE897852334FE">
          <SecondaryCd>AVS</SecondaryCd>
          <WBRatingAppliedInd>0</WBRatingAppliedInd>
        </CreditOrSurcharge>
        <CreditOrSurcharge id="CB21DC247E37B4169B7E93D88E86656FE">
          <SecondaryCd>IOS</SecondaryCd>
          <WBRatingAppliedInd>0</WBRatingAppliedInd>
        </CreditOrSurcharge>
        <ComprehensiveOTCSymbolCd>16</ComprehensiveOTCSymbolCd>
        <CollisionSymbolCd>16</CollisionSymbolCd>
        <QuestionAnswer id="Q4F810766212B40918A5CDBBE3050C998">
          <QuestionCd>VEH01</QuestionCd>
          <YesNoCd>NO</YesNoCd>
        </QuestionAnswer>
        <QuestionAnswer id="Q1F9E5F0E9E1F453C90FAE4B54A4A6192">
          <QuestionCd>VEH09</QuestionCd>
          <YesNoCd>NO</YesNoCd>
        </QuestionAnswer>
        <QuestionAnswer id="Q6297F79FE6014A21A7FD7C4AC2262CEA">
          <QuestionCd>VEH02</QuestionCd>
          <YesNoCd>DRV</YesNoCd>
          <Explanation>2</Explanation>
        </QuestionAnswer>
        <VehicleExt id="V2C96F02002A2485A9D4EB85E06A9CFEA">
          <ClassCode>2129</ClassCode>
          <WBMileage id="W64F4DFEC7373487D962171849AC2B511">
            <WBAnnualMileageMAMCd>E</WBAnnualMileageMAMCd>
            <WBRatedDrivingExposure>8450</WBRatedDrivingExposure>
            <WBCarFaxModeledAnnualMileage>0</WBCarFaxModeledAnnualMileage>
          </WBMileage>
          <WBISOBodyStyleDesc>3.4</WBISOBodyStyleDesc>
          <WBBodyStyle>Not Listed</WBBodyStyle>
          <WBFinancialResponsibilityCnt>0</WBFinancialResponsibilityCnt>
          <WBRiskTerm id="W8B85A539789A4D4D88A3FD87CB1403FD">
            <WBRiskEffectiveDt>2020-04-24</WBRiskEffectiveDt>
            <WBRiskExpirationDt>2021-04-24</WBRiskExpirationDt>
          </WBRiskTerm>
          <WBSubtotalInfo id="W6D5F106AC79F41108E7B64D63D2AB358">
            <WBSubtotalInfoTypeCd>CFA</WBSubtotalInfoTypeCd>
            <WBCurrentTermAmt id="W39FEEA2D1A2C4D09A16EFAACB2C15A6C">
              <Amt>17</Amt>
            </WBCurrentTermAmt>
          </WBSubtotalInfo>
          <WBSubtotalInfo id="WFE3D5A2562414B2589A3900D7B6B3D52">
            <WBSubtotalInfoTypeCd>VEH</WBSubtotalInfoTypeCd>
            <WBCurrentTermAmt id="WB31F285207B642E5AA40EC0DE6329875">
              <Amt>563</Amt>
            </WBCurrentTermAmt>
          </WBSubtotalInfo>
          <WBVehicleAge>42</WBVehicleAge>
          <WBOnsetOffsetPremiumInfo id="W0164E6FB25EE4C16870A3030391F4177">
            <WBCurrentTermOnsetAmt id="W599DF66689EE4A07B57A02D9D6222F39" />
            <WBCurrentTermOffsetAmt id="W1C02A8A67B384F0B8C0E9B4E1AC2E3B4" />
          </WBOnsetOffsetPremiumInfo>
          <WBPremiumInfo id="W35FE38CC69254B8E89D46C91CD6925F0">
            <WBCurrentTermAmt id="WD4E63454E3DD461189BDF85F2197E7D6">
              <Amt>564</Amt>
            </WBCurrentTermAmt>
            <WBNetChangeAmt id="WDC20A9ECDC9C4ECEBD9E5E362CF198B9">
              <Amt>0</Amt>
            </WBNetChangeAmt>
            <WBWrittenAmt id="WFA03195D45654E30A3FDEDFF06EA7D4A">
              <Amt>564</Amt>
            </WBWrittenAmt>
            <WBPriorCurrentTermAmt id="WC3A6A771305C4A798D501A3919DED2D3">
              <Amt>564</Amt>
            </WBPriorCurrentTermAmt>
            <WBPriorWrittenAmt id="WB3EFAD39E2C540D1BD127F7A771C491D">
              <Amt>564</Amt>
            </WBPriorWrittenAmt>
            <WBCancelAmt id="W57987834CF89404597A647F7DAD7A941" />
          </WBPremiumInfo>
          <WBPhysicalDamageOnlyInd>0</WBPhysicalDamageOnlyInd>
          <WBCoverageDeclinedInfo id="WA41A9989B9204228BCD77C903A06C8F0">
            <WBDeclinedCoverageCd>MP</WBDeclinedCoverageCd>
            <WBDeclinedCoverageTypeCd>NR</WBDeclinedCoverageTypeCd>
          </WBCoverageDeclinedInfo>
          <WBCustomEquipInd>0</WBCustomEquipInd>
          <WBVehicleIncidentScore>-5</WBVehicleIncidentScore>
          <WBISSClassCode>4092</WBISSClassCode>
        </VehicleExt>
      </Vehicle>
      <QuestionAnswer id="Q4D096EEE49E84B59A75C8F9BB7FAB5D8">
        <QuestionCd>AUTOP03</QuestionCd>
        <YesNoCd>NO</YesNoCd>
      </QuestionAnswer>
      <QuestionAnswer id="QCAA4FFC1846948C3B5CFB7222A1A9DF8">
        <QuestionCd>VEH03</QuestionCd>
        <YesNoCd>NO</YesNoCd>
      </QuestionAnswer>
      <QuestionAnswer id="Q35C3ED77394142D4A95491C0C0FF01CA">
        <QuestionCd>VEH04</QuestionCd>
        <YesNoCd>NO</YesNoCd>
      </QuestionAnswer>
      <PersAutoLineBusinessExt id="PCD3C2AA0EB0042C0A871162036D91DA6">
        <WBSubtotalInfo id="WADD8E167878040D68BA8908BD4AF88A4">
          <WBSubtotalInfoTypeCd>CFA</WBSubtotalInfoTypeCd>
          <WBCurrentTermAmt id="WC84E8BA0132047F7BE2B7525CD66EE17">
            <Amt>69</Amt>
          </WBCurrentTermAmt>
        </WBSubtotalInfo>
        <WBOnsetOffsetPremiumInfo id="W85B7A70389EB4891BB8D748B6665767E">
          <WBCurrentTermOnsetAmt id="WAA5A75836F794BFFB72551ACA25DB15B" />
          <WBCurrentTermOffsetAmt id="W453C2E1C76E94937B6007BD2FD06FCA4" />
        </WBOnsetOffsetPremiumInfo>
        <WBPermissiveUseCnt>1</WBPermissiveUseCnt>
        <WBPremiumInfo id="W87236822E21540E38C64F0898B10E959">
          <WBCurrentTermAmt id="W6F443DFF4D474A77B6402F45979618E5">
            <Amt>2268</Amt>
          </WBCurrentTermAmt>
          <WBNetChangeAmt id="W6E046C0F747C49F899A1BE68E4398F4E">
            <Amt>0</Amt>
          </WBNetChangeAmt>
          <WBWrittenAmt id="WCD27086DB26B46C6A40208048153C701">
            <Amt>2268</Amt>
          </WBWrittenAmt>
          <WBPriorCurrentTermAmt id="W0451E46D73D64D339E47EFA6951422FC">
            <Amt>2268</Amt>
          </WBPriorCurrentTermAmt>
          <WBPriorWrittenAmt id="W8E4C7BF7C656440D9956410C8A626C55">
            <Amt>2268</Amt>
          </WBPriorWrittenAmt>
          <WBCancelAmt id="W7ED0B64B7F3D4790A69EF2745240B490" />
        </WBPremiumInfo>
        <WBAATAFeeCnt>2</WBAATAFeeCnt>
      </PersAutoLineBusinessExt>
    </PersAutoLineBusiness>
    <PolicyExt id="P71B62A3CDC7B4452AD265E43CB7D804A">
      <AutoCompositionFactorCd>M</AutoCompositionFactorCd>
      <HighestAdvantageDriverPointValueInHousehold>0</HighestAdvantageDriverPointValueInHousehold>
      <WBTransactionStatusDesc>Pending</WBTransactionStatusDesc>
      <WBQuoteStatusDesc>Rated Quote</WBQuoteStatusDesc>
      <CreditOrSurcharge id="C1C1E397E5FB246499E9012C7AA86B928">
        <SecondaryCd>PIF</SecondaryCd>
        <WBRatingAppliedInd>0</WBRatingAppliedInd>
      </CreditOrSurcharge>
      <CreditOrSurcharge id="CABB4A4BD356F469D840E2304B7E48F9C">
        <SecondaryCd>HCD</SecondaryCd>
        <WBRatingAppliedInd>1</WBRatingAppliedInd>
      </CreditOrSurcharge>
      <CreditOrSurcharge id="C4752CF3F9B274D6D8DA07C11AD957174">
        <SecondaryCd>INSCRA</SecondaryCd>
        <WBRatingAppliedInd>1</WBRatingAppliedInd>
      </CreditOrSurcharge>
      <WBHouseholdCompositionInd>0</WBHouseholdCompositionInd>
      <WBSubtotalInfo id="W0905A79C83294B2B93C8BDD71C6EC867">
        <WBSubtotalInfoTypeCd>CFA</WBSubtotalInfoTypeCd>
        <WBCurrentTermAmt id="W16568F8D6D734DC9940F1BCBB9D0E077">
          <Amt>69</Amt>
        </WBCurrentTermAmt>
      </WBSubtotalInfo>
      <WBSubtotalInfo id="W408704C443B24769BEF60508DE6ADDE9">
        <WBSubtotalInfoTypeCd>PIFD</WBSubtotalInfoTypeCd>
        <WBCurrentTermAmt id="W14CF71A155E04327B70F23020FFC541E">
          <Amt>2231</Amt>
        </WBCurrentTermAmt>
      </WBSubtotalInfo>
      <WBSubtotalInfo id="WD5E03C5B36A14366BF6DA24B151C7F90">
        <WBSubtotalInfoTypeCd>PIFND</WBSubtotalInfoTypeCd>
        <WBCurrentTermAmt id="W4B5EE91805F84330AAB3C4020320E3F6">
          <Amt>2734</Amt>
        </WBCurrentTermAmt>
      </WBSubtotalInfo>
      <WBThirdPartyReport id="W1399032969F5467AB498F3CB15C6EA5D">
        <WBReportTypeCd>APD</WBReportTypeCd>
        <WBReportOrderDt>2020-04-14</WBReportOrderDt>
        <WBReportOrderStatus>No Hit</WBReportOrderStatus>
        <WBReportExpirationDt>2020-07-13</WBReportExpirationDt>
      </WBThirdPartyReport>
      <WBThirdPartyReport id="W8D99A071578A4F87A7453637578AE20B">
        <WBReportTypeCd>APD</WBReportTypeCd>
        <WBReportOrderDt>2020-04-14</WBReportOrderDt>
        <WBReportOrderStatus>No Hit</WBReportOrderStatus>
        <WBReportExpirationDt>2020-07-13</WBReportExpirationDt>
      </WBThirdPartyReport>
      <WBThirdPartyReport id="W478342022D9C418D8454501D834AA27C">
        <WBReportTypeCd>CLUE-AUTO</WBReportTypeCd>
        <WBReportOrderDt>2020-04-14</WBReportOrderDt>
        <WBReportOrderStatus>Returned</WBReportOrderStatus>
        <WBReportExpirationDt>2020-07-13</WBReportExpirationDt>
      </WBThirdPartyReport>
      <WBPolicyAge>0</WBPolicyAge>
      <WBAssocGroupType>ASSOC</WBAssocGroupType>
      <WBOnsetOffsetPremiumInfo id="W080859F778674624BFE6051D413A8409">
        <WBCurrentTermOnsetAmt id="W6F918380830942A9825ED261C335A897" />
        <WBCurrentTermOffsetAmt id="W5A130EC934B04E138B0F2A53DF392429" />
      </WBOnsetOffsetPremiumInfo>
      <WBPremiumInfo id="W43EDDDADCB0542498F128FA125CA3712">
        <WBCurrentTermAmt id="WD577F4D1C0C84BF69DE3D0C301E72EB8">
          <Amt>2268</Amt>
        </WBCurrentTermAmt>
        <WBNetChangeAmt id="W5E9F8562A86C494DA8CE6D8AFB148516">
          <Amt>0</Amt>
        </WBNetChangeAmt>
        <WBWrittenAmt id="WF9732DDC7F234588BB1FF923136933F7">
          <Amt>2268</Amt>
        </WBWrittenAmt>
        <WBPriorCurrentTermAmt id="W9727D25A9BFF43F595A6F822245060AC">
          <Amt>2268</Amt>
        </WBPriorCurrentTermAmt>
        <WBPriorWrittenAmt id="WC74CBA8F20E3474894525B639419C840">
          <Amt>2268</Amt>
        </WBPriorWrittenAmt>
        <WBCancelAmt id="W34B32667A73E43F4BAC8B37722E4C98B" />
      </WBPremiumInfo>
      <WBPriorPolicyCnt>2</WBPriorPolicyCnt>
      <WBPolicyIssue id="W285D0660FC244405ABF9A0C49F299AB0">
        <WBPolicyIssueCd>R</WBPolicyIssueCd>
        <WBPolicyIssueOverrideInd>1</WBPolicyIssueOverrideInd>
      </WBPolicyIssue>
      <WBPolicyInceptionDateInfo id="W7FFCAA0448694EEDB0AFB1060FC84B73">
        <WBPolicyUWInceptionDt>2020-03-01</WBPolicyUWInceptionDt>
        <WBPolicyUWDtOverrideInd>0</WBPolicyUWDtOverrideInd>
      </WBPolicyInceptionDateInfo>
      <WBPolicyTenureAge>0</WBPolicyTenureAge>
      <WBGroupAssocName>Prime Rewards Plus</WBGroupAssocName>
      <WBISSTravelNetClassCode>4092</WBISSTravelNetClassCode>
    </PolicyExt>
  </Policy>
</PolicyRs>