<?xml version="1.0" encoding="utf-8" ?>
<data>
<!-- Scenario #P5-->
<!--Scenario Descriptionred LUCI - adv driver-->
<!--Transaction TypeNew Business-->
<Insured>
<ID>101</ID>
<Prefix></Prefix>
<FirstName>Martha</FirstName>
<MiddleName></MiddleName>
<LastName>Ford</LastName>
<Suffix></Suffix>
<Gender>NB</Gender>
<DOB>09/16/1925</DOB>
<MaritalStatus>Widowed</MaritalStatus>
<StreetAddress>7350 N Dobson Rd Suite 120</StreetAddress>
<StreetAddress2></StreetAddress2>
<City>Scottsdale</City>
<County></County>
<State>AZ</State>
<Zip>85256</Zip>
<RelationShipToFNI>FNI</RelationShipToFNI>
<IsLicensed>true</IsLicensed>
<Licensed5Yrs>true</Licensed5Yrs>
<DateLicensed></DateLicensed>
<LicensedState>AZ</LicensedState>
<LicenseNum>S123456789098</LicenseNum>
<DriverType>RATED</DriverType>
<FinancialRespFiling>false</FinancialRespFiling>
<Group>None</Group>
</Insured>

<AddDriver>
<ID>102</ID>
<Prefix></Prefix>
<FirstName>Kelly</FirstName>
<MiddleName></MiddleName>
<LastName>Stafford</LastName>
<Suffix></Suffix>
<Gender>F</Gender>
<DOB>05/10/1979</DOB>
<MaritalStatus>Married</MaritalStatus>
<StreetAddress>222 Republic Dr</StreetAddress>
<Address2></Address2>
<City>Allen Park</City>
<County></County>
<State>MI</State>
<ZipCode>48101</ZipCode>
<RelationShipToFNI>Spouse</RelationShipToFNI>
<IsLicensed>true</IsLicensed>
<Licensed5Yrs>true</Licensed5Yrs>
<DateLicensed></DateLicensed>
<LicensedState>AZ</LicensedState>
<LicenseNum>D87654321</LicenseNum>
<DriverType>RATED</DriverType>
<FinancialRespFiling>false</FinancialRespFiling>
<Group>Spectrum Health Employees</Group>
</AddDriver>

<AddDriver>
<ID>103</ID>
<Prefix></Prefix>
<FirstName>Michael</FirstName>
<MiddleName></MiddleName>
<LastName>Stafford</LastName>
<Suffix>Jr.</Suffix>
<Gender>M</Gender>
<DOB>10/14/1944</DOB>
<MaritalStatus>Single</MaritalStatus>
<StreetAddress>222 Republic Dr</StreetAddress>
<Address2></Address2>
<City>Allen Park</City>
<County></County>
<State>MI</State>
<ZipCode>52240</ZipCode>
<RelationShipToFNI>Grandparent</RelationShipToFNI>
<IsLicensed>true</IsLicensed>
<Licensed5Yrs>true</Licensed5Yrs>
<DateLicensed></DateLicensed>
<LicensedState>IN</LicensedState>
<LicenseNum>B145236985478</LicenseNum>
<DriverType>RATED</DriverType>
<FinancialRespFiling>false</FinancialRespFiling>
<Group>None</Group>
</AddDriver>



<!--repeat newvehicle as needed-->
<newvehicle>
<ID>101</ID>
<VehicleType>Private Passenger</VehicleType>
<ModelYear>2010</ModelYear>
<VIN>5N3ZA0NE1A1111111</VIN>
<Make>Infiniti</Make>
<Model>QX56</Model>
<StyleEngine>Utility Vehicle - Four-Wheel Drive 4-Door</StyleEngine>
<Weight></Weight>

<BusinessVehicle>true</BusinessVehicle>
<TitledType>Martha Ford</TitledType>
<TitledinNameof></TitledinNameof>
<GaragedAtPrimary>true</GaragedAtPrimary>
<!-- Adaptive Headlights - TBD -->
<!-- backup warning - TBD -->
<!-- Forward Crash - TBD -->
<ForwardCrashSelect></ForwardCrashSelect>
<!-- Autonomous at - TBD -->
<!-- driver fatigue - TBD -->
<!-- Land Departure - blind spot- TBD -->
<LaneDepartureSelect></LaneDepartureSelect>
<BICSL>$250,000 / $500,000</BICSL>
<PD>$100,000</PD>
<UMUIM>$250,000 / $500,000</UMUIM>
<MedPay>Not Requested</MedPay>
<APDL>$1,000</APDL>
<PIP></PIP>
<WorkLossWaiver>No</WorkLossWaiver>
<WorkLossWaiverDeductible>$500</WorkLossWaiverDeductible>
<COMPOTC>$2,000</COMPOTC>
<FCG>No</FCG>
<COLL>Standard</COLL>
<COLLDeductible>$1,500</COLLDeductible>
<AutoLL>Yes</AutoLL>
<TransExpense>$40 / $1,200</TransExpense>
<CustomEquip>false</CustomEquip>
<CustomEquipOther>false</CustomEquipOther>
<RowId>0</RowId>
<CustomEquipValue>1000</CustomEquipValue>
<CustomEquipDesc>Test</CustomEquipDesc>
<OEMSelection>false</OEMSelection>
		<!-- options:
		true
		 false	-->	
		<CDR>No</CDR>
		<!-- options:  
			Yes			
			No
			-->
<Leased>false</Leased>
 </newvehicle>
<newvehicle>
<ID>102</ID>
<VehicleType>Private Passenger</VehicleType>
<ModelYear>2019</ModelYear>
<VIN>3GK1LMEV1K1111111</VIN>
<Make>GMC</Make>
<Model>Terrain SLE</Model>
<StyleEngine>Utility Vehicle - Two-Wheel Drive 4-Door</StyleEngine>
<Weight></Weight>
<BusinessVehicle>false</BusinessVehicle>
<TitledType>Martha Ford</TitledType>
<TitledinNameof></TitledinNameof>
<GaragedAtPrimary>true</GaragedAtPrimary>
<!-- Adaptive Headlights - TBD -->
<!-- backup warning - TBD -->
<!-- Forward Crash - TBD -->
<ForwardCrashSelect></ForwardCrashSelect>
<!-- Autonomous at - TBD -->
<!-- driver fatigue - TBD -->
<!-- Land Departure - blind spot- TBD -->
<LaneDepartureSelect></LaneDepartureSelect>
<BICSL></BICSL>
<PD></PD>
<UMUIM></UMUIM>
<APDL></APDL>
<PIP></PIP>
<WorkLossWaiver></WorkLossWaiver>
<WorkLossWaiverDeductible></WorkLossWaiverDeductible>
<COMPOTC>$500</COMPOTC>
<FCG>No</FCG>
<COLL></COLL>
<COLLDeductible></COLLDeductible>
<AutoLL>No</AutoLL>
<TransExpense>$30 / $900 Included</TransExpense>
<CustomEquip>false</CustomEquip>
<CustomEquipOther>false</CustomEquipOther>
<RowId>0</RowId>
<CustomEquipValue>2000</CustomEquipValue>
<CustomEquipDesc>Test2</CustomEquipDesc>
<OEMSelection>false</OEMSelection>
		<!-- options:
		true
		 false	-->	
<CDR>No</CDR>
		<!-- options:  
			Yes			
			No
			-->
<Leased></Leased>
 </newvehicle>
<newvehicle>
<ID>103</ID>
<VehicleType>Van</VehicleType>
<ModelYear>2000</ModelYear>
<VIN>1GC1M19W1Y1111111</VIN>
<Make>Chevrolet</Make>
<Model>Astro Base/LS/LT</Model>
<StyleEngine>Van - Two-Wheel Drive 2-Door</StyleEngine>
<Weight></Weight>
<BusinessVehicle>false</BusinessVehicle>
<TitledType>Martha Ford</TitledType>
<TitledinNameof></TitledinNameof>
<GaragedAtPrimary>true</GaragedAtPrimary>
<!-- Adaptive Headlights - TBD -->
<!-- backup warning - TBD -->
<!-- Forward Crash - TBD -->
<ForwardCrashSelect></ForwardCrashSelect>
<!-- Autonomous at - TBD -->
<!-- driver fatigue - TBD -->
<!-- Land Departure - blind spot- TBD -->
<LaneDepartureSelect></LaneDepartureSelect>
<BICSL>$250,000 / $500,000</BICSL>
<PD>$100,000</PD>
<UMUIM>$250,000 / $500,000</UMUIM>
<MedPay>Not Requested</MedPay>
<APDL>$1,000</APDL>
<WorkLossWaiver>No</WorkLossWaiver>
<WorkLossWaiverDeductible>$500</WorkLossWaiverDeductible>
<COMPOTC></COMPOTC>
<FCG></FCG>
<COLL></COLL>
<COLLDeductible></COLLDeductible>
<AutoLL>No</AutoLL>
<TransExpense>$30 / $900 Included</TransExpense>
<CustomEquip>false</CustomEquip>

<CustomEquipOther>false</CustomEquipOther>
<RowId>0</RowId>
<CustomEquipValue>3000</CustomEquipValue>
<CustomEquipDesc>Test3</CustomEquipDesc>
<OEMSelection>false</OEMSelection>
		<!-- options:
		true
		 false	-->	
<CDR>No</CDR>
		<!-- options:  
			Yes			
			No
			-->
<Leased></Leased>
 </newvehicle>
<VehGenCovQues>
<!-- repeat AssignDriver for each vehicle on policy-->
<AssignDriver>
	<VehicleID>101</VehicleID>
	<PrincipalDriverID>101</PrincipalDriverID>
	<PrincipalDriver>Martha Ford</PrincipalDriver>
	<!--repeat OccasionalDriver as needed-->
	<OccasionalDriver>
	<VehicleID></VehicleID>
	<OccasionalDriverID></OccasionalDriverID>
	<OccasionalDriverName>Michael Stafford</OccasionalDriverName>
	</OccasionalDriver>
</AssignDriver>
<!--<AssignDriver>
<VehicleID>102</VehicleID>
<PrincipalDriverID>101</PrincipalDriverID>-->
<!--repeat OccasionalDriver as needed-->
<!--<OccasionalDriver>
<VehicleID></VehicleID>
<OccasionalDriverID></OccasionalDriverID>
</OccasionalDriver>
</AssignDriver>-->
<AssignDriver>
	<VehicleID>103</VehicleID>
	<PrincipalDriverID>101</PrincipalDriverID>
	<PrincipalDriver>Kelly Stafford</PrincipalDriver>
	<!--repeat OccasionalDriver as needed-->
	<OccasionalDriver>
	<VehicleID></VehicleID>
	<OccasionalDriverID></OccasionalDriverID>
	<OccasionalDriverName>Michael Stafford</OccasionalDriverName>
	</OccasionalDriver>
</AssignDriver>
<TravelNet>$100</TravelNet>
<OtherAutoInsurance>false</OtherAutoInsurance>
</VehGenCovQues>
<PolicyGeneralInfo>
<PayInFull>false</PayInFull>
<ContinuouslyInsured>NO</ContinuouslyInsured>
<NotNeededReason></NotNeededReason>
<TwoOrMoreCarriers>false</TwoOrMoreCarriers>
<PriorCarrier></PriorCarrier>
<PolicyInception></PolicyInception>
<PolicyExpiration></PolicyExpiration>
<BILimit></BILimit>
<CSL></CSL>
<PerPerson></PerPerson>
<PerAccident></PerAccident>
</PolicyGeneralInfo>
 <CA_PolicyGeneral>
      <PaymentOption>Semi - Annually</PaymentOption>
	  <DayOfMonth>20</DayOfMonth>
 <MailingSameAsPrimary>Yes</MailingSameAsPrimary>
  <!-- if no, then use the following address fields-->
 <StreetAddress></StreetAddress>
<StreetAddress2></StreetAddress2>
<City></City>
<State></State>
<ZipCode></ZipCode>
<EMail>TestingPolicy@WBMI.com</EMail>
<Phone>
<PhoneID>0</PhoneID>
<PhoneNumberType>Mobile</PhoneNumberType>
<PhoneNumber>248-365-8160</PhoneNumber>
</Phone>
</CA_PolicyGeneral>
<CA_Driver>
	<ID>101</ID>
	<Occupation>Accountant</Occupation>
</CA_Driver>
<CA_Driver>
	<ID>102</ID>
	<Occupation>Accountant</Occupation>
</CA_Driver>
<CA_Driver>
	<ID>103</ID>
	<Occupation>Accountant</Occupation>
</CA_Driver>
 <CA_VehicleGeneral>
   <Uber>false</Uber>
   <CarSharing>false</CarSharing>
 </CA_VehicleGeneral>
<!-- repeat CA_Vehicle for each vehicle on the policy -->
 <CA_Vehicle>
<ID>101</ID>
<TypeOfBusiness>Just driving around to take pictures</TypeOfBusiness>
<EmployeeOperatesVehicle>false</EmployeeOperatesVehicle>
<DateOfLease>01/11/2018</DateOfLease>
<CarryOverBalance>false</CarryOverBalance>
<PriorLoanLeaseCoverage>true</PriorLoanLeaseCoverage>
<AdditInterest>
        <VehicleID>101</VehicleID>
        <InterestType>Loss Payee</InterestType>
        <!--  options
				Loss Payee
				Additional Insured
				Additional Interest
				Additional Interest-Lessor  -->
        <LoanNumber>1234567890</LoanNumber>
        <Name1>ABC Bank</Name1>
        <Name2>Attn:  dept A</Name2>
        <StreetAddr>236 N 1st st</StreetAddr>
        <StreetAddr2></StreetAddr2>
        <City>ann arbor</City>
        <County></County>
        <State>MI</State>
        <ZipCode>48104</ZipCode>
      </AdditInterest>
 </CA_Vehicle>
 	<PolicyHistory>
		<TransactionRow>
			<Row>2</Row>
			 <TransactionType>New</TransactionType>
			 <TransactionStatus>Issued</TransactionStatus>
			  <PremiumChange>$4,448</PremiumChange>
			 <AnualPremium>$4,448</AnualPremium>
			 <UserID>TESTPL</UserID>
			 <EffectiveDate>Date(0,0,0,MM/dd/yyyy)</EffectiveDate>
		 </TransactionRow>
	</PolicyHistory>
</data>