<?xml version="1.0" encoding="utf-8" ?>
<data>
<!-- Scenario #P1-->
<!--Scenario DescriptionComp only vehicle. Driver 2 assigned to 2 vehicles because 1 is comp only. AI on a vehicle. -->
<!--Transaction TypeNew Business-->
<Insured>
	<ID>101</ID>
	<Prefix>Dr.</Prefix>
	<FirstName>Auto</FirstName>
	<MiddleName>S01</MiddleName>
	<LastName>Regression</LastName>
	<Suffix></Suffix>
	<Gender>F</Gender>
	<DOB>02/02/1988</DOB>
	<MaritalStatus>Married</MaritalStatus>
	<StreetAddress>7350 N Dobson Rd Suite 120</StreetAddress>
	<StreetAddress2></StreetAddress2>
	<City>Scottsdale</City>
	<County></County>
	<State>AZ</State>
	<Zip>85256</Zip>
	<RelationShipToFNI></RelationShipToFNI>
	<IsLicensed>true</IsLicensed>
	<Licensed5Yrs>true</Licensed5Yrs>
	<DateLicensed></DateLicensed>
	<LicensedState>AZ</LicensedState>
	<LicenseNum>S12541254124</LicenseNum>
	<DriverType>RATED</DriverType>
	<FinancialRespFiling>false</FinancialRespFiling>
	<Group>Academy of General Dentistry</Group>
	<ACV>
		<DateOfOccurance></DateOfOccurance>
		<IncidentDescription></IncidentDescription>
		<ClaimStatus></ClaimStatus>
		<AmountOfDamage></AmountOfDamage> 
		<RatingStatus>-- Select --</RatingStatus>
		<WBClaims></WBClaims>
	</ACV>
</Insured>
<!-- repeat AddDriver as needed-->
<AddDriver>
	<ID>102</ID>
	<Prefix></Prefix>
	<FirstName>Second</FirstName>
	<MiddleName></MiddleName>
	<LastName>Driver</LastName>
	<Suffix>1st</Suffix>
	<Gender>M</Gender>
	<DOB>08/12/1978</DOB>
	<MaritalStatus>Married</MaritalStatus>
	<StreetAddress>123 main st</StreetAddress>
	<StreetAddress2>ste 2134</StreetAddress2>
	<City>Ann Arbor</City>
	<County></County>
	<State>MI</State>
	<Zip>48001</Zip>
	<RelationShipToFNI>Spouse</RelationShipToFNI>
	<IsLicensed>true</IsLicensed>
	<Licensed5Yrs>false</Licensed5Yrs>
	<DateLicensed>11/11/2017</DateLicensed>
	<LicensedState>IL</LicensedState>
	<LicenseNum>S12541253333</LicenseNum>
	<DriverType>RATED</DriverType>
	<FinancialRespFiling>false</FinancialRespFiling>
	<Group>Academy of General Dentistry</Group>
	<ACV>
		<DateOfOccurance></DateOfOccurance>
		<IncidentDescription></IncidentDescription>
		<ClaimStatus></ClaimStatus>
		<AmountOfDamage></AmountOfDamage> 
		<RatingStatus>-- Select --</RatingStatus>
		<WBClaims></WBClaims>
	</ACV>
</AddDriver>
<!--repeat newvehicle as needed-->
<newvehicle>
	<ID>101</ID>
	<VehicleType>Pickup</VehicleType>
	<ModelYear>2007</ModelYear>
	<VIN>1GC1K29U171111111</VIN>
	<Make>Chevrolet</Make>
	<Model>Silverado Classic 2500HD Extended</Model>
	<StyleEngine>Pickup Truck - Four-Wheel Drive 4-Door</StyleEngine>
	<Weight></Weight>
	<Over10k></Over10k>
	<CostNew></CostNew>
	<BusinessVehicle>false</BusinessVehicle>
	<TitledType>Auto Regression</TitledType>
	<TitledinNameof></TitledinNameof>
	<GaragedAtPrimary>true</GaragedAtPrimary>
	<!-- Adaptive Headlights - TBD -->
	<!-- backup warning - TBD -->
	<!-- Forward Crash - TBD -->
	<ForwardCrashSelect></ForwardCrashSelect>
	<!-- Autonomous at - TBD -->
	<!-- driver fatigue - TBD -->
	<!-- Land Departure - blind spot- TBD -->
	<LaneDepartureSelect></LaneDepartureSelect>
	<BICSL></BICSL>
	<PD></PD>
	<UMUIM></UMUIM>
	<APDL></APDL>
	<PIP></PIP>
	<WorkLossWaiver></WorkLossWaiver>
	<WorkLossWaiverDeductible></WorkLossWaiverDeductible>
	<COMPOTC>$1,000</COMPOTC>
	<FCG>No</FCG>
	<COLL></COLL>
	<COLLDeductible></COLLDeductible>
	<AutoLL>No</AutoLL>
	<TransExpense>$30 / $900 Included</TransExpense>
	<CustomEquip>false</CustomEquip>
	<CustomEquipOther>false</CustomEquipOther>
	<RowId>0</RowId>
	<CustomEquipValue>2000</CustomEquipValue>
	<CustomEquipDesc>test2</CustomEquipDesc>
	<OEMSelection>false</OEMSelection>
		<!-- options:
		true, false	-->	
	<CDR>No</CDR>
		<!-- options:  
			Yes			
			No
			-->
	<Leased>false</Leased>
 </newvehicle>
<newvehicle>
	<ID>102</ID>
	<VehicleType>Private Passenger</VehicleType>
	<ModelYear>2013</ModelYear>
	<VIN>WAUDGAFL1D1111111</VIN>
	<Make>Audi</Make>
	<Model>S4 Quattro Premium Plus</Model>
	<StyleEngine>4-Door Sedan - 3.0</StyleEngine>
	<Weight></Weight>
	<Over10k>false</Over10k>
	<CostNew></CostNew>
	<BusinessVehicle>false</BusinessVehicle>
	<TitledType>Second Driver 1st</TitledType>
	<TitledinNameof></TitledinNameof>
	<GaragedAtPrimary>true</GaragedAtPrimary>
		<!-- Adaptive Headlights - TBD -->
		<!-- backup warning - TBD -->
		<!-- Forward Crash - TBD -->
	<ForwardCrashSelect>With Auto-Braking</ForwardCrashSelect>
		<!-- Autonomous at - TBD -->
		<!-- driver fatigue - TBD -->
		<!-- Land Departure - blind spot- TBD -->
	<LaneDepartureSelect></LaneDepartureSelect>
	<BICSL>$50,000 / $100,000</BICSL>
	<PD>$15,000</PD>
	<UMUIM>$50,000 / $100,000</UMUIM>
	<MedPay>Not Requested</MedPay>
	<APDL></APDL>
	<PIP></PIP>
	<WorkLossWaiver></WorkLossWaiver>
	<WorkLossWaiverDeductible></WorkLossWaiverDeductible>
	<COMPOTC>$1,500</COMPOTC>
	<FCG>Yes</FCG>
	<COLL></COLL>
	<COLLDeductible>$1,000</COLLDeductible>
	<AutoLL>Yes</AutoLL>
	<TransExpense>$30 / $900 Included</TransExpense>
	<CustomEquip>false</CustomEquip>
	<CustomEquipOther>false</CustomEquipOther>
	<RowId>0</RowId>
	<CustomEquipValue></CustomEquipValue>
	<CustomEquipDesc></CustomEquipDesc>
	<OEMSelection></OEMSelection>
	<CDR>No</CDR>
		<!-- options:  
			Yes			
			No
			-->
	
	<Leased>true</Leased>
</newvehicle>
<VehGenCovQues>
<!-- repeat AssignDriver for each vehicle on policy-->
	<AssignDriver>
		<VehicleID>102</VehicleID>
		<PrincipalDriverID>102</PrincipalDriverID>
		<PrincipalDriver>Auto Regression</PrincipalDriver>
		<!--repeat OccasionalDriver as needed-->
		<OccasionalDriver>
			<VehicleID>102</VehicleID>
			<OccasionalDriverID>102</OccasionalDriverID>
			<OccasionalDriverName>Second Driver</OccasionalDriverName>
		</OccasionalDriver>
	</AssignDriver>
	<!--<AssignDriver>
		<VehicleID>102</VehicleID>
		<PrincipalDriverID>101</PrincipalDriverID>
		repeat OccasionalDriver as needed
		<OccasionalDriver>
			<VehicleID>102</VehicleID>
			<OccasionalDriverID>102</OccasionalDriverID>
		</OccasionalDriver>
	</AssignDriver>-->
	<TravelNet>$250</TravelNet>
	<OtherAutoInsurance>false</OtherAutoInsurance>
</VehGenCovQues>
<PolicyGeneralInfo>
	<PayInFull>true</PayInFull>
	<ContinuouslyInsured>NO</ContinuouslyInsured>
	<NotNeededReason></NotNeededReason>
	<TwoOrMoreCarriers>false</TwoOrMoreCarriers>
	<PriorCarrier></PriorCarrier>
	<PolicyInception></PolicyInception>
	<PolicyExpiration></PolicyExpiration>
	<BILimit></BILimit>
	<CSL></CSL>
	<PerPerson></PerPerson>
	<PerAccident></PerAccident>
</PolicyGeneralInfo>
<CA_PolicyGeneral>
     <PaymentOption>Quarterly</PaymentOption>
	 <DayOfMonth>20</DayOfMonth>
	 <MailingSameAsPrimary>yes</MailingSameAsPrimary>
	<!-- if no, then use the following address fields-->
	<StreetAddress></StreetAddress>
	<StreetAddress2></StreetAddress2>
	<City></City>
	<State></State>
	<Zip></Zip>
	<EMail>TestingPolicy@WBMI.com</EMail>
	<Phone>
		<PhoneID>0</PhoneID>
		<PhoneNumberType>Mobile</PhoneNumberType>
		<PhoneNumber>248-365-8160</PhoneNumber>
	</Phone>
</CA_PolicyGeneral>
<CA_Driver>
	<ID>101</ID>
	<Occupation>Accountant</Occupation>
</CA_Driver>
<CA_Driver>
	<ID>102</ID>
	<Occupation>Accountant</Occupation>
</CA_Driver>
<EMail></EMail>
<PhoneNumberType></PhoneNumberType>
<PhoneNumber></PhoneNumber>
<CA_VehicleGeneral>
   <Uber>false</Uber>
   <CarSharing>false</CarSharing>
</CA_VehicleGeneral>
<!-- repeat CA_Vehicle for each vehicle on the policy -->
<CA_Vehicle>
	<ID>101</ID>
	<TypeOfBusiness></TypeOfBusiness>
	<EmployeeOperatesVehicle></EmployeeOperatesVehicle>
	<DateOfLease></DateOfLease>
	<CarryOverBalance></CarryOverBalance>
	<PriorLoanLeaseCoverage></PriorLoanLeaseCoverage>
	 <AdditInterest>
        <VehicleID>101</VehicleID>
        <InterestType>Loss Payee</InterestType>
        <!--  options
				Loss Payee
				Additional Insured
				Additional Interest
				Additional Interest-Lessor  -->
        <LoanNumber>1234567890</LoanNumber>
        <Name1>ABC Bank</Name1>
        <Name2>Attn:  dept A</Name2>
        <StreetAddr>236 N 1st st</StreetAddr>
        <StreetAddr2></StreetAddr2>
        <City>ann arbor</City>
        <County></County>
        <State>MI</State>
        <ZipCode>48104</ZipCode>
    </AdditInterest>
</CA_Vehicle>
<CA_Vehicle>
	<ID>102</ID>
	<TypeOfBusiness></TypeOfBusiness>
	<EmployeeOperatesVehicle></EmployeeOperatesVehicle>
	<DateOfLease>08/22/2018</DateOfLease>
	<CarryOverBalance>false</CarryOverBalance>
	<PriorLoanLeaseCoverage>false</PriorLoanLeaseCoverage>
	<AdditInterest>
        <VehicleID>102</VehicleID>
        <InterestType>Loss Payee</InterestType>
        <!--  options
				Loss Payee
				Additional Insured
				Additional Interest
				Additional Interest-Lessor  -->
        <LoanNumber>1234567890</LoanNumber>
        <Name1>ABC Bank</Name1>
        <Name2>Attn:  dept A</Name2>
        <StreetAddr>236 N 1st st</StreetAddr>
        <StreetAddr2></StreetAddr2>
        <City>ann arbor</City>
        <County></County>
        <State>MI</State>
        <ZipCode>48104</ZipCode>
    </AdditInterest>
</CA_Vehicle>
<Policy>
	<SearchPolicy>
		<!--<PolicyNumber>{PolicyNumber}</PolicyNumber>-->
		<PolicyNumber>ScriptVar(PolicyNumber)</PolicyNumber>
		<expectedType>New</expectedType>
		<expectedChange>Pending</expectedChange>
		<expectedPolicyStatus>PendingQuote</expectedPolicyStatus>
	</SearchPolicy>		
</Policy>
<TransactionRow>
		<Row>2</Row>	
		 <TransactionType>New</TransactionType>
		 <TransactionStatus>Issued</TransactionStatus>
		  <PremiumChange>$3,351</PremiumChange>
		 <AnualPremium>$3,351</AnualPremium>
		 <UserID>TESTPL</UserID>
		 <EffectiveDate>Date(0,0,0,MM/dd/yyyy)</EffectiveDate>
	</TransactionRow>
</data>