<?xml version="1.0" encoding="utf-8" ?>
<data>
	<Driver>
		<Prefix>Dr.</Prefix>
		<FirstName>Second</FirstName>
		<MiddleName>Automation</MiddleName>
		<LastName>Driver</LastName>
		<Suffix>1st</Suffix>
		<!-- Options
		'blank'
		'Jr.'
		'Sr.'
		'1st'
		'2nd'
		'3rd'
		'4th' -->
		<Gender>M</Gender>
		<!-- Options
			M, F, NB		-->
		<DOB>08/12/1978</DOB>
		<MaritalStatus>Married</MaritalStatus>
		<!-- Options
		'Single'
		'Married'
		'Divorced'
		'Widowed'
		'Separated' -->
		<RelationShipToFNI>Spouse</RelationShipToFNI>
		<!-- Options
		'Spouse'
		'Child'
		'Grandparent'
		'Not Related'
		'Relative' -->
		<IsLicensed>false</IsLicensed>
		<!-- Options 
		true, false		-->
		<Licensed5Yrs></Licensed5Yrs>
		<!-- Options
		true, false -->
		<DateLicensed></DateLicensed>
		<LicensedState></LicensedState>
		<LicenseNum></LicenseNum>
		<DriverType></DriverType>
		<!-- Options
			RATED
			NON_RATED
			EXCLUDED-->
		<FinancialRespFiling></FinancialRespFiling>
		<!-- Options
			true, false -->
		<Group>Academy of General Dentistry</Group>
		<!-- Options
		Academy of General Dentistry
		American Dental Association
		American Institute of Architects
		American Institute of Certified Public Accountants
		Association of Mature American Citizens
		Association of American Physicians and Surgeon
		Company Employees
		Grand Rapids Bar Association
		Lakeside Home
		Lake Michigan Credit Union
		MEA
		Michigan Dental Association
		Michigan State Bar
		Michigan Society of Professional Engineers
		National Society of Professional Engineers
		Spectrum Health Employees
		WB Appointed Agency
		None 	-->
	</Driver>
</data>