<?xml version="1.0" encoding="utf-8" ?>
<data>
<!-- Scenario Endorsement-->
<!--Scenario DescriptionComp only vehicle. Driver 2 assigned to 2 vehicles because 1 is comp only. AI on a vehicle. -->

	<Policy>
	<SearchPolicy>
		<PolicyNumber>A953421</PolicyNumber>
		<expectedType>New</expectedType>
		<expectedChange>Committed</expectedChange>
		<expectedPolicyStatus>Inforce</expectedPolicyStatus>	
		</SearchPolicy>
	</Policy>

<newvehicle>
	<ID>203</ID>
	<VehicleType>Pickup</VehicleType>
	<ModelYear>2007</ModelYear>
	<VIN>1GC1K29U171111111</VIN>
	<Make>Chevrolet</Make>
	<Model>Silverado Classic 2500HD Extended</Model>
	<StyleEngine>Pickup Truck - Four-Wheel Drive 4-Door</StyleEngine>
	<Weight></Weight>
	<SymbolOverride></SymbolOverride>
	<CoverageOverride></CoverageOverride>
	<Coverage>300</Coverage>
	<Over10k>false</Over10k>
	<CostNew></CostNew>
	<BusinessVehicle>false</BusinessVehicle>
	<TitledType>Automated AZ Liferaytest</TitledType>
	<TitledinNameof></TitledinNameof>
	<GaragedAtPrimary>true</GaragedAtPrimary>
	<!-- Adaptive Headlights - TBD -->
	<!-- backup warning - TBD -->
	<!-- Forward Crash - TBD -->
	<ForwardCrashSelect></ForwardCrashSelect>
	<!-- Autonomous at - TBD -->
	<!-- driver fatigue - TBD -->
	<!-- Land Departure - blind spot- TBD -->
	<LaneDepartureSelect></LaneDepartureSelect>
	<BICSL>$50,000 / $100,000</BICSL>
	<PD>$10,000</PD>
	<UM>>Rejected</UM>
	<UIM>>Rejected</UIM>
	<MedPay>Not Requested</MedPay>
	<APDL></APDL>
	<PIP></PIP>
	<WorkLossWaiver></WorkLossWaiver>
	<WorkLossWaiverDeductible></WorkLossWaiverDeductible>
	<COMPOTC>$1,000</COMPOTC>
	<FCG>No</FCG>
	<COLL></COLL>
	<COLLDeductible></COLLDeductible>
	<AutoLL>No</AutoLL>
	<TransExpense>$30 / $900 Included</TransExpense>
	<CustomEquip>false</CustomEquip>
	<CustomEquipOther>false</CustomEquipOther>
	<CustomEquipValue></CustomEquipValue>
	<CustomEquipDesc></CustomEquipDesc>
	<CDR>No</CDR>
	<Leased>false</Leased>
 </newvehicle>
<newvehicle>
	<ID>204</ID>
	<VehicleType>Private Passenger</VehicleType>
	<ModelYear>2013</ModelYear>
	<VIN>WAUDGAFL1D1111111</VIN>
	<Make>Audi</Make>
	<Model>S4 Quattro Premium Plus</Model>
	<StyleEngine>4-Door Sedan - 3.0</StyleEngine>
	<Weight></Weight>
	<SymbolOverride></SymbolOverride>
	<CoverageOverride></CoverageOverride>
	<Coverage>300</Coverage>
	<Over10k>false</Over10k>
	<CostNew></CostNew>
	<BusinessVehicle>false</BusinessVehicle>
	<TitledType>Automated AZ Liferaytest</TitledType>
	<TitledinNameof></TitledinNameof>
	<GaragedAtPrimary>true</GaragedAtPrimary>
	<!-- Adaptive Headlights - TBD -->
	<!-- backup warning - TBD -->
	<!-- Forward Crash - TBD -->
	<ForwardCrashSelect></ForwardCrashSelect>
	<!-- Autonomous at - TBD -->
	<!-- driver fatigue - TBD -->
	<!-- Land Departure - blind spot- TBD -->
	<LaneDepartureSelect></LaneDepartureSelect>
	<BICSL>$50,000 / $100,000</BICSL>
	<PD>$10,000</PD>
	<UM>Rejected</UM>
	<UIM>Rejected</UIM>
	<MedPay>Not Requested</MedPay>
	<APDL></APDL>
	<PIP></PIP>
	<WorkLossWaiver></WorkLossWaiver>
	<WorkLossWaiverDeductible></WorkLossWaiverDeductible>
	<COMPOTC>$1,000</COMPOTC>
	<FCG>No</FCG>
	<COLL></COLL>
	<COLLDeductible></COLLDeductible>
	<AutoLL>No</AutoLL>
	<TransExpense>$30 / $900 Included</TransExpense>
	<CustomEquip>false</CustomEquip>
	<CustomEquipOther>false</CustomEquipOther>
	<CustomEquipValue></CustomEquipValue>
	<CustomEquipDesc></CustomEquipDesc>
	<CDR>No</CDR>
	<Leased>false</Leased>
 </newvehicle>
<VehGenCovQues>
	<!-- repeat AssignDriver for each vehicle on policy-->
	<AssignDriver>
		<VehicleID>203</VehicleID>
		<PrincipalDriverID>101</PrincipalDriverID>
		<PrincipalDriver>Automated AZ Liferaytest</PrincipalDriver>
		<!--repeat OccasionalDriver as needed-->
		<OccasionalDriver>
			<VehicleID></VehicleID>
			<OccasionalDriverID></OccasionalDriverID>
			<OccasionalDriverName></OccasionalDriverName>
		</OccasionalDriver>
	</AssignDriver>
	<AssignDriver>
		<VehicleID>204</VehicleID>
		<PrincipalDriverID>101</PrincipalDriverID>
		<PrincipalDriver>Automated AZ Liferaytest</PrincipalDriver>
		<!--repeat OccasionalDriver as needed-->
		<OccasionalDriver>
			<VehicleID></VehicleID>
			<OccasionalDriverID></OccasionalDriverID>
			<OccasionalDriverName></OccasionalDriverName>
		</OccasionalDriver>
	</AssignDriver>	
	<TravelNet>$250</TravelNet>
	<OtherAutoInsurance>false</OtherAutoInsurance>
</VehGenCovQues>
<!-- <PolicyGeneralInfo>
	<AssociationPlus></AssociationPlus>
	<PayInFull>true</PayInFull>
	<ContinuouslyInsured>NO</ContinuouslyInsured>
	<NotNeededReason></NotNeededReason>
	<TwoOrMoreCarriers>false</TwoOrMoreCarriers>
	<PriorCarrier></PriorCarrier>
	<PolicyInception></PolicyInception>
	<PolicyExpiration></PolicyExpiration>
	<BILimit></BILimit>
	<CSL></CSL>
	<PerPerson></PerPerson>
	<PerAccident></PerAccident>
</PolicyGeneralInfo>
 <CA_PolicyGeneral>
      <PaymentOption>Quarterly</PaymentOption>
	<DayOfMonth></DayOfMonth>
	 <MailingSameAsPrimary>yes</MailingSameAsPrimary>-->
	 <!-- if no, then use the following address fields-->
<!--	 <StreetAddress></StreetAddress>
	<StreetAddress2></StreetAddress2>
	<City></City>
	<State></State>
	<ZipCode></ZipCode>
	<EMail>TestingPolicy@WBMI.com</EMail>
	<Phone>
	<PhoneID>0</PhoneID>
	<PhoneNumberType>Mobile</PhoneNumberType>
	<PhoneNumber>248-365-8160</PhoneNumber>
	</Phone>
</CA_PolicyGeneral>
 <CA_Driver>
	<ID>101</ID>
	<Occupation>Accountant</Occupation>
 </CA_Driver>
 <CA_Driver>
	<ID>102</ID>
	<Occupation>Accountant</Occupation>
 </CA_Driver>
 <CA_VehicleGeneral>
   <Uber>false</Uber>
   <CarSharing>false</CarSharing>
 </CA_VehicleGeneral>-->
<!-- repeat CA_Vehicle for each vehicle on the policy -->
<!-- <CA_Vehicle>
	<ID>101</ID>
	<TypeOfBusiness></TypeOfBusiness>
	<EmployeeOperatesVehicle></EmployeeOperatesVehicle>
	<DateOfLease></DateOfLease>
	<CarryOverBalance></CarryOverBalance>
	<PriorLoanLeaseCoverage></PriorLoanLeaseCoverage>
 </CA_Vehicle>-->
 
     <editvehicle>
		<ID>101</ID>
		<VehicleNumber>1</VehicleNumber>
		<VehicleType>Private Passenger</VehicleType>
		<ModelYear>2007</ModelYear>
		<VIN>1GC1K29U171111111</VIN>
		<Make></Make>
		<Model></Model>
		<StyleEngine></StyleEngine>
		
		<CoverageSymbolOverride>
			<SymbolOverride>PermanentOverride</SymbolOverride> <!-- values-PermanentOverride/TemporaryOverride-->
			<CoverageOverride>liabilitySymbol</CoverageOverride> 
			<Coverage>300</Coverage>
		</CoverageSymbolOverride>
		
		<CoverageSymbolOverride>
			<SymbolOverride>PermanentOverride</SymbolOverride> 
			<CoverageOverride>medPayPipSymbol</CoverageOverride> 
			<Coverage>200</Coverage>
		</CoverageSymbolOverride>
		
		<CoverageSymbolOverride>
			<SymbolOverride>PermanentOverride</SymbolOverride>
			<CoverageOverride>collisionSymbol</CoverageOverride> 
			<Coverage>25</Coverage>
		</CoverageSymbolOverride>
		
		<CoverageSymbolOverride>
			<SymbolOverride>PermanentOverride</SymbolOverride>
			<CoverageOverride>otherSymbol</CoverageOverride> 
			<Coverage>20</Coverage>
		</CoverageSymbolOverride>
		<CostNew></CostNew>
		<Weight>7,800</Weight>  <!-- CHANGED from 9,400-->
		<Over10k>false</Over10k>
		<!-- options
			false, true			-->
		<CostNew></CostNew>

		<BusinessVehicle>false</BusinessVehicle>
			<!-- options
			false, true			-->
		<TitledType>Automated AZ LiferayTest</TitledType>
			<!-- options
			Other, Business, [driver name]		-->		
		<TitledinNameof></TitledinNameof>
		<VehicleRegistrationState>AZ</VehicleRegistrationState>
		<GaragedAtPrimary>true</GaragedAtPrimary>
			<!-- options
			false, true			-->		
		<!-- Adaptive Headlights - TBD -->	
		<!-- backup warning - TBD -->	
		<!-- Forward Crash - TBD -->
		<ForwardCrashSelect></ForwardCrashSelect>
			<!-- options:  With Auto-Braking,Without Auto-Braking -->		
		<!-- Autonomous at - TBD -->	
		<!-- driver fatigue - TBD -->	
		<!-- Land Departure - blind spot- TBD -->	
		<LaneDepartureSelect></LaneDepartureSelect>	
			<!-- options:  Lane Departure Only, Blind Spot Monitoring Only, Both Lane Departure Blind Spot Monitoring -->
		<BICSL>$50,000 / $100,000</BICSL>	
			<!-- options:  
				$20,000 / $40,000
				$50,000 / $100,000
				$100,000 / $300,000
				$250,000 / $500,000
				$500,000 / $500,000
				$500,000 / $1,000,000
				$1,000,000 / $1,000,000
				$100,000
				$300,000
				$500,000
				$1,000,000
			-->		
		<PD>$10,000</PD>
			<!-- options:  
				$10,000
				$25,000
				$50,000
				$100,000
				$250,000
				$350,000
				$500,000
			-->		
		<UM>Rejected</UM>	
			<!-- MUST BE LES THAN OR EQUAL TO BI/CSL
				options: 
				Rejected
				$15,000 / $30,000
				$25,000 / $50,000
				$50,000 / $100,000
				$100,000 / $300,000
				$250,000 / $500,000
				$500,000 / $500,000
				$500,000 / $1,000,000
				$1,000,000 / $1,000,000
			-->	
		<UIM>Rejected</UIM>	
			<!-- MUST BE LES THAN OR EQUAL TO BI/CSL
				options:  
				Rejected
				$15,000 / $30,000
				$25,000 / $50,000
				$50,000 / $100,000
				$100,000 / $300,000
				$250,000 / $500,000
				$500,000 / $500,000
				$500,000 / $1,000,000
				$1,000,000 / $1,000,000
			-->	
		<APDL>$1,000</APDL>	
			<!-- options:  		$1,000	-->
		<PIP>Primary Medical - $1,000 deductible</PIP>	
			<!-- options:  		
			Excess Medical - $0 deductible
			Primary Medical - $0 deductible
			Primary Medical - $500 deductible
			Primary Medical - $1,000 deductible
			Primary Medical - $10,000 deductible
			-->		
		<WorkLossWaiver>No</WorkLossWaiver>	
			<!--options:
				Yes       (must be over 60)
				No				-->
		<WorkLossWaiverDeductible>$10,000</WorkLossWaiverDeductible>		
			<!-- options:  		
				$0
				$500
				$1,000
				$5,000
				$10,000
				-->
		<MedPay>Not Requested</MedPay>
		<!-- options:
			Not Requested
			$1,000
			$2,000
			$5,000
			$10,000
			$25,000 
			-->				
		<COMPOTC>$5,000</COMPOTC>	
			<!-- options:  		
				$100
				$250
				$500
				$1,000
				$1,500
				$2,000
				$2,500
				$3,000
				$5,000
				-->		
		<FCG>Yes</FCG>	
			<!-- options:
				Yes, No				-->	
		<COLL>Broad</COLL>	
			<!-- options:  		
				Broad
				Standard
				Limited	
				-->	
		<COLLDeductible>$1,500</COLLDeductible>	<!--CHANGED from 100-->
			<!-- options:  		
				Broad or standard:
					$100
					$250
					$500
					$1,000
					$1,500
					$2,000
					$2,500
					$3,000
					$5,000
				Limited	
					$0
					$100
				-->	
		<AutoLL>Yes</AutoLL>
			<!-- options:
				Yes, No			-->		
		<TransExpense>$40 / $1,200</TransExpense>	
			<!-- options:  		
				$30 / $900 Included
				$40 / $1,200
				$50 / $1,500
				$75 / $2,250
				$100 / $3,000
				$150 / $4,500
				$200 / $6,000
				-->	
		<CustomEquip>false</CustomEquip>  <!--  CHANGED from true-->
				<!-- options:
				true, false				-->	
		<CustomEquipOther>false</CustomEquipOther>
				<!-- options:
				true, false	-->
		<CustomEquipValue></CustomEquipValue>	
		<CustomEquipDesc></CustomEquipDesc>
		<OEMSelection>false</OEMSelection>		
		<CDR>No</CDR>
		<!-- options:  
			Yes			
			No
			-->	
		<Leased>false</Leased>	
			<!-- options:
			true, false			-->	
			
	 </editvehicle>
 
 	<DeleteVehicle>
		<VehDelete>(//ul[li[text()='VIN: ']]/li/a[contains(text(), 'Delete')])[1]</VehDelete>
		<!-- replace the number within [] with the vehicle# you want to delete. If it is 5th in the list, it should be [5] -->
		<Delete>Yes</Delete>
		<!-- Yes, No -->
	</DeleteVehicle>
 
</data>
