<?xml version="1.0" encoding="utf-8" ?>
<data>
<!-- regression scenario 1 FNI-->
	<addInsured>
		<Prefix>Dr.</Prefix>
		<FirstName>Automated</FirstName>
		<MiddleName>UI</MiddleName>
		<LastName>LiferayTest</LastName>
		<Suffix></Suffix>
		<!-- Options
		Jr.
		Sr.
		1st
		2nd
		3rd
		4th -->
		<Gender>F</Gender>
		<!-- Gender needs to be updated only xpath parameterization is in place 
		Options
		//input[@type='radio' and @value='M']
		//input[@type='radio' and @value='F']
		//input[@type='radio' and @value='U']-->
		<DOB>02/02/1988</DOB>
		<MaritalStatus>Married</MaritalStatus>
		<!-- Options
		Single
		Married
		Divorced
		Widowed
		Separated -->
		<StreetAddress>123 main st</StreetAddress>
		<Address2>Ste 2134</Address2>
		<City>Ann Arbor</City>
		<County>none</County>
		<State>MI</State>
		<ZipCode>48001</ZipCode>
	</addInsured>
	<EditInsured>
		<IsLicensed>true</IsLicensed>
		<!-- Options
		//div[@id='driver_licensed']//input[@type='radio' and @value='true']
		//div[@id='driver_licensed']//input[@type='radio' and @value='false'] -->
		<Licensed5Yrs>true</Licensed5Yrs>
		<!-- Options
		//div[@id='driver_licensedLastFive']//input[@type='radio' and @value='true']
		//div[@id='driver_licensedLastFive']//input[@type='radio' and @value='false'] -->
		<LicensedState>IL</LicensedState>
		<LicenseNum>S12541254124</LicenseNum>
		<DriverType>RATED</DriverType>
		<!-- Options
		//div[@id='driver_driverType']//input[@type='radio' and @value='RATED']
		//div[@id='driver_driverType']//input[@type='radio' and @value='NON_RATED']
		//div[@id='driver_driverType']//input[@type='radio' and @value='EXCLUDED']
		-->
		<FinancialResponsibilityFiling>false</FinancialResponsibilityFiling>
		<!-- Options
		//div[@id='driver_financialResponsibilityFiling']//input[@type='radio' and @value='true']
		//div[@id='driver_financialResponsibilityFiling']//input[@type='radio' and @value='false'] -->
		<Group>Academy of General Dentistry</Group>
		<!-- Options
		Academy of General Dentistry
		American Dental Association
		American Institute of Architects
		American Institute of Certified Public Accountants
		Association of Mature American Citizens
		Association of American Physicians and Surgeon
		Company Employees
		Grand Rapids Bar Association
		Lakeside Home
		Lake Michigan Credit Union
		MEA
		Michigan Dental Association
		Michigan State Bar
		Michigan Society of Professional Engineers
		National Society of Professional Engineers
		Spectrum Health Employees
		WB Appointed Agency
		None
		-->
	</EditInsured>
</data>