<?xml version="1.0" encoding="utf-8" ?>
<data>
     <newhome>
      <!-- <FormType>Home (H03)</FormType> -->
      <UsageType>Secondary</UsageType>	 
		<!--  before we change this on use 1 script for primary and secondary, need to add address script call
		Options
		Primary
		Secondary
		Seasonal
		-->	
     <YearBuilt>1991</YearBuilt>			
      <ConstructionType>Frame</ConstructionType>	
		<!--  Options
		Frame
		Masonry/Brick
		Log
		Mobile Home
		Converted Commercial Structure
		-->	  
      <NumOfFamilies>One</NumOfFamilies>	
		<!-- before using Two, script will need if/then function.  or use exists as an optional check 
		Options
		One
		Two
		-->	  	
      <CovADwelling>$123,894</CovADwelling>	
      <CovALossSettlement>Replacement Cost</CovALossSettlement>	
		<!--options:
		Replacement Cost
		Replacement Cost + 25%
		Replacement Cost + 50%
		Guaranteed Replacement Cost
		Functional Replacement Cost
		-->	  
      <CovBOtherStructures>20% of Coverage A</CovBOtherStructures>	
		<!--options:
		10% of Coverage A
		20% of Coverage A	
		-->		
      <CovCLossSettlement>Actual Cash Value</CovCLossSettlement>	
		<!--options:
		Actual Cash Value
		Replacement Cost	
		-->	
	  <CovCProperty>50% of Coverage A</CovCProperty>		
		<!--options:
		40% of Coverage A
		50% of Coverage A	
		60% of Coverage A
		70% of Coverage A
		80% of Coverage A
		-->	  
	  <CovDLossOfUse>30% of Coverage A</CovDLossOfUse>	
		<!--options:
		20% of Coverage A
		30% of Coverage A
		40% of Coverage A
		50% of Coverage A	
		60% of Coverage A
		70% of Coverage A
		80% of Coverage A
		90% of Coverage A
		100% of Coverage A
		-->	 
	  <CovE>$500,000</CovE>	
		<!--options:  must be same across all homes
		$100,000
		$300,000
		$500,000
		$1,000,000    *internal only
		-->	 
	  <CovF>$25,000</CovF>	
		<!--options:  must be same across all homes
		$5,000
		$10,000
		$25,000
		-->	 		
		<Deductible>$5,000</Deductible>	
		<!--options:
			$500
			$1,000
			$1,500
			$2,000
			$2,500
			$5,000
			$7,500
			$10,000
			$15,000
			$20,000
			$25,000
			$35,000
			$50,000	
			-->	  
		<StreetAddress>411 N Central Ave</StreetAddress>		
		<StreetAddress2></StreetAddress2>		
		<City>Phoenix</City>
		<County></County>		
		<State></State>		
		<Zip>85004</Zip>		
	</newhome>			
     <newhome>
      <!-- <FormType>Home (H03)</FormType> -->
      <UsageType>Seasonal</UsageType>	 
		<!--  before we change this on use 1 script for primary and secondary, need to add address script call
		Options
		Primary
		Secondary
		Seasonal
		-->	
     <YearBuilt>1909</YearBuilt>			
      <ConstructionType>Masonry/Brick</ConstructionType>	
		<!--  Options
		Frame
		Masonry/Brick
		Log
		Mobile Home
		Converted Commercial Structure
		-->	  
      <NumOfFamilies>One</NumOfFamilies>	
		<!-- before using Two, script will need if/then function.  or use exists as an optional check 
		Options
		One
		Two
		-->	  	
      <CovADwelling>$262,001</CovADwelling>	
      <CovALossSettlement>Replacement Cost + 25%</CovALossSettlement>	
		<!--options:
		Replacement Cost
		Replacement Cost + 25%
		Replacement Cost + 50%
		Guaranteed Replacement Cost
		Functional Replacement Cost
		-->	  
      <CovBOtherStructures>20% of Coverage A</CovBOtherStructures>	
		<!--options:
		10% of Coverage A
		20% of Coverage A	
		-->		
      <CovCLossSettlement>Actual Cash Value</CovCLossSettlement>	
		<!--options:
		Actual Cash Value
		Replacement Cost	
		-->	
	  <CovCProperty>70% of Coverage A</CovCProperty>		
		<!--options:
		40% of Coverage A
		50% of Coverage A	
		60% of Coverage A
		70% of Coverage A
		80% of Coverage A
		-->	  
	  <CovDLossOfUse>60% of Coverage A</CovDLossOfUse>	
		<!--options:
		20% of Coverage A
		30% of Coverage A
		40% of Coverage A
		50% of Coverage A	
		60% of Coverage A
		70% of Coverage A
		80% of Coverage A
		90% of Coverage A
		100% of Coverage A
		-->	
	  <CovE>$500,000</CovE>	
		<!--options:  must be same across all homes
		$100,000
		$300,000
		$500,000
		$1,000,000    *internal only
		-->	 
	  <CovF>$25,000</CovF>	
		<!--options:  must be same across all homes
		$5,000
		$10,000
		$25,000
		-->	 				
	  <Deductible>$10,000</Deductible>	
		<!--options:
			$500
			$1,000
			$1,500
			$2,000
			$2,500
			$5,000
			$7,500
			$10,000
			$15,000
			$20,000
			$25,000
			$35,000
			$50,000	
			-->	  
		<Address1>411 N Central Ave</Address1>		
		<Address2></Address2>		
		<City>Phoenix</City>		
		<State></State>		
		<ZipCode>85004</ZipCode>		
		</newhome>			
</data>