<?xml version="1.0" encoding="utf-8" ?>
<data>
	<PolicyGeneralInfo>
		<PayInFull>false</PayInFull>
			<!--  true, false -->
		<ContinuouslyInsured>NO</ContinuouslyInsured>
		<!-- options
			YES
			NO
			NOT_NEEDED
		-->
		<NotNeededReason></NotNeededReason>
		<TwoOrMoreCarriers>false</TwoOrMoreCarriers>
		<!-- options
			false, true		-->
		<PriorCarrier>false</PriorCarrier>
		<!-- 
			ACE American Insurance
			Acuity Mutual Ins Co
			Admiral Group
			Affirmative Insurance Group
			Agency Holding Co of Maryland Inc
			Agricultural Workers Mutual Auto Ins Co
			AIICO Insurance Plc
			Alfa Mutual Insurance Company
			Allianz of America
			Allianz SE
			Ally Financial Inc
			Amer Farmers & Ranchers Mutual Ins Co
			American Express Company
			American Family Ins Mutual Holding Co
			American Financial Group
			American International Group, Inc
			American National Insurance Company
			American Overseas Group Limited
			Ameriprise Financial Inc
			Amica Mutual Insurance Company
			AmTrust Financial Services, Inc
			Arbella Mutual Insurance Company
			Argo Group International Holdings
			AssuranceAmerica Corporation
			Assure Holdings Corporation
			Auto Club Insurance Association
			Automobile Club of Southern California
			Auto-Owners Insurance Company
			AXA Mansard Insurance
			AXA S.A.
			Badani Family Trust
			Badger Mutual Insurance
			Bank of America Corporation
			Berkshire Hathaway Inc
			Brethren Mutual
			Brown & Brown
			Buckeye State Mutual Insurance Company
			California Casualty Indemnity Exch
			Cameron Mutual Insurance Company
			Carolina Motor Club, Inc
			Celina Insurance Group
			Center Mutual Insurance
			Central Mutual Insurance Company
			Chubb Limited
			CIG Holding Company, Inc
			Cincinnati Financial Corporation
			Citizens United Reciprocal Exchange
			Colorado Farm Bureau Mutual Ins Co
			Columbia Lloyds Insurance Company
			Columbia Mutual Insurance Company
			Constitution Group
			Constitutional Casualty
			Consumers Co Mutual
			Cornerstone Management Partners, Inc
			Country-wide Insurance
			CSAA Insurance Exchange
			Cumberland Mutual Fire Insurance Co
			Discovery Insurance
			Donegal Mutual Insurance Company
			Employers Mutual Casualty Company
			Enstart Group Limited
			EP Loya Group LP
			Erie Insurance Exchange
			Ernest Rady Trust
			Everest Reinsurance
			Everett Cash Mutual Insurance Company
			Fairfax Financial Holdings Limited
			Farm Bureau Mutual Holding Company
			Farm Bureau Mutual Insurance Co of ID
			Farmers Alliance Mutual Insurance Co
			Farmers Automobile Insurance Assn
			Farmers Mutual of NE
			First Acceptance Corporation
			First American Financial Corporation
			Fosun International Holdings
			Frankenmuth Mutual Insurance Company
			GAINSCO, Inc
			General Electric Company
			Georgia Farm Bureau Mutual Insurance Co
			Germania Farm Mutual Insurance Assn
			Germantown Mutual
			Goodville Mutual Pool
			Grange Insurance Association
			Grange Mutual Holding Company
			Greenville Casualty Insurance Company
			Grinnell Mutual Reinsurance Company
			Guideone Insurance
			Hallmark Financial Services, Inc
			Hartford Financial Services Group Inc
			Hastings Mutual
			Home State Insurance Group, Inc
			Horace Mann Educators Corporation
			Houston General Ins EX
			HSI Partnership
			IBOD Company Inc
			Illinois Agricultural Association
			IMT Mutual Holding Company
			Indiana Farm Bureau Inc
			Indiana Farmers Mutual Insurance
			Intact Financial Corporation
			Interstate Auto Insurance
			Inverness Partners II LP
			John G. Jinks, Jr
			K2 Insurance Services
			Kemper Corporation
			Lancer Financial Group
			Liberty Life Insurance Public Company Limited
			Liberty Mutual Holding Company Inc
			Lincoln National Corporation
			Loews Corporation
			Madison Mutual Insurance Company IL
			Maine Mutual Group
			MAPFRE
			Markel Corporation
			Merchants Mutual Insurance Company
			Mercury General Corporation
			MetLife, Inc
			Metromile, Inc
			Michigan Farm Bureau
			Michigan Placement Facility
			Midwest Family Mutual Insurance Company
			Milo Trust
			Missouri Farm Bureau Federation
			Motorists Mutual Insurance Company
			Mountain West FB Mutual Ins Co
			Multistate Insurance Group
			Munich Reinsurance Company
			Mutual Benefit Insurance Company
			Mutual of Enumclaw Insurance Holding Co
			National General Holdings Corp
			Nationwide Mutual Insurance Company
			New Jersey Manufacturers Insurance Co
			New York Central Mutual Fire Ins Co
			NLC Insurance Companies Pool
			Nodak Mutual Group, Inc.
			Norfolk & Dedham Group Pool
			Northern Mutual Insurance
			Nothern Neck Insurance Company
			Odyssey Reinsurance Company
			Ohio Farmers Insurance Company
			Ohio Mutual Insurance Company
			Oklahoma Farm Bureau Mutual Insurance Co
			Oregon Mutual Insurance Company
			Pacific Century Grop
			Palisades Safety and Insurance Assn
			Palisades Safety and Insurance Association
			PEMCO Ins Companies
			Pennsylvania National Mutual Cas Ins Co
			Pharmacists Mutual Insurance Company
			Pioneer State Mutual
			Preferred Mutual Insurance Company
			Premier Holdings, LLC
			Progressive Corporation
			Protective Insurance Corporation
			QBE Insurance Group Limited
			Rakuten Inc
			Redpoint County Mutual Insurance
			Robert M Ehrlich and Laurel B Ehrlich
			Rockingham Mutual Group, Inc
			Rural Mutual
			Safe Auto Insurance Group, Inc
			Safety Insurance Group, Inc
			Safeway Financial Holding Company
			Sanitas Grundversicherungen AG
			Santee Partners, LP
			SECURA Insurance, A Mutual Company
			Selective Insurance Group, Inc
			Sentry Insurance a Mutual Company
			Shelter Mutual Insurance Company
			Société de Groupe d'Assurance Mut Covéa
			South Carolina Farm Bureau Group
			Southern Casualty Holding Company
			Southern Pioneer P&C Ins Co
			State Automobile Mutual Insurance Co
			State Farm Mutual Automobile Ins Co
			Tennessee Farmers Mutual Insurance Co
			Texas Farm Bureau
			The Allstate Corporation
			The Auto Club Group
			The Hanover Insurance Group, Inc
			The Plymouth Rock Company Incorporated
			The Travelers Companies, Inc
			Tiptree Inc
			Topa Equities Ltd
			Trebuchet Group Holdings Limited
			Trident VI LP
			Tuscarora Wayne Mutual
			Union Mutual Fire Insurance Company
			United Fire Group, Inc
			United Heritage Mutual Holding Company
			United Holdings Group
			United Insurance Group
			United Services Automobile Association
			Universal Insurance Group of Puerto Rico
			Utica Mutual Insurance Company
			Vesta Insurance Group
			Virginia Farm Bureau Mutual Insurance Co
			W. R. Berkley Corporation
			Wawanesa Mutual Insurance Company
			WEA Member Benefit Trust
			West Bend Mutual
			Westaim HIIG
			Western National Mutual Insurance Co
			Western Reserve Pool
			Western Service Contract Corporation
			Wisconsin Reinsurance Corporation
			Wolverine Mutual
			WT Holdings, Inc
			Zenchi Kyosai Corporation
			Zurich Insurance Group Ltd
			Other
		-->
		<PolicyInception></PolicyInception>
		<PolicyExpiration></PolicyExpiration>
		<BILimit></BILimit>
		<!-- options
			Split limits
			Combined single limits
		-->
		<CSL></CSL>
		<PerPerson></PerPerson>
		<PerAccident></PerAccident>
	</PolicyGeneralInfo>
</data>		