<?xml version="1.0" encoding="utf-8" ?>
<data>
     <newvehicle>
	    <VehicleType>Private Passenger</VehicleType>
		<ModelYear>2014</ModelYear>
		<VIN>1G1FS1EW1E1111111</VIN>
		<Make>CHEV</Make>
		<Model>CAMARO SS/CAMARO SS RS</Model>
		<StyleEngine>2-Door Coupe - 6.2</StyleEngine>
		<Weight></Weight>
		<Over10k>false</Over10k>
		<CostNew></CostNew>
		<BusinessVehicle>false</BusinessVehicle>
			<!-- options
			false, true			-->
		<TitledType>Other</TitledType>
			<!-- options
			Other, Business, [driver name]		-->		
		<TitledinNameof>My Test Business</TitledinNameof>
		<GaragedAtPrimary>true</GaragedAtPrimary>
			<!-- options
			false, true			-->		
		<!-- Adaptive Headlights - TBD -->	
		<!-- backup warning - TBD -->	
		<!-- Forward Crash - TBD -->
		<ForwardCrashSelect>With Auto-Braking</ForwardCrashSelect>
			<!-- options:  With Auto-Braking,Without Auto-Braking -->		
		<!-- Autonomous at - TBD -->	
		<!-- driver fatigue - TBD -->	
		<!-- Land Departure - blind spot- TBD -->	
		<LaneDepartureSelect>Lane Departure Only</LaneDepartureSelect>	
			<!-- options:  Lane Departure Only, Blind Spot Monitoring Only, Both Lane Departure Blind Spot Monitoring -->
		<BICSL>$100,000 / $300,000</BICSL>	
			<!-- options:  
				$15,000 / $30,000     AZ only with PED < 6/30/2020
				$20,000 / $40,000     MI only
				$25,000 / $50,000     other than MI
				$50,000 / $100,000
				$100,000 / $300,000
				$250,000 / $500,000
				$500,000 / $500,000
				$500,000 / $1,000,000
				$1,000,000 / $1,000,000
				$100,000
				$300,000
				$500,000
				$1,000,000
			-->		
		<PD>$10,000</PD>
			<!-- options:  
				$10,000        applicable for MI. For AZ only when PED < 6/30/2020
				$15,000        other than MI
				$25,000
				$50,000
				$100,000
				$250,000
				$350,000
				$500,000
			-->		
		<UMUIM>$100,000 / $300,000</UMUIM>	
			<!-- MUST BE LES THAN OR EQUAL TO BI/CSL
				options:  
				$20,000 / $40,000
				$50,000 / $100,000
				$100,000 / $300,000
				$250,000 / $500,000
				$500,000 / $500,000
				$500,000 / $1,000,000
				$1,000,000 / $1,000,000
				$100,000
				$300,000
				$500,000
				$1,000,000
			-->	
		<MedPay>Not Requested</MedPay>
		<!-- options:
			Not Requested
			$1,000
			$2,000
			$5,000
			$10,000
			$25,000 
			-->
		<APDL>$1,000</APDL>	
			<!-- options:  		$1,000	-->
		<PIP>Primary Medical - $1,000 deductible</PIP>	
			<!-- options:  		
			Excess Medical - $0 deductible
			Primary Medical - $0 deductible
			Primary Medical - $500 deductible
			Primary Medical - $1,000 deductible
			Primary Medical - $10,000 deductible
			-->		
		<WorkLossWaiver>No</WorkLossWaiver>	
			<!--options:
				Yes       (must be over 60)
				No				-->
		<WorkLossWaiverDeductible>$10,000</WorkLossWaiverDeductible>		
			<!-- options:  		
				$0
				$500
				$1,000
				$5,000
				$10,000
				-->
		<COMPOTC>$5,000</COMPOTC>	
			<!-- options:  		
				$100
				$250
				$500
				$1,000
				$1,500
				$2,000
				$2,500
				$3,000
				$5,000
				-->		
		<FCG>Yes</FCG>	
			<!-- options:
				Yes, No				-->	
		<COLL>Broad</COLL>	
			<!-- options:  		
				Broad
				Standard
				Limited	
				-->	
		<COLLDeductible>$100</COLLDeductible>	
			<!-- options:  		
				Broad or standard:
					$100
					$250
					$500
					$1,000
					$1,500
					$2,000
					$2,500
					$3,000
					$5,000
				Limited	
					$0
					$100
				-->	
		<AutoLL>Yes</AutoLL>
			<!-- options:
				Yes, No			-->		
		<TransExpense>$40 / $1,200</TransExpense>	
			<!-- options:  		
				$30 / $900 Included
				$40 / $1,200
				$50 / $1,500
				$75 / $2,250
				$100 / $3,000
				$150 / $4,500
				$200 / $6,000
				-->	
		<CustomEquip>false</CustomEquip>
				<!-- options:
				true, false				-->	
		<CustomEquipOther>true</CustomEquipOther>
				<!-- options:
				true, false	-->
		<CustomEquipment>
			<RowId>0</RowId>
			<CustomEquipValue>5000</CustomEquipValue>	
			<CustomEquipDesc>added handicap drop gate</CustomEquipDesc>	
			<OEMSelection>false</OEMSelection>
		<!-- options:
		true
		 false	-->
		 </CustomEquipment>
		<CDR>No</CDR>
		<!-- options:  
			Yes			
			No
			-->
		<Leased>false</Leased>	
			<!-- options:
			true, false			-->	
			
	 </newvehicle>
     <newvehicle>
	    <VehicleType>Private Passenger</VehicleType>
		<VIN>1G1FE1R71H1111111</VIN>
		<ModelYear>2017</ModelYear>
		<Make>CHEV</Make>
		<Model>CAMARO SS</Model>
		<StyleEngine>2-Door Coupe - 6.2</StyleEngine>
		<Weight></Weight>
		<Over10k>false</Over10k>
		<CostNew></CostNew>
		<BusinessVehicle>false</BusinessVehicle>
			<!-- options
			false, true			-->
		<TitledType>Other</TitledType>
			<!-- options
			Other, Business, [driver name]		-->	
		<TitledinNameof>My Test Business</TitledinNameof>
		<GaragedAtPrimary>true</GaragedAtPrimary>
			<!-- options
			false, true	-->		
		<!-- Adaptive Headlights - TBD -->	
		<!-- backup warning - TBD -->	
		<!-- Forward Crash - TBD -->
		<ForwardCrashSelect>With Auto-Braking</ForwardCrashSelect>
			<!-- options:  With Auto-Braking,Without Auto-Braking -->		
		<!-- Autonomous at - TBD -->	
		<!-- driver fatigue - TBD -->	
		<!-- Land Departure - blind spot- TBD -->	
		<LaneDepartureSelect>Lane Departure Only</LaneDepartureSelect>	
			<!-- options:  Lane Departure Only, Blind Spot Monitoring Only, Both Lane Departure Blind Spot Monitoring -->
		<BICSL>$100,000 / $300,000</BICSL>	
			<!-- options:  
				$20,000 / $40,000
				$50,000 / $100,000
				$100,000 / $300,000
				$250,000 / $500,000
				$500,000 / $500,000
				$500,000 / $1,000,000
				$1,000,000 / $1,000,000
				$100,000
				$300,000
				$500,000
				$1,000,000
			-->		
		<PD>$10,000</PD>
			<!-- options:  
				$10,000
				$25,000
				$50,000
				$100,000
				$250,000
				$350,000
				$500,000
			-->		
		<UMUIM>$100,000 / $300,000</UMUIM>	
			<!-- MUST BE LES THAN OR EQUAL TO BI/CSL
				options:  
				$20,000 / $40,000
				$50,000 / $100,000
				$100,000 / $300,000
				$250,000 / $500,000
				$500,000 / $500,000
				$500,000 / $1,000,000
				$1,000,000 / $1,000,000
			-->	
		<MedPay>Not Requested</MedPay>
		<!-- options:
			Not Requested
			$1,000
			$2,000
			$5,000
			$10,000
			$25,000 
			-->
		<APDL>$1,000</APDL>	
			<!-- options:  		$1,000	-->
		<PIP>Primary Medical - $1,000 deductible</PIP>	
			<!-- options:  		
			Excess Medical - $0 deductible
			Primary Medical - $0 deductible
			Primary Medical - $500 deductible
			Primary Medical - $1,000 deductible
			Primary Medical - $10,000 deductible
			-->		
		<WorkLossWaiver>No</WorkLossWaiver>	
			<!--options:
				Yes       (must be over 60)
				No				-->
		<WorkLossWaiverDeductible>$10,000</WorkLossWaiverDeductible>		
			<!-- options:  		
				$0
				$500
				$1,000
				$5,000
				$10,000
				-->
		<COMPOTC>$2,000</COMPOTC>	
			<!-- options:  		
				$100
				$250
				$500
				$1,000
				$1,500
				$2,000
				$2,500
				$3,000
				$5,000
				-->		
		<FCG>Yes</FCG>	
			<!-- options:
				Yes, No				-->	
		<COLL>Standard</COLL>	
			<!-- options:  		
				Broad
				Standard
				Limited	
				-->	
		<COLLDeductible>$2,000</COLLDeductible>	
			<!-- options:  		
				Broad or standard:
					$100
					$250
					$500
					$1,000
					$1,500
					$2,000
					$2,500
					$3,000
					$5,000
				Limited	
					$0
					$100
				-->	
		<AutoLL>Yes</AutoLL>
			<!-- options:
				Yes, No			-->		
		<TransExpense>$150 / $4,500</TransExpense>	
			<!-- options:  		
				$30 / $900 Included
				$40 / $1,200
				$50 / $1,500
				$75 / $2,250
				$100 / $3,000
				$150 / $4,500
				$200 / $6,000
				-->	
		<CustomEquip>false</CustomEquip>
				<!-- options:
				true, false				-->	
		<CustomEquipOther>true</CustomEquipOther>
				<!-- options:
				true, false	-->
		<CustomEquipment>
			<RowId>0</RowId>
			<CustomEquipValue>5000</CustomEquipValue>	
			<CustomEquipDesc>added handicap drop gate</CustomEquipDesc>	
			<OEMSelection>false</OEMSelection>
			<!-- options:
			true
			 false	-->	
		</CustomEquipment>
		<CDR>No</CDR>
		<!-- options:  
			Yes			
			No
			-->	
		<Leased>false</Leased>	
			<!-- options:
			true, false			-->				
	 </newvehicle>
</data>
