﻿<PolicyRs xmlns="http://www.acord.org/schema/PC/xml/2">
  <BusinessPurposeTypeCd>REW</BusinessPurposeTypeCd>
  <TransactionEffectiveDt>2020-06-06T00:00:00.000</TransactionEffectiveDt>
  <SourceSystem id="S86866E45F57944F49AE5B2FA04B656E0">
    <SourceSystemCd>WB</SourceSystemCd>
    <SourceSystemQualifierCd>LR</SourceSystemQualifierCd>
  </SourceSystem>
  <TransactionSeqNumber>1</TransactionSeqNumber>
  <ModInfo id="M3138E94AAA9E461AA6FAEBAF580BDCEE" IdRef="CEA00395294BC4AC7B1333FC220F03E96">
    <ActionCd>D</ActionCd>
    <ChangeDesc>Delete Coverage</ChangeDesc>
  </ModInfo>
  <ModInfo id="MCC93FA96CFD0486E94E174B305669D15" IdRef="C60A9047D6230486B82CBAA9CE52B990A">
    <ActionCd>D</ActionCd>
    <ChangeDesc>Delete Coverage</ChangeDesc>
  </ModInfo>
  <ModInfo id="M0BFCE7F19B24421EB7960F1B16339A38" IdRef="C778A33B60CCA4D6E9C4D0C2907CED3EE">
    <ActionCd>D</ActionCd>
    <ChangeDesc>Delete Coverage</ChangeDesc>
  </ModInfo>
  <ModInfo id="M1062CC15755D49C5B323C5981E0AA37F" IdRef="V953DAD8C0DE048128B491D51C3DA09FA">
    <ActionCd>D</ActionCd>
    <ChangeDesc>Delete Vehicle</ChangeDesc>
  </ModInfo>
  <ModInfo id="M891B254C7FA44C6F9794BA8AEAA8D4F5" IdRef="DF30DB31E5B8E4C0892AD5A640CDF45A9">
    <ActionCd>M</ActionCd>
    <ChangeDesc>Change Driver</ChangeDesc>
  </ModInfo>
  <ModInfo id="MB3B3C66485604A5C9F35AD679E0E509F" IdRef="OA78C9E38455A44C1A90752570FF57FE4">
    <ActionCd>M</ActionCd>
    <ChangeDesc>Change Prior Carrier</ChangeDesc>
  </ModInfo>
  <ModInfo id="ME952C35B4A4D4B79A8625A778DE9D040" IdRef="TRNEXTRNSEXP11">
    <ActionCd>A</ActionCd>
    <ChangeDesc>Add Coverage</ChangeDesc>
  </ModInfo>
  <ModInfo id="MAF6721616C2D4E8D86344040EDAFDD1E" IdRef="MEDPMMP11">
    <ActionCd>A</ActionCd>
    <ChangeDesc>Add Coverage</ChangeDesc>
  </ModInfo>
  <ModInfo id="MF6AA146ECA4441318A15CA8A2ED6B9F8" IdRef="UNCSLUNDMCSL11">
    <ActionCd>A</ActionCd>
    <ChangeDesc>Add Coverage</ChangeDesc>
  </ModInfo>
  <ModInfo id="M45E57CA5E715462B9879B034117C4373" IdRef="UMCSLUMCSL11">
    <ActionCd>A</ActionCd>
    <ChangeDesc>Add Coverage</ChangeDesc>
  </ModInfo>
  <ModInfo id="MA3F1D29B82A7403BBFFD302537F30C32" IdRef="CSLCSL11">
    <ActionCd>A</ActionCd>
    <ChangeDesc>Add Coverage</ChangeDesc>
  </ModInfo>
  <ModInfo id="M837E8AC5563142339D3DDDFB9866DB22" IdRef="COLLCOLL11">
    <ActionCd>A</ActionCd>
    <ChangeDesc>Add Coverage</ChangeDesc>
  </ModInfo>
  <ModInfo id="M8CE9477EB0B5444BB9B22C925F5B1686" IdRef="COMPOTC11">
    <ActionCd>A</ActionCd>
    <ChangeDesc>Add Coverage</ChangeDesc>
  </ModInfo>
  <ModInfo id="MDE41E2958CEC40D4B4349C1F2AB93F78" IdRef="VF5611C87B699472FA5C06C1D5C296B0C">
    <ActionCd>A</ActionCd>
    <ChangeDesc>Add Vehicle</ChangeDesc>
  </ModInfo>
  <Policy id="P4F23867248C24515978EC7560180F2C7">
    <PolicyNumber>B091989</PolicyNumber>
    <PolicyVersion>01</PolicyVersion>
    <CompanyProductCd>801</CompanyProductCd>
    <BroadLOBCd>1</BroadLOBCd>
    <NAICCd>15350</NAICCd>
    <ControllingStateProvCd>AZ</ControllingStateProvCd>
    <ContractTerm id="CBADC3A270FC543ECBF0FFB70C1633BBE">
      <EffectiveDt>2020-06-06</EffectiveDt>
      <ExpirationDt>2021-06-06</ExpirationDt>
    </ContractTerm>
    <CustomerServicingCd>AGY</CustomerServicingCd>
    <GroupId></GroupId>
    <NumLosses>0</NumLosses>
    <OtherOrPriorPolicy id="OA78C9E38455A44C1A90752570FF57FE4" DriverRef="DF30DB31E5B8E4C0892AD5A640CDF45A9">
      <PolicyCd>RecentOt</PolicyCd>
      <ContractTerm id="CB901342D1C61498582AF0B82AF268968">
        <ExpirationDt>2020-03-30</ExpirationDt>
      </ContractTerm>
      <LengthTimeWithPreviousInsurer id="LBAB655E8329D4C7BBFB8B97A9204A90C">
        <NumUnits>110</NumUnits>
      </LengthTimeWithPreviousInsurer>
      <Coverage id="CD6E2278DBDFE4CC78D74DCD78F4D9D49">
        <CoverageCd>CSL</CoverageCd>
        <Limit id="L92E340819C4A414F85F037F294999139">
          <FormatCurrencyAmt id="FE4411676BF4D45329A3F8DDBD8396C4E">
            <Amt>100000</Amt>
          </FormatCurrencyAmt>
          <LimitAppliesToCd>PerAcc</LimitAppliesToCd>
        </Limit>
        <EffectiveDt>2020-06-06</EffectiveDt>
        <ExpirationDt>2021-06-06</ExpirationDt>
        <ProRateFactor>1</ProRateFactor>
        <CoverageSupplement id="C489FD9A59641461AB4E8F9AC1B45A81F">
          <CoverageSubCd>CSL</CoverageSubCd>
        </CoverageSupplement>
      </Coverage>
      <OtherOrPriorPolicyExt id="O69A6FCD6176E4F599CD88C7708676A76">
        <WBPriorCarrierInceptionDt>2011-03-30</WBPriorCarrierInceptionDt>
        <WBRecordInfo id="W66FD10EE88224B99AA26DD24989A3279">
          <WBRecordModifyInd>0</WBRecordModifyInd>
          <WBRecordModifyType>O</WBRecordModifyType>
          <WBRecordSource>MANUAL</WBRecordSource>
        </WBRecordInfo>
        <WBPriorCarrierGroupName>Agency Holding Co of Maryland Inc</WBPriorCarrierGroupName>
        <WBInsLapseCheckInd>0</WBInsLapseCheckInd>
        <WBPriorBIRatingRange>Med</WBPriorBIRatingRange>
        <WBPriorCarrierGroupCode>0005</WBPriorCarrierGroupCode>
      </OtherOrPriorPolicyExt>
    </OtherOrPriorPolicy>
    <PaymentOption id="P60B35D89F3F544E5BF9C22EB326A84A3">
      <PaymentPlanCd>QT</PaymentPlanCd>
      <PaymentOptionExt id="P8CBCD64F79E548F2837536300829ECD7">
        <WBDepositInd>0</WBDepositInd>
      </PaymentOptionExt>
    </PaymentOption>
    <QuoteInfo id="Q770087460A5B4B71A62F30BC413A2CE8">
      <InitialQuoteRequestDt>2020-04-01</InitialQuoteRequestDt>
    </QuoteInfo>
    <CreditScoreInfo id="CF36E9C93FB25473F96EF8A86BC92E857">
      <CreditScore>998</CreditScore>
      <CreditScoreDt>2020-03-30</CreditScoreDt>
      <CSPolicyTypeCd>Auto</CSPolicyTypeCd>
      <CreditScoreInfoExt id="C05EBB6AC3C174D7AAA99513AA23AA8D9">
        <WBInsuranceScore id="W043A744FA316423FB34F3C15A66DD481">
          <WBRatingScore>998</WBRatingScore>
          <WBCappedReasonCd>N</WBCappedReasonCd>
        </WBInsuranceScore>
      </CreditScoreInfoExt>
    </CreditScoreInfo>
    <CreditScoreInfo id="C14305394DF4F416982A55A39E723E3C0">
      <CreditScore>998</CreditScore>
      <CreditScoreDt>2020-03-30</CreditScoreDt>
      <CSPolicyTypeCd>Lowest</CSPolicyTypeCd>
      <CreditScoreInfoExt id="CF49546A15D954112B3B09B340621383F">
        <WBInsuranceScore id="WDC99CAEDAA86413D85221321772010A7">
          <WBRatingScore>998</WBRatingScore>
        </WBInsuranceScore>
      </CreditScoreInfoExt>
    </CreditScoreInfo>
    <PolicyStatusCd>InForce</PolicyStatusCd>
    <UnderwritingDecisionInfo id="UC769B7CA0E104E599B471999EAC73801">
      <SystemUnderwritingDecisionDt>2020-04-01</SystemUnderwritingDecisionDt>
      <UnderwritingScoreNumber>0</UnderwritingScoreNumber>
      <UnderwritingDecisionInfoExt id="UD24DD57709B24526B9B15EB97CB2FB74">
        <WBUpdatedCumulativeScore>0</WBUpdatedCumulativeScore>
      </UnderwritingDecisionInfoExt>
    </UnderwritingDecisionInfo>
    <OriginalPolicyInceptionDt>2020-06-06</OriginalPolicyInceptionDt>
    <PaidInFullInd>0</PaidInFullInd>
    <Producer id="PA8B152E831444DF19FC52E246D48AECF">
      <Relationship id="R59C6226F1D0C4035880013845A575EBC">
        <RelationshipToCd>Agency</RelationshipToCd>
      </Relationship>
      <Name>A &amp; J PETERSBURG AGENCY</Name>
      <Addr id="A22EF5B5119BC49A19D1946D95C61F4C5">
        <AddrTypeCd>MailingAddress</AddrTypeCd>
        <Addr1>PO BOX 290</Addr1>
        <City>DECORAH</City>
        <StateProvCd>IA</StateProvCd>
        <PostalCode>52101</PostalCode>
        <CountryCd>USA</CountryCd>
        <County>US</County>
      </Addr>
      <Communications id="CDF5B39044AB44B32AF51995135BBAF85">
        <PhoneTypeCd>HOME</PhoneTypeCd>
        <PhoneNumber>563-382-3627</PhoneNumber>
      </Communications>
      <ContractNumber>14004</ContractNumber>
      <ProducerSubCode />
    </Producer>
    <Producer id="P7505902049A64BA08D1FB2B743209CFD">
      <Relationship id="R33EBF9CEDEB64D2EAAE86DEB429B75A4">
        <RelationshipToCd>USERIN</RelationshipToCd>
      </Relationship>
      <Name>Sarfraz Ahmed</Name>
      <ProducerSubCode>99999</ProducerSubCode>
    </Producer>
    <Producer id="P6AA099A5E06E490084E1400CA561E14B">
      <Relationship id="R4FDDE2B9312A41FBB5F3E85D9956FA6B">
        <RelationshipToCd>PROD</RelationshipToCd>
      </Relationship>
      <Name>Andrea Martin</Name>
      <ProducerSubCode>10937</ProducerSubCode>
    </Producer>
    <InsuredOrPrincipal id="I4013847185C7426E89D9BF318593510E">
      <ItemIdInfo id="ID017D57FB31A4F139F74CFA98D179811">
        <InsurerId>1000489365</InsurerId>
      </ItemIdInfo>
      <Relationship id="RF49AD319DBA4413FB33248EA4252D549" RelationshipToRef="P4F23867248C24515978EC7560180F2C7">
        <RelationshipToCd>FNI</RelationshipToCd>
      </Relationship>
      <Name>JAMES BRITT</Name>
      <CreditScoreInfo id="C415187A4DEBA4780A6075586F9BFC747">
        <ReferenceNumber>20090211700033</ReferenceNumber>
        <CreditScore>998</CreditScore>
        <CreditScoreDt>2020-03-30</CreditScoreDt>
        <CSPolicyTypeCd>Auto</CSPolicyTypeCd>
        <CreditScoreInfoExt id="C50662B3FDD81497CA32BE9B1F8553E61">
          <WBThirdPartyNCF id="W8AFB1CE2349B44C0B026B99DD0563E18">
            <WBNCFProcessingStatus>Complete Success</WBNCFProcessingStatus>
            <WBCreditScoreReason id="W32CAEFE2D68B438688EA478EAAF1D8A3">
              <WBCreditScoreReasonCd>WB1</WBCreditScoreReasonCd>
              <WBCreditScoreReasonDesc>An insurance score could not be generated as no credit file was found.</WBCreditScoreReasonDesc>
            </WBCreditScoreReason>
          </WBThirdPartyNCF>
          <WBRecordInfo id="W0BA7236C3F2F4487B5DDD5DC806CBE5C">
            <WBRecordSource>NCF-CREDIT</WBRecordSource>
          </WBRecordInfo>
        </CreditScoreInfoExt>
      </CreditScoreInfo>
      <CreditScoreInfo id="CF1D586DB73A84105B9168C17EB9EB66B">
        <CreditScore>0</CreditScore>
        <CreditScoreDt>2020-03-30</CreditScoreDt>
        <CSPolicyTypeCd>Home</CSPolicyTypeCd>
      </CreditScoreInfo>
      <Addr id="A6735A8E5538E4DCAB8022B876836AC7B">
        <AddrTypeCd>InsuredsAddress</AddrTypeCd>
        <Addr1>102 E 9th St</Addr1>
        <City>Douglas</City>
        <StateProvCd>AZ</StateProvCd>
        <PostalCode>85607-2151</PostalCode>
        <CountryCd>USA</CountryCd>
        <Latitude>31.343565</Latitude>
        <Longitude>-109.559844</Longitude>
        <County>Cochise County</County>
        <AddrExt id="AEA471F129B0146C1BBB02132E8848601">
          <WBAddressStandardization id="WF83E06EF8BBC41CFA31D59BD8777C3C6">
            <WBAddrStandardizeStreetName>9th</WBAddrStandardizeStreetName>
            <WBAddrStandardizeStreetTypeCd>St</WBAddrStandardizeStreetTypeCd>
            <WBAddrStandardizeStreetNumber>102</WBAddrStandardizeStreetNumber>
            <WBConfidence>100</WBConfidence>
            <WBAddrStandardizeLeadingDirectional>E</WBAddrStandardizeLeadingDirectional>
            <WBAddrStandardizeStatus>Accepted</WBAddrStandardizeStatus>
          </WBAddressStandardization>
        </AddrExt>
      </Addr>
      <Addr id="A77A126BB917049FBA2B21DE3FAEF3EF5">
        <AddrTypeCd>MailingAddress</AddrTypeCd>
        <Addr1>102 E 9th St</Addr1>
        <City>Douglas</City>
        <StateProvCd>AZ</StateProvCd>
        <PostalCode>85607-2151</PostalCode>
        <CountryCd>USA</CountryCd>
        <Latitude>31.343565</Latitude>
        <Longitude>-109.559844</Longitude>
        <County>Cochise County</County>
        <AddrExt id="AF03077D4F8244806A630D1B3A3AAB071">
          <WBAddressStandardization id="W1DF9037B14DB4578985481A82E943FA8">
            <WBAddrStandardizeStreetName>9th</WBAddrStandardizeStreetName>
            <WBAddrStandardizeStreetTypeCd>St</WBAddrStandardizeStreetTypeCd>
            <WBAddrStandardizeStreetNumber>102</WBAddrStandardizeStreetNumber>
            <WBConfidence>100</WBConfidence>
            <WBAddrStandardizeLeadingDirectional>E</WBAddrStandardizeLeadingDirectional>
            <WBAddrStandardizeStatus>Accepted</WBAddrStandardizeStatus>
          </WBAddressStandardization>
        </AddrExt>
        <Addr2 />
      </Addr>
      <Addr id="A2E5E9F4463A342E18CDDD3BA338CAE7F">
        <AddrTypeCd>BillingAddress</AddrTypeCd>
      </Addr>
      <Communications id="CC63463DE9CFC4F28AC40ECA0875A15F9">
        <CommunicationUseCd>Alternate</CommunicationUseCd>
        <PhoneTypeCd>Cell</PhoneTypeCd>
        <PhoneNumber>8888888888</PhoneNumber>
      </Communications>
      <Surname>BRITT</Surname>
      <GivenName>JAMES</GivenName>
      <GenderCd>M</GenderCd>
      <BirthDt>1945-02-04</BirthDt>
      <MaritalStatusCd>M</MaritalStatusCd>
      <TitlePrefix />
      <NameSuffix />
    </InsuredOrPrincipal>
    <InsuredOrPrincipal id="IFA492DD538EE4E19ACFA3BAFA07AA3E7">
      <Relationship id="RC93E5A2C2ED24C36B38F24D5C59ECF39" RelationshipToRef="I4013847185C7426E89D9BF318593510E">
        <RelationshipToCd>SP</RelationshipToCd>
      </Relationship>
      <Name>PAM BRITT</Name>
      <Surname>BRITT</Surname>
      <GivenName>PAM</GivenName>
      <GenderCd>F</GenderCd>
      <BirthDt>1947-06-24</BirthDt>
      <MaritalStatusCd>M</MaritalStatusCd>
    </InsuredOrPrincipal>
    <PersAutoLineBusiness id="PAD18C1CEE6E84F0C8B543EDECDCFE2DB">
      <CompanyProductCd>850</CompanyProductCd>
      <Driver id="DF30DB31E5B8E4C0892AD5A640CDF45A9">
        <ItemIdInfo id="IE9AB00CB4A3D4DD5A161ADDED7083357">
          <InsurerId>1</InsurerId>
        </ItemIdInfo>
        <Relationship id="R8E193D5B7CEC412DB79DB0BBCD6CE61E" RelationshipToRef="I4013847185C7426E89D9BF318593510E">
          <RelationshipToCd>IN</RelationshipToCd>
        </Relationship>
        <Relationship id="R0979DD6A458048F2949E2C6A4AC67E66" RelationshipToRef="VB125881C66FF486883C00CDB3989CA6D">
          <RelationshipToCd>DRV</RelationshipToCd>
          <RelationshipDesc>PRINCIPAL</RelationshipDesc>
        </Relationship>
        <Relationship id="RD1AC079EC50748B8ACA0C28F48ADF98C" RelationshipToRef="VF5611C87B699472FA5C06C1D5C296B0C">
          <RelationshipToCd>DRV</RelationshipToCd>
          <RelationshipDesc>PRINCIPAL</RelationshipDesc>
        </Relationship>
        <License id="LEB0EC76E082B45ADA5029C571E514AE1">
          <LicenseTypeCd>Driver</LicenseTypeCd>
          <LicenseStatusCd>VALID</LicenseStatusCd>
          <LicensePermitNumber>1CLR73163</LicensePermitNumber>
          <StateProvCd>AZ</StateProvCd>
        </License>
        <Addr id="ABC9A4A6A9B714F5C9B91F549508349E7">
          <AddrTypeCd>InsuredsAddress</AddrTypeCd>
          <Addr1>102 E 9th St</Addr1>
          <City>Douglas</City>
          <StateProvCd>AZ</StateProvCd>
          <PostalCode>85607-2151</PostalCode>
          <CountryCd>USA</CountryCd>
          <Latitude>31.343565</Latitude>
          <Longitude>-109.559844</Longitude>
          <County>Cochise County</County>
          <AddrExt id="AF3020F3858D249D2B5ACC0CE97019750">
            <WBAddressStandardization id="W27C02CEAABE44793BE6CFD1A23982848">
              <WBAddrStandardizeStreetName>9th</WBAddrStandardizeStreetName>
              <WBAddrStandardizeStreetTypeCd>St</WBAddrStandardizeStreetTypeCd>
              <WBAddrStandardizeStreetNumber>102</WBAddrStandardizeStreetNumber>
              <WBConfidence>100</WBConfidence>
              <WBAddrStandardizeLeadingDirectional>E</WBAddrStandardizeLeadingDirectional>
              <WBAddrStandardizeStatus>Accepted</WBAddrStandardizeStatus>
            </WBAddressStandardization>
          </AddrExt>
        </Addr>
        <Addr id="A6085960C29174F2FB34ACFD1F4F926C0">
          <AddrTypeCd>MailingAddress</AddrTypeCd>
          <Addr1>102 E 9th St</Addr1>
          <City>Douglas</City>
          <StateProvCd>AZ</StateProvCd>
          <PostalCode>85607-2151</PostalCode>
          <CountryCd>USA</CountryCd>
          <Latitude>31.343565</Latitude>
          <Longitude>-109.559844</Longitude>
          <County>Cochise County</County>
          <AddrExt id="A189730257BE24BED9FB41653CDF40D08">
            <WBAddressStandardization id="W1A0272DBDAF14E60B7017BFFF40A6451">
              <WBAddrStandardizeStreetName>9th</WBAddrStandardizeStreetName>
              <WBAddrStandardizeStreetTypeCd>St</WBAddrStandardizeStreetTypeCd>
              <WBAddrStandardizeStreetNumber>102</WBAddrStandardizeStreetNumber>
              <WBConfidence>100</WBConfidence>
              <WBAddrStandardizeLeadingDirectional>E</WBAddrStandardizeLeadingDirectional>
              <WBAddrStandardizeStatus>Accepted</WBAddrStandardizeStatus>
            </WBAddressStandardization>
          </AddrExt>
        </Addr>
        <Surname>BRITT</Surname>
        <GivenName>JAMES</GivenName>
        <GenderCd>M</GenderCd>
        <BirthDt>1945-02-04</BirthDt>
        <MaritalStatusCd>M</MaritalStatusCd>
        <OccupationClassCd>ADM</OccupationClassCd>
        <QuestionAnswer id="Q36BD6F148D4D41F7A59D18FAF26C887C">
          <QuestionCd>DRV05</QuestionCd>
          <YesNoCd>YES</YesNoCd>
          <QuestionText>isIndiviualLicensed</QuestionText>
        </QuestionAnswer>
        <QuestionAnswer id="Q303A0498B5D0471DAC78DE3FFC2F86B3">
          <QuestionCd>DRV04</QuestionCd>
          <YesNoCd>YES</YesNoCd>
          <QuestionText>licensedLastFive</QuestionText>
        </QuestionAnswer>
        <QuestionAnswer id="Q8CF4403F7FE34E4CAE31FE0586AE0002">
          <QuestionCd>DRV06</QuestionCd>
          <YesNoCd>YES</YesNoCd>
          <QuestionAnswerExt id="Q1A2A923D344B4539AE8E7E34855190C4">
            <WBOverrideInfo id="W273543A90A6D4D96B004F8AC4910B649">
              <WBOverrideType>UWQ</WBOverrideType>
              <WBOverrideCategory>PriorCarrier</WBOverrideCategory>
              <WBOverrideCd>MultPriorCarrier</WBOverrideCd>
              <WBOverrideValue>YES</WBOverrideValue>
            </WBOverrideInfo>
          </QuestionAnswerExt>
        </QuestionAnswer>
        <ContinuousInsuranceCd>Continuous6To11Months</ContinuousInsuranceCd>
        <DriverExt id="DBA21ED2685364B8DAF551FB15E6A4696">
          <YouthfulInd>0</YouthfulInd>
          <WBIsMinor>0</WBIsMinor>
          <WBRiskTerm id="W258F2A2908774DC480C0E6EEF3618827">
            <WBRiskEffectiveDt>2020-06-06</WBRiskEffectiveDt>
            <WBRiskExpirationDt>2021-06-06</WBRiskExpirationDt>
          </WBRiskTerm>
          <WBDriverAge>75</WBDriverAge>
          <WBDriverIncidentEligiblePoints>0</WBDriverIncidentEligiblePoints>
          <WBInexperiencedOperatorInd>0</WBInexperiencedOperatorInd>
          <WBAdvantageDriverInd>0</WBAdvantageDriverInd>
          <WBCleanRecordThreeYrInd>1</WBCleanRecordThreeYrInd>
          <WBCleanRecordFiveYrInd>1</WBCleanRecordFiveYrInd>
          <WBDriverIncidentScore>-5</WBDriverIncidentScore>
        </DriverExt>
        <DriverTypeCd />
        <TitlePrefix />
        <NameSuffix />
        <OtherGivenName />
      </Driver>
      <Vehicle id="VB125881C66FF486883C00CDB3989CA6D" RatedDriverRef="DF30DB31E5B8E4C0892AD5A640CDF45A9">
        <ItemIdInfo id="I8CC875F5A56946EAA59B62B8A06E1464">
          <InsurerId>4</InsurerId>
        </ItemIdInfo>
        <Manufacturer>NISSAN</Manufacturer>
        <ManufacturerCd>NSSN</ManufacturerCd>
        <Model>ARMADA SE/TITANIUM/PLATINUM</Model>
        <ModelCd>ARMADA</ModelCd>
        <ModelYear>2010</ModelYear>
        <VehBodyTypeCd>PU</VehBodyTypeCd>
        <Registration id="R16FEE3163E6042B884CD27B274972336">
          <StateProvCd>AZ</StateProvCd>
        </Registration>
        <Horsepower id="H9088E3E73FA34BF2A500BF0C00CF77CD">
          <NumUnits>5.6</NumUnits>
        </Horsepower>
        <VehIdentificationNumber>5N1AA0ND3AN614098</VehIdentificationNumber>
        <GrossVehWeight id="G8CB18AB6A061432A957675664F00B250">
          <NumUnits>7150</NumUnits>
        </GrossVehWeight>
        <VehPerformanceCd>BASIC</VehPerformanceCd>
        <BIPDSymbolCd>300</BIPDSymbolCd>
        <MedPayPIPLiabilitySymbolCd>520</MedPayPIPLiabilitySymbolCd>
        <Addr id="A17301BF9976B4CEEAA849603D12FD8F4">
          <AddrTypeCd>GaragingAddress</AddrTypeCd>
          <Addr1>102 E 9th St</Addr1>
          <City>Douglas</City>
          <StateProvCd>AZ</StateProvCd>
          <PostalCode>85607-2151</PostalCode>
          <CountryCd>USA</CountryCd>
          <Latitude>31.343565</Latitude>
          <Longitude>-109.559844</Longitude>
          <County>Cochise County</County>
          <Region>58</Region>
          <AddrExt id="ABD2E90B7CF774FCBB91216A0B528EF8F">
            <WBRatedZipCd>85607</WBRatedZipCd>
            <WBRatedVehicleStateProvCd>AZ</WBRatedVehicleStateProvCd>
            <WBAddressStandardization id="W764E2D2DFE764CE1B1CDE45E3971688C">
              <WBAddrStandardizeStreetName>9th</WBAddrStandardizeStreetName>
              <WBAddrStandardizeStreetTypeCd>St</WBAddrStandardizeStreetTypeCd>
              <WBAddrStandardizeStreetNumber>102</WBAddrStandardizeStreetNumber>
              <WBConfidence>100</WBConfidence>
              <WBAddrStandardizeLeadingDirectional>E</WBAddrStandardizeLeadingDirectional>
              <WBAddrStandardizeStatus>Accepted</WBAddrStandardizeStatus>
            </WBAddressStandardization>
          </AddrExt>
        </Addr>
        <Coverage id="CA3F0AD1691FE4FAA8BB544494BCE18AA">
          <CoverageCd>CSL</CoverageCd>
          <Limit id="L6806BDBF11C6414786C09B3258C2540E">
            <FormatCurrencyAmt id="F9715BD9CA3134EC69CF58D2C0736E321">
              <Amt>100000</Amt>
            </FormatCurrencyAmt>
            <LimitAppliesToCd>PerAcc</LimitAppliesToCd>
          </Limit>
          <CreditOrSurcharge id="CF7BD9327FA2045BFBFD7A139E04675A3">
            <CreditSurchargeCd>LFREE</CreditSurchargeCd>
            <NumericValue id="NBB46EE0F72CF450EA48938F852CC0BCC" />
            <SecondaryCd>CFAEST</SecondaryCd>
            <WBRatingAppliedInd>0</WBRatingAppliedInd>
          </CreditOrSurcharge>
          <EffectiveDt>2020-06-06</EffectiveDt>
          <ExpirationDt>2021-06-06</ExpirationDt>
          <CoverageSupplement id="CF6BF82143D0B419385072FD0216CE2BC">
            <CoverageSubCd>CSL</CoverageSubCd>
          </CoverageSupplement>
          <CoverageExt id="C1A3DAEFE7D374CC48262400FBA3EC64D">
            <WBOnsetOffsetPremiumInfo id="W24577CE87FEB4C77898C91468BBCBE3C">
              <WBCurrentTermOnsetAmt id="WCFCB3D1E477042BCB0473BA694EE5FBA">
                <Amt>272</Amt>
              </WBCurrentTermOnsetAmt>
              <WBCurrentTermOffsetAmt id="W571AE1DF28AE4A9AB9E8A37822A6F74E">
                <Amt>0</Amt>
              </WBCurrentTermOffsetAmt>
            </WBOnsetOffsetPremiumInfo>
            <WBPremiumInfo id="W42DDA224D33248BD9E57629DD0446A5D">
              <WBCurrentTermAmt id="W1C8467377125489DB7E183434083D82F">
                <Amt>272</Amt>
              </WBCurrentTermAmt>
              <WBNetChangeAmt id="W9CF113443D3340D2844111C1306F0AEB">
                <Amt>272</Amt>
              </WBNetChangeAmt>
              <WBWrittenAmt id="W1E4F1419FD3649E9A08C25F25A6F8976">
                <Amt>272</Amt>
              </WBWrittenAmt>
              <WBPriorCurrentTermAmt id="W533EA1210A4646EA8F4B125A4D5F5D96">
                <Amt>0</Amt>
              </WBPriorCurrentTermAmt>
              <WBPriorWrittenAmt id="W8BB169E162E54C0BB55B02132FFF95C3">
                <Amt>0</Amt>
              </WBPriorWrittenAmt>
              <WBCancelAmt id="WDD505B11D33E4D2CBAF6E6EEAA6F2558">
                <Amt>0</Amt>
              </WBCancelAmt>
            </WBPremiumInfo>
          </CoverageExt>
        </Coverage>
        <Coverage id="C1C7B9907E2FA40CCAD500238707B41A0">
          <CoverageCd>UMCSL</CoverageCd>
          <Limit id="L460AABBE76BB4D279596BA03AD5D64DC">
            <FormatCurrencyAmt id="FD13BF154CED044708449BF4FF60D329E">
              <Amt>100000</Amt>
            </FormatCurrencyAmt>
            <LimitAppliesToCd>PerAcc</LimitAppliesToCd>
          </Limit>
          <CreditOrSurcharge id="C4E3CC6EAA97742DC8B8127B331705752">
            <CreditSurchargeCd>LFREE</CreditSurchargeCd>
            <NumericValue id="N9FB4C5543C46493C80792F7AFE4FB948" />
            <SecondaryCd>CFAEST</SecondaryCd>
            <WBRatingAppliedInd>0</WBRatingAppliedInd>
          </CreditOrSurcharge>
          <EffectiveDt>2020-06-06</EffectiveDt>
          <ExpirationDt>2021-06-06</ExpirationDt>
          <CoverageSupplement id="C06C77A728E784900A1A6C90CF85BF25E">
            <CoverageSubCd>UMCSL</CoverageSubCd>
          </CoverageSupplement>
          <CoverageExt id="C4CB9AEF5892A420F809F45A90B8530D4">
            <WBOnsetOffsetPremiumInfo id="W5E1D4864ECBC46619D79826C9B9D19F8">
              <WBCurrentTermOnsetAmt id="WA6F39C181DA346CC81114D855A49A8C4">
                <Amt>45</Amt>
              </WBCurrentTermOnsetAmt>
              <WBCurrentTermOffsetAmt id="WA3D0BFB053EA41C7BF74C9688A0F45A9">
                <Amt>0</Amt>
              </WBCurrentTermOffsetAmt>
            </WBOnsetOffsetPremiumInfo>
            <WBPremiumInfo id="WC11EF188347A46E5BF9D59C9011FAE9A">
              <WBCurrentTermAmt id="W784EF0B2F8C245D2B36662FF1DE6ACCF">
                <Amt>45</Amt>
              </WBCurrentTermAmt>
              <WBNetChangeAmt id="WEBDDFEA6A1F549C0AD655FFD8407376C">
                <Amt>45</Amt>
              </WBNetChangeAmt>
              <WBWrittenAmt id="W79A29996FD874291983D2EE6ACA6B75D">
                <Amt>45</Amt>
              </WBWrittenAmt>
              <WBPriorCurrentTermAmt id="W68BAEF65D6DA4D8EB18081224DCDFF63">
                <Amt>0</Amt>
              </WBPriorCurrentTermAmt>
              <WBPriorWrittenAmt id="W70E05701492443798D72173C49E08319">
                <Amt>0</Amt>
              </WBPriorWrittenAmt>
              <WBCancelAmt id="WEF541CE0AE394975BC860F830A896D99">
                <Amt>0</Amt>
              </WBCancelAmt>
            </WBPremiumInfo>
          </CoverageExt>
        </Coverage>
        <Coverage id="CF94E46C2F8A8468C98C65B604D06572A">
          <CoverageCd>UNCSL</CoverageCd>
          <Limit id="LA3B1B69B772942EABFE0FF9A30A8962F">
            <FormatCurrencyAmt id="FAF44F94432354369804FB8DA0B8D8230">
              <Amt>100000</Amt>
            </FormatCurrencyAmt>
            <LimitAppliesToCd>PerAcc</LimitAppliesToCd>
          </Limit>
          <CreditOrSurcharge id="C9B2F53500BE64A649C37D6558EFE7887">
            <CreditSurchargeCd>LFREE</CreditSurchargeCd>
            <NumericValue id="NEA090C610DB24BE6A5399118CAD3E8E4" />
            <SecondaryCd>CFAEST</SecondaryCd>
            <WBRatingAppliedInd>0</WBRatingAppliedInd>
          </CreditOrSurcharge>
          <EffectiveDt>2020-06-06</EffectiveDt>
          <ExpirationDt>2021-06-06</ExpirationDt>
          <CoverageSupplement id="CCD2588F72AB84032AC2F3F1E4789707C">
            <CoverageSubCd>UNDMCSL</CoverageSubCd>
          </CoverageSupplement>
          <CoverageExt id="C762CC6695F834378B17239B0B51F1722">
            <WBOnsetOffsetPremiumInfo id="W7A1B5EB690B04B00ACD93FE65C398111">
              <WBCurrentTermOnsetAmt id="WD756B008EAEF4BCB8894EBAB950798A4">
                <Amt>39</Amt>
              </WBCurrentTermOnsetAmt>
              <WBCurrentTermOffsetAmt id="W0D2889413AEF4109BADAA17770516464">
                <Amt>0</Amt>
              </WBCurrentTermOffsetAmt>
            </WBOnsetOffsetPremiumInfo>
            <WBPremiumInfo id="W122F3C362ECF4F2498F6B3F2914E5312">
              <WBCurrentTermAmt id="W41987A4592454570B58702388F8A868C">
                <Amt>39</Amt>
              </WBCurrentTermAmt>
              <WBNetChangeAmt id="W45BE3BB37B764EF7B632299B08B25BB6">
                <Amt>39</Amt>
              </WBNetChangeAmt>
              <WBWrittenAmt id="W212768CA42A54453A294A227595A2F3E">
                <Amt>39</Amt>
              </WBWrittenAmt>
              <WBPriorCurrentTermAmt id="W1C823F0347134C9F878C814DE45317B3">
                <Amt>0</Amt>
              </WBPriorCurrentTermAmt>
              <WBPriorWrittenAmt id="WB2983F8CFC3E44B3B044A8DF6E8C6387">
                <Amt>0</Amt>
              </WBPriorWrittenAmt>
              <WBCancelAmt id="W36FC637CE92A40FB8356D169F8E3F5AA">
                <Amt>0</Amt>
              </WBCancelAmt>
            </WBPremiumInfo>
          </CoverageExt>
        </Coverage>
        <Coverage id="C7E0D66E41CAC4D0C8402FAEE61B38B2C">
          <CoverageCd>MEDPM</CoverageCd>
          <Limit id="L187182FE3F94457D9CD5069FD27DE208">
            <FormatCurrencyAmt id="FBFEB9138182640DAB50AEC517CAEC895">
              <Amt>1000</Amt>
            </FormatCurrencyAmt>
            <LimitAppliesToCd>PerPerson</LimitAppliesToCd>
          </Limit>
          <EffectiveDt>2020-06-06</EffectiveDt>
          <ExpirationDt>2021-06-06</ExpirationDt>
          <CoverageSupplement id="CB5ED34CAE8E946B88CEC43637581B01A">
            <CoverageSubCd>MP</CoverageSubCd>
          </CoverageSupplement>
          <CoverageExt id="C45CA95811B154677A5031639C4870569">
            <WBOnsetOffsetPremiumInfo id="W4DC70A2F5580429C961B0FA7AE51BE45">
              <WBCurrentTermOnsetAmt id="WC4FD115BE0324D679D874C6D33EB619F">
                <Amt>24</Amt>
              </WBCurrentTermOnsetAmt>
              <WBCurrentTermOffsetAmt id="WA7C74BFD42FF459BA5A920680C71DA05">
                <Amt>0</Amt>
              </WBCurrentTermOffsetAmt>
            </WBOnsetOffsetPremiumInfo>
            <WBPremiumInfo id="WC1B16F9802734A7785C2121F52DA42CA">
              <WBCurrentTermAmt id="WE1D8AB76A58C43F19BE95B95A489A16B">
                <Amt>24</Amt>
              </WBCurrentTermAmt>
              <WBNetChangeAmt id="W9CD41063EE2245019E73ABBB891CDD0A">
                <Amt>24</Amt>
              </WBNetChangeAmt>
              <WBWrittenAmt id="W25A17E72A38C42D79CFEC22F78616650">
                <Amt>24</Amt>
              </WBWrittenAmt>
              <WBPriorCurrentTermAmt id="W14284C26B6A248E5BAB288F702020FF9">
                <Amt>0</Amt>
              </WBPriorCurrentTermAmt>
              <WBPriorWrittenAmt id="W1B5EE3702128468081B91F1C6E02849B">
                <Amt>0</Amt>
              </WBPriorWrittenAmt>
              <WBCancelAmt id="W66EB04C6235A44CC8ECAD6C257F74FD1">
                <Amt>0</Amt>
              </WBCancelAmt>
            </WBPremiumInfo>
          </CoverageExt>
        </Coverage>
        <Coverage id="C04F31860BE9544DDBB169B481ACD2482">
          <CoverageCd>TPAC</CoverageCd>
          <CoverageTypeCd>Fee</CoverageTypeCd>
          <EffectiveDt>2020-06-06</EffectiveDt>
          <ExpirationDt>2021-06-06</ExpirationDt>
          <CoverageSupplement id="CD6B22C390FBD48798760F51F7DC44931">
            <CoverageSubCd>AATA</CoverageSubCd>
          </CoverageSupplement>
          <CoverageExt id="C21CB11DB0CD941D2A66515086838E236">
            <WBOnsetOffsetPremiumInfo id="WF257F63CE8BA4C04B1F6299151F0652A">
              <WBCurrentTermOnsetAmt id="W2F1F4CAB1AA1412F82DD9DE148F2D94E">
                <Amt>1</Amt>
              </WBCurrentTermOnsetAmt>
              <WBCurrentTermOffsetAmt id="WC4E523843D594C46B31B3DF07174DA11">
                <Amt>0</Amt>
              </WBCurrentTermOffsetAmt>
            </WBOnsetOffsetPremiumInfo>
            <WBPremiumInfo id="W65DA382D74334AD3BE6E271A781D27BD">
              <WBCurrentTermAmt id="W6BC3D74053EB4354A7A17E0ED4F0503C">
                <Amt>1</Amt>
              </WBCurrentTermAmt>
              <WBNetChangeAmt id="W18C4A291206B40ADAD86097BA3A4738C">
                <Amt>1</Amt>
              </WBNetChangeAmt>
              <WBWrittenAmt id="WB5E1C40328514D7DAC8830A6A82F76DB">
                <Amt>1</Amt>
              </WBWrittenAmt>
              <WBPriorCurrentTermAmt id="W8D01CA2901A4480F9EA546D688B71A66">
                <Amt>0</Amt>
              </WBPriorCurrentTermAmt>
              <WBPriorWrittenAmt id="W9F6448BFF37E48AAA7952E648058968A">
                <Amt>0</Amt>
              </WBPriorWrittenAmt>
              <WBCancelAmt id="W3455648912D644ABA5B01AD99D5095B6">
                <Amt>0</Amt>
              </WBCancelAmt>
            </WBPremiumInfo>
          </CoverageExt>
        </Coverage>
        <CreditOrSurcharge id="CCA40EA625857453AAB192EBE768D3B3E">
          <SecondaryCd>LDM</SecondaryCd>
          <WBRatingAppliedInd>0</WBRatingAppliedInd>
        </CreditOrSurcharge>
        <CreditOrSurcharge id="CCC519967913948999C904C9F5930F104">
          <SecondaryCd>BSM</SecondaryCd>
          <WBRatingAppliedInd>0</WBRatingAppliedInd>
        </CreditOrSurcharge>
        <CreditOrSurcharge id="CAFACAB57BFAD4939AEE5ECFB8B0395F0">
          <SecondaryCd>FCAWB</SecondaryCd>
          <WBRatingAppliedInd>0</WBRatingAppliedInd>
        </CreditOrSurcharge>
        <CreditOrSurcharge id="CB07E048E9A544F059A311BDE7A4807FE">
          <SecondaryCd>FCAWOB</SecondaryCd>
          <WBRatingAppliedInd>0</WBRatingAppliedInd>
        </CreditOrSurcharge>
        <CreditOrSurcharge id="C7887078881E14B22AE45B1C445F813E3">
          <SecondaryCd>AHS</SecondaryCd>
          <WBRatingAppliedInd>0</WBRatingAppliedInd>
        </CreditOrSurcharge>
        <CreditOrSurcharge id="CF5417BAE8DFD46A1AF7A135F3D9501C7">
          <SecondaryCd>AOM</SecondaryCd>
          <WBRatingAppliedInd>0</WBRatingAppliedInd>
        </CreditOrSurcharge>
        <CreditOrSurcharge id="C1BA4ED5C24914640918E202E72A67CE7">
          <SecondaryCd>BWS</SecondaryCd>
          <WBRatingAppliedInd>0</WBRatingAppliedInd>
        </CreditOrSurcharge>
        <CreditOrSurcharge id="CEFAB652EDD3747E8ADFCC0EB3DFDAAAF">
          <SecondaryCd>DFSS</SecondaryCd>
          <WBRatingAppliedInd>0</WBRatingAppliedInd>
        </CreditOrSurcharge>
        <CreditOrSurcharge id="C9098ACC10F494F6A92B55040E48C6EE5">
          <SecondaryCd>GDSTD</SecondaryCd>
          <WBRatingAppliedInd>0</WBRatingAppliedInd>
        </CreditOrSurcharge>
        <CreditOrSurcharge id="CF84A2A2D288A44BD9D1F2E9FABEA4437">
          <SecondaryCd>GRSTD</SecondaryCd>
          <WBRatingAppliedInd>0</WBRatingAppliedInd>
        </CreditOrSurcharge>
        <CreditOrSurcharge id="C6E81E5B99B3A47F2AEAB13174FAF69B7">
          <SecondaryCd>RSTD</SecondaryCd>
          <WBRatingAppliedInd>0</WBRatingAppliedInd>
        </CreditOrSurcharge>
        <CreditOrSurcharge id="C71D6FD7976D340D18C0D0A3474A0C000">
          <SecondaryCd>MIL</SecondaryCd>
          <WBRatingAppliedInd>0</WBRatingAppliedInd>
        </CreditOrSurcharge>
        <CreditOrSurcharge id="C5C3C4D1177B74BD992F58236FBFFFC6D">
          <SecondaryCd>DED</SecondaryCd>
          <WBRatingAppliedInd>1</WBRatingAppliedInd>
        </CreditOrSurcharge>
        <CreditOrSurcharge id="C11C3A382ECEF4D4E8AAE125F27A72581">
          <SecondaryCd>AVS</SecondaryCd>
          <WBRatingAppliedInd>0</WBRatingAppliedInd>
        </CreditOrSurcharge>
        <ComprehensiveOTCSymbolCd>16</ComprehensiveOTCSymbolCd>
        <CollisionSymbolCd>16</CollisionSymbolCd>
        <QuestionAnswer id="Q3F9649DD16384B0CB70B39529C823EB4">
          <QuestionCd>VEH01</QuestionCd>
          <YesNoCd>NO</YesNoCd>
        </QuestionAnswer>
        <QuestionAnswer id="Q2AE78DADE3AC4AAEBC018A96333C1B43">
          <QuestionCd>VEH02</QuestionCd>
          <YesNoCd>DRV</YesNoCd>
          <Explanation>1</Explanation>
        </QuestionAnswer>
        <QuestionAnswer id="QD5B725A5CA24448DBB7A01534FCB7F78">
          <QuestionCd>VEH09</QuestionCd>
          <YesNoCd>NO</YesNoCd>
        </QuestionAnswer>
        <VehicleExt id="V6C4222EDB7FC44E5A556B7BF1CE842F2">
          <ClassCode>1275</ClassCode>
          <WBMileage id="WA955DFEBF72D4E239882EBB4930FAD1E">
            <WBReportDtTime>2020-03-30T16:01:49</WBReportDtTime>
            <WBCarFaxBodyStyleDesc>4 Door Wagon/Sport Utility</WBCarFaxBodyStyleDesc>
            <WBAnnualMileageMAMCd>X</WBAnnualMileageMAMCd>
            <WBAnnualMileageSource>Carfax</WBAnnualMileageSource>
            <WBCarFaxLastAcquisitionDt>2013-08-30</WBCarFaxLastAcquisitionDt>
            <WBRatedDrivingExposure>10568</WBRatedDrivingExposure>
            <WBCarFaxModeledAnnualMileage>13803</WBCarFaxModeledAnnualMileage>
            <WBCarFaxLengthOwned>81</WBCarFaxLengthOwned>
          </WBMileage>
          <WBISOBodyStyleDesc>Utility Vehicle - Two-Wheel Drive 4-Door</WBISOBodyStyleDesc>
          <WBFinancialResponsibilityCnt>0</WBFinancialResponsibilityCnt>
          <WBRiskTerm id="WB22FF988411846378EE9D068AC850091">
            <WBRiskEffectiveDt>2020-06-06</WBRiskEffectiveDt>
            <WBRiskExpirationDt>2021-06-06</WBRiskExpirationDt>
          </WBRiskTerm>
          <WBSubtotalInfo id="W827CDE956B394835B3CD61A3DC61112A">
            <WBSubtotalInfoTypeCd>CFA</WBSubtotalInfoTypeCd>
            <WBCurrentTermAmt id="W0D4A530C136149CA8472351134BC57E8">
              <Amt>11</Amt>
            </WBCurrentTermAmt>
          </WBSubtotalInfo>
          <WBSubtotalInfo id="W2DE3E1451C3B4809BED07D803BDA16E5">
            <WBSubtotalInfoTypeCd>VEH</WBSubtotalInfoTypeCd>
            <WBCurrentTermAmt id="WD83B91A9890346EDBF8D549F843A9E59">
              <Amt>380</Amt>
            </WBCurrentTermAmt>
          </WBSubtotalInfo>
          <WBVehicleAge>10</WBVehicleAge>
          <WBRecordInfo id="W9B9F550F5A4C4AC3995F92DAF2B3A56D">
            <WBRecordModifyType>O</WBRecordModifyType>
            <WBRecordSource>APP-PREFILL</WBRecordSource>
          </WBRecordInfo>
          <WBThirdPartyReport id="WE9B6F6D984EB45DFA9F7BBAF96919059">
            <WBReportTypeCd>VINMASTER</WBReportTypeCd>
            <WBReportOrderStatus>Returned</WBReportOrderStatus>
          </WBThirdPartyReport>
          <WBOnsetOffsetPremiumInfo id="W079AF37835C848EAB8D06F4A6F27D354">
            <WBCurrentTermOnsetAmt id="WCF0DE4BA00954D5188443005D1D1ACB9" />
            <WBCurrentTermOffsetAmt id="WEF68495068E74363BAAD400B07070CBD" />
          </WBOnsetOffsetPremiumInfo>
          <WBPremiumInfo id="W1E05D2258CF54A7881468BF6FC4D4870">
            <WBCurrentTermAmt id="W35CD605E655C4986907621641C752EFC">
              <Amt>381</Amt>
            </WBCurrentTermAmt>
            <WBNetChangeAmt id="W0D94B81931AD4085AB48EEBDE87FB125">
              <Amt>381</Amt>
            </WBNetChangeAmt>
            <WBWrittenAmt id="W4A783D7EC4FA489C97DB725BBF75E91F">
              <Amt>381</Amt>
            </WBWrittenAmt>
            <WBPriorCurrentTermAmt id="WBC69F5959BA6482F8B2784128B5D8009">
              <Amt>0</Amt>
            </WBPriorCurrentTermAmt>
            <WBPriorWrittenAmt id="W875FE90066A344B0A537F52255680A5A">
              <Amt>0</Amt>
            </WBPriorWrittenAmt>
            <WBCancelAmt id="W245986BA74C147108B8AC6948FFC3E02" />
          </WBPremiumInfo>
          <WBPhysicalDamageOnlyInd>0</WBPhysicalDamageOnlyInd>
          <WBCustomEquipInd>0</WBCustomEquipInd>
          <WBVehicleIncidentScore>-5</WBVehicleIncidentScore>
          <WBISSClassCode>4099</WBISSClassCode>
          <Form id="F3BBF5CFC20E7404BB7CACCD444F2B085">
            <FormNumber>PP0001Q</FormNumber>
            <EditionDt>2019-01-01</EditionDt>
            <FormName>Personal Auto Policy</FormName>
            <EffectiveDt>2020-06-06</EffectiveDt>
          </Form>
          <Form id="F5AD76DC18F92479C9E3E02712FEBB00C">
            <FormNumber>PP0167Q</FormNumber>
            <EditionDt>2019-06-01</EditionDt>
            <FormName>Amendment of Policy Provisions - AZ</FormName>
            <EffectiveDt>2020-06-06</EffectiveDt>
          </Form>
          <Form id="FD4F424B048274C65A922AE622FA90086">
            <FormNumber>PP0267Q</FormNumber>
            <EditionDt>2019-01-01</EditionDt>
            <FormName>Termination Provisions - AZ</FormName>
            <EffectiveDt>2020-06-06</EffectiveDt>
          </Form>
          <Form id="F02A690A6469A4E209822024425C5DFFE">
            <FormNumber>PP0477Q</FormNumber>
            <EditionDt>2019-01-01</EditionDt>
            <FormName>Uninsured Motorists Coverage - AZ</FormName>
            <EffectiveDt>2020-06-06</EffectiveDt>
          </Form>
          <Form id="F979850BF882849BB9B48D9716841F528">
            <FormNumber>PP0489Q</FormNumber>
            <EditionDt>2019-01-01</EditionDt>
            <FormName>Underinsured Motorists Coverage - AZ</FormName>
            <EffectiveDt>2020-06-06</EffectiveDt>
          </Form>
          <WBAdaptiveHeadlightSystemInd>0</WBAdaptiveHeadlightSystemInd>
          <WBAutonomousOperationsModeInd>0</WBAutonomousOperationsModeInd>
          <WBBackupWarningSystemInd>0</WBBackupWarningSystemInd>
          <WBBlindSpotLaneOrDepartureMonitoringCd />
          <WBDriverFatigueSensingSystemInd>0</WBDriverFatigueSensingSystemInd>
          <WBForwardCrashAvoidanceCd />
        </VehicleExt>
      </Vehicle>
      <Vehicle id="V953DAD8C0DE048128B491D51C3DA09FA" RatedDriverRef="">
        <ItemIdInfo id="IBD9920775C8845F7B4839A54D5972BE5">
          <InsurerId>5</InsurerId>
        </ItemIdInfo>
        <Manufacturer>CHEVROLET</Manufacturer>
        <ManufacturerCd>CHEV</ManufacturerCd>
        <Model>IMPALA LS</Model>
        <ModelCd>IMPALA</ModelCd>
        <ModelYear>2008</ModelYear>
        <VehBodyTypeCd>PP</VehBodyTypeCd>
        <Registration id="RCA797417EB584A32B209205F54004161">
          <StateProvCd>AZ</StateProvCd>
        </Registration>
        <Horsepower id="HF70F927DC93C4BF883AF7367858C8E91">
          <NumUnits>3.5</NumUnits>
        </Horsepower>
        <VehIdentificationNumber>2G1WB58K989238768</VehIdentificationNumber>
        <GrossVehWeight id="G32BC61DA4934464ABCBF676230C48A0D">
          <NumUnits>9999</NumUnits>
        </GrossVehWeight>
        <InspectionInfo id="I99E144512C1547EFA3BC92ADA01591F8">
          <VehInspectionInfo id="V27CD6511C4B74ED0ADF11CB35275D1D1">
            <VehEquipment id="VAF556BFBAE0D40C49D2A0AED22F39048">
              <VehEquipmentCd>AdaptiveHeadlights</VehEquipmentCd>
            </VehEquipment>
            <VehEquipment id="VF0912BCB97664C52A2EB5F500B581157">
              <VehEquipmentCd>BackupWarning</VehEquipmentCd>
            </VehEquipment>
          </VehInspectionInfo>
        </InspectionInfo>
        <VehPerformanceCd>BASIC</VehPerformanceCd>
        <BIPDSymbolCd>315</BIPDSymbolCd>
        <MedPayPIPLiabilitySymbolCd>520</MedPayPIPLiabilitySymbolCd>
        <Addr id="A94D962E7A2F148D89E137870BA58B540">
          <AddrTypeCd>GaragingAddress</AddrTypeCd>
          <Addr1>102 E 9th St</Addr1>
          <City>Douglas</City>
          <StateProvCd>AZ</StateProvCd>
          <PostalCode>85607-2151</PostalCode>
          <CountryCd>USA</CountryCd>
          <Latitude>31.343565</Latitude>
          <Longitude>-109.559844</Longitude>
          <County>Cochise County</County>
          <Region>58</Region>
          <AddrExt id="AAE3F7AEB47D34FF2886A7CA4C7A624EC">
            <WBRatedZipCd>85607</WBRatedZipCd>
            <WBRatedVehicleStateProvCd>AZ</WBRatedVehicleStateProvCd>
            <WBAddressStandardization id="WF18001DA9662428DAC481C00877DDD4A">
              <WBAddrStandardizeStreetName>9th</WBAddrStandardizeStreetName>
              <WBAddrStandardizeStreetTypeCd>St</WBAddrStandardizeStreetTypeCd>
              <WBAddrStandardizeStreetNumber>102</WBAddrStandardizeStreetNumber>
              <WBConfidence>100</WBConfidence>
              <WBAddrStandardizeLeadingDirectional>E</WBAddrStandardizeLeadingDirectional>
              <WBAddrStandardizeStatus>Accepted</WBAddrStandardizeStatus>
            </WBAddressStandardization>
          </AddrExt>
        </Addr>
        <Coverage id="C778A33B60CCA4D6E9C4D0C2907CED3EE">
          <CoverageCd>COMP</CoverageCd>
          <Deductible id="D3B767B03C6AD4BA4B76CD7813D3ACDBC">
            <FormatCurrencyAmt id="FD3799E1B61D34F15838C881F013B5950">
              <Amt>250</Amt>
            </FormatCurrencyAmt>
            <DeductibleAppliesToCd>ACC</DeductibleAppliesToCd>
          </Deductible>
          <Option id="OB807138F04FF4075AF0A3D60931B572B">
            <OptionCd>FG</OptionCd>
          </Option>
          <CreditOrSurcharge id="C48172ABA06E841048F293D54C888D450">
            <CreditSurchargeCd>LFREE</CreditSurchargeCd>
            <NumericValue id="N811AC72F8856412694E66EADEEF4E950" />
            <SecondaryCd>CFAEST</SecondaryCd>
            <WBRatingAppliedInd>0</WBRatingAppliedInd>
          </CreditOrSurcharge>
          <EffectiveDt>2020-06-06</EffectiveDt>
          <ExpirationDt>2020-06-06</ExpirationDt>
          <CoverageSupplement id="CA845F6C20E9D4CB588ACE525116FCE94">
            <CoverageSubCd>OTC</CoverageSubCd>
          </CoverageSupplement>
          <CoverageExt id="CA52BEA4DC2B94315ADEA14EB7F7786DA">
            <WBOnsetOffsetPremiumInfo id="WFBCEBACDA67A457A9760202F4111D27F">
              <WBCurrentTermOnsetAmt id="W147A1270E2AA44568425E082D3045B82">
                <Amt>0</Amt>
              </WBCurrentTermOnsetAmt>
              <WBCurrentTermOffsetAmt id="WA508EA0A0CA0425C93AE0A972366763A">
                <Amt>0</Amt>
              </WBCurrentTermOffsetAmt>
            </WBOnsetOffsetPremiumInfo>
            <WBPremiumInfo id="W7C0CD479046B464480D9515E164CB841">
              <WBCurrentTermAmt id="W9FA78DA2369A4F98B9665AA37BA81A74">
                <Amt>0</Amt>
                <offset>0</offset>
                <onset>0</onset>
              </WBCurrentTermAmt>
              <WBNetChangeAmt id="WC7C68C389C7C49E5B7E496A50DCB4728">
                <Amt>0</Amt>
              </WBNetChangeAmt>
              <WBWrittenAmt id="WDC7C9DFDE20746C4AA3889975C2AFB84">
                <Amt>0</Amt>
              </WBWrittenAmt>
              <WBPriorCurrentTermAmt id="W61B0CCD76035410C8D1A3B4CB292493C">
                <Amt>0</Amt>
              </WBPriorCurrentTermAmt>
              <WBPriorWrittenAmt id="W259979A6BBD3491885426B2F2C3A2C9A">
                <Amt>0</Amt>
              </WBPriorWrittenAmt>
              <WBCancelAmt id="W0B8BDF5A67444E99B33AF8E3565201F4">
                <Amt>0</Amt>
              </WBCancelAmt>
            </WBPremiumInfo>
          </CoverageExt>
        </Coverage>
        <Coverage id="C60A9047D6230486B82CBAA9CE52B990A">
          <CoverageCd>COLL</CoverageCd>
          <Deductible id="D81AA58A757EC49858FFCF962DB70B487">
            <FormatCurrencyAmt id="F9B508E2EEC2042CE9785C8AF9BB5BB9D">
              <Amt>250</Amt>
            </FormatCurrencyAmt>
            <DeductibleAppliesToCd>ACC</DeductibleAppliesToCd>
          </Deductible>
          <CreditOrSurcharge id="CBADBA3E7B8F64B968E2C53DD5BD1E790">
            <CreditSurchargeCd>LFREE</CreditSurchargeCd>
            <NumericValue id="NC13CE9B21A7D4BF48C0AD73FCC69FBEC" />
            <SecondaryCd>CFAEST</SecondaryCd>
            <WBRatingAppliedInd>0</WBRatingAppliedInd>
          </CreditOrSurcharge>
          <EffectiveDt>2020-06-06</EffectiveDt>
          <ExpirationDt>2020-06-06</ExpirationDt>
          <CoverageSupplement id="CBD784130F65C406F96D1F4E114F04054">
            <CoverageSubCd>COLL</CoverageSubCd>
          </CoverageSupplement>
          <CoverageExt id="CABA11D8D7A034F3E8B591C31E18B6C61">
            <WBOnsetOffsetPremiumInfo id="W4BA0FD1E891A44DAA7EA6499ED197BAE">
              <WBCurrentTermOnsetAmt id="W38B993DA85BE4CE78C2E046F0ABC4B42">
                <Amt>0</Amt>
              </WBCurrentTermOnsetAmt>
              <WBCurrentTermOffsetAmt id="W7ECDC6DE63FA4B6ABBBA4236B5B5FC4A">
                <Amt>0</Amt>
              </WBCurrentTermOffsetAmt>
            </WBOnsetOffsetPremiumInfo>
            <WBPremiumInfo id="WB86BED6BB42B4F7792EB6A4B4354D59E">
              <WBCurrentTermAmt id="W29CF8455FE314C15B483C4D68B3DB92A">
                <Amt>0</Amt>
              </WBCurrentTermAmt>
              <WBNetChangeAmt id="WD6797808DB0C4A7BB0EDA5AE9E95FABA">
                <Amt>0</Amt>
              </WBNetChangeAmt>
              <WBWrittenAmt id="W6FD8246EA9914B68AB6E5419020A060E">
                <Amt>0</Amt>
              </WBWrittenAmt>
              <WBPriorCurrentTermAmt id="W141BADD6A08646A7BABD40DB83336875">
                <Amt>0</Amt>
              </WBPriorCurrentTermAmt>
              <WBPriorWrittenAmt id="W4B6F9EF1FE6344C083E64C2EA526DAE8">
                <Amt>0</Amt>
              </WBPriorWrittenAmt>
              <WBCancelAmt id="W730185F66B784052A0EABC830A75F40B">
                <Amt>0</Amt>
              </WBCancelAmt>
            </WBPremiumInfo>
          </CoverageExt>
        </Coverage>
        <Coverage id="CEA00395294BC4AC7B1333FC220F03E96">
          <CoverageCd>TRNEX</CoverageCd>
          <Limit id="L6B9BC3D75A7E4BBF98A35E277131E172">
            <FormatCurrencyAmt id="F8D10FB205CFA468C8290F25E15DE9CE2">
              <Amt>30</Amt>
            </FormatCurrencyAmt>
            <LimitAppliesToCd>PerDay</LimitAppliesToCd>
          </Limit>
          <Limit id="L161DBBED060C41779493E8767617E084">
            <FormatCurrencyAmt id="F5C7EAA02972A4E5EAAC6FF83CC22F9E7">
              <Amt>900</Amt>
            </FormatCurrencyAmt>
            <LimitAppliesToCd>EachClaim</LimitAppliesToCd>
          </Limit>
          <EffectiveDt>2020-06-06</EffectiveDt>
          <ExpirationDt>2020-06-06</ExpirationDt>
          <CoverageSupplement id="C5CDC135E175C4785836BF1935B95E0E8">
            <CoverageSubCd>TRNSEXP</CoverageSubCd>
          </CoverageSupplement>
          <CoverageExt id="C2786A6B11F2240509FC3D8DFBFF146A8">
            <WBOnsetOffsetPremiumInfo id="W643F5913AA6D4778B571F3F98FB36DDF">
              <WBCurrentTermOnsetAmt id="W6A64025A8A804815A039F90DB00C6753">
                <Amt>0</Amt>
              </WBCurrentTermOnsetAmt>
              <WBCurrentTermOffsetAmt id="WDB4D7F429B1D48E7B220F8E5F3AF55A8">
                <Amt>0</Amt>
              </WBCurrentTermOffsetAmt>
            </WBOnsetOffsetPremiumInfo>
            <WBPremiumInfo id="W7AD4A54357324A5C8FD3CC689061AEF4">
              <WBCurrentTermAmt id="W468F7EECACEC4AF89D6A0A206188E63F">
                <Amt>0</Amt>
              </WBCurrentTermAmt>
              <WBNetChangeAmt id="W53C0EF0589CB44C798173ACC779991D4">
                <Amt>0</Amt>
              </WBNetChangeAmt>
              <WBWrittenAmt id="WC1C74492A4304FF1B2827A02A4ACDC84">
                <Amt>0</Amt>
              </WBWrittenAmt>
              <WBPriorCurrentTermAmt id="WFD06E9D7BD844E33BB9A72108EF68BD5">
                <Amt>0</Amt>
              </WBPriorCurrentTermAmt>
              <WBPriorWrittenAmt id="W14E7FC57DED34646AC554CB9990707B2">
                <Amt>0</Amt>
              </WBPriorWrittenAmt>
              <WBCancelAmt id="WE8C356904E784913BAF6B6537A9A7FE3">
                <Amt>0</Amt>
              </WBCancelAmt>
            </WBPremiumInfo>
          </CoverageExt>
        </Coverage>
        <CreditOrSurcharge id="CD8C0B6C3F6074290A4D6699720CF24C4">
          <SecondaryCd>LDM</SecondaryCd>
          <WBRatingAppliedInd>0</WBRatingAppliedInd>
        </CreditOrSurcharge>
        <CreditOrSurcharge id="CDEAC347C02E6467289096EE85B001111">
          <SecondaryCd>BSM</SecondaryCd>
          <WBRatingAppliedInd>0</WBRatingAppliedInd>
        </CreditOrSurcharge>
        <CreditOrSurcharge id="C141FA7FD68184B29899D756844057921">
          <SecondaryCd>FCAWB</SecondaryCd>
          <WBRatingAppliedInd>0</WBRatingAppliedInd>
        </CreditOrSurcharge>
        <CreditOrSurcharge id="CF68F2BAC530945479B9589BFE832E350">
          <SecondaryCd>FCAWOB</SecondaryCd>
          <WBRatingAppliedInd>0</WBRatingAppliedInd>
        </CreditOrSurcharge>
        <CreditOrSurcharge id="C8C071822BD8D482CA0A32DACB656E481">
          <SecondaryCd>AHS</SecondaryCd>
          <WBRatingAppliedInd>1</WBRatingAppliedInd>
        </CreditOrSurcharge>
        <CreditOrSurcharge id="C6FAD3B62291A41ECA5A28AFF98017A96">
          <SecondaryCd>AOM</SecondaryCd>
          <WBRatingAppliedInd>0</WBRatingAppliedInd>
        </CreditOrSurcharge>
        <CreditOrSurcharge id="C474893E148984ECCB9EA32C74F52876F">
          <SecondaryCd>BWS</SecondaryCd>
          <WBRatingAppliedInd>1</WBRatingAppliedInd>
        </CreditOrSurcharge>
        <CreditOrSurcharge id="C39E4ABE828AB49EDBFC261B0EDD90A92">
          <SecondaryCd>DFSS</SecondaryCd>
          <WBRatingAppliedInd>0</WBRatingAppliedInd>
        </CreditOrSurcharge>
        <CreditOrSurcharge id="C940AD5BD7F5746968F1681146EC49D9A">
          <SecondaryCd>GDSTD</SecondaryCd>
          <WBRatingAppliedInd>0</WBRatingAppliedInd>
        </CreditOrSurcharge>
        <CreditOrSurcharge id="C8FC044E777104589A06DFFC9A66C5A64">
          <SecondaryCd>GRSTD</SecondaryCd>
          <WBRatingAppliedInd>0</WBRatingAppliedInd>
        </CreditOrSurcharge>
        <CreditOrSurcharge id="C5DDD93D2DFB24FFB98B28394988BA0A6">
          <SecondaryCd>RSTD</SecondaryCd>
          <WBRatingAppliedInd>0</WBRatingAppliedInd>
        </CreditOrSurcharge>
        <CreditOrSurcharge id="C345CFC267ECC46179DC6D4CF3E5A1C50">
          <SecondaryCd>MIL</SecondaryCd>
          <WBRatingAppliedInd>0</WBRatingAppliedInd>
        </CreditOrSurcharge>
        <CreditOrSurcharge id="C9D89C6CDF050481EB2E860CC7CC83E88">
          <SecondaryCd>DED</SecondaryCd>
          <WBRatingAppliedInd>1</WBRatingAppliedInd>
        </CreditOrSurcharge>
        <CreditOrSurcharge id="C162777E7CC564210841EB127052F3B69">
          <SecondaryCd>AVS</SecondaryCd>
          <WBRatingAppliedInd>0</WBRatingAppliedInd>
        </CreditOrSurcharge>
        <ComprehensiveOTCSymbolCd>12</ComprehensiveOTCSymbolCd>
        <CollisionSymbolCd>12</CollisionSymbolCd>
        <QuestionAnswer id="Q28C917D94BB14FAC92CA5193AB7D39DB">
          <QuestionCd>VEH01</QuestionCd>
          <YesNoCd>NO</YesNoCd>
        </QuestionAnswer>
        <QuestionAnswer id="QE4DC2B79F01545C1B62CCE03B16225BE">
          <QuestionCd>VEH09</QuestionCd>
          <YesNoCd>NO</YesNoCd>
        </QuestionAnswer>
        <QuestionAnswer id="Q9CA7D82EC1CE455591F7F0E8B888D419">
          <QuestionCd>VEH02</QuestionCd>
          <YesNoCd>DRV</YesNoCd>
          <Explanation>1</Explanation>
        </QuestionAnswer>
        <VehicleExt id="V2D5402AF9FCA42D2B13665EE217C438F">
          <ClassCode>5555</ClassCode>
          <WBMileage id="W0B5947A96F154001861C8DDECB52E758">
            <WBReportDtTime>2020-03-30T16:01:51</WBReportDtTime>
            <WBCarFaxBodyStyleDesc>Sedan 4 DR</WBCarFaxBodyStyleDesc>
            <WBAnnualMileageMAMCd>X</WBAnnualMileageMAMCd>
            <WBAnnualMileageSource>Carfax</WBAnnualMileageSource>
            <WBCarFaxLastAcquisitionDt>2012-04-16</WBCarFaxLastAcquisitionDt>
            <WBRatedDrivingExposure>100</WBRatedDrivingExposure>
            <WBCarFaxModeledAnnualMileage>12991</WBCarFaxModeledAnnualMileage>
            <WBCarFaxLengthOwned>97</WBCarFaxLengthOwned>
          </WBMileage>
          <WBISOBodyStyleDesc>4-Door Sedan</WBISOBodyStyleDesc>
          <WBFinancialResponsibilityCnt>0</WBFinancialResponsibilityCnt>
          <WBRiskTerm id="WF1A5193028134457A75BC08572DE4DA2">
            <WBRiskEffectiveDt>2020-06-06</WBRiskEffectiveDt>
            <WBRiskExpirationDt>2020-06-06</WBRiskExpirationDt>
          </WBRiskTerm>
          <WBSubtotalInfo id="WA2AC289353A84D45A9CA0D4CD20DA25F">
            <WBSubtotalInfoTypeCd>CFA</WBSubtotalInfoTypeCd>
            <WBCurrentTermAmt id="WB15DBE140FC44C7F96514164D71A4806">
              <Amt>11</Amt>
            </WBCurrentTermAmt>
          </WBSubtotalInfo>
          <WBSubtotalInfo id="WA752528F1F0543CBB4AF2CEE68926775">
            <WBSubtotalInfoTypeCd>VEH</WBSubtotalInfoTypeCd>
            <WBCurrentTermAmt id="WDF1048E7ADC94CA7BC0D215A32397EF0">
              <Amt>352</Amt>
            </WBCurrentTermAmt>
          </WBSubtotalInfo>
          <WBVehicleAge>12</WBVehicleAge>
          <WBRecordInfo id="WB119239B2CBE4828AAD2376DF486A3F2">
            <WBRecordModifyType>O</WBRecordModifyType>
            <WBRecordSource>APP-PREFILL</WBRecordSource>
          </WBRecordInfo>
          <WBThirdPartyReport id="W7ABA1CB19AF942998E54E82EBCEB51B4">
            <WBReportTypeCd>VINMASTER</WBReportTypeCd>
            <WBReportOrderStatus>Returned</WBReportOrderStatus>
          </WBThirdPartyReport>
          <WBOnsetOffsetPremiumInfo id="W0C52757692F14B35BE957F6F0E549D07">
            <WBCurrentTermOnsetAmt id="WCA232D5E2A1A46F28051C738B67C6772" />
            <WBCurrentTermOffsetAmt id="W1876FB59CA0048A1983D4C57C536A4D9" />
          </WBOnsetOffsetPremiumInfo>
          <WBPremiumInfo id="W38F3AAE787554FC78D5D6648DC9212B5">
            <WBCurrentTermAmt id="WB9F63C298FF74F87A7C91CE3EAD7E7C7">
              <Amt>0</Amt>
            </WBCurrentTermAmt>
            <WBNetChangeAmt id="WE98F949C7BFD4C43BB1EBC7864F5272C">
              <Amt>0</Amt>
            </WBNetChangeAmt>
            <WBWrittenAmt id="W44FAB743C93E4A369DBC751856311A3E">
              <Amt>0</Amt>
            </WBWrittenAmt>
            <WBPriorCurrentTermAmt id="WFEB9FDA2AD1F4D95B47E681EA21EB5B6">
              <Amt>0</Amt>
            </WBPriorCurrentTermAmt>
            <WBPriorWrittenAmt id="WC872EEBD44E843A4A2F978554F015520">
              <Amt>0</Amt>
            </WBPriorWrittenAmt>
            <WBCancelAmt id="WE023FC232D55473980675623E6BC7D82" />
          </WBPremiumInfo>
          <WBPhysicalDamageOnlyInd>1</WBPhysicalDamageOnlyInd>
          <WBCustomEquipInd>0</WBCustomEquipInd>
          <WBVehicleIncidentScore>0</WBVehicleIncidentScore>
          <WBISSClassCode>4092</WBISSClassCode>
        </VehicleExt>
      </Vehicle>
      <Vehicle id="VF5611C87B699472FA5C06C1D5C296B0C" RatedDriverRef="DF30DB31E5B8E4C0892AD5A640CDF45A9">
        <ItemIdInfo id="I7D29322E1CDC43E4957085F94B46A2F1">
          <InsurerId>11</InsurerId>
        </ItemIdInfo>
        <Manufacturer>DODGE</Manufacturer>
        <ManufacturerCd>DODG</ManufacturerCd>
        <Model>JOURNEY SE</Model>
        <ModelCd>JOURNEY</ModelCd>
        <ModelYear>2009</ModelYear>
        <VehBodyTypeCd>PP</VehBodyTypeCd>
        <Registration id="R8265D38B6DE441129F2D523AC4CD0312">
          <StateProvCd>AZ</StateProvCd>
        </Registration>
        <Horsepower id="HCB3B3F3F6AC549F5A0D288CAF94BBC41">
          <NumUnits>2.4</NumUnits>
        </Horsepower>
        <VehIdentificationNumber>3D4GG47B09T581222</VehIdentificationNumber>
        <GrossVehWeight id="G4AD25AF3748E4878A7E97B2D02EFCD34">
          <NumUnits>5250</NumUnits>
        </GrossVehWeight>
        <VehPerformanceCd>BASIC</VehPerformanceCd>
        <BIPDSymbolCd>305</BIPDSymbolCd>
        <MedPayPIPLiabilitySymbolCd>510</MedPayPIPLiabilitySymbolCd>
        <Addr id="A367DB705636D4F9C8EE9E76CB80192AB">
          <AddrTypeCd>GaragingAddress</AddrTypeCd>
          <Addr1>102 E 9th St</Addr1>
          <City>Douglas</City>
          <StateProvCd>AZ</StateProvCd>
          <PostalCode>85607-2151</PostalCode>
          <CountryCd>USA</CountryCd>
          <Latitude>31.343565</Latitude>
          <Longitude>-109.559844</Longitude>
          <County>Cochise County</County>
          <Region>58</Region>
          <AddrExt id="A7B41966060E848BEAA60FB16A2F0C792">
            <WBRatedZipCd>85607</WBRatedZipCd>
            <WBRatedVehicleStateProvCd>AZ</WBRatedVehicleStateProvCd>
            <WBAddressStandardization id="W0EFBFCC912E9445DB8E65756630CF7BD">
              <WBAddrStandardizeStreetName>9th</WBAddrStandardizeStreetName>
              <WBAddrStandardizeStreetTypeCd>St</WBAddrStandardizeStreetTypeCd>
              <WBAddrStandardizeStreetNumber>102</WBAddrStandardizeStreetNumber>
              <WBConfidence>100</WBConfidence>
              <WBAddrStandardizeLeadingDirectional>E</WBAddrStandardizeLeadingDirectional>
              <WBAddrStandardizeStatus>Accepted</WBAddrStandardizeStatus>
            </WBAddressStandardization>
          </AddrExt>
        </Addr>
        <Coverage id="COMPOTC11">
          <CoverageCd>COMP</CoverageCd>
          <Deductible id="DD121930B6746483C845018732309B4C7">
            <FormatCurrencyAmt id="FC5B12D2D40524B5FBA872A997ADF326B">
              <Amt>250</Amt>
            </FormatCurrencyAmt>
            <DeductibleAppliesToCd>ACC</DeductibleAppliesToCd>
          </Deductible>
          <CreditOrSurcharge id="C184D974DEE2E4E83933DFB4979D22AD0">
            <CreditSurchargeCd>LFREE</CreditSurchargeCd>
            <NumericValue id="NADD9BE38DE714730863BDB32558177EB" />
            <SecondaryCd>CFAEST</SecondaryCd>
            <WBRatingAppliedInd>0</WBRatingAppliedInd>
          </CreditOrSurcharge>
          <EffectiveDt>2020-06-06</EffectiveDt>
          <ExpirationDt>2021-06-06</ExpirationDt>
          <CoverageSupplement id="CF615A1B8DC4D4A46B83DFB16D475DB9E">
            <CoverageSubCd>OTC</CoverageSubCd>
          </CoverageSupplement>
          <CoverageExt id="CF4B3DCB2849D4CC8972F0A080627EB52">
            <WBOnsetOffsetPremiumInfo id="WC22562CEC1B24E988CDA6647E5AD6450">
              <WBCurrentTermOnsetAmt id="W085DB60CA2C1448E8CEE0C8761517D97">
                <Amt>145</Amt>
              </WBCurrentTermOnsetAmt>
              <WBCurrentTermOffsetAmt id="W6658C3E05E9A4510AA5D8733FA0E8701">
                <Amt>0</Amt>
              </WBCurrentTermOffsetAmt>
            </WBOnsetOffsetPremiumInfo>
            <WBPremiumInfo id="WE7AF8EF70510493180F3A9BBA4CAB602">
              <WBCurrentTermAmt id="W5BF76B8FBB674728AEC4A038C779D4C6">
                <Amt>145</Amt>
                <offset>0</offset>
                <onset>145</onset>
              </WBCurrentTermAmt>
              <WBNetChangeAmt id="W970212812B2A4C8A82866822354230FE">
                <Amt>145</Amt>
              </WBNetChangeAmt>
              <WBWrittenAmt id="WA45C23F639134C80ADFDECB3294E8396">
                <Amt>145</Amt>
              </WBWrittenAmt>
              <WBPriorCurrentTermAmt id="W5161296920E4418A9711F1E36F037A14">
                <Amt>0</Amt>
              </WBPriorCurrentTermAmt>
              <WBPriorWrittenAmt id="W46F2D8B0B2B643AFA9A8FAF95D708FE9">
                <Amt>0</Amt>
              </WBPriorWrittenAmt>
              <WBCancelAmt id="W326F586A26AF40779F4C52C6B9EECE53">
                <Amt>0</Amt>
              </WBCancelAmt>
            </WBPremiumInfo>
          </CoverageExt>
        </Coverage>
        <Coverage id="COLLCOLL11">
          <CoverageCd>COLL</CoverageCd>
          <Deductible id="D9C10D738DC6543DBBDB1815788812328">
            <FormatCurrencyAmt id="FB98A46E50FBC495895007A439BDAF80F">
              <Amt>250</Amt>
            </FormatCurrencyAmt>
            <DeductibleAppliesToCd>ACC</DeductibleAppliesToCd>
          </Deductible>
          <CreditOrSurcharge id="C0C613108782149ABBC18676A581DBA3A">
            <CreditSurchargeCd>LFREE</CreditSurchargeCd>
            <NumericValue id="N5E1DD8468CA247D3BE230BDBD94D552E" />
            <SecondaryCd>CFAEST</SecondaryCd>
            <WBRatingAppliedInd>0</WBRatingAppliedInd>
          </CreditOrSurcharge>
          <EffectiveDt>2020-06-06</EffectiveDt>
          <ExpirationDt>2021-06-06</ExpirationDt>
          <CoverageSupplement id="C7B49B546697A4D2AB90FCE780C81254E">
            <CoverageSubCd>COLL</CoverageSubCd>
          </CoverageSupplement>
          <CoverageExt id="CEA437087490043F689ACFACB806CEE31">
            <WBOnsetOffsetPremiumInfo id="WE7E9FB4E65C4457687516E66946E4568">
              <WBCurrentTermOnsetAmt id="W1E2F2FAEE02C4F94BCEDA98A0DD17DD9">
                <Amt>221</Amt>
              </WBCurrentTermOnsetAmt>
              <WBCurrentTermOffsetAmt id="WA5DCCE41EA3240F9B3920FB401196C0F">
                <Amt>0</Amt>
              </WBCurrentTermOffsetAmt>
            </WBOnsetOffsetPremiumInfo>
            <WBPremiumInfo id="W5A34AF11032D4CE885F338BDC8D64BFE">
              <WBCurrentTermAmt id="WDECF0136BDD34C7F80AB56DDBC010EB8">
                <Amt>221</Amt>
              </WBCurrentTermAmt>
              <WBNetChangeAmt id="W8EFCF345A0CE4F629761E4FA3816FF15">
                <Amt>221</Amt>
              </WBNetChangeAmt>
              <WBWrittenAmt id="W258E1246CBD349FF98B5473FC6968D46">
                <Amt>221</Amt>
              </WBWrittenAmt>
              <WBPriorCurrentTermAmt id="WEF36FF21D6074147824F94B18F501F77">
                <Amt>0</Amt>
              </WBPriorCurrentTermAmt>
              <WBPriorWrittenAmt id="WF2B3715B74AD4684BD12A0DD855AE27F">
                <Amt>0</Amt>
              </WBPriorWrittenAmt>
              <WBCancelAmt id="WD084B99BA5584B839562FAB3F9A7C6E6">
                <Amt>0</Amt>
              </WBCancelAmt>
            </WBPremiumInfo>
          </CoverageExt>
        </Coverage>
        <Coverage id="CSLCSL11">
          <CoverageCd>CSL</CoverageCd>
          <Limit id="LC85A28552EBE48D9BC265D66252CDF03">
            <FormatCurrencyAmt id="FCC44207F4A9D4E0C89E7AFDEB49EFB82">
              <Amt>100000</Amt>
            </FormatCurrencyAmt>
            <LimitAppliesToCd>PerAcc</LimitAppliesToCd>
          </Limit>
          <CreditOrSurcharge id="C8086AC5D3B364B05B6F3F0A9A61FBB65">
            <CreditSurchargeCd>LFREE</CreditSurchargeCd>
            <NumericValue id="N4C0B6D450B4C447CA70510DE75CDFA3E" />
            <SecondaryCd>CFAEST</SecondaryCd>
            <WBRatingAppliedInd>0</WBRatingAppliedInd>
          </CreditOrSurcharge>
          <EffectiveDt>2020-06-06</EffectiveDt>
          <ExpirationDt>2021-06-06</ExpirationDt>
          <CoverageSupplement id="C43D5BE1169734A73AF5A58A1013AD35E">
            <CoverageSubCd>CSL</CoverageSubCd>
          </CoverageSupplement>
          <CoverageExt id="C0EEFB8D706D04F5083A88CE214C0AE23">
            <WBOnsetOffsetPremiumInfo id="W65E30E15851240939BCA58E4FEBEDE57">
              <WBCurrentTermOnsetAmt id="WF51B57D866B14A81ADE7762CD3AB8D89">
                <Amt>274</Amt>
              </WBCurrentTermOnsetAmt>
              <WBCurrentTermOffsetAmt id="WFB3DEDF3D41C46D58B8C861B079DBB3B">
                <Amt>0</Amt>
              </WBCurrentTermOffsetAmt>
            </WBOnsetOffsetPremiumInfo>
            <WBPremiumInfo id="W0F214B8232714C9689571CA9B8BDD542">
              <WBCurrentTermAmt id="WEB23AFAE3BCA4A809A1524FEC396BC9A">
                <Amt>274</Amt>
              </WBCurrentTermAmt>
              <WBNetChangeAmt id="W7642A89E3AF04682A7714D51A6DC5111">
                <Amt>274</Amt>
              </WBNetChangeAmt>
              <WBWrittenAmt id="W882E26932F2F48C581073AEA6F438B76">
                <Amt>274</Amt>
              </WBWrittenAmt>
              <WBPriorCurrentTermAmt id="W1ABB11340EC74B12B766FCEF2EC5ABC8">
                <Amt>0</Amt>
              </WBPriorCurrentTermAmt>
              <WBPriorWrittenAmt id="W74E5C8F1D10046CE8CF65B1950BCB542">
                <Amt>0</Amt>
              </WBPriorWrittenAmt>
              <WBCancelAmt id="WD9BE34CFACD646E0842F227FE70979E7">
                <Amt>0</Amt>
              </WBCancelAmt>
            </WBPremiumInfo>
          </CoverageExt>
        </Coverage>
        <Coverage id="UMCSLUMCSL11">
          <CoverageCd>UMCSL</CoverageCd>
          <Limit id="LE0BAAB1498F74A8BB1C32DB72C040B48">
            <FormatCurrencyAmt id="FDF558E226D6F4F17A09219F14A7C17A5">
              <Amt>100000</Amt>
            </FormatCurrencyAmt>
            <LimitAppliesToCd>PerAcc</LimitAppliesToCd>
          </Limit>
          <CreditOrSurcharge id="C37DDB5C629B340C2BB3DE9E4F7D04915">
            <CreditSurchargeCd>LFREE</CreditSurchargeCd>
            <NumericValue id="NBBE911599BB047B28F5CAE2F5B87AE46" />
            <SecondaryCd>CFAEST</SecondaryCd>
            <WBRatingAppliedInd>0</WBRatingAppliedInd>
          </CreditOrSurcharge>
          <EffectiveDt>2020-06-06</EffectiveDt>
          <ExpirationDt>2021-06-06</ExpirationDt>
          <CoverageSupplement id="C80E9E70F19AE442E83C8F1EFA854AB8B">
            <CoverageSubCd>UMCSL</CoverageSubCd>
          </CoverageSupplement>
          <CoverageExt id="CB357F776FE3942D8AFC1D3CC7693B8B2">
            <WBOnsetOffsetPremiumInfo id="W476452BB62334C698C9512EE4764D989">
              <WBCurrentTermOnsetAmt id="W53E2E5DA38634BDBB1FD2A2D9651FE3D">
                <Amt>45</Amt>
              </WBCurrentTermOnsetAmt>
              <WBCurrentTermOffsetAmt id="WE0C5F1A281B74D3AB3419BA280E79E78">
                <Amt>0</Amt>
              </WBCurrentTermOffsetAmt>
            </WBOnsetOffsetPremiumInfo>
            <WBPremiumInfo id="W113F47AB99664F608DC778ACA31F4D62">
              <WBCurrentTermAmt id="W7F18E984D1EE44A0B0ED59D534D0C4A9">
                <Amt>45</Amt>
              </WBCurrentTermAmt>
              <WBNetChangeAmt id="W2C5F85A937D343F6AB2A19CAF2DE4E8F">
                <Amt>45</Amt>
              </WBNetChangeAmt>
              <WBWrittenAmt id="W7F247E40C9134F1B86C07236CE7E3F08">
                <Amt>45</Amt>
              </WBWrittenAmt>
              <WBPriorCurrentTermAmt id="W9FF2779DBAA34DAC901D10E135076192">
                <Amt>0</Amt>
              </WBPriorCurrentTermAmt>
              <WBPriorWrittenAmt id="W60AB70F9744B43A2BF35117CFAA40FA8">
                <Amt>0</Amt>
              </WBPriorWrittenAmt>
              <WBCancelAmt id="W932A5C16EBC747A49DEAED33B206552B">
                <Amt>0</Amt>
              </WBCancelAmt>
            </WBPremiumInfo>
          </CoverageExt>
        </Coverage>
        <Coverage id="UNCSLUNDMCSL11">
          <CoverageCd>UNCSL</CoverageCd>
          <Limit id="L4F796B3CDEB64F7EBFFE55B99251CB89">
            <FormatCurrencyAmt id="FC3B00835F1B24291AE974EDDA7F05BEA">
              <Amt>100000</Amt>
            </FormatCurrencyAmt>
            <LimitAppliesToCd>PerAcc</LimitAppliesToCd>
          </Limit>
          <CreditOrSurcharge id="CE877B1F8F5B24219946108A11B6582E5">
            <CreditSurchargeCd>LFREE</CreditSurchargeCd>
            <NumericValue id="N70C180E7E6D2489CA36E54FC71A8FDD3" />
            <SecondaryCd>CFAEST</SecondaryCd>
            <WBRatingAppliedInd>0</WBRatingAppliedInd>
          </CreditOrSurcharge>
          <EffectiveDt>2020-06-06</EffectiveDt>
          <ExpirationDt>2021-06-06</ExpirationDt>
          <CoverageSupplement id="CE599422B053D4D3486B5D4E8D54478B4">
            <CoverageSubCd>UNDMCSL</CoverageSubCd>
          </CoverageSupplement>
          <CoverageExt id="C6AD023218175475BBCF46823FEA7FD76">
            <WBOnsetOffsetPremiumInfo id="WBE2F71538EA14E0FB8733F91ED7E6906">
              <WBCurrentTermOnsetAmt id="W90BE69ECD82A4D28BE459A16E19944F1">
                <Amt>39</Amt>
              </WBCurrentTermOnsetAmt>
              <WBCurrentTermOffsetAmt id="W6FC1C79C0F5A465A98630445E92664C6">
                <Amt>0</Amt>
              </WBCurrentTermOffsetAmt>
            </WBOnsetOffsetPremiumInfo>
            <WBPremiumInfo id="W63214B0F769E4607A8A7C59A6D273C40">
              <WBCurrentTermAmt id="W6AEC55189AF946A5B70E56109D40A9CB">
                <Amt>39</Amt>
              </WBCurrentTermAmt>
              <WBNetChangeAmt id="W4037DF2460944FF887218ACE6F346CCE">
                <Amt>39</Amt>
              </WBNetChangeAmt>
              <WBWrittenAmt id="W8023F7F1BCB9463693C754BFF83E4F9E">
                <Amt>39</Amt>
              </WBWrittenAmt>
              <WBPriorCurrentTermAmt id="WBFA4176BF8A84635B133B5DD440E7A33">
                <Amt>0</Amt>
              </WBPriorCurrentTermAmt>
              <WBPriorWrittenAmt id="W64C16DC5276F4B2DA92F9B36567A13A5">
                <Amt>0</Amt>
              </WBPriorWrittenAmt>
              <WBCancelAmt id="W3A747EA240E84E37A9EF7703581FBA5F">
                <Amt>0</Amt>
              </WBCancelAmt>
            </WBPremiumInfo>
          </CoverageExt>
        </Coverage>
        <Coverage id="MEDPMMP11">
          <CoverageCd>MEDPM</CoverageCd>
          <Limit id="L9C00703C034648C48BBF2904902447C4">
            <FormatCurrencyAmt id="FA23761E599014611826085D6701B7552">
              <Amt>1000</Amt>
            </FormatCurrencyAmt>
            <LimitAppliesToCd>PerPerson</LimitAppliesToCd>
          </Limit>
          <EffectiveDt>2020-06-06</EffectiveDt>
          <ExpirationDt>2021-06-06</ExpirationDt>
          <CoverageSupplement id="CAB5833C4A51C4CC6B34A01680DB7A7DC">
            <CoverageSubCd>MP</CoverageSubCd>
          </CoverageSupplement>
          <CoverageExt id="C0BEEB27591D546A482BC1F11A07B3265">
            <WBOnsetOffsetPremiumInfo id="W2E0B747A923D4FA1B2FE6C7BB759AB53">
              <WBCurrentTermOnsetAmt id="W8484AB2904364A59AE78C32323D08E58">
                <Amt>23</Amt>
              </WBCurrentTermOnsetAmt>
              <WBCurrentTermOffsetAmt id="WCDC83B846659472084F4BCFF7BAB5F78">
                <Amt>0</Amt>
              </WBCurrentTermOffsetAmt>
            </WBOnsetOffsetPremiumInfo>
            <WBPremiumInfo id="WB616EE7196394FD39AC32C65B861D917">
              <WBCurrentTermAmt id="WB1860BCCD70A4242A79AF2953D799AD7">
                <Amt>23</Amt>
              </WBCurrentTermAmt>
              <WBNetChangeAmt id="WA82DA0BC0F8C493D8E4960616C4EC24A">
                <Amt>23</Amt>
              </WBNetChangeAmt>
              <WBWrittenAmt id="W3533B4BFDE9E4C409B5207362E6F27F1">
                <Amt>23</Amt>
              </WBWrittenAmt>
              <WBPriorCurrentTermAmt id="W3D9A8D8CF0A5463983ABBFFB511DC950">
                <Amt>0</Amt>
              </WBPriorCurrentTermAmt>
              <WBPriorWrittenAmt id="WCD55E5FEA3B44A89B7F12B74AA3D4C58">
                <Amt>0</Amt>
              </WBPriorWrittenAmt>
              <WBCancelAmt id="WB965D81695104A66BD1B49B4488E9443">
                <Amt>0</Amt>
              </WBCancelAmt>
            </WBPremiumInfo>
          </CoverageExt>
        </Coverage>
        <Coverage id="TRNEXTRNSEXP11">
          <CoverageCd>TRNEX</CoverageCd>
          <Limit id="L7B1F2757259E4D7DABD287AD1A710F8A">
            <FormatCurrencyAmt id="F9DE8019A7DDB44479B82A7678C91496C">
              <Amt>30</Amt>
            </FormatCurrencyAmt>
            <LimitAppliesToCd>PerDay</LimitAppliesToCd>
          </Limit>
          <Limit id="LF7041F639C3A43B0AB494F88821B3877">
            <FormatCurrencyAmt id="FC3AE7D870BAF49F28A8BDFA7E8F91DD8">
              <Amt>900</Amt>
            </FormatCurrencyAmt>
            <LimitAppliesToCd>EachClaim</LimitAppliesToCd>
          </Limit>
          <EffectiveDt>2020-06-06</EffectiveDt>
          <ExpirationDt>2021-06-06</ExpirationDt>
          <CoverageSupplement id="C7BD8AE75536B4A4C9BA30AF703923521">
            <CoverageSubCd>TRNSEXP</CoverageSubCd>
          </CoverageSupplement>
          <CoverageExt id="CB839B3A385724B0EAEC8D29590CAE4D0">
            <WBOnsetOffsetPremiumInfo id="W19B782DAFCA1464E8844DAA649E82F68">
              <WBCurrentTermOnsetAmt id="W62CF13B2BF6B4C859D2A5E78309F9D06">
                <Amt>0</Amt>
              </WBCurrentTermOnsetAmt>
              <WBCurrentTermOffsetAmt id="WF7CC5028684B4C358E2F43F0D5D13537">
                <Amt>0</Amt>
              </WBCurrentTermOffsetAmt>
            </WBOnsetOffsetPremiumInfo>
            <WBPremiumInfo id="W71A3B1E5753A4CA89892D9B031D41D8F">
              <WBCurrentTermAmt id="WD65EBFE83A83445C91B50830CF25F6C1">
                <Amt>0</Amt>
              </WBCurrentTermAmt>
              <WBNetChangeAmt id="WC8537A05FEB94C98A031C8E3C74B981C">
                <Amt>0</Amt>
              </WBNetChangeAmt>
              <WBWrittenAmt id="W4171C7A63B584F09B706FC468107D860">
                <Amt>0</Amt>
              </WBWrittenAmt>
              <WBPriorCurrentTermAmt id="WCA6411C423F44878B94C258C10A6F92A">
                <Amt>0</Amt>
              </WBPriorCurrentTermAmt>
              <WBPriorWrittenAmt id="WE71D96E2E0274D9099B6DC9D109C7974">
                <Amt>0</Amt>
              </WBPriorWrittenAmt>
              <WBCancelAmt id="W9E6D3927AA74447484B8771CF8DB2110">
                <Amt>0</Amt>
              </WBCancelAmt>
            </WBPremiumInfo>
          </CoverageExt>
        </Coverage>
        <Coverage id="C96E34CC761584D8C9D5F11FE95F1A945">
          <CoverageCd>TPAC</CoverageCd>
          <CoverageTypeCd>Fee</CoverageTypeCd>
          <EffectiveDt>2020-06-06</EffectiveDt>
          <ExpirationDt>2021-06-06</ExpirationDt>
          <CoverageSupplement id="C33BAC755259744A890D7A2862DDDF58E">
            <CoverageSubCd>AATA</CoverageSubCd>
          </CoverageSupplement>
          <CoverageExt id="CF8B104B14B2C486FBFC7286EB6A08476">
            <WBOnsetOffsetPremiumInfo id="W692F93F291A44E168B0D1DFDDDCF408D">
              <WBCurrentTermOnsetAmt id="W5DD134E2EA89416BA65606BAB09A3026">
                <Amt>1</Amt>
              </WBCurrentTermOnsetAmt>
              <WBCurrentTermOffsetAmt id="W50229FAEF88248C8A9C2742D3EA4992E">
                <Amt>0</Amt>
              </WBCurrentTermOffsetAmt>
            </WBOnsetOffsetPremiumInfo>
            <WBPremiumInfo id="WBFB6E1F382FA421EAA9AC857B7C9AA78">
              <WBCurrentTermAmt id="WFD97A490CDFE4A618B4C58091F2D71AE">
                <Amt>1</Amt>
              </WBCurrentTermAmt>
              <WBNetChangeAmt id="W48643E01FDF84912BD364139B12A059E">
                <Amt>1</Amt>
              </WBNetChangeAmt>
              <WBWrittenAmt id="W6624B7D2D470491CB938E1467E565C1F">
                <Amt>1</Amt>
              </WBWrittenAmt>
              <WBPriorCurrentTermAmt id="W37D4A8295F744363AA014A67086130AD">
                <Amt>0</Amt>
              </WBPriorCurrentTermAmt>
              <WBPriorWrittenAmt id="W6FEE4CC08C994F1D94FF71E23DD1F5F3">
                <Amt>0</Amt>
              </WBPriorWrittenAmt>
              <WBCancelAmt id="W79EB34F2E84048669C00CABF3B53AF57">
                <Amt>0</Amt>
              </WBCancelAmt>
            </WBPremiumInfo>
          </CoverageExt>
        </Coverage>
        <CreditOrSurcharge id="CA18738C6433348DE966727E170A13E3F">
          <SecondaryCd>LDM</SecondaryCd>
          <WBRatingAppliedInd>0</WBRatingAppliedInd>
        </CreditOrSurcharge>
        <CreditOrSurcharge id="C8AA40240F9934CFFA758EAD5E8884C53">
          <SecondaryCd>BSM</SecondaryCd>
          <WBRatingAppliedInd>0</WBRatingAppliedInd>
        </CreditOrSurcharge>
        <CreditOrSurcharge id="CC4EDC510C7E249EDB9E6BE0BFF785C2F">
          <SecondaryCd>FCAWB</SecondaryCd>
          <WBRatingAppliedInd>0</WBRatingAppliedInd>
        </CreditOrSurcharge>
        <CreditOrSurcharge id="C5DA3348737FE47038F4958AFD0D77AC3">
          <SecondaryCd>FCAWOB</SecondaryCd>
          <WBRatingAppliedInd>0</WBRatingAppliedInd>
        </CreditOrSurcharge>
        <CreditOrSurcharge id="CE5A4FF30971C4C75BAEEBD6CF6994269">
          <SecondaryCd>AHS</SecondaryCd>
          <WBRatingAppliedInd>0</WBRatingAppliedInd>
        </CreditOrSurcharge>
        <CreditOrSurcharge id="C58B9282FF6D24186A72F85A43D02BBB2">
          <SecondaryCd>AOM</SecondaryCd>
          <WBRatingAppliedInd>0</WBRatingAppliedInd>
        </CreditOrSurcharge>
        <CreditOrSurcharge id="C093ECE5B93F648BEBDB3716167DAB044">
          <SecondaryCd>BWS</SecondaryCd>
          <WBRatingAppliedInd>0</WBRatingAppliedInd>
        </CreditOrSurcharge>
        <CreditOrSurcharge id="CE1DE3D2E68F84E26BA14B5B88FD10011">
          <SecondaryCd>DFSS</SecondaryCd>
          <WBRatingAppliedInd>0</WBRatingAppliedInd>
        </CreditOrSurcharge>
        <CreditOrSurcharge id="C03F2156573D84D888ADAA7EBC49375EB">
          <SecondaryCd>GDSTD</SecondaryCd>
          <WBRatingAppliedInd>0</WBRatingAppliedInd>
        </CreditOrSurcharge>
        <CreditOrSurcharge id="CF4F03217D8D54AAB94EBD6FCCB033537">
          <SecondaryCd>GRSTD</SecondaryCd>
          <WBRatingAppliedInd>0</WBRatingAppliedInd>
        </CreditOrSurcharge>
        <CreditOrSurcharge id="C450916499B62495D9F2BA5D0C20452ED">
          <SecondaryCd>RSTD</SecondaryCd>
          <WBRatingAppliedInd>0</WBRatingAppliedInd>
        </CreditOrSurcharge>
        <CreditOrSurcharge id="C529F593F75974E47898E057805E7D84D">
          <SecondaryCd>MIL</SecondaryCd>
          <WBRatingAppliedInd>0</WBRatingAppliedInd>
        </CreditOrSurcharge>
        <CreditOrSurcharge id="C8C1438C93A9948BBA766E8596F7DCB28">
          <SecondaryCd>DED</SecondaryCd>
          <WBRatingAppliedInd>1</WBRatingAppliedInd>
        </CreditOrSurcharge>
        <CreditOrSurcharge id="C585BAAF040AD47C482A81F0E27D8509B">
          <SecondaryCd>AVS</SecondaryCd>
          <WBRatingAppliedInd>0</WBRatingAppliedInd>
        </CreditOrSurcharge>
        <ComprehensiveOTCSymbolCd>10</ComprehensiveOTCSymbolCd>
        <CollisionSymbolCd>10</CollisionSymbolCd>
        <QuestionAnswer id="QAF398B8481174BA9BF105A1C71CD506B">
          <QuestionCd>VEH01</QuestionCd>
          <YesNoCd>NO</YesNoCd>
        </QuestionAnswer>
        <QuestionAnswer id="Q296F50EAB77C4FBF8B2BFA978DFA2380">
          <QuestionCd>VEH02</QuestionCd>
          <YesNoCd>DRV</YesNoCd>
          <Explanation>1</Explanation>
        </QuestionAnswer>
        <QuestionAnswer id="Q0E74A0E9D9E541BBA0AB9D7B5DB3970A">
          <QuestionCd>VEH09</QuestionCd>
          <YesNoCd>NO</YesNoCd>
        </QuestionAnswer>
        <VehicleExt id="V4DE388020CE54110B491DACF42718D95">
          <ClassCode>1275</ClassCode>
          <WBMileage id="WF29221955F154328B99B92E4A5AFCB73">
            <WBReportDtTime>2020-04-01T10:28:54</WBReportDtTime>
            <WBCarFaxBodyStyleDesc>4 Door Wagon/Sport Utility</WBCarFaxBodyStyleDesc>
            <WBAnnualMileageMAMCd>X</WBAnnualMileageMAMCd>
            <WBAnnualMileageSource>Carfax</WBAnnualMileageSource>
            <WBCarFaxLastAcquisitionDt>2017-10-19</WBCarFaxLastAcquisitionDt>
            <WBRatedDrivingExposure>9478</WBRatedDrivingExposure>
            <WBCarFaxModeledAnnualMileage>12273</WBCarFaxModeledAnnualMileage>
            <WBCarFaxLengthOwned>31</WBCarFaxLengthOwned>
          </WBMileage>
          <WBISOBodyStyleDesc>Utility Vehicle - Two-Wheel Drive 4-Door</WBISOBodyStyleDesc>
          <WBFinancialResponsibilityCnt>0</WBFinancialResponsibilityCnt>
          <WBRiskTerm id="W241B735C3CF14A6DA82FF0841B8EDF93">
            <WBRiskEffectiveDt>2020-06-06</WBRiskEffectiveDt>
            <WBRiskExpirationDt>2021-06-06</WBRiskExpirationDt>
          </WBRiskTerm>
          <WBSubtotalInfo id="W27337C34C3F944BB8642D4E39A9CA353">
            <WBSubtotalInfoTypeCd>CFA</WBSubtotalInfoTypeCd>
            <WBCurrentTermAmt id="W6FBDAF7BBC664ED4BF687B69B2FA681F">
              <Amt>22</Amt>
            </WBCurrentTermAmt>
          </WBSubtotalInfo>
          <WBSubtotalInfo id="W59D2414CC6DD4FFFA4CE94CF2AEA74EE">
            <WBSubtotalInfoTypeCd>VEH</WBSubtotalInfoTypeCd>
            <WBCurrentTermAmt id="W07B5930CA4C24712AC601FB87DD6D594">
              <Amt>747</Amt>
            </WBCurrentTermAmt>
          </WBSubtotalInfo>
          <WBVehicleAge>11</WBVehicleAge>
          <WBThirdPartyReport id="W44E5AE8C19A64F09A2BD511538FC2A46">
            <WBReportTypeCd>VINMASTER</WBReportTypeCd>
            <WBReportOrderStatus>Returned</WBReportOrderStatus>
          </WBThirdPartyReport>
          <WBOnsetOffsetPremiumInfo id="WE25A8DD55B3B4272BD1905080EBF38DF">
            <WBCurrentTermOnsetAmt id="W66F91FB5D9BD4DE3899AFB75ED3E7BC8" />
            <WBCurrentTermOffsetAmt id="WD94418C2044F40E4B7D05C147A1BBC07" />
          </WBOnsetOffsetPremiumInfo>
          <WBPremiumInfo id="W33AC685C15364BE9A8F62FEFE7030216">
            <WBCurrentTermAmt id="WC22101C3942542A698D9DA9E1F1633C8">
              <Amt>748</Amt>
            </WBCurrentTermAmt>
            <WBNetChangeAmt id="WFABDE43CB05045AB977DE5A943F3919A">
              <Amt>748</Amt>
            </WBNetChangeAmt>
            <WBWrittenAmt id="W2F0336C2683D499096DF6D3773CFAA3B">
              <Amt>748</Amt>
            </WBWrittenAmt>
            <WBPriorCurrentTermAmt id="W3455549046F64D628E32AF16921F3622">
              <Amt>0</Amt>
            </WBPriorCurrentTermAmt>
            <WBPriorWrittenAmt id="WF28A8723E794467DA8C4E5D625808254">
              <Amt>0</Amt>
            </WBPriorWrittenAmt>
            <WBCancelAmt id="W5B88EA6B1E4F4A0F8883F4AD4AF81859" />
          </WBPremiumInfo>
          <WBPhysicalDamageOnlyInd>0</WBPhysicalDamageOnlyInd>
          <WBCustomEquipInd>0</WBCustomEquipInd>
          <WBVehicleIncidentScore>-5</WBVehicleIncidentScore>
          <WBISSClassCode>4099</WBISSClassCode>
          <Form id="FCDB93ACAB87D4917A5A8B16FC1E9EC26">
            <FormNumber>PP0001Q</FormNumber>
            <EditionDt>2019-01-01</EditionDt>
            <FormName>Personal Auto Policy</FormName>
            <EffectiveDt>2020-06-06</EffectiveDt>
          </Form>
          <Form id="F40F4332B81BC4C4D9BC319B3F55F29B3">
            <FormNumber>DC0009</FormNumber>
            <EditionDt>2019-01-01</EditionDt>
            <FormName>Transportation Expenses</FormName>
            <EffectiveDt>2020-06-06</EffectiveDt>
          </Form>
          <Form id="FEAFBE5DF6AC54F66BBF1360958E34226">
            <FormNumber>PP0167Q</FormNumber>
            <EditionDt>2019-06-01</EditionDt>
            <FormName>Amendment of Policy Provisions - AZ</FormName>
            <EffectiveDt>2020-06-06</EffectiveDt>
          </Form>
          <Form id="FF978667359824A5BB8A3F8D83A4C1C76">
            <FormNumber>PP0267Q</FormNumber>
            <EditionDt>2019-01-01</EditionDt>
            <FormName>Termination Provisions - AZ</FormName>
            <EffectiveDt>2020-06-06</EffectiveDt>
          </Form>
          <Form id="F0B85AF94880248B7917151BB5C316D62">
            <FormNumber>PP0477Q</FormNumber>
            <EditionDt>2019-01-01</EditionDt>
            <FormName>Uninsured Motorists Coverage - AZ</FormName>
            <EffectiveDt>2020-06-06</EffectiveDt>
          </Form>
          <Form id="F40479AC605F24E718D3BCE991F2DECCB">
            <FormNumber>PP0489Q</FormNumber>
            <EditionDt>2019-01-01</EditionDt>
            <FormName>Underinsured Motorists Coverage - AZ</FormName>
            <EffectiveDt>2020-06-06</EffectiveDt>
          </Form>
          <WBAdaptiveHeadlightSystemInd>0</WBAdaptiveHeadlightSystemInd>
          <WBAutonomousOperationsModeInd>0</WBAutonomousOperationsModeInd>
          <WBBackupWarningSystemInd>0</WBBackupWarningSystemInd>
          <WBBlindSpotLaneOrDepartureMonitoringCd />
          <WBDriverFatigueSensingSystemInd>0</WBDriverFatigueSensingSystemInd>
          <WBForwardCrashAvoidanceCd />
        </VehicleExt>
      </Vehicle>
      <QuestionAnswer id="Q368327795FF14477800679919074D91C">
        <QuestionCd>AUTOP03</QuestionCd>
        <YesNoCd>NO</YesNoCd>
      </QuestionAnswer>
      <QuestionAnswer id="Q592A931C2E204BA9AD0B973A0BEF086F">
        <QuestionCd>VEH03</QuestionCd>
        <YesNoCd>NO</YesNoCd>
      </QuestionAnswer>
      <QuestionAnswer id="QB0348534383945048D69D64D4C7F89F3">
        <QuestionCd>VEH04</QuestionCd>
        <YesNoCd>NO</YesNoCd>
      </QuestionAnswer>
      <PersAutoLineBusinessExt id="P897A47860DF447249ED033792E640EBD">
        <WBSubtotalInfo id="WF676E8AFF86B402D838E5F5CBE2CC582">
          <WBSubtotalInfoTypeCd>CFA</WBSubtotalInfoTypeCd>
          <WBCurrentTermAmt id="W94B49E62F63D4AA69B43C5516B9D7574">
            <Amt>33</Amt>
          </WBCurrentTermAmt>
        </WBSubtotalInfo>
        <WBOnsetOffsetPremiumInfo id="WA5960CB3B199472D87FE965CF88EDD3F">
          <WBCurrentTermOnsetAmt id="W5464E8CEB2434C01A1665FCCF0B3D71E" />
          <WBCurrentTermOffsetAmt id="WF043711FF9FE4F7392B3034F24D0E959" />
        </WBOnsetOffsetPremiumInfo>
        <WBPermissiveUseCnt>0</WBPermissiveUseCnt>
        <WBPremiumInfo id="W11B800EE6FBA4A409945CBF3D5F22124">
          <WBCurrentTermAmt id="W86A6B6E84ED0480AAB85CF0FF161294E">
            <Amt>1129</Amt>
          </WBCurrentTermAmt>
          <WBNetChangeAmt id="WE6A726D441F548AFA9849A03F2EE0B51">
            <Amt>1129</Amt>
          </WBNetChangeAmt>
          <WBWrittenAmt id="W67901DB9D58F49989251DECE08EF9FAA">
            <Amt>1129</Amt>
          </WBWrittenAmt>
          <WBPriorCurrentTermAmt id="W99A548A6BBFC4A0D94E6B2B6E93FCA6E">
            <Amt>0</Amt>
          </WBPriorCurrentTermAmt>
          <WBPriorWrittenAmt id="W5200CE75A47A42FBB6BC369A8433EA35">
            <Amt>0</Amt>
          </WBPriorWrittenAmt>
          <WBCancelAmt id="WFB9AAAFB503F48A681B2E09608E6086D" />
        </WBPremiumInfo>
        <WBAATAFeeCnt>2</WBAATAFeeCnt>
      </PersAutoLineBusinessExt>
    </PersAutoLineBusiness>
    <PolicyExt id="P52ADE50073E24BC9B01A7704AC3697D7">
      <AutoCompositionFactorCd>M</AutoCompositionFactorCd>
      <HighestAdvantageDriverPointValueInHousehold>0</HighestAdvantageDriverPointValueInHousehold>
      <WBTransactionStatusDesc>Committed</WBTransactionStatusDesc>
      <WBQuoteStatusDesc>Issued</WBQuoteStatusDesc>
      <CreditOrSurcharge id="C1751682D506F4BA7A6E0ECC8668311FA">
        <SecondaryCd>PIF</SecondaryCd>
        <WBRatingAppliedInd>0</WBRatingAppliedInd>
      </CreditOrSurcharge>
      <CreditOrSurcharge id="CF1E8B89628E24583AACEEEC8FE084DCE">
        <SecondaryCd>HCD</SecondaryCd>
        <WBRatingAppliedInd>1</WBRatingAppliedInd>
      </CreditOrSurcharge>
      <CreditOrSurcharge id="C7A67A74713EC4EEAAD7C041B472CC24E">
        <SecondaryCd>INSCRA</SecondaryCd>
        <WBRatingAppliedInd>1</WBRatingAppliedInd>
      </CreditOrSurcharge>
      <WBHouseholdCompositionInd>0</WBHouseholdCompositionInd>
      <WBSubtotalInfo id="W13971C489FEE44C0B6D762ED61632191">
        <WBSubtotalInfoTypeCd>CFA</WBSubtotalInfoTypeCd>
        <WBCurrentTermAmt id="W7C521178B1064CAD956DC3ED6731CE1C">
          <Amt>33</Amt>
        </WBCurrentTermAmt>
      </WBSubtotalInfo>
      <WBSubtotalInfo id="WFFEC8F7791A845178BEAEBCF76D15FD5">
        <WBSubtotalInfoTypeCd>PIFD</WBSubtotalInfoTypeCd>
        <WBCurrentTermAmt id="W2018867A9E4F473D92656F825CC7D874">
          <Amt>1110</Amt>
        </WBCurrentTermAmt>
      </WBSubtotalInfo>
      <WBSubtotalInfo id="W1C17394DDE88412A8450CC8C193E4071">
        <WBSubtotalInfoTypeCd>PIFND</WBSubtotalInfoTypeCd>
        <WBCurrentTermAmt id="WDD59C8A98CAF4FF5AB7BF7862F1DE876">
          <Amt>0</Amt>
        </WBCurrentTermAmt>
      </WBSubtotalInfo>
      <WBPolicyAge>0</WBPolicyAge>
      <WBAssocGroupType></WBAssocGroupType>
      <WBOnsetOffsetPremiumInfo id="W86CBF9089D684AE7B114EDF6AC4A7E01">
        <WBCurrentTermOnsetAmt id="W97B1728FAFE94BDF972D01DDB180F882" />
        <WBCurrentTermOffsetAmt id="W3DD0767339F64AF19D4E885FBE2C1199" />
      </WBOnsetOffsetPremiumInfo>
      <WBPremiumInfo id="W26B787D6605F4634B93BD79E9D652DF7">
        <WBCurrentTermAmt id="WF1CA3769B9204E619A72FAA9FD7372BC">
          <Amt>1129</Amt>
        </WBCurrentTermAmt>
        <WBNetChangeAmt id="W5B61C504431744DAB594315BD8760A74">
          <Amt>1129</Amt>
        </WBNetChangeAmt>
        <WBWrittenAmt id="W9E56EE1191FD475284E6602F4144D1C3">
          <Amt>1129</Amt>
        </WBWrittenAmt>
        <WBPriorCurrentTermAmt id="W303C331DE39844C9A0CC2B14714A43DA">
          <Amt>0</Amt>
        </WBPriorCurrentTermAmt>
        <WBPriorWrittenAmt id="W3FAD6A901B70482BA9187E8BF8CD47E4">
          <Amt>0</Amt>
        </WBPriorWrittenAmt>
        <WBCancelAmt id="WB65DEB381D444C149F78898FF71A4710" />
      </WBPremiumInfo>
      <WBPriorPolicyCnt>2</WBPriorPolicyCnt>
      <WBPolicyEventInfo id="WF83038F394894AAA9BEFD98BDE747D33">
        <WBPolicyEventType>REW</WBPolicyEventType>
        <WBPolicyEventReasonCd>InsuredRequest</WBPolicyEventReasonCd>
        <WBFee id="W0129C42FFE8E41A98C5B4102455703BF">
          <WBFeeCd>REW</WBFeeCd>
          <WBFeeWaiveInd>1</WBFeeWaiveInd>
        </WBFee>
      </WBPolicyEventInfo>
      <WBPolicyIssue id="W09538147BF6348EDBA9779CF3A6F8172">
        <WBPolicyIssueCd>N</WBPolicyIssueCd>
        <WBPolicyIssueOverrideInd>1</WBPolicyIssueOverrideInd>
      </WBPolicyIssue>
      <WBPolicyInceptionDateInfo id="WDBAACE7FBB364AB0B223DEC4C448745D">
        <WBPolicyUWInceptionDt>2020-06-06</WBPolicyUWInceptionDt>
        <WBPolicyUWDtOverrideInd>0</WBPolicyUWDtOverrideInd>
      </WBPolicyInceptionDateInfo>
      <WBPolicyTenureAge>0</WBPolicyTenureAge>
      <WBGroupAssocName></WBGroupAssocName>
      <WBISSTravelNetClassCode>0</WBISSTravelNetClassCode>
    </PolicyExt>
    <Form id="F1F99E1E99A7646999C36366271CA1180">
      <FormNumber>WB623</FormNumber>
      <EditionDt>2019-12-01</EditionDt>
      <FormName>Notice of Proposed Changes to Articles of Incorporation</FormName>
      <EffectiveDt>2020-06-06</EffectiveDt>
    </Form>
    <Form id="F20491A7187494C5587EC34C09C94C62B">
      <FormNumber>DC2177</FormNumber>
      <EditionDt>2019-01-01</EditionDt>
      <FormName>Membership and Voting Rights Notice</FormName>
      <EffectiveDt>2020-06-06</EffectiveDt>
    </Form>
    <Form id="FFA075AB285934E0BBE976A437E573D7B">
      <FormNumber>DC249</FormNumber>
      <EditionDt>2019-01-01</EditionDt>
      <FormName>Coordination of Deductible Clause</FormName>
      <EffectiveDt>2020-06-06</EffectiveDt>
    </Form>
    <Form id="FE446FCDF3A074CCF9277FC3F07397FFD">
      <FormNumber>DC1188</FormNumber>
      <EditionDt>2019-01-01</EditionDt>
      <FormName>West Bend Privacy Statement</FormName>
      <EffectiveDt>2020-06-06</EffectiveDt>
    </Form>
    <Form id="F3916F430F0F14CE88A16830B3478D02E">
      <FormNumber>DC1491</FormNumber>
      <EditionDt>2019-01-01</EditionDt>
      <FormName>Payment Options and Billing Information</FormName>
      <EffectiveDt>2020-06-06</EffectiveDt>
    </Form>
    <QuoteNumber>B091989</QuoteNumber>
  </Policy>
</PolicyRs>