<PolicyRs xmlns="http://www.acord.org/schema/PC/xml/2">
    <BusinessPurposeTypeCd>XLC</BusinessPurposeTypeCd>
    <TransactionEffectiveDt>2019-12-12</TransactionEffectiveDt>
    <TransactionSeqNumber>2</TransactionSeqNumber>
    <Policy id="PB758893F36C24221BC8D46210C48D9CC">
        <PolicyNumber>A652130</PolicyNumber>
        <PolicyVersion>00</PolicyVersion>
        <CompanyProductCd>801</CompanyProductCd>
        <BroadLOBCd>1</BroadLOBCd>
        <ControllingStateProvCd>MI</ControllingStateProvCd>
        <ContractTerm id="C6C6EE794811A464F93A662DD111CEBDA">
            <EffectiveDt>2019-08-12</EffectiveDt>
            <ExpirationDt>2020-08-12</ExpirationDt>
        </ContractTerm>
        <CustomerServicingCd>AGY</CustomerServicingCd>
        <NumLosses>0</NumLosses>
        <OtherOrPriorPolicy id="O95AF81D387E748A7B32464CAFFA1096D" DriverRef="DBB9D2E2A04314204B7DFDB8EC6E561D1">
            <PolicyCd>RecentWb</PolicyCd>
            <ContractTerm id="CA268448628CE4EE6A88E6E75E095E576">
                <ExpirationDt>2019-08-12</ExpirationDt>
            </ContractTerm>
            <Coverage id="C10FDFE4DFEC64CCCA430A87EB917E96E">
                <CoverageCd>CSL</CoverageCd>
                <Limit id="L75A582E3270B4363AE2AF0DE76D47639">
                    <FormatCurrencyAmt id="F5B171DD40893465DAE582A41C20C31A9">
                        <Amt>300000</Amt>
                    </FormatCurrencyAmt>
                    <LimitAppliesToCd>PerAcc</LimitAppliesToCd>
                </Limit>
                <ExpirationDt>2019-12-12</ExpirationDt>
                <ProRateFactor>0.6667</ProRateFactor>
                <CoverageSupplement id="C8832732872884950B7A69A9D8AF3B6B2">
                    <CoverageSubCd>CSL</CoverageSubCd>
                </CoverageSupplement>
            </Coverage>
            <OtherOrPriorPolicyExt id="O3464AF202DF94430AE50024172D35C4F">
                <WBPriorCarrierInceptionDt>2010-08-12</WBPriorCarrierInceptionDt>
                <WBRecordInfo id="W453098D4532C4FE9A4F7C43D60DBCF73">
                    <WBRecordSource>MANUAL</WBRecordSource>
                </WBRecordInfo>
                <WBPriorCarrierGroupName>Acuity Mutual Ins Co</WBPriorCarrierGroupName>
                <WBInsLapseCheckInd>0</WBInsLapseCheckInd>
                <WBPriorCarrierGroupCode>0002</WBPriorCarrierGroupCode>
            </OtherOrPriorPolicyExt>
        </OtherOrPriorPolicy>
        <PaymentOption id="P59D4072020404035BCD464AF720D2721">
            <PaymentPlanCd>QT</PaymentPlanCd>
        </PaymentOption>
        <QuoteInfo id="QF68392A13EE04D01A805208A1502B594">
            <InitialQuoteRequestDt>2019-08-12</InitialQuoteRequestDt>
        </QuoteInfo>
        <PolicyStatusCd>Cancelled</PolicyStatusCd>
        <PaidInFullInd>0</PaidInFullInd>
        <CancellationDt>2019-12-12</CancellationDt>
        <CancelNonRenewInfo id="C33C4CE2E27D94A99805C78B3BAD5D66F">
          <RequestorCd>I</RequestorCd>
          <CancelNonRenewInfoExt id="CFAF25F821C754D8EB3598E49A2AF25E3">
            <WBReasonInfo id="W61F63A90D87847AF985FDDB540FBEB90">
              <WBCancelReasonCd>PricingIssue</WBCancelReasonCd>
              <WBReasonDesc>null</WBReasonDesc>
              <WBReasonCategory>CAN</WBReasonCategory>
            </WBReasonInfo>
          </CancelNonRenewInfoExt>
        </CancelNonRenewInfo>
        <OriginalPolicyInceptionDt>2019-08-12</OriginalPolicyInceptionDt>
        <Producer id="P0784D036DA614C9E8F5C464AC1C837C7" />
        <InsuredOrPrincipal id="IA442AE01D7C54488981CC7B5C663B95C">
            <ItemIdInfo id="I44E754B1938045E0ABEC427351DC85B0">
                <InsurerId>1000301578</InsurerId>
            </ItemIdInfo>
            <Relationship id="RE9068AF1627A442AA52A579E3885538F" RelationshipToRef="PB758893F36C24221BC8D46210C48D9CC">
                <RelationshipToCd>FNI</RelationshipToCd>
            </Relationship>
            <Name>August Twelfth</Name>
            <Addr id="A08E6269757A041A4B323D92B3BA3BC98">
                <AddrTypeCd>InsuredsAddress</AddrTypeCd>
                <Addr1>2323 Main St</Addr1>
                <Addr2 />
                <Addr3 />
                <Addr4 />
                <City>Algonac</City>
                <StateProvCd>MI</StateProvCd>
                <PostalCode>48001</PostalCode>
                <CountryCd>USA</CountryCd>
                <Latitude>42.6274</Latitude>
                <Longitude>-82.5536</Longitude>
                <County>St. Clair County</County>
                <AddrExt id="A24CEC8788EA04779A4D9B255087482F0">
                    <WBAddressStandardization id="WB149189381A34CCFBB66587AE06F3F55">
                        <WBAddrStandardizeStreetName>Main</WBAddrStandardizeStreetName>
                        <WBAddrStandardizeStreetTypeCd>St</WBAddrStandardizeStreetTypeCd>
                        <WBAddrStandardizeStreetNumber>2323</WBAddrStandardizeStreetNumber>
                        <WBConfidence>50</WBConfidence>
                        <WBAddrStandardizeStatus>No Hit</WBAddrStandardizeStatus>
                    </WBAddressStandardization>
                </AddrExt>
            </Addr>
            <Addr id="A0D3B81AE6DAC48A6B92C3B86D1F4BF6C">
                <AddrTypeCd>MailingAddress</AddrTypeCd>
                <Addr1>2323 Main St</Addr1>
                <City>Algonac</City>
                <StateProvCd>MI</StateProvCd>
                <PostalCode>48001</PostalCode>
                <CountryCd>USA</CountryCd>
                <Latitude>42.6274</Latitude>
                <Longitude>-82.5536</Longitude>
                <County>St. Clair County</County>
                <AddrExt id="A9329F239ED3E401BB965D9EC2E85E89F">
                    <WBAddressStandardization id="WB13794FD77B34897B08AB573C27BCD4F">
                        <WBAddrStandardizeStreetName>Main</WBAddrStandardizeStreetName>
                        <WBAddrStandardizeStreetTypeCd>St</WBAddrStandardizeStreetTypeCd>
                        <WBAddrStandardizeStreetNumber>2323</WBAddrStandardizeStreetNumber>
                        <WBConfidence>50</WBConfidence>
                        <WBAddrStandardizeStatus>No Hit</WBAddrStandardizeStatus>
                    </WBAddressStandardization>
                </AddrExt>
            </Addr>
            <Addr id="A8DAA983C4BBB4D6CA5456191BC5E5B20">
                <AddrTypeCd>BillingAddress</AddrTypeCd>
            </Addr>
            <Communications id="C0427C1527236497DAE4B8DE884205975" />
            <Surname>Twelfth</Surname>
            <GivenName>August</GivenName>
            <TitlePrefix />
            <NameSuffix />
            <GenderCd>M</GenderCd>
            <BirthDt>1974-08-12</BirthDt>
            <MaritalStatusCd>S</MaritalStatusCd>
        </InsuredOrPrincipal>
        <PersAutoLineBusiness id="PB5F01EB719DE419EAED1355EF1CE4908">
            <CompanyProductCd>850</CompanyProductCd>
            <Driver id="DBB9D2E2A04314204B7DFDB8EC6E561D1">
                <ItemIdInfo id="IC1D053A16CF642D69B04349A3E1B13C4">
                    <InsurerId>1100</InsurerId>
                </ItemIdInfo>
                <Relationship id="R6E31799BDCA34357954C7C5FCE1532AB" RelationshipToRef="IA442AE01D7C54488981CC7B5C663B95C">
                    <RelationshipToCd>IN</RelationshipToCd>
                </Relationship>
                <Relationship id="RE266B2FDCBFF41A8A1CF001E760C33FB" RelationshipToRef="VCDAB3B73D3DF48318C4748627A1145B6">
                    <RelationshipToCd>DRV</RelationshipToCd>
                    <RelationshipDesc>PRINCIPAL</RelationshipDesc>
                </Relationship>
                <License id="L6ED24D91F22E454A95C5BAE89DA91261">
                    <LicenseTypeCd>Driver</LicenseTypeCd>
                    <LicenseStatusCd>VALID</LicenseStatusCd>
                    <LicensePermitNumber>3ZYR0E7LOO0123</LicensePermitNumber>
                    <StateProvCd>WI</StateProvCd>
                </License>
                <Addr id="AF0D7416B1AA0488998607BDFD8F14FE6">
                    <AddrTypeCd>InsuredsAddress</AddrTypeCd>
                    <Addr1>2323 Main St</Addr1>
                    <City>Algonac</City>
                    <StateProvCd>MI</StateProvCd>
                    <PostalCode>48001</PostalCode>
                    <CountryCd>USA</CountryCd>
                    <Latitude>42.6274</Latitude>
                    <Longitude>-82.5536</Longitude>
                    <County>St. Clair County</County>
                    <AddrExt id="A749694E7E86A4340B2FD860509824101">
                        <WBAddressStandardization id="WA7C70BE40BA84000ABC79429501C0B24">
                            <WBAddrStandardizeStreetName>Main</WBAddrStandardizeStreetName>
                            <WBAddrStandardizeStreetTypeCd>St</WBAddrStandardizeStreetTypeCd>
                            <WBAddrStandardizeStreetNumber>2323</WBAddrStandardizeStreetNumber>
                            <WBConfidence>50</WBConfidence>
                            <WBAddrStandardizeStatus>No Hit</WBAddrStandardizeStatus>
                        </WBAddressStandardization>
                    </AddrExt>
                </Addr>
                <Surname>Twelfth</Surname>
                <GivenName>August</GivenName>
                <OtherGivenName />
                <TitlePrefix />
                <NameSuffix />
                <GenderCd>M</GenderCd>
                <BirthDt>1974-08-12</BirthDt>
                <MaritalStatusCd>S</MaritalStatusCd>
                <OccupationClassCd>AUD</OccupationClassCd>
                <QuestionAnswer id="QAAC0F12C9DC1418185BC165714E64F87">
                    <QuestionCd>DRV04</QuestionCd>
                    <YesNoCd>YES</YesNoCd>
                    <QuestionText>licensedLastFive</QuestionText>
                </QuestionAnswer>
                <QuestionAnswer id="Q1CB224DFA0AB43BD91069B5FE076A28E">
                    <QuestionCd>DRV05</QuestionCd>
                    <YesNoCd>YES</YesNoCd>
                    <QuestionText>isIndiviualLicensed</QuestionText>
                </QuestionAnswer>
                <QuestionAnswer id="QF64384C77AAC496DBE1C91EA4A4444D7">
                    <QuestionCd>DRV06</QuestionCd>
                    <YesNoCd>NO</YesNoCd>
                </QuestionAnswer>
                <DriverTypeCd />
                <ContinuousInsuranceCd>Continuous6To11Months</ContinuousInsuranceCd>
                <DriverExt id="DE092456B4D344A06A8CD93A0BBFD32C5">
                    <YouthfulInd>0</YouthfulInd>
                    <WBIsMinor>0</WBIsMinor>
                    <WBRiskTerm id="W553A50BC7FC541E6906AED0994A5587C">
                        <WBRiskEffectiveDt>2019-08-12</WBRiskEffectiveDt>
                        <WBRiskExpirationDt>2019-12-12</WBRiskExpirationDt>
                    </WBRiskTerm>
                    <WBDriverAge>45</WBDriverAge>
                    <WBInexperiencedOperatorInd>0</WBInexperiencedOperatorInd>
                    <WBAdvantageDriverInd>0</WBAdvantageDriverInd>
                </DriverExt>
            </Driver>
            <Vehicle id="VCDAB3B73D3DF48318C4748627A1145B6" RatedDriverRef="DBB9D2E2A04314204B7DFDB8EC6E561D1">
                <ItemIdInfo id="IAA19DCDDA3A440A8BE2C859BAD767C45">
                    <InsurerId>1100</InsurerId>
                </ItemIdInfo>
                <Manufacturer>AUDI</Manufacturer>
                <ManufacturerCd>AUDI</ManufacturerCd>
                <Model>A3 2.0T PRESTIGE</Model>
                <ModelCd>A3</ModelCd>
                <ModelYear>2017</ModelYear>
                <VehBodyTypeCd>PP</VehBodyTypeCd>
                <Horsepower id="H5912DD1813444F6596F909579E430686">
                    <NumUnits>2.0</NumUnits>
                </Horsepower>
                <VehIdentificationNumber>WAU4ULFF&amp;H</VehIdentificationNumber>
                <GrossVehWeight id="G6BD6AD5CE47B474D94D715FDE8ED3FDE">
                    <NumUnits>9999</NumUnits>
                </GrossVehWeight>
                <BIPDSymbolCd>265</BIPDSymbolCd>
                <MedPayPIPLiabilitySymbolCd>470</MedPayPIPLiabilitySymbolCd>
                <Addr id="A98501B0DC8064A85A0617A5381C4FD49">
                    <AddrTypeCd>GaragingAddress</AddrTypeCd>
                    <Addr1>2323 Main St</Addr1>
                    <Addr2 />
                    <City>Algonac</City>
                    <StateProvCd>MI</StateProvCd>
                    <PostalCode>48001</PostalCode>
                    <CountryCd>USA</CountryCd>
                    <Latitude>42.6274</Latitude>
                    <Longitude>-82.5536</Longitude>
                    <County>St. Clair County</County>
                    <Region>79</Region>
                    <AddrExt id="A45771D502B384D50AB7109ACF01BDA6B">
                        <WBRatedZipCd>48001</WBRatedZipCd>
                        <WBRatedVehicleStateProvCd>MI</WBRatedVehicleStateProvCd>
                        <WBAddressStandardization id="W59A1CEB6229841A1BF38A4358344A3AE">
                            <WBAddrStandardizeStreetName>Main</WBAddrStandardizeStreetName>
                            <WBAddrStandardizeStreetTypeCd>St</WBAddrStandardizeStreetTypeCd>
                            <WBAddrStandardizeStreetNumber>2323</WBAddrStandardizeStreetNumber>
                            <WBConfidence>50</WBConfidence>
                            <WBAddrStandardizeStatus>No Hit</WBAddrStandardizeStatus>
                        </WBAddressStandardization>
                    </AddrExt>
                </Addr>
                <Coverage id="C0A95AB0168134342809C83E45CBBE74A">
                    <CoverageCd>BI</CoverageCd>
                    <Limit id="L06333FE8279044DA93E3D5C8E57969D4">
                        <FormatCurrencyAmt id="FAAD4FDFBF00A453EA6D92871BEBB8924">
                            <Amt>250000</Amt>
                        </FormatCurrencyAmt>
                        <LimitAppliesToCd>BIEachPers</LimitAppliesToCd>
                    </Limit>
                    <Limit id="L9BDCCD474322451C8ACFEFFE618A8E22">
                        <FormatCurrencyAmt id="F6298DF1A588649FAA20A47A67DBEA3AF">
                            <Amt>500000</Amt>
                        </FormatCurrencyAmt>
                        <LimitAppliesToCd>PerAcc</LimitAppliesToCd>
                    </Limit>
                    <CreditOrSurcharge id="C20A62FF1903B44FAA38AF491C6CB1707">
                        <CreditSurchargeCd>LFREE</CreditSurchargeCd>
                        <SecondaryCd>CFAEST</SecondaryCd>
                        <WBRatingAppliedInd>0</WBRatingAppliedInd>
                    </CreditOrSurcharge>
                    <EffectiveDt>2019-08-12</EffectiveDt>
                    <ExpirationDt>2019-12-12</ExpirationDt>
                    <ProRateFactor>0.6667</ProRateFactor>
                    <CoverageSupplement id="C86C506E2A40340A7A9A8F85183AD4B37">
                        <CoverageSubCd>BI</CoverageSubCd>
                    </CoverageSupplement>
                    <CoverageExt id="CC918AFFBC4C64E5E8D637E5CEB19D129">
                        <WBOnsetOffsetPremiumInfo id="W7FE8F0CCFA1441A08357C19F6FD9038C">
                            <WBCurrentTermOnsetAmt id="W3BE9DB03F2D7468DA6444693B5D47D68">
                                <Amt>0</Amt>
                            </WBCurrentTermOnsetAmt>
                            <WBCurrentTermOffsetAmt id="W1ABCAD5BF0D74ECCA06A70F15BB3F413">
                                <Amt>133</Amt>
                            </WBCurrentTermOffsetAmt>
                        </WBOnsetOffsetPremiumInfo>
                        <WBPremiumInfo id="W50F29AABFB7541B3864BDE34F689898D">
                            <WBCurrentTermAmt id="W796E1C9EAD9C4FEEBFFD5FC3E0E8F44E">
                                <Amt>200</Amt>
                            </WBCurrentTermAmt>
                            <WBNetChangeAmt id="W8DB8806783FC4B91804B6A372C544DBD">
                                <Amt>-133</Amt>
                            </WBNetChangeAmt>
                            <WBWrittenAmt id="WFAD38D8290B0476794BB4A4CAA460745">
                                <Amt>67</Amt>
                            </WBWrittenAmt>
                            <WBPriorCurrentTermAmt id="W63588AE383864C97A580CDD44B9FF311">
                                <Amt>200</Amt>
                            </WBPriorCurrentTermAmt>
                            <WBPriorWrittenAmt id="W14F3CE9AEAC84C018C39FE9729BC3EDF">
                                <Amt>200</Amt>
                            </WBPriorWrittenAmt>
                            <WBCancelAmt id="W2CC9C79B4785491C812057A75F2E7296">
                                <Amt>0</Amt>
                            </WBCancelAmt>
                        </WBPremiumInfo>
                    </CoverageExt>
                </Coverage>
                <Coverage id="C96069C6F2A334CA2A9E8D889A6D14390">
                    <CoverageCd>PD</CoverageCd>
                    <Limit id="L183D6B07E7194801895A35BAC54890AF">
                        <FormatCurrencyAmt id="FB98BC7D7166B46C880342E30D8690C5E">
                            <Amt>25000</Amt>
                        </FormatCurrencyAmt>
                        <LimitAppliesToCd>PerAcc</LimitAppliesToCd>
                    </Limit>
                    <EffectiveDt>2019-08-12</EffectiveDt>
                    <ExpirationDt>2019-12-12</ExpirationDt>
                    <ProRateFactor>0.6667</ProRateFactor>
                    <CoverageSupplement id="C5D13471AC4054C79AE843F810EC13C4F">
                        <CoverageSubCd>PD</CoverageSubCd>
                    </CoverageSupplement>
                    <CoverageExt id="C32FA6E85C0214419A32C0E062F0FB099">
                        <WBOnsetOffsetPremiumInfo id="W733C3606876E45E580857C2537ACC504">
                            <WBCurrentTermOnsetAmt id="W2E5A23B46B6D4E9CAA928D434B5CD23D">
                                <Amt>0</Amt>
                            </WBCurrentTermOnsetAmt>
                            <WBCurrentTermOffsetAmt id="WD1FA35E980E147B58D48AD0FF37453D7">
                                <Amt>7</Amt>
                            </WBCurrentTermOffsetAmt>
                        </WBOnsetOffsetPremiumInfo>
                        <WBPremiumInfo id="W3F6AA10637254E12BF83E7AABDBF6289">
                            <WBCurrentTermAmt id="W0FED631D0B604449848B2062A1831A70">
                                <Amt>11</Amt>
                            </WBCurrentTermAmt>
                            <WBNetChangeAmt id="W1186704DF59243FEB69C9C20E561AF57">
                                <Amt>-7</Amt>
                            </WBNetChangeAmt>
                            <WBWrittenAmt id="WEF26E9E16908485A8C44007D91126408">
                                <Amt>4</Amt>
                            </WBWrittenAmt>
                            <WBPriorCurrentTermAmt id="W1FA75B1BC9CA47769EB1C263CFCB4C03">
                                <Amt>11</Amt>
                            </WBPriorCurrentTermAmt>
                            <WBPriorWrittenAmt id="W18E492DD143C464AA5F7CAB33A1F5FA8">
                                <Amt>11</Amt>
                            </WBPriorWrittenAmt>
                            <WBCancelAmt id="W248EC21A0F1444D79DBC535FC14DFB8B">
                                <Amt>0</Amt>
                            </WBCancelAmt>
                        </WBPremiumInfo>
                    </CoverageExt>
                </Coverage>
                <Coverage id="CFE9A5C22BF87450B80DD237946C233FB">
                    <CoverageCd>UM</CoverageCd>
                    <Limit id="L5F99BF44E1E64E45AAE61357D77E42AD">
                        <FormatCurrencyAmt id="FD909D5B591FF4F54885F13F663A55D29">
                            <Amt>250000</Amt>
                        </FormatCurrencyAmt>
                        <LimitAppliesToCd>EachClaim</LimitAppliesToCd>
                    </Limit>
                    <Limit id="L2776BDE2DC7141F3967239941BF4A55E">
                        <FormatCurrencyAmt id="F923F58982C6247F3990447B770A5DAAF">
                            <Amt>500000</Amt>
                        </FormatCurrencyAmt>
                        <LimitAppliesToCd>PerAcc</LimitAppliesToCd>
                    </Limit>
                    <CreditOrSurcharge id="C59CA356A1FA4458C86C0F8D7367E6939">
                        <CreditSurchargeCd>LFREE</CreditSurchargeCd>
                        <SecondaryCd>CFAEST</SecondaryCd>
                        <WBRatingAppliedInd>0</WBRatingAppliedInd>
                    </CreditOrSurcharge>
                    <EffectiveDt>2019-08-12</EffectiveDt>
                    <ExpirationDt>2019-12-12</ExpirationDt>
                    <ProRateFactor>0.6667</ProRateFactor>
                    <CoverageSupplement id="CD6CDED8B121C473790D3F707DCE16265">
                        <CoverageSubCd>UMSP</CoverageSubCd>
                    </CoverageSupplement>
                    <CoverageExt id="C3E6418A5A3A24BEF842B595CA0DC7C56">
                        <WBOnsetOffsetPremiumInfo id="W01CD6DD81F85466D8020733FAE733B55">
                            <WBCurrentTermOnsetAmt id="WAD8F0A71BA7B45C48462521FD2ADB226">
                                <Amt>0</Amt>
                            </WBCurrentTermOnsetAmt>
                            <WBCurrentTermOffsetAmt id="W7BB841E5C1754A148A42F46FC98934B7">
                                <Amt>27</Amt>
                            </WBCurrentTermOffsetAmt>
                        </WBOnsetOffsetPremiumInfo>
                        <WBPremiumInfo id="WB79367E16ECA4509969913C19B9D650D">
                            <WBCurrentTermAmt id="W169D3A655D384F10B3227E529101CC4E">
                                <Amt>40</Amt>
                            </WBCurrentTermAmt>
                            <WBNetChangeAmt id="W38EB69028AAC46DAA75B169E5D224816">
                                <Amt>-27</Amt>
                            </WBNetChangeAmt>
                            <WBWrittenAmt id="WF202B6D7C25542B8BB8D57FCDF55FF2C">
                                <Amt>13</Amt>
                            </WBWrittenAmt>
                            <WBPriorCurrentTermAmt id="W19074B91FD16459CB91678B9C3D92F17">
                                <Amt>40</Amt>
                            </WBPriorCurrentTermAmt>
                            <WBPriorWrittenAmt id="W31BACB3AABED4DB9B2E4D90F580BA1C0">
                                <Amt>40</Amt>
                            </WBPriorWrittenAmt>
                            <WBCancelAmt id="W723AC648A0AA41F7A2718FDC6AC1429C">
                                <Amt>0</Amt>
                            </WBCancelAmt>
                        </WBPremiumInfo>
                    </CoverageExt>
                </Coverage>
                <Coverage id="C06585937392A4EF5B0364132F479F514">
                    <CoverageCd>UNDUM</CoverageCd>
                    <Limit id="L5FDA6248F30344E89CE3A5822889D639">
                        <FormatCurrencyAmt id="F6332E4C01B194FB1BE7D55920438FA9A">
                            <Amt>250000</Amt>
                        </FormatCurrencyAmt>
                        <LimitAppliesToCd>EachClaim</LimitAppliesToCd>
                    </Limit>
                    <Limit id="L3C5E67BDB31240B6AA519933C7723F67">
                        <FormatCurrencyAmt id="F6E3FBB09F82D4F47A7D94FAD4FD52134">
                            <Amt>500000</Amt>
                        </FormatCurrencyAmt>
                        <LimitAppliesToCd>PerAcc</LimitAppliesToCd>
                    </Limit>
                    <EffectiveDt>2019-08-12</EffectiveDt>
                    <ExpirationDt>2019-12-12</ExpirationDt>
                    <ProRateFactor>0.6667</ProRateFactor>
                    <CoverageSupplement id="C58537513651D45C89EFE1151E6D01E3A">
                        <CoverageSubCd>UNDMSP</CoverageSubCd>
                    </CoverageSupplement>
                    <CoverageExt id="C06ECE9C058054D20AB906D7B425530C8">
                        <WBOnsetOffsetPremiumInfo id="WFC38F5974B9144E0961A4D483D3A6CCF">
                            <WBCurrentTermOnsetAmt id="W3823A9FEAE9D4761B25A27F812A1F389">
                                <Amt>0</Amt>
                            </WBCurrentTermOnsetAmt>
                            <WBCurrentTermOffsetAmt id="WEE0D72E5F5114DF59C5D59A9C824AF76">
                                <Amt>13</Amt>
                            </WBCurrentTermOffsetAmt>
                        </WBOnsetOffsetPremiumInfo>
                        <WBPremiumInfo id="W9919B84830C74169AB24D8A688F0D308">
                            <WBCurrentTermAmt id="W28176AF3439B4049A797AAE000B95409">
                                <Amt>19</Amt>
                            </WBCurrentTermAmt>
                            <WBNetChangeAmt id="W5BA509C9CA974A92BA1CE03B32A7770A">
                                <Amt>-13</Amt>
                            </WBNetChangeAmt>
                            <WBWrittenAmt id="W921813B6190F4ED889604BC776163BC7">
                                <Amt>6</Amt>
                            </WBWrittenAmt>
                            <WBPriorCurrentTermAmt id="W3D47A454035648259659710AF2A033B3">
                                <Amt>19</Amt>
                            </WBPriorCurrentTermAmt>
                            <WBPriorWrittenAmt id="W2F5BEA08B413498EB962F01EAC8A9709">
                                <Amt>19</Amt>
                            </WBPriorWrittenAmt>
                            <WBCancelAmt id="WC092AE6DCFA84171BEAB712FD9D23739">
                                <Amt>0</Amt>
                            </WBCancelAmt>
                        </WBPremiumInfo>
                    </CoverageExt>
                </Coverage>
                <Coverage id="CD529A5F9BF9549A48458826FA9CC1CDE">
                    <CoverageCd>PIP</CoverageCd>
                    <Deductible id="D6A83B356758040F4BA7BFB22DBDC26C9">
                        <FormatCurrencyAmt id="FE373BCA76E0248908FE33ADA71B9FBF3">
                            <Amt>0</Amt>
                        </FormatCurrencyAmt>
                        <DeductibleAppliesToCd>CL</DeductibleAppliesToCd>
                    </Deductible>
                    <Option id="O43CAB52D2CBB430C88D297AAE3951282">
                        <OptionCd>P</OptionCd>
                    </Option>
                    <CreditOrSurcharge id="CC681A4FB5235466085E4C8B0A0560DC6">
                        <CreditSurchargeCd>LFREE</CreditSurchargeCd>
                        <SecondaryCd>CFAEST</SecondaryCd>
                        <WBRatingAppliedInd>0</WBRatingAppliedInd>
                    </CreditOrSurcharge>
                    <EffectiveDt>2019-08-12</EffectiveDt>
                    <ExpirationDt>2019-12-12</ExpirationDt>
                    <ProRateFactor>0.6667</ProRateFactor>
                    <CoverageSupplement id="C397987398D174A248FA36716DE54E640">
                        <CoverageSubCd>PIPMED</CoverageSubCd>
                    </CoverageSupplement>
                    <CoverageExt id="CC01F975885DA48108542B0590D60805F">
                        <WBOnsetOffsetPremiumInfo id="W5DE9343A9C9B43FDA9F1CAA304466168">
                            <WBCurrentTermOnsetAmt id="W6647BF5AC827488FAB71E327F63CEDFB">
                                <Amt>0</Amt>
                            </WBCurrentTermOnsetAmt>
                            <WBCurrentTermOffsetAmt id="W3BEC4A6462C14A238773387F00D9F5C1">
                                <Amt>575</Amt>
                            </WBCurrentTermOffsetAmt>
                        </WBOnsetOffsetPremiumInfo>
                        <WBPremiumInfo id="W6D5934E20BC2410788F0B041C81081C6">
                            <WBCurrentTermAmt id="WBEB68FD9DFD84F718755FDF10352D832">
                                <Amt>862</Amt>
                            </WBCurrentTermAmt>
                            <WBNetChangeAmt id="W4C4905C25E814E278C9790CA702EA60A">
                                <Amt>-575</Amt>
                            </WBNetChangeAmt>
                            <WBWrittenAmt id="W11682E74ABE74D2FA6F93DFB318E0676">
                                <Amt>287</Amt>
                            </WBWrittenAmt>
                            <WBPriorCurrentTermAmt id="W84238ECFF7A84781AF355A837A47D167">
                                <Amt>862</Amt>
                            </WBPriorCurrentTermAmt>
                            <WBPriorWrittenAmt id="WF64EC2325F1C41369915C8D2DA06353E">
                                <Amt>862</Amt>
                            </WBPriorWrittenAmt>
                            <WBCancelAmt id="W04164348B13A4931B945C4AE6A80990D">
                                <Amt>0</Amt>
                            </WBCancelAmt>
                        </WBPremiumInfo>
                    </CoverageExt>
                </Coverage>
                <Coverage id="C20B8E9ED4A1E4864AC31BBFFF46D4DDF">
                    <CoverageCd>PIP</CoverageCd>
                    <Deductible id="D7FDFDDD3915B4F74807ED27D02EC9A27">
                        <FormatCurrencyAmt id="FF2ED8DC7F97C45009F32481403D68641">
                            <Amt>0</Amt>
                        </FormatCurrencyAmt>
                        <DeductibleAppliesToCd>CL</DeductibleAppliesToCd>
                    </Deductible>
                    <CreditOrSurcharge id="CE02EDF4E48FC43C89DE4D7214ACFC383">
                        <CreditSurchargeCd>LFREE</CreditSurchargeCd>
                        <SecondaryCd>CFAEST</SecondaryCd>
                        <WBRatingAppliedInd>0</WBRatingAppliedInd>
                    </CreditOrSurcharge>
                    <EffectiveDt>2019-08-12</EffectiveDt>
                    <ExpirationDt>2019-12-12</ExpirationDt>
                    <ProRateFactor>0.6667</ProRateFactor>
                    <CoverageSupplement id="CC6C9A2486CE849A281C4FBA86F7395A6">
                        <CoverageSubCd>PIPALLOTHER</CoverageSubCd>
                    </CoverageSupplement>
                    <CoverageExt id="C4CD84C6E022D4EE99154E0DB8A5855C2">
                        <WBOnsetOffsetPremiumInfo id="W1B24554C899B4B00BFB5C46EA8875249">
                            <WBCurrentTermOnsetAmt id="W3E79F336F85C48F890540865EEF7E30D">
                                <Amt>0</Amt>
                            </WBCurrentTermOnsetAmt>
                            <WBCurrentTermOffsetAmt id="W52D795C85348456FB2ED9465522D57D6">
                                <Amt>11</Amt>
                            </WBCurrentTermOffsetAmt>
                        </WBOnsetOffsetPremiumInfo>
                        <WBPremiumInfo id="WF2114E9C37FD49E3B21BE024E69C7810">
                            <WBCurrentTermAmt id="WC586E82130B2465381507FF947F4BDEE">
                                <Amt>17</Amt>
                            </WBCurrentTermAmt>
                            <WBNetChangeAmt id="W4C25EDFD0C004B72A94F484EAEFAD289">
                                <Amt>-11</Amt>
                            </WBNetChangeAmt>
                            <WBWrittenAmt id="W1CCF8BB4AF6E4DACBA794F09DC027F7C">
                                <Amt>6</Amt>
                            </WBWrittenAmt>
                            <WBPriorCurrentTermAmt id="WC94C24E3CF844614AF1CB106E07FAE39">
                                <Amt>17</Amt>
                            </WBPriorCurrentTermAmt>
                            <WBPriorWrittenAmt id="WDBFF2249402A4E09B3AC060EC61118FC">
                                <Amt>17</Amt>
                            </WBPriorWrittenAmt>
                            <WBCancelAmt id="W4B1A440AC38D4D96B8EBA28846D48085">
                                <Amt>0</Amt>
                            </WBCancelAmt>
                        </WBPremiumInfo>
                    </CoverageExt>
                </Coverage>
                <Coverage id="C3187669673B6412D9E43B9A17A374438">
                    <CoverageCd>WLB</CoverageCd>
                    <Option id="O78B0675D666E4B63A2E0969A865D4CD4">
                        <OptionCd>W</OptionCd>
                    </Option>
                    <EffectiveDt>2019-08-12</EffectiveDt>
                    <ExpirationDt>2019-12-12</ExpirationDt>
                    <ProRateFactor>0.6667</ProRateFactor>
                    <CoverageSupplement id="C4DB71CEB3FBA424F9818B6E3F1A8ABC3">
                        <CoverageSubCd>PIPWKLOSS</CoverageSubCd>
                    </CoverageSupplement>
                    <CoverageExt id="CC470429FBE2346228043511B70DBC81C">
                        <WBOnsetOffsetPremiumInfo id="W91ACBA58F3B74DF9B4A224EBBC86C48F">
                            <WBCurrentTermOnsetAmt id="W0AC5C8B73E3B42ADAF2331154BB75486">
                                <Amt>0</Amt>
                            </WBCurrentTermOnsetAmt>
                            <WBCurrentTermOffsetAmt id="W21FE0CC92B924792A24E2F7BB876B753">
                                <Amt>11</Amt>
                            </WBCurrentTermOffsetAmt>
                        </WBOnsetOffsetPremiumInfo>
                        <WBPremiumInfo id="W5E6B8AA2768848B48E3B75BDCB76B691">
                            <WBCurrentTermAmt id="WDA7D0DAD8C3D42FC9A41F035DD432488">
                                <Amt>16</Amt>
                            </WBCurrentTermAmt>
                            <WBNetChangeAmt id="W2B18F69E8EDE4872B1E93144CB1D1369">
                                <Amt>-11</Amt>
                            </WBNetChangeAmt>
                            <WBWrittenAmt id="W9C01D948D8F04AEFB8E7A240D9DEBCC5">
                                <Amt>5</Amt>
                            </WBWrittenAmt>
                            <WBPriorCurrentTermAmt id="W128EBE9AA30E4CD19AA7A24B4EACB27C">
                                <Amt>16</Amt>
                            </WBPriorCurrentTermAmt>
                            <WBPriorWrittenAmt id="WCA4085A647CA4EDB9DD2757716A16BE3">
                                <Amt>16</Amt>
                            </WBPriorWrittenAmt>
                            <WBCancelAmt id="WE89227D4BEA4410D88B1AB21D40D8E47">
                                <Amt>0</Amt>
                            </WBCancelAmt>
                        </WBPremiumInfo>
                    </CoverageExt>
                </Coverage>
                <Coverage id="C036E66C1AC6745B78BF585A777CBCAE7">
                    <CoverageCd>PPI</CoverageCd>
                    <Limit id="L7C8A55C33D8D45409106E7BE8C3711C0">
                        <FormatCurrencyAmt id="FE24C47E327A34037802F7C413B363A5E">
                            <Amt>1000000</Amt>
                        </FormatCurrencyAmt>
                        <LimitAppliesToCd>PerAcc</LimitAppliesToCd>
                    </Limit>
                    <EffectiveDt>2019-08-12</EffectiveDt>
                    <ExpirationDt>2019-12-12</ExpirationDt>
                    <ProRateFactor>0.6667</ProRateFactor>
                    <CoverageSupplement id="C5DE15489B8C04EE39193F4A13DC1C372">
                        <CoverageSubCd>PPI</CoverageSubCd>
                    </CoverageSupplement>
                    <CoverageExt id="CC21DEF4B64264BFE9053F174904F4ABB">
                        <WBOnsetOffsetPremiumInfo id="W2C735CCEA33D43C081805E9F51526F2E">
                            <WBCurrentTermOnsetAmt id="W69851CF6F0CF45FD9D011A627F5CBEE3">
                                <Amt>0</Amt>
                            </WBCurrentTermOnsetAmt>
                            <WBCurrentTermOffsetAmt id="W08B96D07DFE54D508180FB9FD33B65B4">
                                <Amt>2</Amt>
                            </WBCurrentTermOffsetAmt>
                        </WBOnsetOffsetPremiumInfo>
                        <WBPremiumInfo id="W63682F67582042EF8DDD75EF8B380AAC">
                            <WBCurrentTermAmt id="W1C846849916E49DD956FBE03ECC780F3">
                                <Amt>3</Amt>
                            </WBCurrentTermAmt>
                            <WBNetChangeAmt id="WB6DE9937C54C41FAAB5678A43BD0FB44">
                                <Amt>-2</Amt>
                            </WBNetChangeAmt>
                            <WBWrittenAmt id="WAC8726F3600E45B198CC1EE2384618B2">
                                <Amt>1</Amt>
                            </WBWrittenAmt>
                            <WBPriorCurrentTermAmt id="W367AA594CF784154A44BA17EA559FF14">
                                <Amt>3</Amt>
                            </WBPriorCurrentTermAmt>
                            <WBPriorWrittenAmt id="W9D5A7C3BD28E44F6B4BD433DB0D22F94">
                                <Amt>3</Amt>
                            </WBPriorWrittenAmt>
                            <WBCancelAmt id="W4941C69C58474131A0C5A9293EDD5404">
                                <Amt>0</Amt>
                            </WBCancelAmt>
                        </WBPremiumInfo>
                    </CoverageExt>
                </Coverage>
                <Coverage id="CF9BB60DF2C6E4663A5032F25BD2C19AB">
                    <CoverageCd>MCCA</CoverageCd>
                    <CoverageTypeCd>Coverage</CoverageTypeCd>
                    <EffectiveDt>2019-08-12</EffectiveDt>
                    <ExpirationDt>2019-12-12</ExpirationDt>
                    <ProRateFactor>0.6667</ProRateFactor>
                    <CoverageSupplement id="C3BF787ACF2EA4C4FBB332AC242DEB7FB">
                        <CoverageSubCd>PIPMCCA</CoverageSubCd>
                    </CoverageSupplement>
                    <CoverageExt id="CAE094FEBAD3B44A1A57FA3FFA80CCF6C">
                        <WBOnsetOffsetPremiumInfo id="W60FAB7E8CFB445F6A30A2F7F57E1A135">
                            <WBCurrentTermOnsetAmt id="W28D483FA1FB84CDB86A51DD5ADDE80E5">
                                <Amt>0</Amt>
                            </WBCurrentTermOnsetAmt>
                            <WBCurrentTermOffsetAmt id="W022DBBEEE643425A87DC97DF065264FC">
                                <Amt>152</Amt>
                            </WBCurrentTermOffsetAmt>
                        </WBOnsetOffsetPremiumInfo>
                        <WBPremiumInfo id="W3C6DEFE4724D436987028145F1B351F5">
                            <WBCurrentTermAmt id="W409634FD32E347E6A555EFE114923B7B">
                                <Amt>228.00</Amt>
                            </WBCurrentTermAmt>
                            <WBNetChangeAmt id="W66BBD20C249E45B997CD5DE7919FFC31">
                                <Amt>-152</Amt>
                            </WBNetChangeAmt>
                            <WBWrittenAmt id="WCADF05DA96E34A13BDBE1CB9D1F5E513">
                                <Amt>76</Amt>
                            </WBWrittenAmt>
                            <WBPriorCurrentTermAmt id="W16C3571BD6BC490E915C43B7F1E83CEB">
                                <Amt>228</Amt>
                            </WBPriorCurrentTermAmt>
                            <WBPriorWrittenAmt id="W393B73A603DE40758F46EBC08FED4630">
                                <Amt>228</Amt>
                            </WBPriorWrittenAmt>
                            <WBCancelAmt id="WD2D673A1B3A9429AA2C13E99D999927C">
                                <Amt>0</Amt>
                            </WBCancelAmt>
                        </WBPremiumInfo>
                    </CoverageExt>
                </Coverage>
                <CreditOrSurcharge id="CA6892905B5254FB9831DCBB9305FFADF">
                    <SecondaryCd>AHS</SecondaryCd>
                    <WBRatingAppliedInd>0</WBRatingAppliedInd>
                </CreditOrSurcharge>
                <CreditOrSurcharge id="C66EE949E6DEC45159860FD9E286A966E">
                    <SecondaryCd>AOM</SecondaryCd>
                    <WBRatingAppliedInd>0</WBRatingAppliedInd>
                </CreditOrSurcharge>
                <CreditOrSurcharge id="C67FE0C9A346845EC98FFD48B250C2D92">
                    <SecondaryCd>BWS</SecondaryCd>
                    <WBRatingAppliedInd>0</WBRatingAppliedInd>
                </CreditOrSurcharge>
                <CreditOrSurcharge id="CF4CFAC5BBF904FE0973F998884898251">
                    <SecondaryCd>DFSS</SecondaryCd>
                    <WBRatingAppliedInd>0</WBRatingAppliedInd>
                </CreditOrSurcharge>
                <CreditOrSurcharge id="C242E1FB36BF9459CB7EDCAE3DC6F774E">
                    <SecondaryCd>FCA</SecondaryCd>
                    <WBRatingAppliedInd>0</WBRatingAppliedInd>
                </CreditOrSurcharge>
                <CreditOrSurcharge id="C6481D0B0F442498D8718F6678C174082">
                    <SecondaryCd />
                    <WBRatingAppliedInd>0</WBRatingAppliedInd>
                </CreditOrSurcharge>
                <CreditOrSurcharge id="C57FA3649ABE040E39577C011733AA026">
                    <SecondaryCd>SDD</SecondaryCd>
                    <WBRatingAppliedInd>0</WBRatingAppliedInd>
                </CreditOrSurcharge>
                <CreditOrSurcharge id="CD5DAFBDFBB9146CBAF4CDA80E36C9F0F">
                    <SecondaryCd />
                    <WBRatingAppliedInd>0</WBRatingAppliedInd>
                </CreditOrSurcharge>
                <CreditOrSurcharge id="C8BC7BADA73DC4F59A8D10F44E7B018FA">
                    <SecondaryCd />
                    <WBRatingAppliedInd>0</WBRatingAppliedInd>
                </CreditOrSurcharge>
                <CreditOrSurcharge id="CF4F7E87B7DD04673B64B57A2AFB18803">
                    <SecondaryCd />
                    <WBRatingAppliedInd>0</WBRatingAppliedInd>
                </CreditOrSurcharge>
                <CreditOrSurcharge id="C39122EBA639C486188AC3D7AE0D4FD53">
                    <SecondaryCd />
                    <WBRatingAppliedInd>0</WBRatingAppliedInd>
                </CreditOrSurcharge>
                <CreditOrSurcharge id="CEEFB51587B184B598DCB301599C7D62B">
                    <SecondaryCd>PU</SecondaryCd>
                    <WBRatingAppliedInd>0</WBRatingAppliedInd>
                </CreditOrSurcharge>
                <ComprehensiveOTCSymbolCd>52</ComprehensiveOTCSymbolCd>
                <CollisionSymbolCd>58</CollisionSymbolCd>
                <QuestionAnswer id="QA7ADF099E15A4556B311F0AEEC78C8EB">
                    <QuestionCd>VEH01</QuestionCd>
                    <YesNoCd>NO</YesNoCd>
                </QuestionAnswer>
                <QuestionAnswer id="Q6FCD0F0B4A5F4811B54F6311D33DDBD0">
                    <QuestionCd>VEH02</QuestionCd>
                    <YesNoCd>DRV</YesNoCd>
                    <Explanation>1100</Explanation>
                </QuestionAnswer>
                <VehicleExt id="VEDBA4557BF4C4C86BE8F15EEA8E4A38A">
                    <WBBlindSpotLaneOrDepartureMonitoringCd />
                    <WBForwardCrashAvoidanceCd />
                    <WBBackupWarningSystemInd>0</WBBackupWarningSystemInd>
                    <WBAutonomousOperationsModeInd>0</WBAutonomousOperationsModeInd>
                    <WBAdaptiveHeadlightSystemInd>0</WBAdaptiveHeadlightSystemInd>
                    <WBDriverFatigueSensingSystemInd>0</WBDriverFatigueSensingSystemInd>
                    <ClassCode>1145</ClassCode>
                    <WBMileage id="W6884BDB613A6466785292848254513DA">
                        <WBRatedAnnualMileage>14334</WBRatedAnnualMileage>
                        <WBAnnualMileageMAMCd>E</WBAnnualMileageMAMCd>
                    </WBMileage>
                    <WBISOBodyStyleDesc>Convertible 2-Door</WBISOBodyStyleDesc>
                    <WBFinancialResponsibilityCnt>0</WBFinancialResponsibilityCnt>
                    <WBRiskTerm id="WBAC0539B813344EEAEC1D6360F6277B0">
                        <WBRiskEffectiveDt>2019-08-12</WBRiskEffectiveDt>
                        <WBRiskExpirationDt>2019-12-12</WBRiskExpirationDt>
                    </WBRiskTerm>
                    <WBSubtotalInfo id="W6B2BC46C626C4868BD8616C5AB8B002F">
                        <WBSubtotalInfoTypeCd>CFA</WBSubtotalInfoTypeCd>
                        <WBCurrentTermAmt id="W797E19AB2456406594A0E26593D11628">
                            <Amt>35</Amt>
                        </WBCurrentTermAmt>
                    </WBSubtotalInfo>
                    <WBSubtotalInfo id="W9DC2C44372F5469C880B904C6A322CAD">
                        <WBSubtotalInfoTypeCd>VEH</WBSubtotalInfoTypeCd>
                        <WBCurrentTermAmt id="WB2BC02D5970A42DF9FE433946668D11F">
                            <Amt>1168</Amt>
                        </WBCurrentTermAmt>
                    </WBSubtotalInfo>
                    <WBVehicleAge>2</WBVehicleAge>
                    <WBThirdPartyReport id="W1077FE73D2F442EE8E0123580B624A8E">
                        <WBReportTypeCd>VINMASTER</WBReportTypeCd>
                        <WBReportOrderStatus>Returned</WBReportOrderStatus>
                    </WBThirdPartyReport>
                    <WBOnsetOffsetPremiumInfo />
                    <WBPremiumInfo id="WB7420CC39B634625A551C66F364C6791">
                        <WBCurrentTermAmt id="W760F96596294454C935E4EA9E662F647">
                            <Amt>1396</Amt>
                        </WBCurrentTermAmt>
                        <WBNetChangeAmt id="WAE4BD4ED3E5443C7BD1E6583D3092368">
                            <Amt>-931</Amt>
                        </WBNetChangeAmt>
                        <WBWrittenAmt id="W7E834E07C39F4ED7A48B21AD6C69BDF1">
                            <Amt>465</Amt>
                        </WBWrittenAmt>
                    </WBPremiumInfo>
                    <Form id="F30EC99A0F8F64818A2D2C924B1B7BDB8">
                        <FormNumber>PP0001Q</FormNumber>
                        <FormName>Personal Auto Policy</FormName>
                        <EditionDt>2019-01-01</EditionDt>
                        <EffectiveDt>2019-08-12</EffectiveDt>
                    </Form>
                    <Form id="FD209340C60C34039825874A7498521CF">
                        <FormNumber>PP0180Q</FormNumber>
                        <FormName>Amendment of Policy Provisions - Michigan</FormName>
                        <EditionDt>2019-01-01</EditionDt>
                        <EffectiveDt>2019-08-12</EffectiveDt>
                    </Form>
                    <Form id="F0EE95A428DD543C9817CF1E291E95E33">
                        <FormNumber>PP0280Q</FormNumber>
                        <FormName>Termination Provisions - Michigan</FormName>
                        <EditionDt>2019-01-01</EditionDt>
                        <EffectiveDt>2019-08-12</EffectiveDt>
                    </Form>
                    <Form id="F7458A35466844D44B6B971796138C7C5">
                        <FormNumber>PP0401Q</FormNumber>
                        <FormName>Uninsured Motorists Limits</FormName>
                        <EditionDt>2019-01-01</EditionDt>
                        <EffectiveDt>2019-08-12</EffectiveDt>
                    </Form>
                    <Form id="F89E576B527DE4C0D9168D3C7F23A6419">
                        <FormNumber>PP0402Q</FormNumber>
                        <FormName>Underinsured Motorists Limit</FormName>
                        <EditionDt>2019-01-01</EditionDt>
                        <EffectiveDt>2019-08-12</EffectiveDt>
                    </Form>
                    <Form id="FFE2D6254E18C40688B3A8B18577FD0AB">
                        <FormNumber>PP0590Q</FormNumber>
                        <FormName>Personal Injury Protection Coverage - Michigan</FormName>
                        <EditionDt>2019-01-01</EditionDt>
                        <EffectiveDt>2019-08-12</EffectiveDt>
                    </Form>
                    <Form id="F66BB4702AD2A4CFD8743B7429E8AA88C">
                        <FormNumber>PP0591Q</FormNumber>
                        <FormName>Property Protection Coverage - Michigan</FormName>
                        <EditionDt>2019-01-01</EditionDt>
                        <EffectiveDt>2019-08-12</EffectiveDt>
                    </Form>
                </VehicleExt>
            </Vehicle>
            <QuestionAnswer id="Q0D84D8660D804ED48315A0D51F9ABF88">
                <QuestionCd>AUTOP03</QuestionCd>
                <YesNoCd>NO</YesNoCd>
            </QuestionAnswer>
            <QuestionAnswer id="Q00FB43508A2B4A04AD83A505956BC15D">
                <QuestionCd>VEH03</QuestionCd>
                <YesNoCd>NO</YesNoCd>
            </QuestionAnswer>
            <QuestionAnswer id="Q6B33187D26294531B460A0D38061B2C3">
                <QuestionCd>VEH04</QuestionCd>
                <YesNoCd>NO</YesNoCd>
            </QuestionAnswer>
            <PersAutoLineBusinessExt id="P440E95A456DC4DC89C598A50A48265C4">
                <WBSubtotalInfo id="W3389884A7E4542F08B63824AD4F08A50">
                    <WBSubtotalInfoTypeCd>CFA</WBSubtotalInfoTypeCd>
                    <WBCurrentTermAmt id="WFEE484DEC194458AA6F2B544010652B5">
                        <Amt>35</Amt>
                    </WBCurrentTermAmt>
                </WBSubtotalInfo>
                <WBOnsetOffsetPremiumInfo />
                <WBPermissiveUseCnt>0</WBPermissiveUseCnt>
                <WBPremiumInfo id="WE0C75CA700EE4BE8B3C588D5582F3100">
                    <WBCurrentTermAmt id="W05F8D133415940AFA0F10A94970C7E71">
                        <Amt>1396</Amt>
                    </WBCurrentTermAmt>
                    <WBNetChangeAmt id="W775FA6E87B0B4FA89C6B37A89E33E79A">
                        <Amt>-931</Amt>
                    </WBNetChangeAmt>
                    <WBWrittenAmt id="WB0D3B68B821E40E4A75512DA339A1C4F">
                        <Amt>465</Amt>
                    </WBWrittenAmt>
                </WBPremiumInfo>
                <WBWorkLossDeclineIndicator>1</WBWorkLossDeclineIndicator>
            </PersAutoLineBusinessExt>
        </PersAutoLineBusiness>
        <PolicyExt id="P616FA00C5F254BBA9F3308A60C57EF86">
            <AutoCompositionFactorCd>P</AutoCompositionFactorCd>
            <WBTransactionStatusDesc>Committed</WBTransactionStatusDesc>
            <WBQuoteStatusDesc>Issued</WBQuoteStatusDesc>
            <CreditOrSurcharge id="C4AD57A260CF8477BB71CEF6EF234A6C3">
                <SecondaryCd>HCD</SecondaryCd>
                <WBRatingAppliedInd>1</WBRatingAppliedInd>
            </CreditOrSurcharge>
            <CreditOrSurcharge id="CA1B97C8F43CF4DA39701DBB015573F85">
                <SecondaryCd />
                <WBRatingAppliedInd>1</WBRatingAppliedInd>
            </CreditOrSurcharge>
            <WBHouseholdCompositionInd>0</WBHouseholdCompositionInd>
            <WBSubtotalInfo id="W8936648696CE4489B2AE6EDF4796BDF7">
                <WBSubtotalInfoTypeCd>CFA</WBSubtotalInfoTypeCd>
                <WBCurrentTermAmt id="W8B1CE596710B4F32BF99E4D9D6F977B1">
                    <Amt>35</Amt>
                </WBCurrentTermAmt>
            </WBSubtotalInfo>
            <WBPolicyAge>0</WBPolicyAge>
            <WBOnsetOffsetPremiumInfo />
            <WBPremiumInfo id="W3D528484C04F4BAFA5A74D79064275E0">
                <WBCurrentTermAmt id="WEA4F0A8873F141B5805BC61BB7D34E6E">
                    <Amt>1396</Amt>
                </WBCurrentTermAmt>
                <WBNetChangeAmt id="W9AF7E936C4E3479FA3FE9846459E45D0">
                    <Amt>-931</Amt>
                </WBNetChangeAmt>
                <WBWrittenAmt id="W087A9F580062468FBAA89AFF713A17CC">
                    <Amt>465</Amt>
                </WBWrittenAmt>
            </WBPremiumInfo>
            <WBPriorPolicyCnt>0</WBPriorPolicyCnt>
        </PolicyExt>
    </Policy>
</PolicyRs>