﻿<PolicyRs xmlns="http://www.acord.org/schema/PC/xml/2">
  <BusinessPurposeTypeCd>NBQ</BusinessPurposeTypeCd>
  <TransactionEffectiveDt>2020-02-18T00:00:00.000</TransactionEffectiveDt>
  <SourceSystem id="SDC351219A5B34BD1A051CE36C5A5E203">
    <SourceSystemCd>WB</SourceSystemCd>
    <SourceSystemQualifierCd>LR</SourceSystemQualifierCd>
  </SourceSystem>
  <TransactionSeqNumber>1</TransactionSeqNumber>
  <Policy id="P0A5C0EA591994F45BDAD418B1A2EF895">
    <PolicyNumber>B006777</PolicyNumber>
    <PolicyVersion>00</PolicyVersion>
    <CompanyProductCd>801</CompanyProductCd>
    <BroadLOBCd>1</BroadLOBCd>
    <NAICCd>15350</NAICCd>
    <ControllingStateProvCd>AZ</ControllingStateProvCd>
    <ContractTerm id="CD53C95FD49814DB8A0A641CF0A39EA29">
      <EffectiveDt>2020-02-18</EffectiveDt>
      <ExpirationDt>2021-02-18</ExpirationDt>
    </ContractTerm>
    <CustomerServicingCd>AGY</CustomerServicingCd>
    <NumLosses>0</NumLosses>
    <OtherOrPriorPolicy id="OEC353681FF7C489998C90371F743D826" DriverRef="DD675086F836D443CB849F1EFC9AE9424">
      <PolicyCd>RecentOt</PolicyCd>
      <InsurerName>AMER ECONOMY INS CO</InsurerName>
      <ContractTerm id="CD6CA64B1C3AF43738777FEAFB81F253E">
        <ExpirationDt>2020-02-18</ExpirationDt>
      </ContractTerm>
      <LengthTimeWithPreviousInsurer id="L2C81461E469446CD8BEF3C1EBF0E002C">
        <NumUnits>12</NumUnits>
      </LengthTimeWithPreviousInsurer>
      <OtherOrPriorPolicyExt id="O9DBA03DFB5A245ABBBD3D7D268D78BF5">
        <WBPriorCarrierInceptionDt>2019-02-18</WBPriorCarrierInceptionDt>
        <WBRecordInfo id="W1848AF3CFD15473B98FC812C9BE8E89B">
          <WBRecordModifyInd>0</WBRecordModifyInd>
          <WBRecordModifyType>O</WBRecordModifyType>
          <WBRecordSource>APP-PREFILL MOD</WBRecordSource>
        </WBRecordInfo>
        <WBPriorCarrierGroupName>Liberty Mutual Holding Company Inc</WBPriorCarrierGroupName>
        <WBInsLapseCheckInd>0</WBInsLapseCheckInd>
        <WBPriorBIRatingRange>Low</WBPriorBIRatingRange>
        <WBPriorCarrierGroupCode>0110</WBPriorCarrierGroupCode>
      </OtherOrPriorPolicyExt>
    </OtherOrPriorPolicy>
    <OtherOrPriorPolicy id="O449BB10552894C2B909F12045910AF65" DriverRef="DD675086F836D443CB849F1EFC9AE9424">
      <PolicyCd>Prior</PolicyCd>
      <OtherOrPriorPolicyExt id="O70750B7C9008408BA8DA580E4B2F18E5">
        <WBRecordInfo id="W45A76810F8CC40588E04A15B0989B853">
          <WBRecordSource>APP-PREFILL</WBRecordSource>
        </WBRecordInfo>
        <WBPriorCarrierGroupName>Other</WBPriorCarrierGroupName>
        <WBPriorCarrierGroupCode>9999</WBPriorCarrierGroupCode>
      </OtherOrPriorPolicyExt>
    </OtherOrPriorPolicy>
    <PaymentOption id="P4B943FA38E354FD8A660CA5C43B946A7">
      <PaymentPlanCd>QT</PaymentPlanCd>
      <PaymentOptionExt id="P6CFAE59DF98F4C1DA5C0EDAC53641360">
        <WBDepositInd>0</WBDepositInd>
      </PaymentOptionExt>
    </PaymentOption>
    <QuoteInfo id="Q9E7B8CFDFA814DA093B78CC9A4CAB6F7">
      <InitialQuoteRequestDt>2020-02-20</InitialQuoteRequestDt>
    </QuoteInfo>
    <CreditScoreInfo id="CCC825B8B6B8742EEB4E83875951DBF55">
      <CreditScore>0</CreditScore>
      <CreditScoreDt>2020-02-18</CreditScoreDt>
      <CSPolicyTypeCd>Auto</CSPolicyTypeCd>
    </CreditScoreInfo>
    <CreditScoreInfo id="CB0363D150917487A83B77A10A7261BD8">
      <CreditScore>0</CreditScore>
      <CreditScoreDt>2020-02-18</CreditScoreDt>
      <CSPolicyTypeCd>Lowest</CSPolicyTypeCd>
    </CreditScoreInfo>
    <PolicyStatusCd>InForce</PolicyStatusCd>
    <UnderwritingDecisionInfo id="U6C7A87E5243A40FC9C41F96CC9755BC5">
      <SystemUnderwritingDecisionDt>2020-02-18</SystemUnderwritingDecisionDt>
      <UnderwritingScoreNumber />
      <UnderwritingDecisionInfoExt id="U2D2E741489914A5E8B2DBA7FA4BDB4E5" />
    </UnderwritingDecisionInfo>
    <OriginalPolicyInceptionDt>2020-02-18</OriginalPolicyInceptionDt>
    <PaidInFullInd>0</PaidInFullInd>
    <Producer id="P50DE2D123EFF4BB28E787FA9D01E1044" />
    <Producer id="P0109212347CA40EEA26CCB057C2B20A4">
      <Relationship id="R889F47DC3A834D9E8A1031B0F9EB3F8D">
        <RelationshipToCd>Agency</RelationshipToCd>
      </Relationship>
      <Name>A &amp; J PETERSBURG AGENCY</Name>
      <Addr id="A2F431FCA79C64C1EB152ABDD20E9DB45">
        <AddrTypeCd>MailingAddress</AddrTypeCd>
        <Addr1>PO BOX 290</Addr1>
        <City>DECORAH</City>
        <StateProvCd>IA</StateProvCd>
        <PostalCode>52101</PostalCode>
        <CountryCd>USA</CountryCd>
        <County>US</County>
      </Addr>
      <Communications id="C18E686819DAD47969835A80774D19444">
        <PhoneTypeCd>HOME</PhoneTypeCd>
        <PhoneNumber>563-382-3627</PhoneNumber>
      </Communications>
      <ContractNumber>14004</ContractNumber>
    </Producer>
    <Producer id="P40CCCAF1393C41F7AB760345E078B7E2">
      <Relationship id="RCF8452B7EA3545C8837FDB08EF1C80B3">
        <RelationshipToCd>USERIN</RelationshipToCd>
      </Relationship>
      <Name>PLAgent Tester</Name>
      <ProducerSubCode>20259</ProducerSubCode>
    </Producer>
    <Producer id="P0F59FDEAB0CC4B4F866920B78A6D5791">
      <Relationship id="RC5139A70CA774A6A9F41E3EA9204651C">
        <RelationshipToCd>PROD</RelationshipToCd>
      </Relationship>
      <Name>PLAgent Tester</Name>
      <ProducerSubCode>20259</ProducerSubCode>
    </Producer>
    <InsuredOrPrincipal id="IA4267BBE830544D39004843FFBDF3391">
      <ItemIdInfo id="I81AAA68AF6684912AF7C9C75EFCF356C">
        <InsurerId>1000457808</InsurerId>
      </ItemIdInfo>
      <Relationship id="RFBCC73CBEF4546EFB683B02E14401E4C" RelationshipToRef="P0A5C0EA591994F45BDAD418B1A2EF895">
        <RelationshipToCd>FNI</RelationshipToCd>
      </Relationship>
      <Name>DEBORAH F BAKER</Name>
      <Addr id="AED5B40691B3649B4B180FC2085D7F3C8">
        <AddrTypeCd>InsuredsAddress</AddrTypeCd>
        <Addr1>4234 W Redfield Rd</Addr1>
        <City>Phoenix</City>
        <StateProvCd>AZ</StateProvCd>
        <PostalCode>85053-5325</PostalCode>
        <CountryCd>USA</CountryCd>
        <Latitude>33.614113</Latitude>
        <Longitude>-112.148667</Longitude>
        <County>Maricopa County</County>
        <AddrExt id="A67C22B59964C4AC7A1B10B5882FB7E4D">
          <WBAddressStandardization id="W98D2010156BA44D69D9864261A99CB37">
            <WBAddrStandardizeStreetName>Redfield</WBAddrStandardizeStreetName>
            <WBAddrStandardizeStreetTypeCd>Rd</WBAddrStandardizeStreetTypeCd>
            <WBAddrStandardizeStreetNumber>4234</WBAddrStandardizeStreetNumber>
            <WBConfidence>95</WBConfidence>
            <WBAddrStandardizeLeadingDirectional>W</WBAddrStandardizeLeadingDirectional>
            <WBAddrStandardizeStatus>Accepted</WBAddrStandardizeStatus>
          </WBAddressStandardization>
        </AddrExt>
      </Addr>
      <Addr id="A293B1956A25B4A43A7CCB55E94C1E82A">
        <AddrTypeCd>MailingAddress</AddrTypeCd>
        <Addr1>4234 W Redfield Rd</Addr1>
        <City>Phoenix</City>
        <StateProvCd>AZ</StateProvCd>
        <PostalCode>85053-5325</PostalCode>
        <CountryCd>USA</CountryCd>
        <Latitude>33.614113</Latitude>
        <Longitude>-112.148667</Longitude>
        <County>Maricopa County</County>
        <AddrExt id="A881A79C76EF54C72A713663A15534754">
          <WBAddressStandardization id="WD8C3DEFD456149FDBEC6F2E1FC62DA76">
            <WBAddrStandardizeStreetName>Redfield</WBAddrStandardizeStreetName>
            <WBAddrStandardizeStreetTypeCd>Rd</WBAddrStandardizeStreetTypeCd>
            <WBAddrStandardizeStreetNumber>4234</WBAddrStandardizeStreetNumber>
            <WBConfidence>95</WBConfidence>
            <WBAddrStandardizeLeadingDirectional>W</WBAddrStandardizeLeadingDirectional>
            <WBAddrStandardizeStatus>Accepted</WBAddrStandardizeStatus>
          </WBAddressStandardization>
        </AddrExt>
      </Addr>
      <Addr id="A025E18CEDFAC47628FA8E00B9977B0FC">
        <AddrTypeCd>BillingAddress</AddrTypeCd>
      </Addr>
      <Communications id="CEA4744EADC054886A8CD5DC9BA783FA5">
        <CommunicationUseCd>Alternate</CommunicationUseCd>
        <PhoneTypeCd>Cell</PhoneTypeCd>
        <PhoneNumber>9003656233</PhoneNumber>
      </Communications>
      <Surname>BAKER</Surname>
      <GivenName>DEBORAH</GivenName>
      <OtherGivenName>F</OtherGivenName>
      <TitlePrefix>Dr.</TitlePrefix>
      <NameSuffix>Sr.</NameSuffix>
      <GenderCd>M</GenderCd>
      <BirthDt>1980-09-11</BirthDt>
      <MaritalStatusCd>S</MaritalStatusCd>
    </InsuredOrPrincipal>
    <PersAutoLineBusiness id="PF7B442E51B144A43831E308BA1B81FF3">
      <CompanyProductCd>850</CompanyProductCd>
      <Driver id="DD675086F836D443CB849F1EFC9AE9424">
        <ItemIdInfo id="IDF1883C941CB4FCDAA4BBDD4C5CE42C3">
          <InsurerId>101</InsurerId>
        </ItemIdInfo>
        <Relationship id="R3825895B460B45DD945F464333058326" RelationshipToRef="IA4267BBE830544D39004843FFBDF3391">
          <RelationshipToCd>IN</RelationshipToCd>
        </Relationship>
        <Relationship id="R239B2F94E43A41A19ABBDDA54A69F7E1" RelationshipToRef="V9E027CAEEB934931B00137C5237EB2E8">
          <RelationshipToCd>DRV</RelationshipToCd>
          <RelationshipDesc>PRINCIPAL</RelationshipDesc>
        </Relationship>
        <License id="LB6BA5D66088C490D90155245054E3AEF">
          <LicenseTypeCd>Driver</LicenseTypeCd>
          <LicenseStatusCd>VALID</LicenseStatusCd>
          <LicensePermitNumber>RVLXR6611</LicensePermitNumber>
          <StateProvCd>AZ</StateProvCd>
        </License>
        <Addr id="A222EDCA9F0564A65A0CCAE1427A4A613">
          <AddrTypeCd>MailingAddress</AddrTypeCd>
          <Addr1>4234 W Redfield Rd</Addr1>
          <City>Phoenix</City>
          <StateProvCd>AZ</StateProvCd>
          <PostalCode>85053-5325</PostalCode>
          <CountryCd>USA</CountryCd>
          <Latitude>33.614113</Latitude>
          <Longitude>-112.148667</Longitude>
          <County>Maricopa County</County>
          <AddrExt id="A58D38D8590644D9C82161BCD2F254AF4">
            <WBAddressStandardization id="W5F57A25EB0DD4D0AB9E39E313B8E1D03">
              <WBAddrStandardizeStreetName>Redfield</WBAddrStandardizeStreetName>
              <WBAddrStandardizeStreetTypeCd>Rd</WBAddrStandardizeStreetTypeCd>
              <WBAddrStandardizeStreetNumber>4234</WBAddrStandardizeStreetNumber>
              <WBConfidence>95</WBConfidence>
              <WBAddrStandardizeLeadingDirectional>W</WBAddrStandardizeLeadingDirectional>
              <WBAddrStandardizeStatus>Accepted</WBAddrStandardizeStatus>
            </WBAddressStandardization>
          </AddrExt>
        </Addr>
        <Addr id="AA73AF22E11014159A98E7B268B25CE2E">
          <AddrTypeCd>InsuredsAddress</AddrTypeCd>
          <Addr1>4234 W Redfield Rd</Addr1>
          <City>Phoenix</City>
          <StateProvCd>AZ</StateProvCd>
          <PostalCode>85053-5325</PostalCode>
          <CountryCd>USA</CountryCd>
          <Latitude>33.614113</Latitude>
          <Longitude>-112.148667</Longitude>
          <County>Maricopa County</County>
          <AddrExt id="A2A706322A18B49BA8358E11C8041A79B">
            <WBAddressStandardization id="W338528D041564628A4FE02835670DACF">
              <WBAddrStandardizeStreetName>Redfield</WBAddrStandardizeStreetName>
              <WBAddrStandardizeStreetTypeCd>Rd</WBAddrStandardizeStreetTypeCd>
              <WBAddrStandardizeStreetNumber>4234</WBAddrStandardizeStreetNumber>
              <WBConfidence>95</WBConfidence>
              <WBAddrStandardizeLeadingDirectional>W</WBAddrStandardizeLeadingDirectional>
              <WBAddrStandardizeStatus>Accepted</WBAddrStandardizeStatus>
            </WBAddressStandardization>
          </AddrExt>
        </Addr>
        <Surname>BAKER</Surname>
        <GivenName>DEBORAH</GivenName>
        <OtherGivenName>F</OtherGivenName>
        <TitlePrefix>Dr.</TitlePrefix>
        <NameSuffix>Sr.</NameSuffix>
        <GenderCd>M</GenderCd>
        <BirthDt>1980-09-11</BirthDt>
        <MaritalStatusCd>S</MaritalStatusCd>
        <OccupationClassCd>BAD</OccupationClassCd>
        <QuestionAnswer id="Q7CF9FA0F95074A8891B391208EE2F6E7">
          <QuestionCd>DRV04</QuestionCd>
          <YesNoCd>YES</YesNoCd>
          <QuestionText>licensedLastFive</QuestionText>
        </QuestionAnswer>
        <QuestionAnswer id="Q152E7991A1094F94A3801CB50FCF7C8C">
          <QuestionCd>DRV05</QuestionCd>
          <YesNoCd>YES</YesNoCd>
          <QuestionText>isIndiviualLicensed</QuestionText>
        </QuestionAnswer>
        <QuestionAnswer id="QEE2CDF86F3BD43E19FFB5B533F7A7110">
          <QuestionCd>DRV06</QuestionCd>
          <YesNoCd>NO</YesNoCd>
          <QuestionAnswerExt id="Q0F98C93EF8B34C048E790F0E1DC1147A">
            <WBOverrideInfo id="WC35FC1951E1E4B3CA090570E15CB9531">
              <WBOverrideType>UWQ</WBOverrideType>
              <WBOverrideCategory>PriorCarrier</WBOverrideCategory>
              <WBOverrideCd>MultPriorCarrier</WBOverrideCd>
              <WBOverrideValue>NO</WBOverrideValue>
            </WBOverrideInfo>
          </QuestionAnswerExt>
        </QuestionAnswer>
        <ContinuousInsuranceCd>Continuous6To11Months</ContinuousInsuranceCd>
        <DriverExt id="D94EC683152E340A68151139BD1D547E1">
          <YouthfulInd>0</YouthfulInd>
          <WBIsMinor>0</WBIsMinor>
          <WBRiskTerm id="WAC351CAD0E894BED9A0AAFD45E4A3B64">
            <WBRiskEffectiveDt>2020-02-18</WBRiskEffectiveDt>
            <WBRiskExpirationDt>2021-02-18</WBRiskExpirationDt>
          </WBRiskTerm>
          <WBDriverAge>39</WBDriverAge>
          <WBDriverIncidentEligiblePoints>0</WBDriverIncidentEligiblePoints>
          <WBInexperiencedOperatorInd>0</WBInexperiencedOperatorInd>
          <WBAdvantageDriverInd>0</WBAdvantageDriverInd>
          <WBCleanRecordThreeYrInd>1</WBCleanRecordThreeYrInd>
          <WBCleanRecordFiveYrInd>1</WBCleanRecordFiveYrInd>
          <WBDriverIncidentScore>-5</WBDriverIncidentScore>
        </DriverExt>
      </Driver>
      <Vehicle id="V9E027CAEEB934931B00137C5237EB2E8" RatedDriverRef="DD675086F836D443CB849F1EFC9AE9424">
        <ItemIdInfo id="I0CC75E9D76F946C7B5EDF5821A6E8CEE">
          <InsurerId>101</InsurerId>
        </ItemIdInfo>
        <Manufacturer>DODGE</Manufacturer>
        <ManufacturerCd>DODG</ManufacturerCd>
        <Model>GRAND CARAVAN SXT</Model>
        <ModelCd>GRAND CARA</ModelCd>
        <ModelYear>2005</ModelYear>
        <VehBodyTypeCd>PU</VehBodyTypeCd>
        <Registration id="R40CD6D7B9D764754AAD6AED3EE7C8280">
          <StateProvCd>AZ</StateProvCd>
        </Registration>
        <Horsepower id="HF3CCA6D85E804BD2A587BF396DB8FCBB">
          <NumUnits>3.8</NumUnits>
        </Horsepower>
        <VehIdentificationNumber>2D4GP44L35R320970</VehIdentificationNumber>
        <GrossVehWeight id="G6D2EAC8F39D44ECB84701E6053EF5D42">
          <NumUnits>5700</NumUnits>
        </GrossVehWeight>
        <DrivenByCoWorkersInd>0</DrivenByCoWorkersInd>
        <VehPerformanceCd>BASIC</VehPerformanceCd>
        <BIPDSymbolCd>300</BIPDSymbolCd>
        <MedPayPIPLiabilitySymbolCd>520</MedPayPIPLiabilitySymbolCd>
        <Addr id="AB81C0E85460B4E2DAD7B9F6540AA5F4C">
          <AddrTypeCd>GaragingAddress</AddrTypeCd>
          <Addr1>4234 W Redfield Rd</Addr1>
          <City>Phoenix</City>
          <StateProvCd>AZ</StateProvCd>
          <PostalCode>85053-5325</PostalCode>
          <CountryCd>USA</CountryCd>
          <Latitude>33.614113</Latitude>
          <Longitude>-112.148667</Longitude>
          <County>Maricopa County</County>
          <Region>28</Region>
          <AddrExt id="AB5F6DF358C0E492F96FB6680B06A19BB">
            <WBRatedZipCd>85053</WBRatedZipCd>
            <WBRatedVehicleStateProvCd>AZ</WBRatedVehicleStateProvCd>
            <WBAddressStandardization id="W633B046E851D4A888DB02906D886D514">
              <WBAddrStandardizeStreetName>Redfield</WBAddrStandardizeStreetName>
              <WBAddrStandardizeStreetTypeCd>Rd</WBAddrStandardizeStreetTypeCd>
              <WBAddrStandardizeStreetNumber>4234</WBAddrStandardizeStreetNumber>
              <WBConfidence>95</WBConfidence>
              <WBAddrStandardizeLeadingDirectional>W</WBAddrStandardizeLeadingDirectional>
              <WBAddrStandardizeStatus>Accepted</WBAddrStandardizeStatus>
            </WBAddressStandardization>
          </AddrExt>
        </Addr>
        <CreditOrSurcharge id="C80BBF4B212FA44C498554B4F4EF6EDB8">
          <SecondaryCd>LDM</SecondaryCd>
          <WBRatingAppliedInd>0</WBRatingAppliedInd>
        </CreditOrSurcharge>
        <CreditOrSurcharge id="C1D933F388EA94DE0887B93D22E5346CE">
          <SecondaryCd>BSM</SecondaryCd>
          <WBRatingAppliedInd>0</WBRatingAppliedInd>
        </CreditOrSurcharge>
        <CreditOrSurcharge id="CE147BF55E58840CDB8441191CC7412FB">
          <SecondaryCd>FCAWB</SecondaryCd>
          <WBRatingAppliedInd>0</WBRatingAppliedInd>
        </CreditOrSurcharge>
        <CreditOrSurcharge id="CA93204AC17CD40E88B332746FE989472">
          <SecondaryCd>FCAWOB</SecondaryCd>
          <WBRatingAppliedInd>0</WBRatingAppliedInd>
        </CreditOrSurcharge>
        <CreditOrSurcharge id="C4C56FAC4E0AC48E0BDAA84EA7E5B5456">
          <SecondaryCd>AHS</SecondaryCd>
          <WBRatingAppliedInd>0</WBRatingAppliedInd>
        </CreditOrSurcharge>
        <CreditOrSurcharge id="C9125EBA2AF8343BCBE14C146BA9F7551">
          <SecondaryCd>AOM</SecondaryCd>
          <WBRatingAppliedInd>0</WBRatingAppliedInd>
        </CreditOrSurcharge>
        <CreditOrSurcharge id="C1CBF31AD87DA4527A3713F3EAAB9CD10">
          <SecondaryCd>BWS</SecondaryCd>
          <WBRatingAppliedInd>0</WBRatingAppliedInd>
        </CreditOrSurcharge>
        <CreditOrSurcharge id="C277C6AF135C949DDA818D9CF9140D106">
          <SecondaryCd>DFSS</SecondaryCd>
          <WBRatingAppliedInd>0</WBRatingAppliedInd>
        </CreditOrSurcharge>
        <CreditOrSurcharge id="C370544586F6543CB8CD9135D6A7B27D5">
          <SecondaryCd>GDSTD</SecondaryCd>
          <WBRatingAppliedInd>0</WBRatingAppliedInd>
        </CreditOrSurcharge>
        <CreditOrSurcharge id="CEB3C3164E9404276A42D70CADD557C96">
          <SecondaryCd>GRSTD</SecondaryCd>
          <WBRatingAppliedInd>0</WBRatingAppliedInd>
        </CreditOrSurcharge>
        <CreditOrSurcharge id="C64E32E610CA14E81B91B89448E914B1A">
          <SecondaryCd>RSTD</SecondaryCd>
          <WBRatingAppliedInd>0</WBRatingAppliedInd>
        </CreditOrSurcharge>
        <CreditOrSurcharge id="CA752022354604640A531A076EC313F04">
          <SecondaryCd>MIL</SecondaryCd>
          <WBRatingAppliedInd>0</WBRatingAppliedInd>
        </CreditOrSurcharge>
        <CreditOrSurcharge id="C41CC4B4E33984D82B51529ACCE8C7147">
          <SecondaryCd>AVS</SecondaryCd>
          <WBRatingAppliedInd>0</WBRatingAppliedInd>
        </CreditOrSurcharge>
        <ComprehensiveOTCSymbolCd>12</ComprehensiveOTCSymbolCd>
        <CollisionSymbolCd>12</CollisionSymbolCd>
        <QuestionAnswer id="QDB0AE114F5E84F96A0EDF1DA1B8326C8">
          <QuestionCd>VEH02</QuestionCd>
          <YesNoCd>DRV</YesNoCd>
          <Explanation>101</Explanation>
        </QuestionAnswer>
        <QuestionAnswer id="Q2E0B0DE985C44344BAAF9CD63A2DC83A">
          <QuestionCd>VEH09</QuestionCd>
          <YesNoCd>NO</YesNoCd>
        </QuestionAnswer>
        <QuestionAnswer id="Q5DDF543F290648609516CD0C1C38EA2C">
          <QuestionCd>VEH01</QuestionCd>
          <YesNoCd>YES</YesNoCd>
          <Explanation>san</Explanation>
        </QuestionAnswer>
        <VehicleExt id="V2C2F4517FC5542BCB8CE3B69C8DB6386">
          <ClassCode>1139</ClassCode>
          <WBMileage id="W54FA7EAA9A6544FFBC601E4DAF40067E">
            <WBAnnualMileageMAMCd>E</WBAnnualMileageMAMCd>
            <WBRatedDrivingExposure>8507</WBRatedDrivingExposure>
            <WBCarFaxModeledAnnualMileage>0</WBCarFaxModeledAnnualMileage>
          </WBMileage>
          <WBISOBodyStyleDesc>Wagon - Two-Wheel Drive 4-Door</WBISOBodyStyleDesc>
          <WBFinancialResponsibilityCnt>0</WBFinancialResponsibilityCnt>
          <WBRiskTerm id="W1FD87783732E4F5E9722C4982CFD5181">
            <WBRiskEffectiveDt>2020-02-18</WBRiskEffectiveDt>
            <WBRiskExpirationDt>2021-02-18</WBRiskExpirationDt>
          </WBRiskTerm>
          <WBSubtotalInfo id="W7E3DBCD48B0A45988C0DDA01DB7021D7">
            <WBSubtotalInfoTypeCd>CFA</WBSubtotalInfoTypeCd>
            <WBCurrentTermAmt id="WDAA8854F2CB94139AE635AD39494F8FB">
              <Amt>27</Amt>
            </WBCurrentTermAmt>
          </WBSubtotalInfo>
          <WBSubtotalInfo id="W530E2F596C6042B4B707BCB72C6335DF">
            <WBSubtotalInfoTypeCd>VEH</WBSubtotalInfoTypeCd>
            <WBCurrentTermAmt id="WBE69ECB2888A4615BF07D9B53C6E1741">
              <Amt>896</Amt>
            </WBCurrentTermAmt>
          </WBSubtotalInfo>
          <WBVehicleAge>15</WBVehicleAge>
          <WBRecordInfo id="W8C70124662DF4DACAA18A45207C39254">
            <WBRecordModifyInd>1</WBRecordModifyInd>
            <WBRecordModifyType>M</WBRecordModifyType>
            <WBRecordSource>APP-PREFILL</WBRecordSource>
          </WBRecordInfo>
          <WBThirdPartyReport id="WE7B9D406C20A46069B33EEF02CD132AD">
            <WBReportTypeCd>VINMASTER</WBReportTypeCd>
            <WBReportOrderStatus>Returned</WBReportOrderStatus>
          </WBThirdPartyReport>
          <WBOnsetOffsetPremiumInfo id="WAE990660B14C465099F317129BD032C5">
            <WBCurrentTermOnsetAmt id="W422731BC2CA440AFA386628524BE6C24" />
            <WBCurrentTermOffsetAmt id="W7A56E55BC1E14FE49B31CFBDD3F3001D" />
          </WBOnsetOffsetPremiumInfo>
          <WBPremiumInfo id="W5360A07A9A2C4E5F847521E9385B5907">
            <WBCurrentTermAmt id="WF89A26DDEA0545C0A2478E405B937B41">
              <Amt>897</Amt>
            </WBCurrentTermAmt>
            <WBNetChangeAmt id="W5653E7BF4284447E879F939DF83FCA47">
              <Amt>897</Amt>
            </WBNetChangeAmt>
            <WBWrittenAmt id="WFBF09CB73C084990AC780DB63B36021E">
              <Amt>897</Amt>
            </WBWrittenAmt>
            <WBPriorCurrentTermAmt id="WA3C4F70B74D547FAAB47C3B11FDF72C8">
              <Amt>0</Amt>
            </WBPriorCurrentTermAmt>
            <WBPriorWrittenAmt id="W73268A18AA4545CD8B580210F3611DB4">
              <Amt>0</Amt>
            </WBPriorWrittenAmt>
            <WBCancelAmt id="W5B3023FC07564D57A61049C7EEE8D768" />
          </WBPremiumInfo>
          <WBPhysicalDamageOnlyInd>0</WBPhysicalDamageOnlyInd>
          <WBCustomEquipInd>0</WBCustomEquipInd>
          <WBVehicleIncidentScore>-5</WBVehicleIncidentScore>
        </VehicleExt>
      </Vehicle>
      <QuestionAnswer id="Q79F2EC38DE084A80829FDC412C1A6983">
        <QuestionCd>AUTOP03</QuestionCd>
        <YesNoCd>NO</YesNoCd>
      </QuestionAnswer>
      <QuestionAnswer id="QDCAC94B5BB26442BB804AE320CE4B041">
        <QuestionCd>VEH03</QuestionCd>
        <YesNoCd>NO</YesNoCd>
      </QuestionAnswer>
      <QuestionAnswer id="Q70FDBEAE90244DD9B00261AF3393400F">
        <QuestionCd>VEH04</QuestionCd>
        <YesNoCd>NO</YesNoCd>
      </QuestionAnswer>
      <PersAutoLineBusinessExt id="P4C84016EC2974ED1BC52A416F71C1302">
        <WBSubtotalInfo id="W7F297888E49B41E38F54258188D4C615">
          <WBSubtotalInfoTypeCd>CFA</WBSubtotalInfoTypeCd>
          <WBCurrentTermAmt id="W6021F8FC872545AB8AE2B102F8FB5900">
            <Amt>29</Amt>
          </WBCurrentTermAmt>
        </WBSubtotalInfo>
        <WBOnsetOffsetPremiumInfo id="WCB3A9E29FF654136B18CCEED1975253A">
          <WBCurrentTermOnsetAmt id="W6E6D5DB809C74B1DBB5A61F8F576F143" />
          <WBCurrentTermOffsetAmt id="W1AF12B9BD3354733A337D4D7B3C4B6A7" />
        </WBOnsetOffsetPremiumInfo>
        <WBPermissiveUseCnt>0</WBPermissiveUseCnt>
        <WBPremiumInfo id="WA927131437C24B67BE983E8248E67D07">
          <WBCurrentTermAmt id="W0D32FBFFC8A745EDA9927409E0D7A1B9">
            <Amt>947</Amt>
          </WBCurrentTermAmt>
          <WBNetChangeAmt id="W550501D6A9044F2CAEE2DB7699AA20AB">
            <Amt>947</Amt>
          </WBNetChangeAmt>
          <WBWrittenAmt id="WD1F1EA2058D840FE920055B1F647A04B">
            <Amt>947</Amt>
          </WBWrittenAmt>
          <WBPriorCurrentTermAmt id="W53C33C0A91464779A323186267B855AC">
            <Amt>0</Amt>
          </WBPriorCurrentTermAmt>
          <WBPriorWrittenAmt id="W586130ED73BE424DA44A3BAE79A436CC">
            <Amt>0</Amt>
          </WBPriorWrittenAmt>
          <WBCancelAmt id="W537C89AC05454C9D832CA7F876FF6B30" />
        </WBPremiumInfo>
        <WBAATAFeeCnt>1</WBAATAFeeCnt>
      </PersAutoLineBusinessExt>
    </PersAutoLineBusiness>
    <PolicyExt id="P2F711263ACF6496A9EA1F65D2730F114">
      <AutoCompositionFactorCd>P</AutoCompositionFactorCd>
      <WBTransactionStatusDesc>Committed</WBTransactionStatusDesc>
      <WBQuoteStatusDesc>Issued</WBQuoteStatusDesc>
      <CreditOrSurcharge id="CEB6AA4B00F7E406784417A39C260976C">
        <SecondaryCd>HCD</SecondaryCd>
        <WBRatingAppliedInd>0</WBRatingAppliedInd>
      </CreditOrSurcharge>
      <CreditOrSurcharge id="C563F2C496C7A4F488FA659582B3B4A49">
        <WBRatingAppliedInd>1</WBRatingAppliedInd>
      </CreditOrSurcharge>
      <CreditOrSurcharge id="CAFB6860822954CF99ACEC628F789ECDE">
        <WBRatingAppliedInd>1</WBRatingAppliedInd>
      </CreditOrSurcharge>
      <CreditOrSurcharge id="CA106A7E51318433FADB7F76F8D1D6C05">
        <WBRatingAppliedInd>1</WBRatingAppliedInd>
      </CreditOrSurcharge>
      <CreditOrSurcharge id="CE2B1AD1523E24CAD919D3B81ABCABAE1">
        <WBRatingAppliedInd>1</WBRatingAppliedInd>
      </CreditOrSurcharge>
      <CreditOrSurcharge id="CFA9210786BD74B41A5C8E502EBBC7702">
        <WBRatingAppliedInd>1</WBRatingAppliedInd>
      </CreditOrSurcharge>
      <WBHouseholdCompositionInd>0</WBHouseholdCompositionInd>
      <WBSubtotalInfo id="WD626F7FE143C49108D8A5598F49BFB28">
        <WBSubtotalInfoTypeCd>CFA</WBSubtotalInfoTypeCd>
        <WBCurrentTermAmt id="W5FF1D02EF7AB4B17AA4F511D598040FE">
          <Amt>29</Amt>
        </WBCurrentTermAmt>
      </WBSubtotalInfo>
      <WBSubtotalInfo id="W7C77474E69DD41E4BB22777E3CF43377">
        <WBSubtotalInfoTypeCd>PIFD</WBSubtotalInfoTypeCd>
        <WBCurrentTermAmt id="W0957C20283C24F7DAF2D6B1CA57E5E6E">
          <Amt>934</Amt>
        </WBCurrentTermAmt>
      </WBSubtotalInfo>
      <WBSubtotalInfo id="W176B34778323430BA9DA1B39E642CC9F">
        <WBSubtotalInfoTypeCd>PIFND</WBSubtotalInfoTypeCd>
        <WBCurrentTermAmt id="WF6F7AD30678B4CA2B5AACD54BD85535B">
          <Amt>0</Amt>
        </WBCurrentTermAmt>
      </WBSubtotalInfo>
      <WBThirdPartyReport id="W2D0FA9808ED0474DB5855FBFE804C471">
        <WBReportTypeCd>APD</WBReportTypeCd>
        <WBReportOrderDt>2020-02-18</WBReportOrderDt>
        <WBReportOrderStatus>Returned</WBReportOrderStatus>
        <WBReportExpirationDt>2020-05-18</WBReportExpirationDt>
      </WBThirdPartyReport>
      <WBPolicyAge>0</WBPolicyAge>
      <WBOnsetOffsetPremiumInfo id="W12096DC8387B4FF4B9BD4F98D51555D2">
        <WBCurrentTermOnsetAmt id="W9E3384273DCA47BA86A8316841D07C1B" />
        <WBCurrentTermOffsetAmt id="W7ACEDD0E22964DA5A98F4BE2AEBDE5F8" />
      </WBOnsetOffsetPremiumInfo>
      <WBPremiumInfo id="W517514BA5A8C4368ADFDCDED9A43E6C4">
        <WBCurrentTermAmt id="W62F7104F27284519A4B5BCAE4609E583">
          <Amt>947</Amt>
        </WBCurrentTermAmt>
        <WBNetChangeAmt id="W268E91F84FFB4137AB0295E457FC6A59">
          <Amt>947</Amt>
        </WBNetChangeAmt>
        <WBWrittenAmt id="W590E6F7828A648F9B419480A185EE0E4">
          <Amt>947</Amt>
        </WBWrittenAmt>
        <WBPriorCurrentTermAmt id="WBC8CCE7B56454561A0100555517BF41D">
          <Amt>0</Amt>
        </WBPriorCurrentTermAmt>
        <WBPriorWrittenAmt id="W2C6CBDFB3C2E417ABC12BCBE52BD1D89">
          <Amt>0</Amt>
        </WBPriorWrittenAmt>
        <WBCancelAmt id="W6A14DD1AF86B4035B930131EA5C16706" />
      </WBPremiumInfo>
      <WBPriorPolicyCnt>1</WBPriorPolicyCnt>
      <WBPolicyIssue id="WCA65E182AB23495C8473E7CDE490E362">
        <WBPolicyIssueCd>N</WBPolicyIssueCd>
      </WBPolicyIssue>
      <WBPolicyInceptionDateInfo id="W860A05DA841B47E6858C44BB0CD0EE56">
        <WBPolicyUWInceptionDt>2020-02-18</WBPolicyUWInceptionDt>
        <WBPolicyUWDtOverrideInd>0</WBPolicyUWDtOverrideInd>
        <WBPolicyUWDtOverrideReason />
      </WBPolicyInceptionDateInfo>
      <WBPolicyTenureAge>0</WBPolicyTenureAge>
    </PolicyExt>
  </Policy>
</PolicyRs>