﻿<PolicyRs xmlns="http://www.acord.org/schema/PC/xml/2">
	<BusinessPurposeTypeCd>XLC</BusinessPurposeTypeCd>
	<TransactionEffectiveDt>2019-12-14</TransactionEffectiveDt>
	<TransactionSeqNumber>2</TransactionSeqNumber>
	<Policy id="PAE7332D3BB454F5ABFC0BF926232185C">
		<PolicyNumber>A548749</PolicyNumber>
		<PolicyVersion>11</PolicyVersion>
		<CompanyProductCd>801</CompanyProductCd>
		<BroadLOBCd>1</BroadLOBCd>
		<NAICCd>15350</NAICCd>
		<ControllingStateProvCd>MI</ControllingStateProvCd>
		<ContractTerm id="C9A9D56DDE5D441A4BEADD21C864CFFFB">
			<EffectiveDt>2019-12-14</EffectiveDt>
			<ExpirationDt>2020-12-14</ExpirationDt>
		</ContractTerm>
		<CustomerServicingCd>AGY</CustomerServicingCd>
		<GroupId>17</GroupId>
		<Form id="FC4D972DD99E8499FA7A9A36B2BFE324B">
			<FormNumber>DC877B</FormNumber>
			<FormName>Consumer Report Disclosure Notice</FormName>
			<EditionDt>2019-01-01</EditionDt>
			<EffectiveDt>2019-12-14</EffectiveDt>
		</Form>
		<Form id="F0271A36FD563435596D3E6ADF8549324">
			<FormNumber>DC2177</FormNumber>
			<FormName>Membership and Voting Rights Notice</FormName>
			<EditionDt>2019-01-01</EditionDt>
			<EffectiveDt>2019-12-14</EffectiveDt>
		</Form>
		<Form id="FE5A14872FE574DC1B53283C1ED286FA2">
			<FormNumber>DC249</FormNumber>
			<FormName>Coordination of Deductible Clause</FormName>
			<EditionDt>2019-01-01</EditionDt>
			<EffectiveDt>2019-12-14</EffectiveDt>
		</Form>
		<Form id="FA6CFBBAF8B4A4A6AAC302E2345D54D8B">
			<FormNumber>DC1188</FormNumber>
			<FormName>West Bend Privacy Statement</FormName>
			<EditionDt>2019-01-01</EditionDt>
			<EffectiveDt>2019-12-14</EffectiveDt>
		</Form>
		<Form id="F65890E279BB240DC9A4C38E9B4F6A0DB">
			<FormNumber>DC1491</FormNumber>
			<FormName>Payment Plan Options</FormName>
			<EditionDt>2019-01-01</EditionDt>
			<EffectiveDt>2019-12-14</EffectiveDt>
		</Form>
		<NumLosses>0</NumLosses>
		<OtherOrPriorPolicy DriverRef="DD53A8DBF47834F9A940C634FEE34AC6C" id="O90FC117DB88C4D358FD9F2FCEF74776A">
			<PolicyCd>RecentWb</PolicyCd>
			<OtherOrPriorPolicyExt id="O07EA151C9E924D5587EE707FF1301FD4">
				<WBRecordInfo id="W7D128DF9E378467C88D31720C6FECB44">
					<WBRecordModifyInd>0</WBRecordModifyInd>
					<WBRecordModifyType>O</WBRecordModifyType>
					<WBRecordSource>MANUAL</WBRecordSource>
				</WBRecordInfo>
			</OtherOrPriorPolicyExt>
		</OtherOrPriorPolicy>
		<PaymentOption id="P2B1234AFA048450E816BD0B11E149C1D">
			<PaymentPlanCd>SA</PaymentPlanCd>
			<PaymentOptionExt id="PFDF4D7FDA8BB47BBB5A3C842C29DD974">
				<WBDepositInd>0</WBDepositInd>
			</PaymentOptionExt>
		</PaymentOption>
		<QuoteInfo id="Q99316F2B43264E64BF559E286A872C7F">
			<InitialQuoteRequestDt>2019-10-07</InitialQuoteRequestDt>
		</QuoteInfo>
		<CreditScoreInfo id="C561660611CE24241A20FA629C58C5EE5">
			<CreditScore>0</CreditScore>
			<CreditScoreDt>2019-10-07</CreditScoreDt>
			<CSPolicyTypeCd>Lowest</CSPolicyTypeCd>
		</CreditScoreInfo>
		<PolicyStatusCd>Cancelled</PolicyStatusCd>
		<PaidInFullInd>0</PaidInFullInd>
		<CancellationDt>2019-12-14</CancellationDt>
		<Producer id="PE380A779CC1F4B7DBDDCE48C1A6879C3" />
		<Producer id="P6BE7C2AF56B14A099E4E5F867903FD69">
			<Relationship RelationshipToRef="" id="R3EBF5CB5E9994F8AB5FA95E1D40059D5">
				<RelationshipToCd>Agency</RelationshipToCd>
			</Relationship>
			<Name>DEVRIES AGENCY OF CALEDONIA</Name>
			<Addr id="ACE60A50F91854756A0F64E1440A7DF4F">
				<AddrTypeCd>MailingAddress</AddrTypeCd>
				<Addr1>9359 CHERRY VALLEY AVE SE</Addr1>
				<City>CALEDONIA</City>
				<StateProvCd>MI</StateProvCd>
				<PostalCode>49316</PostalCode>
				<CountryCd>USA</CountryCd>
				<County>US</County>
			</Addr>
			<ContractNumber>21135</ContractNumber>
		</Producer>
		<Producer id="PBCCB597BFA344A8E8870E2984C2DA81F">
			<Relationship RelationshipToRef="" id="RD4603814D52745E78FA14E623F465CC0">
				<RelationshipToCd>USERIN</RelationshipToCd>
			</Relationship>
			<Name>Underwriter wb</Name>
			<ProducerSubCode>21135</ProducerSubCode>
		</Producer>
		<Producer id="P665A63AFA5E843608A8B5E8A84A2EA4C">
			<Relationship RelationshipToRef="" id="R2368C0EF61824B0587F85F89A94BB4F0">
				<RelationshipToCd>PROD</RelationshipToCd>
			</Relationship>
			<Name>chris peterson</Name>
			<ProducerSubCode>10936</ProducerSubCode>
		</Producer>
		<InsuredOrPrincipal id="IA51B7549FE51475D9919E8A241FC5FE1">
			<ItemIdInfo id="IEA6C00D448B742F78EFFF1ED5CCAC5C3">
				<InsurerId>1000213695</InsurerId>
			</ItemIdInfo>
			<Relationship RelationshipToRef="PAE7332D3BB454F5ABFC0BF926232185C" id="RB8D89BA289ED4A27BA91F27153C99F46">
				<RelationshipToCd>FNI</RelationshipToCd>
			</Relationship>
			<Name>Upal Shah</Name>
			<Addr id="AD416F9B2A18F47F096DBA7240C91DF4B">
				<AddrTypeCd>InsuredsAddress</AddrTypeCd>
				<Addr1>215 Saint Clair River Dr</Addr1>
				<City>Algonac</City>
				<StateProvCd>MI</StateProvCd>
				<PostalCode>48001-1698</PostalCode>
				<CountryCd>USA</CountryCd>
				<Latitude>42.612782</Latitude>
				<Longitude>-82.53567</Longitude>
				<County>St. Clair County</County>
				<AddrExt id="A1DB46A088385484B80842DEED597231F">
					<WBAddressStandardization id="W0C799D2784154366A664549F906251C1">
						<WBAddrStandardizeStreetName>Saint Clair River</WBAddrStandardizeStreetName>
						<WBAddrStandardizeStreetTypeCd>Dr</WBAddrStandardizeStreetTypeCd>
						<WBAddrStandardizeStreetNumber>215</WBAddrStandardizeStreetNumber>
						<WBConfidence>100</WBConfidence>
						<WBAddrStandardizeStatus>Accepted</WBAddrStandardizeStatus>
					</WBAddressStandardization>
				</AddrExt>
			</Addr>
			<Addr id="ADE90580A69144036865A6CAAB81E8685">
				<AddrTypeCd>MailingAddress</AddrTypeCd>
				<Addr1>215 Saint Clair River Dr</Addr1>
				<City>Algonac</City>
				<StateProvCd>MI</StateProvCd>
				<PostalCode>48001-1698</PostalCode>
				<CountryCd>USA</CountryCd>
				<Latitude>42.612782</Latitude>
				<Longitude>-82.53567</Longitude>
				<County>St. Clair County</County>
				<AddrExt id="AC85A8AA16F3D4421B8FF6DE9A87634F4">
					<WBAddressStandardization id="WE6523098BF00475D8D71850FE145150D">
						<WBAddrStandardizeStreetName>Saint Clair River</WBAddrStandardizeStreetName>
						<WBAddrStandardizeStreetTypeCd>Dr</WBAddrStandardizeStreetTypeCd>
						<WBAddrStandardizeStreetNumber>215</WBAddrStandardizeStreetNumber>
						<WBConfidence>100</WBConfidence>
						<WBAddrStandardizeStatus>Accepted</WBAddrStandardizeStatus>
					</WBAddressStandardization>
				</AddrExt>
			</Addr>
			<Addr id="AF84E3DB873514560B25B842156B9A248">
				<AddrTypeCd>BillingAddress</AddrTypeCd>
			</Addr>
			<Communications id="CF14EF8F063FD4411AB411D6774851285" />
			<Communications id="CE612749CD8204C8F827FB3EAEA1F5094">
				<CommunicationUseCd>Alternate</CommunicationUseCd>
				<PhoneTypeCd>Cell</PhoneTypeCd>
				<PhoneNumber>6289229282</PhoneNumber>
			</Communications>
			<Surname>Shah</Surname>
			<GivenName>Upal</GivenName>
			<GenderCd>M</GenderCd>
			<BirthDt>1990-09-10</BirthDt>
			<MaritalStatusCd>M</MaritalStatusCd>
		</InsuredOrPrincipal>
		<PersAutoLineBusiness id="P6B29592087EC4C7090A94D17001EA826">
			<CompanyProductCd>850</CompanyProductCd>
			<Driver id="DD53A8DBF47834F9A940C634FEE34AC6C">
				<ItemIdInfo id="ID3EF7952B2FF4AAC88CAA29E2B16F729">
					<InsurerId>101</InsurerId>
				</ItemIdInfo>
				<Relationship RelationshipToRef="IA51B7549FE51475D9919E8A241FC5FE1" id="R7B9E54DB8C2E4F43BF337E4EF5D6E039">
					<RelationshipToCd>IN</RelationshipToCd>
				</Relationship>
				<Relationship RelationshipToRef="VB2415468C4A04B24B2BE74E0B602F935" id="R7C171689BB684E9C8DEA95EB4E3AC21B">
					<RelationshipToCd>DRV</RelationshipToCd>
					<RelationshipDesc>PRINCIPAL</RelationshipDesc>
				</Relationship>
				<License id="L84816E39F7E946A58F25AD3EFC15B071">
					<LicenseTypeCd>Driver</LicenseTypeCd>
					<LicenseStatusCd>VALID</LicenseStatusCd>
					<LicensePermitNumber>JX0BBDFWR5651</LicensePermitNumber>
					<StateProvCd>MI</StateProvCd>
				</License>
				<Addr id="AD416F9B2A18F47F096DBA7240C91DF4B">
					<AddrTypeCd>InsuredsAddress</AddrTypeCd>
					<Addr1>215 Saint Clair River Dr</Addr1>
					<City>Algonac</City>
					<StateProvCd>MI</StateProvCd>
					<PostalCode>48001-1698</PostalCode>
					<CountryCd>USA</CountryCd>
					<Latitude>42.612782</Latitude>
					<Longitude>-82.53567</Longitude>
					<County>St. Clair County</County>
					<AddrExt id="AAD3D2C1B29A74661957465AF36311925">
						<WBAddressStandardization id="W954187C3B93149FAA079E4C5C1EEB301">
							<WBAddrStandardizeStreetName>Saint Clair River</WBAddrStandardizeStreetName>
							<WBAddrStandardizeStreetTypeCd>Dr</WBAddrStandardizeStreetTypeCd>
							<WBAddrStandardizeStreetNumber>215</WBAddrStandardizeStreetNumber>
							<WBConfidence>100</WBConfidence>
							<WBAddrStandardizeStatus>Accepted</WBAddrStandardizeStatus>
						</WBAddressStandardization>
					</AddrExt>
				</Addr>
				<Surname>Shah</Surname>
				<GivenName>Upal</GivenName>
				<GenderCd>M</GenderCd>
				<BirthDt>1990-09-10</BirthDt>
				<MaritalStatusCd>M</MaritalStatusCd>
				<OccupationClassCd>ADD</OccupationClassCd>
				<MembershipInfo id="MBF45B8336BA54B5CAC3D11AC91B3C260">
					<MembershipTypeCd>17</MembershipTypeCd>
					<MembershipInfoExt id="M1EDA86EA3C46496A984394D3E71B8735">
						<WBMembershipName>Spectrum Health Employees</WBMembershipName>
					</MembershipInfoExt>
				</MembershipInfo>
				<QuestionAnswer id="Q22481385EE6B4DEAB9995932503419E8">
					<QuestionCd>DRV04</QuestionCd>
					<YesNoCd>YES</YesNoCd>
					<QuestionText>licensedLastFive</QuestionText>
				</QuestionAnswer>
				<QuestionAnswer id="Q0158CF5220A84E66A7C2489040F6620E">
					<QuestionCd>DRV05</QuestionCd>
					<YesNoCd>YES</YesNoCd>
					<QuestionText>isIndiviualLicensed</QuestionText>
				</QuestionAnswer>
				<QuestionAnswer id="Q6C79BE1126DE42CBA3231911DCCAD74B">
					<QuestionCd>DRV06</QuestionCd>
					<YesNoCd>NO</YesNoCd>
				</QuestionAnswer>
				<ContinuousInsuranceCd>ContinuousLessThan6Months</ContinuousInsuranceCd>
				<DriverExt id="D275A9267E9E04159AE9F326C665D36F6">
					<YouthfulInd>0</YouthfulInd>
					<WBIsMinor>0</WBIsMinor>
					<WBRiskTerm id="W1C5A4528B1AA4F9A99959C1FC4EA77AF">
						<WBRiskEffectiveDt>2019-12-14</WBRiskEffectiveDt>
						<WBRiskExpirationDt>2019-12-14</WBRiskExpirationDt>
					</WBRiskTerm>
					<WBDriverAge>29</WBDriverAge>
					<WBInexperiencedOperatorInd>0</WBInexperiencedOperatorInd>
					<WBAdvantageDriverInd>1</WBAdvantageDriverInd>
				</DriverExt>
			</Driver>
			<Vehicle RatedDriverRef="DD53A8DBF47834F9A940C634FEE34AC6C" id="VB2415468C4A04B24B2BE74E0B602F935">
				<ItemIdInfo id="I271DC16EF5D64D4BBD032B4F527F61DA">
					<InsurerId>101</InsurerId>
				</ItemIdInfo>
				<Manufacturer>MERCEDES-BENZ</Manufacturer>
				<ManufacturerCd>MBNZ</ManufacturerCd>
				<Model>ML350 4MATIC AWD</Model>
				<ModelCd>ML350</ModelCd>
				<ModelYear>2011</ModelYear>
				<VehBodyTypeCd>PP</VehBodyTypeCd>
				<Registration id="R0D659871BEBE438297BC6A9AB851D615">
					<StateProvCd>MI</StateProvCd>
				</Registration>
				<Horsepower id="H0EDCF2D71AD04DB0AF12D523F9C22563">
					<NumUnits>3.5</NumUnits>
				</Horsepower>
				<VehIdentificationNumber>4JGBB8GB4BA662410</VehIdentificationNumber>
				<GrossVehWeight id="G05C006592A7E4234A8F1327F0360A687">
					<NumUnits>6235</NumUnits>
				</GrossVehWeight>
				<ItemModificationInfo id="I503AE874A14A4125B3BBEF2A400579E1">
					<ItemModificationInfoExt id="I15EB5375D1FC4716904EFDA5FBC9AEC3">
						<WBHandicapInd>0</WBHandicapInd>
						<WBCustomEquipInd>0</WBCustomEquipInd>
					</ItemModificationInfoExt>
				</ItemModificationInfo>
				<BIPDSymbolCd>290</BIPDSymbolCd>
				<MedPayPIPLiabilitySymbolCd>485</MedPayPIPLiabilitySymbolCd>
				<Addr id="AD416F9B2A18F47F096DBA7240C91DF4B">
					<AddrTypeCd>GaragingAddress</AddrTypeCd>
					<Addr1>215 Saint Clair River Dr</Addr1>
					<City>Algonac</City>
					<StateProvCd>MI</StateProvCd>
					<PostalCode>48001-1698</PostalCode>
					<CountryCd>USA</CountryCd>
					<Latitude>42.612782</Latitude>
					<Longitude>-82.53567</Longitude>
					<County>St. Clair County</County>
					<Region>79</Region>
					<AddrExt id="AA05ECF8F9CF74E308F9C41135F24C45E">
						<WBRatedZipCd>48001</WBRatedZipCd>
						<WBRatedVehicleStateProvCd>MI</WBRatedVehicleStateProvCd>
						<WBAddressStandardization id="W976D8F0D902146FBBBAA16EC4A9E222A">
							<WBAddrStandardizeStreetName>Saint Clair River</WBAddrStandardizeStreetName>
							<WBAddrStandardizeStreetTypeCd>Dr</WBAddrStandardizeStreetTypeCd>
							<WBAddrStandardizeStreetNumber>215</WBAddrStandardizeStreetNumber>
							<WBConfidence>100</WBConfidence>
							<WBAddrStandardizeStatus>Accepted</WBAddrStandardizeStatus>
						</WBAddressStandardization>
					</AddrExt>
				</Addr>
				<Coverage id="CC8841783ED6643D88A9549B775098F8D">
					<CoverageCd>CSL</CoverageCd>
					<Limit id="L8681524D9482428FA060EB0D40DF4AC6">
						<FormatCurrencyAmt id="F9DF3237C0B594CA7B874C924EC44423A">
							<Amt>300000</Amt>
						</FormatCurrencyAmt>
						<LimitAppliesToCd>PerAcc</LimitAppliesToCd>
					</Limit>
					<CreditOrSurcharge id="C51948E76C30E41C6A85EBE16FE9A1033">
						<CreditSurchargeCd>LFREE</CreditSurchargeCd>
						<SecondaryCd>CFAEST</SecondaryCd>
						<WBRatingAppliedInd>0</WBRatingAppliedInd>
					</CreditOrSurcharge>
					<EffectiveDt>2019-12-14</EffectiveDt>
					<ExpirationDt>2019-12-14</ExpirationDt>
					<ProRateFactor>1</ProRateFactor>
					<CoverageSupplement id="CBF28ABC46D7847D0A1C8B7CE2E387C1A">
						<CoverageSubCd>CSL</CoverageSubCd>
					</CoverageSupplement>
					<CoverageExt id="CCACC68C9B26D443FBC098872858C620C">
						<WBOnsetOffsetPremiumInfo id="W3868ED84EE7F4912B5DD3B748C2082B3">
							<WBCurrentTermOnsetAmt id="W7D04C86DA4B64147AEDD6E38CF861D2F">
								<Amt>695</Amt>
							</WBCurrentTermOnsetAmt>
							<WBCurrentTermOffsetAmt id="W1B36CC6CC07E4D48BC034DBFCA0EB45F">
								<Amt>0</Amt>
							</WBCurrentTermOffsetAmt>
						</WBOnsetOffsetPremiumInfo>
						<WBPremiumInfo id="W8D511ACE73454B019951645ACD8F2495">
							<WBCurrentTermAmt id="W36F1AF93681846E8B041665CE18F658C">
								<Amt>695</Amt>
								<offset>695</offset>
								<onset>0</onset>
							</WBCurrentTermAmt>
							<WBNetChangeAmt id="W6595460C46DB44C1B1AB3F3B8165E9C7">
								<Amt>-695</Amt>
							</WBNetChangeAmt>
							<WBWrittenAmt id="W902E2C7049F343F4992A1B43007A2B8A">
								<Amt>0</Amt>
							</WBWrittenAmt>
							<WBPriorCurrentTermAmt id="WC1474F0CE2094482B1876E6012772C18">
								<Amt>695</Amt>
							</WBPriorCurrentTermAmt>
							<WBPriorWrittenAmt id="WF21AD9B5259D4975A718DF10076B68CF">
								<Amt>695</Amt>
							</WBPriorWrittenAmt>
							<WBCancelAmt id="WC56F56B47A2A498A8A2819CABC17A23C">
								<Amt>0</Amt>
							</WBCancelAmt>
						</WBPremiumInfo>
					</CoverageExt>
				</Coverage>
				<Coverage id="CF696FA6D22394802B8C4A98F899C48AC">
					<CoverageCd>WLB</CoverageCd>
					<Deductible id="DE777728868114ED89C67BDB97F2D3AC2">
						<FormatCurrencyAmt id="FCF5FD0AC70414C9887E7254BB810EDB5">
							<Amt>0</Amt>
						</FormatCurrencyAmt>
						<DeductibleAppliesToCd>CL</DeductibleAppliesToCd>
					</Deductible>
					<Option id="O30CA9BA7A1D7442CA880157051A3B069">
						<OptionCd>P</OptionCd>
					</Option>
					<CreditOrSurcharge id="CF2784E519A8E4DE18C81CCD0D18790FA">
						<CreditSurchargeCd>LFREE</CreditSurchargeCd>
						<SecondaryCd>CFAEST</SecondaryCd>
						<WBRatingAppliedInd>0</WBRatingAppliedInd>
					</CreditOrSurcharge>
					<EffectiveDt>2019-12-14</EffectiveDt>
					<ExpirationDt>2019-12-14</ExpirationDt>
					<ProRateFactor>1</ProRateFactor>
					<CoverageSupplement id="CEE313F61A75949CA815300834D0639B6">
						<CoverageSubCd>PIPWKLOSS</CoverageSubCd>
					</CoverageSupplement>
					<CoverageExt id="C8BC624E1D3BD4C3DA0ECB3ACD981FA7A">
						<WBOnsetOffsetPremiumInfo id="WD5AAB9DA07F44326840273F0C5545935">
							<WBCurrentTermOnsetAmt id="W4758E7488607484DBE5339D42B066318">
								<Amt>92</Amt>
							</WBCurrentTermOnsetAmt>
							<WBCurrentTermOffsetAmt id="W01D1CE461B34407A8D549071569DC164">
								<Amt>0</Amt>
							</WBCurrentTermOffsetAmt>
						</WBOnsetOffsetPremiumInfo>
						<WBPremiumInfo id="WFFC2F56109914B6FB4F8ED788D73793C">
							<WBCurrentTermAmt id="W0AC2B8150362410E85F4ED166B078BA0">
								<Amt>92</Amt>
								<offset>92</offset>
								<onset>0</onset>
							</WBCurrentTermAmt>
							<WBNetChangeAmt id="W35FF623CDFB64D3E88E42338C4171E41">
								<Amt>-92</Amt>
							</WBNetChangeAmt>
							<WBWrittenAmt id="W27C3880EE730434A9881A22DC7E05220">
								<Amt>0</Amt>
							</WBWrittenAmt>
							<WBPriorCurrentTermAmt id="WB6224912D93843D0BA23884AD1AB1CF3">
								<Amt>92</Amt>
							</WBPriorCurrentTermAmt>
							<WBPriorWrittenAmt id="W80C5C7188265442082130380CFD1981A">
								<Amt>92</Amt>
							</WBPriorWrittenAmt>
							<WBCancelAmt id="WD011AD20D35B41C7A2C96F8B900658B5">
								<Amt>0</Amt>
							</WBCancelAmt>
						</WBPremiumInfo>
					</CoverageExt>
				</Coverage>
				<Coverage id="CAC0B6688C92245E9A071898DD4DC0BAD">
					<CoverageCd>PIP</CoverageCd>
					<Deductible id="DA933146141444903A0376CA2CBF1D665">
						<FormatCurrencyAmt id="F5321DC5A36184EA9AF4491A5799AFE14">
							<Amt>0</Amt>
						</FormatCurrencyAmt>
						<DeductibleAppliesToCd>CL</DeductibleAppliesToCd>
					</Deductible>
					<Option id="OB27854FC0AF348BE8ED10E1FCC7ACF5C">
						<OptionCd>P</OptionCd>
					</Option>
					<CreditOrSurcharge id="CA4A0AAF6FB5E49CAA15CBCA279F56425">
						<CreditSurchargeCd>LFREE</CreditSurchargeCd>
						<SecondaryCd>CFAEST</SecondaryCd>
						<WBRatingAppliedInd>0</WBRatingAppliedInd>
					</CreditOrSurcharge>
					<EffectiveDt>2019-12-14</EffectiveDt>
					<ExpirationDt>2019-12-14</ExpirationDt>
					<ProRateFactor>1</ProRateFactor>
					<CoverageSupplement id="CC587BB6296FF49DEAF12036D7D869FA9">
						<CoverageSubCd>PIPMED</CoverageSubCd>
					</CoverageSupplement>
					<CoverageExt id="CD70F1C556C7E4420BB09E406F272B7C6">
						<WBOnsetOffsetPremiumInfo id="WA3D51ED857744241AB6D96C3C1003032">
							<WBCurrentTermOnsetAmt id="WD7B894B92FBE4190B6937BFCC30E53B8">
								<Amt>2236</Amt>
							</WBCurrentTermOnsetAmt>
							<WBCurrentTermOffsetAmt id="WC39247ABF23B4A3EA7BF4A7AFFCE8F9B">
								<Amt>0</Amt>
							</WBCurrentTermOffsetAmt>
						</WBOnsetOffsetPremiumInfo>
						<WBPremiumInfo id="WF79CA6BDB8C344D5BCD2A7637B4CB037">
							<WBCurrentTermAmt id="W17725532CC3746AD9EBBF94D428B8F87">
								<Amt>2236</Amt>
								<offset>2236</offset>
								<onset>0</onset>
							</WBCurrentTermAmt>
							<WBNetChangeAmt id="WB5538A596A6F4C1798652239F717A2EC">
								<Amt>-2236</Amt>
							</WBNetChangeAmt>
							<WBWrittenAmt id="W73A74C48634944168F09A3285FF4173D">
								<Amt>0</Amt>
							</WBWrittenAmt>
							<WBPriorCurrentTermAmt id="WCAC117A3C71640E6BBC6C0F36010A20B">
								<Amt>2236</Amt>
							</WBPriorCurrentTermAmt>
							<WBPriorWrittenAmt id="WE74A1B5A68804BCB9194399DAF640305">
								<Amt>2236</Amt>
							</WBPriorWrittenAmt>
							<WBCancelAmt id="W8FD4CCAC53D846F081001913B6A779D3">
								<Amt>0</Amt>
							</WBCancelAmt>
						</WBPremiumInfo>
					</CoverageExt>
				</Coverage>
				<Coverage id="CED149B2EFBAD485687E92DCEEDA9ED6C">
					<CoverageCd>PIP</CoverageCd>
					<Deductible id="DD6C50414195E4EBAAC4E2B5F440308F0">
						<FormatCurrencyAmt id="FB4798C1548184896B8D332D23835788D">
							<Amt>0</Amt>
						</FormatCurrencyAmt>
						<DeductibleAppliesToCd>CL</DeductibleAppliesToCd>
					</Deductible>
					<CreditOrSurcharge id="CAFE271E08C7D4A7CA374F87EEF0EA533">
						<CreditSurchargeCd>LFREE</CreditSurchargeCd>
						<SecondaryCd>CFAEST</SecondaryCd>
						<WBRatingAppliedInd>0</WBRatingAppliedInd>
					</CreditOrSurcharge>
					<EffectiveDt>2019-12-14</EffectiveDt>
					<ExpirationDt>2019-12-14</ExpirationDt>
					<ProRateFactor>1</ProRateFactor>
					<CoverageSupplement id="CC03ADCBCAF5440EEBEC16EAC71029C61">
						<CoverageSubCd>PIPALLOTHER</CoverageSubCd>
					</CoverageSupplement>
					<CoverageExt id="C25A794F3B59E4E85978E1FEA8F1C08CC">
						<WBOnsetOffsetPremiumInfo id="WA56492442A614EB1A11D7D28FC752013">
							<WBCurrentTermOnsetAmt id="WF2327C2A2636497089D7C982AF271C20">
								<Amt>45</Amt>
							</WBCurrentTermOnsetAmt>
							<WBCurrentTermOffsetAmt id="W60AEB70C0E5E444BB095A8C37607AF5C">
								<Amt>0</Amt>
							</WBCurrentTermOffsetAmt>
						</WBOnsetOffsetPremiumInfo>
						<WBPremiumInfo id="WE77F6CF93ED247BDB10F77DFD4E6C4FA">
							<WBCurrentTermAmt id="W7DE543DCDBBA426285445980D4E0799F">
								<Amt>45</Amt>
								<offset>45</offset>
								<onset>0</onset>
							</WBCurrentTermAmt>
							<WBNetChangeAmt id="WA70770429969433798D8ADA87C826D94">
								<Amt>-45</Amt>
							</WBNetChangeAmt>
							<WBWrittenAmt id="W788818A2BCF545D8992FDBA5A2485332">
								<Amt>0</Amt>
							</WBWrittenAmt>
							<WBPriorCurrentTermAmt id="W5434D820E64F4CE1928FACF467249E38">
								<Amt>45</Amt>
							</WBPriorCurrentTermAmt>
							<WBPriorWrittenAmt id="WDE1B0F8AC49C4B628E9F15FBC4388D18">
								<Amt>45</Amt>
							</WBPriorWrittenAmt>
							<WBCancelAmt id="WE06A54AB0AAD4C74BE66A52186D07E19">
								<Amt>0</Amt>
							</WBCancelAmt>
						</WBPremiumInfo>
					</CoverageExt>
				</Coverage>
				<Coverage id="C039C5F2C7F3A42A09ED8395634560AC4">
					<CoverageCd>MCCA</CoverageCd>
					<CoverageTypeCd>Coverage</CoverageTypeCd>
					<EffectiveDt>2019-12-14</EffectiveDt>
					<ExpirationDt>2019-12-14</ExpirationDt>
					<ProRateFactor>1</ProRateFactor>
					<CoverageSupplement id="C6E040D73527B4270B0383D67DBC18F6E">
						<CoverageSubCd>PIPMCCA</CoverageSubCd>
					</CoverageSupplement>
					<CoverageExt id="C14ACDB2F6CD745F59C4250AA614F0E36">
						<WBOnsetOffsetPremiumInfo id="WFE4BE4A7DDFA45A2B0FBA51CA7A5EA4B">
							<WBCurrentTermOnsetAmt id="W13620299CE8E43AEABCB8AD87899A289">
								<Amt>228</Amt>
							</WBCurrentTermOnsetAmt>
							<WBCurrentTermOffsetAmt id="W71E341C4AE994947820888D6F04A2568">
								<Amt>0</Amt>
							</WBCurrentTermOffsetAmt>
						</WBOnsetOffsetPremiumInfo>
						<WBPremiumInfo id="W61EEC4B829E8477FA8BDD40680D1635A">
							<WBCurrentTermAmt id="W61683C35C9D7403E8E3909FB4CF7DC8A">
								<Amt>228.00</Amt>
								<offset>228</offset>
								<onset>0</onset>
							</WBCurrentTermAmt>
							<WBNetChangeAmt id="WAAC095D2E52043F1B9F6F0641085324B">
								<Amt>-228</Amt>
							</WBNetChangeAmt>
							<WBWrittenAmt id="WF26926F6F4014471AF876B628D6A8C9A">
								<Amt>0</Amt>
							</WBWrittenAmt>
							<WBPriorCurrentTermAmt id="W7BACF1F9B95147549405C14529F7AD7B">
								<Amt>228</Amt>
							</WBPriorCurrentTermAmt>
							<WBPriorWrittenAmt id="WD2D2C80F830943FF811C1A54A5EDA2BB">
								<Amt>228</Amt>
							</WBPriorWrittenAmt>
							<WBCancelAmt id="W3A66C759C71344A39D9B467D7DDC0614">
								<Amt>0</Amt>
							</WBCancelAmt>
						</WBPremiumInfo>
					</CoverageExt>
				</Coverage>
				<Coverage id="CB3DC8A2157554D1AA135212960FAEF90">
					<CoverageCd>COMP</CoverageCd>
					<Deductible id="D9004B356A002453292BB4CF99B5F2AEA">
						<FormatCurrencyAmt id="FFFE3A56EBC6446BD9C892AC2C9BA5053">
							<Amt>250</Amt>
						</FormatCurrencyAmt>
						<DeductibleAppliesToCd>ACC</DeductibleAppliesToCd>
					</Deductible>
					<CreditOrSurcharge id="CD22853EA31214BBE91B3779E1924C4E7">
						<CreditSurchargeCd>LFREE</CreditSurchargeCd>
						<SecondaryCd>CFAEST</SecondaryCd>
						<WBRatingAppliedInd>0</WBRatingAppliedInd>
					</CreditOrSurcharge>
					<EffectiveDt>2019-12-14</EffectiveDt>
					<ExpirationDt>2019-12-14</ExpirationDt>
					<ProRateFactor>1</ProRateFactor>
					<CoverageSupplement id="C411BD7B22BFE4FB3B9ECDD70CFD68069">
						<CoverageSubCd>OTC</CoverageSubCd>
					</CoverageSupplement>
					<CoverageExt id="CCC3A79006C9D47E79835ABDD0D8DD63B">
						<WBOnsetOffsetPremiumInfo id="W9E049492391C4B68899BDDC512237A64">
							<WBCurrentTermOnsetAmt id="WB8712FD3873C4E30A239A6D6A8429954">
								<Amt>1306</Amt>
							</WBCurrentTermOnsetAmt>
							<WBCurrentTermOffsetAmt id="W9FCEAB6A0BE74C89A4E59B4FE42E149D">
								<Amt>0</Amt>
							</WBCurrentTermOffsetAmt>
						</WBOnsetOffsetPremiumInfo>
						<WBPremiumInfo id="W5EABE98C836040CFB8399E1A24C1BA25">
							<WBCurrentTermAmt id="W7E2176A2D13340D5893C41CB7B76916E">
								<Amt>1306</Amt>
								<offset>1306</offset>
								<onset>0</onset>
							</WBCurrentTermAmt>
							<WBNetChangeAmt id="WD34B35CA37F24462A6AC78B1D81B2832">
								<Amt>-1306</Amt>
							</WBNetChangeAmt>
							<WBWrittenAmt id="W4E9FB298EA304FB98AF89F19ACD07F63">
								<Amt>0</Amt>
							</WBWrittenAmt>
							<WBPriorCurrentTermAmt id="W7E89406C867747D58F93901026E47F2B">
								<Amt>1306</Amt>
							</WBPriorCurrentTermAmt>
							<WBPriorWrittenAmt id="WC22AB8C5E796404CA2A0E62E60405E55">
								<Amt>1306</Amt>
							</WBPriorWrittenAmt>
							<WBCancelAmt id="WFC32506A7D304900A92A678A0A1D733F">
								<Amt>0</Amt>
							</WBCancelAmt>
						</WBPremiumInfo>
					</CoverageExt>
				</Coverage>
				<Coverage id="CFDA8ADBCB21547D0A9952BC779A0C689">
					<CoverageCd>COLL</CoverageCd>
					<Deductible id="DA37B9FB9509949109F951D621FE6891B">
						<FormatCurrencyAmt id="F4056F7E6EC58435C95450E55CEB3ED77">
							<Amt>250</Amt>
						</FormatCurrencyAmt>
						<DeductibleAppliesToCd>ACC</DeductibleAppliesToCd>
					</Deductible>
					<Option id="O841EEF661A974D8A86EDDD50DCAFFDB0">
						<OptionCd>B</OptionCd>
					</Option>
					<CreditOrSurcharge id="C9BD4210F9B69453EB7125CC173CAB877">
						<CreditSurchargeCd>LFREE</CreditSurchargeCd>
						<SecondaryCd>CFAEST</SecondaryCd>
						<WBRatingAppliedInd>0</WBRatingAppliedInd>
					</CreditOrSurcharge>
					<EffectiveDt>2019-12-14</EffectiveDt>
					<ExpirationDt>2019-12-14</ExpirationDt>
					<ProRateFactor>1</ProRateFactor>
					<CoverageSupplement id="CFAB7EFE88B73476AB75B7C06394F4C17">
						<CoverageSubCd>COLL</CoverageSubCd>
					</CoverageSupplement>
					<CoverageExt id="CFF4350700D2F47B4BEFB35F511FE1F94">
						<WBOnsetOffsetPremiumInfo id="WB56C4CDD39434D61A12BDA5E7CEF6ED8">
							<WBCurrentTermOnsetAmt id="W42D4C69A2958485A88D0F3B279CF618C">
								<Amt>3792</Amt>
							</WBCurrentTermOnsetAmt>
							<WBCurrentTermOffsetAmt id="WF83B7DCAA13E4038A2B5C6630DA1B7D2">
								<Amt>0</Amt>
							</WBCurrentTermOffsetAmt>
						</WBOnsetOffsetPremiumInfo>
						<WBPremiumInfo id="W80D71EA32EC4417CB8843C971D42ED36">
							<WBCurrentTermAmt id="WAEB727AFCBC1467D9F3EBE373CA305C9">
								<Amt>3792</Amt>
								<offset>3792</offset>
								<onset>0</onset>
							</WBCurrentTermAmt>
							<WBNetChangeAmt id="W9F613C9547204396B2823914CB681F95">
								<Amt>-3792</Amt>
							</WBNetChangeAmt>
							<WBWrittenAmt id="WFC58474D732E4350A552E4E8B1881209">
								<Amt>0</Amt>
							</WBWrittenAmt>
							<WBPriorCurrentTermAmt id="W147B7995DDA64073AFA1335C92A95DE3">
								<Amt>3792</Amt>
							</WBPriorCurrentTermAmt>
							<WBPriorWrittenAmt id="WAA557ED7E3A1414D9349BAE352529272">
								<Amt>3792</Amt>
							</WBPriorWrittenAmt>
							<WBCancelAmt id="W0AEAEA3D3A2F40C4B6EAF828A6C30C02">
								<Amt>0</Amt>
							</WBCancelAmt>
						</WBPremiumInfo>
					</CoverageExt>
				</Coverage>
				<Coverage id="CAE8B2569A4CE44D6953A1DF37CA2CA71">
					<CoverageCd>LPD</CoverageCd>
					<Limit id="LF129B7EC2CE94A2AA8101E60F1CF6F26">
						<FormatCurrencyAmt id="FFEA518DBCA7E4D4AB4BF5512C6D28F75">
							<Amt>1000</Amt>
						</FormatCurrencyAmt>
						<LimitAppliesToCd>EachClaim</LimitAppliesToCd>
					</Limit>
					<EffectiveDt>2019-12-14</EffectiveDt>
					<ExpirationDt>2019-12-14</ExpirationDt>
					<ProRateFactor>1</ProRateFactor>
					<CoverageSupplement id="CB5EAD17A4D2C4DAF9AA616F5277C54FE">
						<CoverageSubCd>APD</CoverageSubCd>
					</CoverageSupplement>
					<CoverageExt id="C5E677C7E61BB40949AE2CDD2ADB867B1">
						<WBOnsetOffsetPremiumInfo id="W17F7B545EF13450AA342596C7B39EDE7">
							<WBCurrentTermOnsetAmt id="W45E4209C1C6142DC9A51A8B919CEBC2C">
								<Amt>11</Amt>
							</WBCurrentTermOnsetAmt>
							<WBCurrentTermOffsetAmt id="WA67DC6C9B614476C9C98AC2679BFD4E5">
								<Amt>0</Amt>
							</WBCurrentTermOffsetAmt>
						</WBOnsetOffsetPremiumInfo>
						<WBPremiumInfo id="W6EE3836397794F4688400F62F35AE6A0">
							<WBCurrentTermAmt id="WCBF2B669DE8247C1BB69E7D3DBF2284C">
								<Amt>11</Amt>
								<offset>11</offset>
								<onset>0</onset>
							</WBCurrentTermAmt>
							<WBNetChangeAmt id="WBF42540AD4814FDA84D4168ABF462A2A">
								<Amt>-11</Amt>
							</WBNetChangeAmt>
							<WBWrittenAmt id="W068A09AE7581427399DD55B093AEE151">
								<Amt>0</Amt>
							</WBWrittenAmt>
							<WBPriorCurrentTermAmt id="WA1C18F8108094EE2B03A40DEB903ABAB">
								<Amt>11</Amt>
							</WBPriorCurrentTermAmt>
							<WBPriorWrittenAmt id="W4C19DDE20F404F76BCA8407BD41BDA78">
								<Amt>11</Amt>
							</WBPriorWrittenAmt>
							<WBCancelAmt id="W8EC44B463D064772B5C36BEFCF059968">
								<Amt>0</Amt>
							</WBCancelAmt>
						</WBPremiumInfo>
					</CoverageExt>
				</Coverage>
				<Coverage id="CE28439C8AF824E94BE786D304807BB65">
					<CoverageCd>UMCSL</CoverageCd>
					<Limit id="LA0E3FAA60FA547DB967ABE68E452E0EF">
						<FormatCurrencyAmt id="F1122878FAB354D79B9E36E854BD62341">
							<Amt>300000</Amt>
						</FormatCurrencyAmt>
						<LimitAppliesToCd>CSL</LimitAppliesToCd>
					</Limit>
					<CreditOrSurcharge id="CA0863C425A9A498480A74E09189E5624">
						<CreditSurchargeCd>LFREE</CreditSurchargeCd>
						<SecondaryCd>CFAEST</SecondaryCd>
						<WBRatingAppliedInd>0</WBRatingAppliedInd>
					</CreditOrSurcharge>
					<EffectiveDt>2019-12-14</EffectiveDt>
					<ExpirationDt>2019-12-14</ExpirationDt>
					<ProRateFactor>1</ProRateFactor>
					<CoverageSupplement id="CA9A0A5C7D525407C9D7323D98E3DAE35">
						<CoverageSubCd>UMCSL</CoverageSubCd>
					</CoverageSupplement>
					<CoverageExt id="C730860C591AF4EBFA69B735822004A89">
						<WBOnsetOffsetPremiumInfo id="W74CB6BB401B94AEEB93BB442A3085D24">
							<WBCurrentTermOnsetAmt id="WAC036A8658834DF9B1FD0A862D3EADE9">
								<Amt>41</Amt>
							</WBCurrentTermOnsetAmt>
							<WBCurrentTermOffsetAmt id="W34BE072E47F74992BF96195C035EF5E5">
								<Amt>0</Amt>
							</WBCurrentTermOffsetAmt>
						</WBOnsetOffsetPremiumInfo>
						<WBPremiumInfo id="WEBED466CA7FD4506B106F11D1E5C0996">
							<WBCurrentTermAmt id="W4EBB8EE74A3E457CA1AA8103A7127BD7">
								<Amt>41</Amt>
								<offset>41</offset>
								<onset>0</onset>
							</WBCurrentTermAmt>
							<WBNetChangeAmt id="WB6DF06D3F99241B99D0499098F200258">
								<Amt>-41</Amt>
							</WBNetChangeAmt>
							<WBWrittenAmt id="WCB1B5C8C347543D99A0DB9C697CD04D9">
								<Amt>0</Amt>
							</WBWrittenAmt>
							<WBPriorCurrentTermAmt id="WE70660A6F3B645DAAFD6B2518FF5DE2D">
								<Amt>41</Amt>
							</WBPriorCurrentTermAmt>
							<WBPriorWrittenAmt id="W0AC4D92B00794921A7AD3C8AF44B74B3">
								<Amt>41</Amt>
							</WBPriorWrittenAmt>
							<WBCancelAmt id="W601107D5BD98418AB9D4409E3E27D1D7">
								<Amt>0</Amt>
							</WBCancelAmt>
						</WBPremiumInfo>
					</CoverageExt>
				</Coverage>
				<Coverage id="C362C22F25E54490D9D2033F74E75DF9C">
					<CoverageCd>UNCSL</CoverageCd>
					<Limit id="LD1E2C961B10F43D7942BF1B2CDEDC143">
						<FormatCurrencyAmt id="F289BDB15D50F4AE1A3CE34F2EDCA567D">
							<Amt>300000</Amt>
						</FormatCurrencyAmt>
						<LimitAppliesToCd>CSL</LimitAppliesToCd>
					</Limit>
					<CreditOrSurcharge id="C4C414B3291A74F0FA67D2A772E5962B2">
						<CreditSurchargeCd>LFREE</CreditSurchargeCd>
						<SecondaryCd>CFAEST</SecondaryCd>
						<WBRatingAppliedInd>0</WBRatingAppliedInd>
					</CreditOrSurcharge>
					<EffectiveDt>2019-12-14</EffectiveDt>
					<ExpirationDt>2019-12-14</ExpirationDt>
					<ProRateFactor>1</ProRateFactor>
					<CoverageSupplement id="C00C3B37539E94D7285AB710CAE31111F">
						<CoverageSubCd>UNDMCSL</CoverageSubCd>
					</CoverageSupplement>
					<CoverageExt id="C6F2836D6119B48788271A7967B9534AF">
						<WBOnsetOffsetPremiumInfo id="W64B3A78B549040D8BD0C8DB54BC054BE">
							<WBCurrentTermOnsetAmt id="WAF9F62E2396748689A14B0D08DBB0F9E">
								<Amt>20</Amt>
							</WBCurrentTermOnsetAmt>
							<WBCurrentTermOffsetAmt id="WBCFE927EA28645C49C0ED66174A76209">
								<Amt>0</Amt>
							</WBCurrentTermOffsetAmt>
						</WBOnsetOffsetPremiumInfo>
						<WBPremiumInfo id="WE5DED0DB5C5B46568C8C57B8769A42A2">
							<WBCurrentTermAmt id="W768D338819E242D4BDD9BF4E2FC74F02">
								<Amt>20</Amt>
								<offset>20</offset>
								<onset>0</onset>
							</WBCurrentTermAmt>
							<WBNetChangeAmt id="WA898925A77EE4F58917CCB1F0B8603CF">
								<Amt>-20</Amt>
							</WBNetChangeAmt>
							<WBWrittenAmt id="WC6ED790AA0D249AF975DC5588113C67A">
								<Amt>0</Amt>
							</WBWrittenAmt>
							<WBPriorCurrentTermAmt id="W714095D1CA8D495B92961B9A71560826">
								<Amt>20</Amt>
							</WBPriorCurrentTermAmt>
							<WBPriorWrittenAmt id="W9A9047C7E4134EDFA7BEB4C59118288D">
								<Amt>20</Amt>
							</WBPriorWrittenAmt>
							<WBCancelAmt id="W0BEDE243EBFB4F9DBC6EAF999698C87B">
								<Amt>0</Amt>
							</WBCancelAmt>
						</WBPremiumInfo>
					</CoverageExt>
				</Coverage>
				<Coverage id="C84CD18996CC046999037EF394A3294C4">
					<CoverageCd>TRNEX</CoverageCd>
					<Limit id="LBD3A7D4B875D4BB69E003930AE8379E1">
						<FormatCurrencyAmt id="FBFDA9F2907854E86BFB111B2F80F6D26">
							<Amt>30</Amt>
						</FormatCurrencyAmt>
						<LimitAppliesToCd>PerDay</LimitAppliesToCd>
					</Limit>
					<Limit id="L6F5E78AD0AB946539C924616E200875A">
						<FormatCurrencyAmt id="FF1F7076553D34A18A9632B3B78002240">
							<Amt>900</Amt>
						</FormatCurrencyAmt>
						<LimitAppliesToCd>EachClaim</LimitAppliesToCd>
					</Limit>
					<EffectiveDt>2019-12-14</EffectiveDt>
					<ExpirationDt>2019-12-14</ExpirationDt>
					<ProRateFactor>1</ProRateFactor>
					<CoverageSupplement id="CAAC500F4A77C496784FBD5E7CDA0B961">
						<CoverageSubCd>TRNSEXP</CoverageSubCd>
					</CoverageSupplement>
					<CoverageExt id="C0D3D259022A34F62A3DB593A4A251103">
						<WBOnsetOffsetPremiumInfo id="W9DE676B1B236435C9BCE29636DE65F79">
							<WBCurrentTermOnsetAmt id="W7EEA3E881A5D4287AFC5F94D3E7F141E">
								<Amt>2</Amt>
							</WBCurrentTermOnsetAmt>
							<WBCurrentTermOffsetAmt id="W5A7833FB4DF140F7AED5C05578C669DE">
								<Amt>0</Amt>
							</WBCurrentTermOffsetAmt>
						</WBOnsetOffsetPremiumInfo>
						<WBPremiumInfo id="W009A17B3F66A46AFB784FC022C939F74">
							<WBCurrentTermAmt id="W9D8FB8E15D5D4A848C8CDB764A5AA402">
								<Amt>2</Amt>
								<offset>2</offset>
								<onset>0</onset>
							</WBCurrentTermAmt>
							<WBNetChangeAmt id="W11FC3AAC9C6449DD8DBA7585E94E3156">
								<Amt>-2</Amt>
							</WBNetChangeAmt>
							<WBWrittenAmt id="W7E3EC61B55BD4D2CB339E907A5E866BA">
								<Amt>0</Amt>
							</WBWrittenAmt>
							<WBPriorCurrentTermAmt id="W1AADFD9012D14C569854129E7040DB5B">
								<Amt>2</Amt>
							</WBPriorCurrentTermAmt>
							<WBPriorWrittenAmt id="WC07556C3458A4CD2BA1B6040813ED7FB">
								<Amt>2</Amt>
							</WBPriorWrittenAmt>
							<WBCancelAmt id="W16A5F29186C94A03A2FD0F04F263E4BC">
								<Amt>0</Amt>
							</WBCancelAmt>
						</WBPremiumInfo>
					</CoverageExt>
				</Coverage>
				<Coverage id="C87D89C9A10F647E6BC7E328D498CE296">
					<CoverageCd>PPI</CoverageCd>
					<Limit id="LB4E0934A49AF40C2BBAD92BD1F3F7881">
						<FormatCurrencyAmt id="F869DCEF90DD443DA96B9D993DE9A3CD3">
							<Amt>1000000</Amt>
						</FormatCurrencyAmt>
						<LimitAppliesToCd>PerAcc</LimitAppliesToCd>
					</Limit>
					<EffectiveDt>2019-12-14</EffectiveDt>
					<ExpirationDt>2019-12-14</ExpirationDt>
					<ProRateFactor>1</ProRateFactor>
					<CoverageSupplement id="C41E9509FA49843FF85D1A8119EFE3A9F">
						<CoverageSubCd>PPI</CoverageSubCd>
					</CoverageSupplement>
					<CoverageExt id="C76C615B4CE034943B17697C7A6DE45FF">
						<WBOnsetOffsetPremiumInfo id="W44C4C3234F354B61B3737DAAF214AB0C">
							<WBCurrentTermOnsetAmt id="W02720C3F9C3648889C083B6DC96439F0">
								<Amt>11</Amt>
							</WBCurrentTermOnsetAmt>
							<WBCurrentTermOffsetAmt id="W2CF1FD6E9FFB40479EBBA68DFA98E603">
								<Amt>0</Amt>
							</WBCurrentTermOffsetAmt>
						</WBOnsetOffsetPremiumInfo>
						<WBPremiumInfo id="W170BB459ED91419A8D4771E914A0EDCD">
							<WBCurrentTermAmt id="W91C8291F38B74846A82B712955009159">
								<Amt>11</Amt>
								<offset>11</offset>
								<onset>0</onset>
							</WBCurrentTermAmt>
							<WBNetChangeAmt id="W2E216CAE29C04B3E9C0221C383A1B826">
								<Amt>-11</Amt>
							</WBNetChangeAmt>
							<WBWrittenAmt id="W252F5C1C2B844420B66E2D65AC6B9A4E">
								<Amt>0</Amt>
							</WBWrittenAmt>
							<WBPriorCurrentTermAmt id="WA18C54124B814197B19A86B0AB552363">
								<Amt>11</Amt>
							</WBPriorCurrentTermAmt>
							<WBPriorWrittenAmt id="W5E3FEFFB61544140A47AA3F7DE03EF07">
								<Amt>11</Amt>
							</WBPriorWrittenAmt>
							<WBCancelAmt id="W0DD54E201DFD405BB894322191594798">
								<Amt>0</Amt>
							</WBCancelAmt>
						</WBPremiumInfo>
					</CoverageExt>
				</Coverage>
				<CreditOrSurcharge id="CD415E9A16D97443D9C818444E08E9FB7">
					<SecondaryCd>AHS</SecondaryCd>
					<WBRatingAppliedInd>0</WBRatingAppliedInd>
				</CreditOrSurcharge>
				<CreditOrSurcharge id="C12BF5F8355C649C79A1D5F044030E35A">
					<SecondaryCd>AOM</SecondaryCd>
					<WBRatingAppliedInd>0</WBRatingAppliedInd>
				</CreditOrSurcharge>
				<CreditOrSurcharge id="C8A8C3F2EA3E0497992B068A3FD0F05C2">
					<SecondaryCd>BWS</SecondaryCd>
					<WBRatingAppliedInd>0</WBRatingAppliedInd>
				</CreditOrSurcharge>
				<CreditOrSurcharge id="C1B548334372A47FCAB07C5DD84E946FA">
					<SecondaryCd>DFSS</SecondaryCd>
					<WBRatingAppliedInd>0</WBRatingAppliedInd>
				</CreditOrSurcharge>
				<CreditOrSurcharge id="C89BCBAFEA6A6480685895D44DAE4C388">
					<SecondaryCd>FCA</SecondaryCd>
					<WBRatingAppliedInd>0</WBRatingAppliedInd>
				</CreditOrSurcharge>
				<CreditOrSurcharge id="C54D9105920924FE68C4C3A53DACDAC2A">
					<WBRatingAppliedInd>0</WBRatingAppliedInd>
				</CreditOrSurcharge>
				<CreditOrSurcharge id="C6BC47A02B4444625926575D6BD036EBC">
					<SecondaryCd>SDD</SecondaryCd>
					<WBRatingAppliedInd>0</WBRatingAppliedInd>
				</CreditOrSurcharge>
				<CreditOrSurcharge id="CE32C9763B0AC453CA33BE251B07C184E">
					<WBRatingAppliedInd>0</WBRatingAppliedInd>
				</CreditOrSurcharge>
				<CreditOrSurcharge id="CCC5070B4064046E88FF3D36273748D6C">
					<WBRatingAppliedInd>0</WBRatingAppliedInd>
				</CreditOrSurcharge>
				<CreditOrSurcharge id="C2DB8AB5545864D0EA496E9216751D258">
					<WBRatingAppliedInd>0</WBRatingAppliedInd>
				</CreditOrSurcharge>
				<CreditOrSurcharge id="CBA62355C448541718ABF4AA8BDEC357F">
					<WBRatingAppliedInd>0</WBRatingAppliedInd>
				</CreditOrSurcharge>
				<CreditOrSurcharge id="CBFBD50081611411F8B16EB8B8942EF42">
					<SecondaryCd>PU</SecondaryCd>
					<WBRatingAppliedInd>0</WBRatingAppliedInd>
				</CreditOrSurcharge>
				<ComprehensiveOTCSymbolCd>56</ComprehensiveOTCSymbolCd>
				<CollisionSymbolCd>45</CollisionSymbolCd>
				<QuestionAnswer id="QD19C17C6483F4D01A899E5E0305EC9DE">
					<QuestionCd>VEH01</QuestionCd>
					<YesNoCd>NO</YesNoCd>
				</QuestionAnswer>
				<QuestionAnswer id="Q7429DCF88C7F4584AED4BD0586F129A3">
					<QuestionCd>VEH02</QuestionCd>
					<YesNoCd>DRV</YesNoCd>
					<Explanation>101</Explanation>
				</QuestionAnswer>
				<QuestionAnswer id="QD06D93CA2ACB4208BB55418F986DEB42">
					<QuestionCd>VEH09</QuestionCd>
					<YesNoCd>NO</YesNoCd>
				</QuestionAnswer>
				<VehicleExt id="V4CA3AD8CD3DC45CE87F1A0DEE5F05170">
					<WBBackupWarningSystemInd>0</WBBackupWarningSystemInd>
					<WBAutonomousOperationsModeInd>0</WBAutonomousOperationsModeInd>
					<WBAdaptiveHeadlightSystemInd>0</WBAdaptiveHeadlightSystemInd>
					<WBDriverFatigueSensingSystemInd>0</WBDriverFatigueSensingSystemInd>
					<ClassCode>1229</ClassCode>
					<WBMileage id="W662B633D0CFD49F1815146741601EDA1">
						<WBReportDtTime>2019-10-07T00:48:09.000</WBReportDtTime>
						<WBRatedAnnualMileage>14898</WBRatedAnnualMileage>
						<WBRatedAnnualMileageOverride>14898</WBRatedAnnualMileageOverride>
						<WBAnnualMileageMAMCd>E</WBAnnualMileageMAMCd>
						<WBAnnualMileageSource>Carfax</WBAnnualMileageSource>
					</WBMileage>
					<WBISOBodyStyleDesc>Utility Vehicle - Four-Wheel Drive 4-Door</WBISOBodyStyleDesc>
					<WBFinancialResponsibilityCnt>0</WBFinancialResponsibilityCnt>
					<WBRiskTerm id="W1A0920D6519A422995CB025DEC8661FC">
						<WBRiskEffectiveDt>2019-12-14</WBRiskEffectiveDt>
						<WBRiskExpirationDt>2019-12-14</WBRiskExpirationDt>
					</WBRiskTerm>
					<WBSubtotalInfo id="WF46EBB08BA064CE4AB84E614984FDC65">
						<WBSubtotalInfoTypeCd>CFA</WBSubtotalInfoTypeCd>
						<WBCurrentTermAmt id="W8C7D34C71C224782ABFA924867A460CE">
							<Amt>247</Amt>
						</WBCurrentTermAmt>
					</WBSubtotalInfo>
					<WBSubtotalInfo id="W85E1F32E502741A897B7C0F719632C95">
						<WBSubtotalInfoTypeCd>VEH</WBSubtotalInfoTypeCd>
						<WBCurrentTermAmt id="WC49466485B024FAEA14D97F5F395FFFF">
							<Amt>8251</Amt>
						</WBCurrentTermAmt>
					</WBSubtotalInfo>
					<WBVehicleAge>9</WBVehicleAge>
					<WBThirdPartyReport id="W8A48F1E00EAE4A09A5146B146C10BD2F">
						<WBReportTypeCd>VINMASTER</WBReportTypeCd>
						<WBReportOrderStatus>Returned</WBReportOrderStatus>
					</WBThirdPartyReport>
					<WBOnsetOffsetPremiumInfo id="W0714246C73D34A68908D1E518A4F7F0E">
						<WBCurrentTermOnsetAmt id="W19BDFFFC615F4E85B8E4FDE746C4E280" />
						<WBCurrentTermOffsetAmt id="W9B4E1285C38A408488D823653F03956E" />
					</WBOnsetOffsetPremiumInfo>
					<WBPremiumInfo id="W0183567D8CB341D481FA152562D1876C">
						<WBCurrentTermAmt id="W64EA566D47A445BFB9BE0D2C4F19E512">
							<Amt>8479</Amt>
						</WBCurrentTermAmt>
						<WBNetChangeAmt id="W39300C1A25C041AEA9C4D745A701941D" />
						<WBWrittenAmt id="WDFCFCFD2612E463784F8140F205E618C">
							<Amt>0</Amt>
						</WBWrittenAmt>
					</WBPremiumInfo>
				</VehicleExt>
			</Vehicle>
			<QuestionAnswer id="QFA812B5DE56F438D815E9A206655B455">
				<QuestionCd>AUTOP03</QuestionCd>
				<YesNoCd>NO</YesNoCd>
			</QuestionAnswer>
			<QuestionAnswer id="Q130A9AF5305A4BDA887F91B14CF03709">
				<QuestionCd>VEH03</QuestionCd>
				<YesNoCd>NO</YesNoCd>
			</QuestionAnswer>
			<QuestionAnswer id="Q3C36C85449604F99BBB2CF704473B9E2">
				<QuestionCd>VEH04</QuestionCd>
				<YesNoCd>NO</YesNoCd>
			</QuestionAnswer>
			<PersAutoLineBusinessExt id="P82783C1E106D4A47B9B6E211591B3686">
				<WBSubtotalInfo id="WA97D5829BE1E48CC8406D6E1336A98A1">
					<WBSubtotalInfoTypeCd>CFA</WBSubtotalInfoTypeCd>
					<WBCurrentTermAmt id="W68C3E81FEE8C4E269486616C345D8575">
						<Amt>247</Amt>
					</WBCurrentTermAmt>
				</WBSubtotalInfo>
				<WBOnsetOffsetPremiumInfo id="W061BF347E9E94F2DA56061310E33FEDE">
					<WBCurrentTermOnsetAmt id="WD2567BC4D6D34FB2B4EDCC3DD47824B7" />
					<WBCurrentTermOffsetAmt id="W2A624A0CEC854E16B32C097EF1E21E4B" />
				</WBOnsetOffsetPremiumInfo>
				<WBPermissiveUseCnt>0</WBPermissiveUseCnt>
				<WBPremiumInfo id="W7D72C219730F477F85CE905D0D458F4C">
					<WBCurrentTermAmt id="W26CB2F926D1748FAB85DD383B3F82F9A">
						<Amt>8479</Amt>
					</WBCurrentTermAmt>
					<WBNetChangeAmt id="W69B1744CE3654FABA37A4C19502993ED">
						<Amt>0</Amt>
					</WBNetChangeAmt>
					<WBWrittenAmt id="WDFD5E0B96E554102ADB53DD2F48640F1">
						<Amt>0</Amt>
					</WBWrittenAmt>
				</WBPremiumInfo>
				<WBWorkLossDeclineIndicator>0</WBWorkLossDeclineIndicator>
			</PersAutoLineBusinessExt>
		</PersAutoLineBusiness>
		<PolicyExt id="P431697A185BC4154BF77CF6129A2BD7D">
			<AutoCompositionFactorCd>P</AutoCompositionFactorCd>
			<WBTransactionStatusDesc>Committed</WBTransactionStatusDesc>
			<WBQuoteStatusDesc>Issued</WBQuoteStatusDesc>
			<CreditOrSurcharge id="C5CDB56996932475DBC9CB8CAF860037A">
				<SecondaryCd>HCD</SecondaryCd>
				<WBRatingAppliedInd>1</WBRatingAppliedInd>
			</CreditOrSurcharge>
			<CreditOrSurcharge id="CE03AF480EE964147ABA96CE411AFF4C6">
				<WBRatingAppliedInd>1</WBRatingAppliedInd>
			</CreditOrSurcharge>
			<WBHouseholdCompositionInd>0</WBHouseholdCompositionInd>
			<WBSubtotalInfo id="W58CF9BDB91A34BDBA8EA7906165B4D55">
				<WBSubtotalInfoTypeCd>CFA</WBSubtotalInfoTypeCd>
				<WBCurrentTermAmt id="W38578616F23B4C45AC2DAA486DA353CE">
					<Amt>247</Amt>
				</WBCurrentTermAmt>
			</WBSubtotalInfo>
			<WBThirdPartyReport id="W1B95E1761B714D55BBC3A80B3CAB212A">
				<WBReportTypeCd>APD</WBReportTypeCd>
				<WBReportOrderDt>2019-10-07</WBReportOrderDt>
				<WBReportOrderStatus>No Hit</WBReportOrderStatus>
				<WBReportExpirationDt>2020-01-05</WBReportExpirationDt>
			</WBThirdPartyReport>
			<WBPolicyAge>0</WBPolicyAge>
			<WBAssocGroupType>GROUP</WBAssocGroupType>
			<WBOnsetOffsetPremiumInfo id="W45474DE055D24839A1925783BC2754D9">
				<WBCurrentTermOnsetAmt id="W3FF1F0D6CCDB456AA559F60EC28FC595" />
				<WBCurrentTermOffsetAmt id="W62D4DA7FF4B54A75A42B1E3B362BB2D9" />
			</WBOnsetOffsetPremiumInfo>
			<WBPremiumInfo id="W2F0F9558A3844925B687DB3F3D956A44">
				<WBCurrentTermAmt id="W422345831F1E452EA74245FEFCA5BD46">
					<Amt>8479</Amt>
				</WBCurrentTermAmt>
				<WBNetChangeAmt id="W292C928B32404042A20887D7849E2D0F">
					<Amt>0</Amt>
				</WBNetChangeAmt>
				<WBWrittenAmt id="W7035BAD4E1D14DC1AC13E3708CC061E4">
					<Amt>0</Amt>
				</WBWrittenAmt>
			</WBPremiumInfo>
			<WBPriorPolicyCnt>0</WBPriorPolicyCnt>
			<WBPolicyIssue id="W00EC4B35AA0141A8801A27C786A5D2A7">
				<WBPolicyIssueCd>N</WBPolicyIssueCd>
				<WBPolicyIssueOverrideInd>1</WBPolicyIssueOverrideInd>
			</WBPolicyIssue>
		</PolicyExt>
		<QuoteNumber>A548749</QuoteNumber>
		<CancelNonRenewInfo id="CB2E85371A2314AD287796F29AB6CDE14">
			<RequestorCd>I</RequestorCd>
			<CancelNonRenewInfoExt />
		</CancelNonRenewInfo>
	</Policy>
</PolicyRs>