﻿<PolicyRs xmlns="http://www.acord.org/schema/PC/xml/2">
  <BusinessPurposeTypeCd>XLC</BusinessPurposeTypeCd>
  <TransactionEffectiveDt>2020-04-30T00:00:00.000</TransactionEffectiveDt>
  <SourceSystem id="SA8E9EFB0D3674A3FB3ED9684DE1A86FC">
    <SourceSystemCd>WB</SourceSystemCd>
    <SourceSystemQualifierCd>LR</SourceSystemQualifierCd>
  </SourceSystem>
  <TransactionSeqNumber>6</TransactionSeqNumber>
  <Policy id="PAD82A2B8C86F4753B6E6D4C0F3F0F8E2">
    <PolicyNumber>B132390</PolicyNumber>
    <PolicyVersion>00</PolicyVersion>
    <CompanyProductCd>801</CompanyProductCd>
    <BroadLOBCd>1</BroadLOBCd>
    <NAICCd>15350</NAICCd>
    <ControllingStateProvCd>AZ</ControllingStateProvCd>
    <ContractTerm id="C34D3AE2073AC40C48CE95F00C2AB9851">
      <EffectiveDt>2020-04-15</EffectiveDt>
      <ExpirationDt>2021-04-15</ExpirationDt>
    </ContractTerm>
    <CustomerServicingCd>AGY</CustomerServicingCd>
    <GroupId>MY</GroupId>
    <Form id="F01B2C671FAF44072AA7CF947EC51F6EB">
      <FormNumber>WB623</FormNumber>
      <FormName>Notice of Proposed Changes to Articles of Incorporation</FormName>
      <EditionDt>2019-12-01</EditionDt>
      <EffectiveDt>2020-04-15</EffectiveDt>
      <Order />
    </Form>
    <NumLosses>0</NumLosses>
    <PaymentOption id="P43C18C7913654C1DB713CCAFB22D9529">
      <PaymentOptionExt id="PC62B50328F224F068BA0580B8112A90C">
        <WBDepositInfo id="W3EC00C70BEEF4CD99F5EA5587271EE3E">
          <DepositAmt id="D0892B518D76E434EB4BE06CF5696AE53">
            <Amt>1000.00</Amt>
          </DepositAmt>
        </WBDepositInfo>
        <WBDepositInd>1</WBDepositInd>
      </PaymentOptionExt>
    </PaymentOption>
    <QuoteInfo id="QE05CE1FC255C4CB2AEEDE4A437EF5E9F">
      <InitialQuoteRequestDt>2020-04-15</InitialQuoteRequestDt>
    </QuoteInfo>
    <CreditScoreInfo id="CB3D08C7A558F4301BF9F9B2A7FB3868C">
      <CreditScore>713</CreditScore>
      <CreditScoreDt>2020-04-15</CreditScoreDt>
      <CSPolicyTypeCd>Auto</CSPolicyTypeCd>
      <CreditScoreInfoExt id="C8A0040179E0F4DF4A8DDEA129C458E85">
        <WBInsuranceScore id="W1A1C357CFD244C2E91BE55C449D775D9">
          <WBRatingScore>713</WBRatingScore>
          <WBRatingScoreOverrideInd>1</WBRatingScoreOverrideInd>
          <WBRatingScoreOverride>713</WBRatingScoreOverride>
          <WBCappedReasonCd>N</WBCappedReasonCd>
          <WBRemark id="WA3B2DC80DA5E4F9D863FCA1FFA93E20C">
            <WBMessage>transaction 2</WBMessage>
            <WBMessageDt>2020-04-15T12:43:29.364</WBMessageDt>
            <WBUserId>Sarah Riehle</WBUserId>
          </WBRemark>
        </WBInsuranceScore>
      </CreditScoreInfoExt>
    </CreditScoreInfo>
    <CreditScoreInfo id="CCCB1BC21146647FE99D2902C05256485">
      <CreditScore>998</CreditScore>
      <CreditScoreDt>2020-04-15</CreditScoreDt>
      <CSPolicyTypeCd>Lowest</CSPolicyTypeCd>
      <CreditScoreInfoExt id="C5D027FEE5C2046A0943B769EC0DCE672">
        <WBInsuranceScore id="WEDABB0A9BEA84604808952C13E48A541">
          <WBRatingScore>713</WBRatingScore>
        </WBInsuranceScore>
      </CreditScoreInfoExt>
    </CreditScoreInfo>
    <PolicyStatusCd>Cancelled</PolicyStatusCd>
    <UnderwritingDecisionInfo id="UF2AF82356BD84A2489E18770B83F7834">
      <SystemUnderwritingDecisionDt>2020-04-15</SystemUnderwritingDecisionDt>
      <UnderwritingScoreNumber />
      <UnderwritingDecisionInfoExt id="U3F77DB08A350489E96EF557FABF1DB17" />
    </UnderwritingDecisionInfo>
    <OriginalPolicyInceptionDt>2020-04-15</OriginalPolicyInceptionDt>
    <PaidInFullInd>0</PaidInFullInd>
    <AccidentViolation id="A2927827039614F23A9284248BC7A7D97">
      <ItemIdInfo id="I8FB418516D7343E8985B76FE0C434DBF">
        <InsurerId>6</InsurerId>
      </ItemIdInfo>
      <AccidentViolationDt>2020-04-19</AccidentViolationDt>
      <DamageTotalAmt id="DA3958689728D4D52ADDBB6FD84580C56">
        <Amt>2100</Amt>
      </DamageTotalAmt>
      <ChargeableInd>0</ChargeableInd>
      <AccidentViolationExt id="A4654930E0F214A5896EA102E6434B025">
        <WBCountedForVehiclePointsInd>0</WBCountedForVehiclePointsInd>
        <WBIncidentLossRatingCategory>AR</WBIncidentLossRatingCategory>
        <WBIncidentAge>0</WBIncidentAge>
        <WBIncidentLastThreeYrInd>1</WBIncidentLastThreeYrInd>
        <WBIncidentLastFiveYrInd>0</WBIncidentLastFiveYrInd>
        <WBRecordInfo id="WEDBAF0D6219644FB90EBEA70F5AC8D1A">
          <WBRecordModifyInd>1</WBRecordModifyInd>
          <WBRecordModifyType>M</WBRecordModifyType>
          <WBRecordSource>WB-CLAIMS</WBRecordSource>
          <WBRecordCategory>Loss</WBRecordCategory>
        </WBRecordInfo>
        <WBThirdPartyCLUE id="W6307421370FE4B6597EB0936956E13C8">
          <WBCLUEClaimStatusCd>Open</WBCLUEClaimStatusCd>
          <WBCLUEClaimType>Comprehensive</WBCLUEClaimType>
          <WBCLUEClaimSubType>Hail</WBCLUEClaimSubType>
          <WBCLUELossDesc>Other Than Collision: HAIL STORM - DENTS ON HOOD AND ROOF</WBCLUELossDesc>
          <WBClaimNbr>QA11366</WBClaimNbr>
        </WBThirdPartyCLUE>
        <WBFirstIncidentTypeInd>0</WBFirstIncidentTypeInd>
      </AccidentViolationExt>
    </AccidentViolation>
    <Producer id="P15EB1B34D7BE48A9B8AD8CE453C3D17F">
      <Relationship id="R16580A23D59D40BF83CC48D0EF9D3A05">
        <RelationshipToCd>Agency</RelationshipToCd>
      </Relationship>
      <Name>A &amp; J PETERSBURG AGENCY</Name>
      <Addr id="AD0CDF6287A5945CCAE2254B95A9E6B71">
        <AddrTypeCd>MailingAddress</AddrTypeCd>
        <Addr1>PO BOX 290</Addr1>
        <City>DECORAH</City>
        <StateProvCd>IA</StateProvCd>
        <PostalCode>52101</PostalCode>
        <CountryCd>USA</CountryCd>
        <County>US</County>
      </Addr>
      <Communications id="CB0151F638C0E431AB4225B6B4BFFC275">
        <PhoneTypeCd>HOME</PhoneTypeCd>
        <PhoneNumber>563-382-3627</PhoneNumber>
      </Communications>
      <ContractNumber>14004</ContractNumber>
      <ProducerSubCode />
    </Producer>
    <Producer id="P1C8CDCB1B7464DA784F6D03924389E03">
      <Relationship id="RBBC6A2EA7B054E40B9D21D3674AC84C9">
        <RelationshipToCd>USERIN</RelationshipToCd>
      </Relationship>
      <Name>Sarah Riehle</Name>
      <ProducerSubCode>99999</ProducerSubCode>
    </Producer>
    <Producer id="PD5829C8EFE3740C68E5C47CCAE1C4F64">
      <Relationship id="RF6515DEE345E453CA00C3D01E477129A">
        <RelationshipToCd>PROD</RelationshipToCd>
      </Relationship>
      <Name>PLAgent Tester</Name>
      <ProducerSubCode>20260</ProducerSubCode>
    </Producer>
    <InsuredOrPrincipal id="I1042759A2DC547179D0816048FF2130F">
      <ItemIdInfo id="I2B12C2E0BA544E3CA2FED22D92DDAFC0">
        <InsurerId>1000499111</InsurerId>
      </ItemIdInfo>
      <Relationship id="R089FF8396E134564AECCF579A864A54E" RelationshipToRef="PAD82A2B8C86F4753B6E6D4C0F3F0F8E2">
        <RelationshipToCd>FNI</RelationshipToCd>
      </Relationship>
      <Name>Sheryl Weber</Name>
      <CreditScoreInfo id="C0A6EDD806E1C488097B52B74214D0079">
        <ReferenceNumber>20106171500853</ReferenceNumber>
        <CreditScore>998</CreditScore>
        <CreditScoreDt>2020-04-15</CreditScoreDt>
        <CSPolicyTypeCd>Auto</CSPolicyTypeCd>
        <CreditScoreInfoExt id="CDF43819835964477A08484705B19EFAB">
          <WBThirdPartyReport id="W2C6E5A27951B416892CCF80A8AFBD211">
            <WBReportTypeCd>NCF</WBReportTypeCd>
            <WBReportOrderDt>2020-04-15</WBReportOrderDt>
            <WBReportOrderStatus>No Hit</WBReportOrderStatus>
            <WBReportExpirationDt>2020-07-14</WBReportExpirationDt>
          </WBThirdPartyReport>
          <WBThirdPartyNCF id="WBF19F029A0054D28B464B08574C7DD3A">
            <WBNCFProcessingStatus>Complete Success</WBNCFProcessingStatus>
            <WBCreditScoreReason id="W3B7960C7930B4084BCB0296228B37A29">
              <WBCreditScoreReasonCd>WB1</WBCreditScoreReasonCd>
              <WBCreditScoreReasonDesc>An insurance score could not be generated as no credit file was found.</WBCreditScoreReasonDesc>
            </WBCreditScoreReason>
          </WBThirdPartyNCF>
          <WBRecordInfo id="W155C700AC21D4166ACF3CFE46E4C20D4">
            <WBRecordSource>NCF-CREDIT</WBRecordSource>
          </WBRecordInfo>
        </CreditScoreInfoExt>
      </CreditScoreInfo>
      <CreditScoreInfo id="CAD26499126F04A6684ECC9D39D33216A">
        <CreditScore>0</CreditScore>
        <CreditScoreDt>2020-04-15</CreditScoreDt>
        <CSPolicyTypeCd>Home</CSPolicyTypeCd>
      </CreditScoreInfo>
      <Addr id="AB8D80C45A1674E12826BA0C0FCD7E09F">
        <AddrTypeCd>InsuredsAddress</AddrTypeCd>
        <Addr1>3728 W Glacier Ct</Addr1>
        <City>Anthem</City>
        <StateProvCd>AZ</StateProvCd>
        <PostalCode>85086-8023</PostalCode>
        <CountryCd>USA</CountryCd>
        <Latitude>33.87518</Latitude>
        <Longitude>-112.139474</Longitude>
        <County>Maricopa County</County>
        <AddrExt id="A6980AA6D06534A6CA048AB8A63000CDE">
          <WBAddressStandardization id="W893FF9A0C4CE462A9AC4111905E20BAA">
            <WBAddrStandardizeStreetName>Glacier</WBAddrStandardizeStreetName>
            <WBAddrStandardizeStreetTypeCd>Ct</WBAddrStandardizeStreetTypeCd>
            <WBAddrStandardizeStreetNumber>3728</WBAddrStandardizeStreetNumber>
            <WBConfidence>100</WBConfidence>
            <WBAddrStandardizeLeadingDirectional>W</WBAddrStandardizeLeadingDirectional>
            <WBAddrStandardizeStatus>Accepted</WBAddrStandardizeStatus>
          </WBAddressStandardization>
        </AddrExt>
      </Addr>
      <Addr id="ABC7D0704DFE4474C90F98879795CDCCC">
        <AddrTypeCd>MailingAddress</AddrTypeCd>
        <Addr1>3728 W Glacier Ct</Addr1>
        <City>Anthem</City>
        <StateProvCd>AZ</StateProvCd>
        <PostalCode>85086-8023</PostalCode>
        <CountryCd>USA</CountryCd>
        <Latitude>33.87518</Latitude>
        <Longitude>-112.139474</Longitude>
        <County>Maricopa County</County>
        <AddrExt id="A27F97AEBB5DC45438C8D3CC7CD22C96C">
          <WBAddressStandardization id="W57778FFC6E5B4CD5BBAC04E306AF096B">
            <WBAddrStandardizeStreetName>Glacier</WBAddrStandardizeStreetName>
            <WBAddrStandardizeStreetTypeCd>Ct</WBAddrStandardizeStreetTypeCd>
            <WBAddrStandardizeStreetNumber>3728</WBAddrStandardizeStreetNumber>
            <WBConfidence>100</WBConfidence>
            <WBAddrStandardizeLeadingDirectional>W</WBAddrStandardizeLeadingDirectional>
            <WBAddrStandardizeStatus>Accepted</WBAddrStandardizeStatus>
          </WBAddressStandardization>
        </AddrExt>
        <Addr2 />
      </Addr>
      <Addr id="A16F0896E4DE44BE5A5C57C66667BAEF9">
        <AddrTypeCd>BillingAddress</AddrTypeCd>
      </Addr>
      <Communications id="C05F899F6A7B64AD0BB372E9924E3BD58">
        <CommunicationUseCd>Alternate</CommunicationUseCd>
        <PhoneTypeCd>Cell</PhoneTypeCd>
        <PhoneNumber>8154698563</PhoneNumber>
      </Communications>
      <Surname>Weber</Surname>
      <GivenName>Sheryl</GivenName>
      <GenderCd>F</GenderCd>
      <BirthDt>1983-01-05</BirthDt>
      <MaritalStatusCd>S</MaritalStatusCd>
      <TitlePrefix />
      <NameSuffix />
    </InsuredOrPrincipal>
    <InsuredOrPrincipal id="IF6777A53810D49589D839E125414A1C3">
      <Relationship id="R45C5369CBA664A81A1C3A3CCFE0AAFB8" RelationshipToRef="PAD82A2B8C86F4753B6E6D4C0F3F0F8E2">
        <RelationshipToCd>CN</RelationshipToCd>
      </Relationship>
      <Relationship id="R7F9C7520362B43799B342DE93600BCB4" RelationshipToRef="I1042759A2DC547179D0816048FF2130F">
        <RelationshipToCd>NR</RelationshipToCd>
      </Relationship>
      <Name>Jerry Johnson</Name>
      <CreditScoreInfo id="CFE833A591D314E72AE1CCB9A8B91BA17">
        <ReferenceNumber>20106171100850</ReferenceNumber>
        <CreditScore>998</CreditScore>
        <CreditScoreDt>2020-04-15</CreditScoreDt>
        <CSPolicyTypeCd>Auto</CSPolicyTypeCd>
        <CreditScoreInfoExt id="C988A4DE5B0DA4352BE7108632330EFF6">
          <WBThirdPartyReport id="W09616E656AAD442894DE2A9F9C85F635">
            <WBReportTypeCd>NCF</WBReportTypeCd>
            <WBReportOrderDt>2020-04-15</WBReportOrderDt>
            <WBReportOrderStatus>No Hit</WBReportOrderStatus>
            <WBReportExpirationDt>2020-07-14</WBReportExpirationDt>
          </WBThirdPartyReport>
          <WBThirdPartyNCF id="WBD257E929317474AAAAF94705C05F702">
            <WBNCFProcessingStatus>Complete Success</WBNCFProcessingStatus>
            <WBCreditScoreReason id="WE680DDE204BE417A806B33D1158CEB70">
              <WBCreditScoreReasonCd>WB1</WBCreditScoreReasonCd>
              <WBCreditScoreReasonDesc>An insurance score could not be generated as no credit file was found.</WBCreditScoreReasonDesc>
            </WBCreditScoreReason>
          </WBThirdPartyNCF>
          <WBRecordInfo id="W7C268DD2750C46F59CCBABF9E61FEC99">
            <WBRecordSource>NCF-CREDIT</WBRecordSource>
          </WBRecordInfo>
        </CreditScoreInfoExt>
      </CreditScoreInfo>
      <CreditScoreInfo id="CB69AFF5311954322B56296DF44677FF6">
        <CreditScore>0</CreditScore>
        <CreditScoreDt>2020-04-15</CreditScoreDt>
        <CSPolicyTypeCd>Home</CSPolicyTypeCd>
      </CreditScoreInfo>
      <Surname>Johnson</Surname>
      <GivenName>Jerry</GivenName>
      <GenderCd>M</GenderCd>
      <BirthDt>1983-10-05</BirthDt>
      <MaritalStatusCd>S</MaritalStatusCd>
      <TitlePrefix />
      <NameSuffix />
    </InsuredOrPrincipal>
    <PersAutoLineBusiness id="P5E7A9F0F4D4347249301D16C48F5DC9C">
      <CompanyProductCd>850</CompanyProductCd>
      <Driver id="D8E640450CE8D409CA8717D26FA28732C">
        <ItemIdInfo id="IEE5C3E64C8844BABAF3D9A46CA645DB4">
          <InsurerId>1</InsurerId>
        </ItemIdInfo>
        <Relationship id="RBD7D3B6CB15F4D5EBCDB4CE354C00A41" RelationshipToRef="I1042759A2DC547179D0816048FF2130F">
          <RelationshipToCd>IN</RelationshipToCd>
        </Relationship>
        <License id="L242ABE29D7514A00A77435CC1510C62C">
          <LicenseTypeCd>Driver</LicenseTypeCd>
          <LicenseStatusCd>VALID</LicenseStatusCd>
          <LicensePermitNumber>WZPBNI1632</LicensePermitNumber>
          <StateProvCd>AZ</StateProvCd>
        </License>
        <Addr id="AAEFDF785989145928C003D06F9C81933">
          <AddrTypeCd>MailingAddress</AddrTypeCd>
          <Addr1>3728 W Glacier Ct</Addr1>
          <City>Anthem</City>
          <StateProvCd>AZ</StateProvCd>
          <PostalCode>85086-8023</PostalCode>
          <CountryCd>USA</CountryCd>
          <Latitude>33.87518</Latitude>
          <Longitude>-112.139474</Longitude>
          <County>Maricopa County</County>
          <AddrExt id="AA502528584484FDB9DDACD9A11BB7147">
            <WBAddressStandardization id="W457CFA1AFA864801BC117BCDE60F5F35">
              <WBAddrStandardizeStreetName>Glacier</WBAddrStandardizeStreetName>
              <WBAddrStandardizeStreetTypeCd>Ct</WBAddrStandardizeStreetTypeCd>
              <WBAddrStandardizeStreetNumber>3728</WBAddrStandardizeStreetNumber>
              <WBConfidence>100</WBConfidence>
              <WBAddrStandardizeLeadingDirectional>W</WBAddrStandardizeLeadingDirectional>
              <WBAddrStandardizeStatus>Accepted</WBAddrStandardizeStatus>
            </WBAddressStandardization>
          </AddrExt>
        </Addr>
        <Addr id="A9C25ADA2FD734D1A98F10D02D8617E93">
          <AddrTypeCd>InsuredsAddress</AddrTypeCd>
          <Addr1>3728 W Glacier Ct</Addr1>
          <City>Anthem</City>
          <StateProvCd>AZ</StateProvCd>
          <PostalCode>85086-8023</PostalCode>
          <CountryCd>USA</CountryCd>
          <Latitude>33.87518</Latitude>
          <Longitude>-112.139474</Longitude>
          <County>Maricopa County</County>
          <AddrExt id="A355CC6883C97412FBB0FBA699A7EA106">
            <WBAddressStandardization id="W3C9B96651CE04C4FA1BD71D41AF6EF24">
              <WBAddrStandardizeStreetName>Glacier</WBAddrStandardizeStreetName>
              <WBAddrStandardizeStreetTypeCd>Ct</WBAddrStandardizeStreetTypeCd>
              <WBAddrStandardizeStreetNumber>3728</WBAddrStandardizeStreetNumber>
              <WBConfidence>100</WBConfidence>
              <WBAddrStandardizeLeadingDirectional>W</WBAddrStandardizeLeadingDirectional>
              <WBAddrStandardizeStatus>Accepted</WBAddrStandardizeStatus>
            </WBAddressStandardization>
          </AddrExt>
        </Addr>
        <Surname>Weber</Surname>
        <GivenName>Sheryl</GivenName>
        <GenderCd>F</GenderCd>
        <BirthDt>1983-01-05</BirthDt>
        <MaritalStatusCd>S</MaritalStatusCd>
        <OccupationClassCd>NP</OccupationClassCd>
        <QuestionAnswer id="Q9A9A52FBBD1F4E039EF636D3360B2AD7">
          <QuestionCd>DRV05</QuestionCd>
          <YesNoCd>YES</YesNoCd>
          <QuestionText>isIndiviualLicensed</QuestionText>
        </QuestionAnswer>
        <QuestionAnswer id="Q3D51B4D69BAA40459FDB51B219FAAB40">
          <QuestionCd>DRV04</QuestionCd>
          <YesNoCd>YES</YesNoCd>
          <QuestionText>licensedLastFive</QuestionText>
        </QuestionAnswer>
        <QuestionAnswer id="Q4210B4DFA94B43088E62995001E86DD9">
          <QuestionCd>DRV06</QuestionCd>
          <YesNoCd>NO</YesNoCd>
          <QuestionAnswerExt id="QB21F2E228FFD4E5A8FA486823F6282F1">
            <WBOverrideInfo id="W4272B9BC36E94A58B40F581FDDE7CE25">
              <WBOverrideType>UWQ</WBOverrideType>
              <WBOverrideCategory>PriorCarrier</WBOverrideCategory>
              <WBOverrideCd>MultPriorCarrier</WBOverrideCd>
              <WBOverrideValue>NO</WBOverrideValue>
            </WBOverrideInfo>
          </QuestionAnswerExt>
        </QuestionAnswer>
        <ContinuousInsuranceCd>ContinuousLessThan6Months</ContinuousInsuranceCd>
        <DriverExt id="DB25DE030C24D4096B8BADF394AB274EB">
          <YouthfulInd>0</YouthfulInd>
          <WBIsMinor>0</WBIsMinor>
          <WBThirdPartyReport id="W20C638ACE5DE4E19AC2FA65319582E09">
            <WBReportTypeCd>MVR</WBReportTypeCd>
            <WBReportOrderDt>2020-04-15</WBReportOrderDt>
            <WBReportOrderStatus>Error</WBReportOrderStatus>
          </WBThirdPartyReport>
          <WBRiskTerm id="WCE56169B72EC4194B2A79D4582C68AB0">
            <WBRiskEffectiveDt>2020-04-15</WBRiskEffectiveDt>
            <WBRiskExpirationDt>2021-04-15</WBRiskExpirationDt>
          </WBRiskTerm>
          <WBDriverAge>37</WBDriverAge>
          <WBDriverIncidentEligiblePoints>0</WBDriverIncidentEligiblePoints>
          <WBInexperiencedOperatorInd>0</WBInexperiencedOperatorInd>
          <WBAdvantageDriverInd>0</WBAdvantageDriverInd>
          <WBInsLapseInfo id="WAEDA10F13164445F9FC465711037495F">
            <WBInsLapseReasonCd>Other</WBInsLapseReasonCd>
            <WBInsLapseReasonDesc>Other</WBInsLapseReasonDesc>
          </WBInsLapseInfo>
          <WBCleanRecordThreeYrInd>1</WBCleanRecordThreeYrInd>
          <WBCleanRecordFiveYrInd>1</WBCleanRecordFiveYrInd>
          <WBDriverIncidentScore>-5</WBDriverIncidentScore>
        </DriverExt>
      </Driver>
      <Driver id="D9FA4E7179DD1459AB16FEC48CEA5A28C">
        <ItemIdInfo id="IF23794F6FA11448CA30FC9CB6BD6701A">
          <InsurerId>2</InsurerId>
        </ItemIdInfo>
        <Relationship id="R37D7164D37E942D5BF7D8D4F05E310E2" RelationshipToRef="IF6777A53810D49589D839E125414A1C3">
          <RelationshipToCd>IN</RelationshipToCd>
        </Relationship>
        <License id="LDA8059083A2C4296BDBDDA633C967775">
          <LicenseTypeCd>Driver</LicenseTypeCd>
          <LicenseStatusCd>VALID</LicenseStatusCd>
          <LicensePermitNumber>VKX645623</LicensePermitNumber>
          <StateProvCd>AZ</StateProvCd>
        </License>
        <Addr id="A3F0C0C9259094226818EAD6F5A77C461">
          <AddrTypeCd>InsuredsAddress</AddrTypeCd>
          <Addr1>3728 W Glacier Ct</Addr1>
          <City>Anthem</City>
          <StateProvCd>AZ</StateProvCd>
          <PostalCode>85086-8023</PostalCode>
          <CountryCd>USA</CountryCd>
          <Latitude>33.87518</Latitude>
          <Longitude>-112.139474</Longitude>
          <County>Maricopa County</County>
          <AddrExt id="A9F49247FCD7E4C4D8D02755E9147B92B">
            <WBAddressStandardization id="W42A3096E8A7346B68CF9F6AC156C9B78">
              <WBAddrStandardizeStreetName>Glacier</WBAddrStandardizeStreetName>
              <WBAddrStandardizeStreetTypeCd>Ct</WBAddrStandardizeStreetTypeCd>
              <WBAddrStandardizeStreetNumber>3728</WBAddrStandardizeStreetNumber>
              <WBConfidence>100</WBConfidence>
              <WBAddrStandardizeLeadingDirectional>W</WBAddrStandardizeLeadingDirectional>
              <WBAddrStandardizeStatus>Accepted</WBAddrStandardizeStatus>
            </WBAddressStandardization>
          </AddrExt>
        </Addr>
        <Surname>Johnson</Surname>
        <GivenName>Jerry</GivenName>
        <GenderCd>M</GenderCd>
        <BirthDt>1983-10-05</BirthDt>
        <MaritalStatusCd>S</MaritalStatusCd>
        <OccupationClassCd>SUP</OccupationClassCd>
        <QuestionAnswer id="Q4FEAA77A588C43BB99728A2F97118009">
          <QuestionCd>DRV04</QuestionCd>
          <YesNoCd>YES</YesNoCd>
          <QuestionText>licensedLastFive</QuestionText>
        </QuestionAnswer>
        <QuestionAnswer id="Q112F3709DD8644949C7AF093CF9B06C8">
          <QuestionCd>DRV05</QuestionCd>
          <YesNoCd>YES</YesNoCd>
          <QuestionText>isIndiviualLicensed</QuestionText>
        </QuestionAnswer>
        <DriverExt id="D2A6803C890EB48AF89A2CFFEE4D42814">
          <YouthfulInd>0</YouthfulInd>
          <WBIsMinor>0</WBIsMinor>
          <WBThirdPartyReport id="W0873D322EA3543869F496FBB2F2E6BA7">
            <WBReportTypeCd>MVR</WBReportTypeCd>
            <WBReportOrderDt>2020-04-15</WBReportOrderDt>
            <WBReportOrderStatus>No Hit</WBReportOrderStatus>
            <WBReportExpirationDt>2020-07-14</WBReportExpirationDt>
          </WBThirdPartyReport>
          <WBRiskTerm id="WD98C87D80C75456899123238493D0D31">
            <WBRiskEffectiveDt>2020-04-15</WBRiskEffectiveDt>
            <WBRiskExpirationDt>2021-04-15</WBRiskExpirationDt>
          </WBRiskTerm>
          <WBDriverAge>36</WBDriverAge>
          <WBDriverIncidentEligiblePoints>0</WBDriverIncidentEligiblePoints>
          <WBInexperiencedOperatorInd>0</WBInexperiencedOperatorInd>
          <WBAdvantageDriverInd>0</WBAdvantageDriverInd>
          <WBCleanRecordThreeYrInd>1</WBCleanRecordThreeYrInd>
          <WBCleanRecordFiveYrInd>1</WBCleanRecordFiveYrInd>
          <WBDriverIncidentScore>-5</WBDriverIncidentScore>
        </DriverExt>
      </Driver>
      <Driver id="D4726BDA925054084BC6A4B4E0A8FDEEF">
        <ItemIdInfo id="IE9193B2F2ECB45B0B2E0F641EAF15FA2">
          <InsurerId>3</InsurerId>
        </ItemIdInfo>
        <Relationship id="R04E73D3EA5524FC1B423A3AD2DB8DF6B" RelationshipToRef="I1042759A2DC547179D0816048FF2130F">
          <RelationshipToCd>RE</RelationshipToCd>
        </Relationship>
        <License id="L1DBEC149BAD24ABEB3B18BBD6A18496D">
          <LicenseTypeCd>Driver</LicenseTypeCd>
          <LicenseStatusCd>NOLIC</LicenseStatusCd>
        </License>
        <Addr id="AF9972CFDDD694048B780C646ACE6CC52">
          <AddrTypeCd>InsuredsAddress</AddrTypeCd>
          <Addr1>3728 W Glacier Ct</Addr1>
          <City>Anthem</City>
          <StateProvCd>AZ</StateProvCd>
          <PostalCode>85086-8023</PostalCode>
          <CountryCd>USA</CountryCd>
          <Latitude>33.87518</Latitude>
          <Longitude>-112.139474</Longitude>
          <County>Maricopa County</County>
          <AddrExt id="ABC0AC0159563434AA5248F63C6214BB7">
            <WBAddressStandardization id="W7129710C6E3E429F8499DE44CD76F759">
              <WBAddrStandardizeStreetName>Glacier</WBAddrStandardizeStreetName>
              <WBAddrStandardizeStreetTypeCd>Ct</WBAddrStandardizeStreetTypeCd>
              <WBAddrStandardizeStreetNumber>3728</WBAddrStandardizeStreetNumber>
              <WBConfidence>100</WBConfidence>
              <WBAddrStandardizeLeadingDirectional>W</WBAddrStandardizeLeadingDirectional>
              <WBAddrStandardizeStatus>Accepted</WBAddrStandardizeStatus>
            </WBAddressStandardization>
          </AddrExt>
        </Addr>
        <Surname>Weber</Surname>
        <GivenName>Janet</GivenName>
        <GenderCd>F</GenderCd>
        <BirthDt>1930-09-06</BirthDt>
        <MaritalStatusCd>S</MaritalStatusCd>
        <OccupationClassCd>UNEM</OccupationClassCd>
        <QuestionAnswer id="Q0BB745F574A4420D8EEF9A6D0B93F536">
          <QuestionCd>DRV05</QuestionCd>
          <YesNoCd>NO</YesNoCd>
          <Explanation>No Longer Drives</Explanation>
          <QuestionText>isIndiviualLicensed</QuestionText>
        </QuestionAnswer>
        <DriverExt id="DE3769CBAC79746EE9F1CC1ABA0928FC5">
          <YouthfulInd>0</YouthfulInd>
          <WBIsMinor>0</WBIsMinor>
          <WBRiskTerm id="W561B5257E839496E85CAA99476BE3565">
            <WBRiskEffectiveDt>2020-04-15</WBRiskEffectiveDt>
            <WBRiskExpirationDt>2021-04-15</WBRiskExpirationDt>
          </WBRiskTerm>
          <WBDriverAge>89</WBDriverAge>
          <WBDriverIncidentEligiblePoints>0</WBDriverIncidentEligiblePoints>
          <WBInexperiencedOperatorInd>0</WBInexperiencedOperatorInd>
          <WBAdvantageDriverInd>0</WBAdvantageDriverInd>
          <WBCleanRecordThreeYrInd>1</WBCleanRecordThreeYrInd>
          <WBCleanRecordFiveYrInd>0</WBCleanRecordFiveYrInd>
          <WBDriverIncidentScore>0</WBDriverIncidentScore>
        </DriverExt>
      </Driver>
      <Vehicle id="VF09371A5A5134F0194BC224215CFA738">
        <ItemIdInfo id="I7DAFF43BBB434E239A71593824927D95">
          <InsurerId>4</InsurerId>
        </ItemIdInfo>
        <Manufacturer>INFINITI</Manufacturer>
        <ManufacturerCd>INFI</ManufacturerCd>
        <Model>Q50 RED SPORT 400 AWD</Model>
        <ModelCd>Q50</ModelCd>
        <ModelYear>2019</ModelYear>
        <VehBodyTypeCd>PP</VehBodyTypeCd>
        <Registration id="RE6AD490F82F34240A26A7C91A2C169F0">
          <StateProvCd>AZ</StateProvCd>
        </Registration>
        <Horsepower id="HBF325379CD90477AB07A8E814400738C">
          <NumUnits>3.0</NumUnits>
        </Horsepower>
        <VehIdentificationNumber>JN1FV7AR9K8523695</VehIdentificationNumber>
        <GrossVehWeight id="G00BC24AB10554FF3A056E9D9D65D66A1">
          <NumUnits>9999</NumUnits>
        </GrossVehWeight>
        <VehPerformanceCd>H</VehPerformanceCd>
        <BIPDSymbolCd>290</BIPDSymbolCd>
        <MedPayPIPLiabilitySymbolCd>505</MedPayPIPLiabilitySymbolCd>
        <Addr id="AEB21E9B5A6EC4AD291F74FE8057688C0">
          <AddrTypeCd>GaragingAddress</AddrTypeCd>
          <Addr1>3728 W Glacier Ct</Addr1>
          <City>Anthem</City>
          <StateProvCd>AZ</StateProvCd>
          <PostalCode>85086-8023</PostalCode>
          <CountryCd>USA</CountryCd>
          <Latitude>33.87518</Latitude>
          <Longitude>-112.139474</Longitude>
          <County>Maricopa County</County>
          <Region>22</Region>
          <AddrExt id="AF5288C4E61394771A32F908D05D9614F">
            <WBRatedZipCd>85086</WBRatedZipCd>
            <WBRatedVehicleStateProvCd>AZ</WBRatedVehicleStateProvCd>
            <WBAddressStandardization id="WAC1996D346414AED9E9B2CEA65C74566">
              <WBAddrStandardizeStreetName>Glacier</WBAddrStandardizeStreetName>
              <WBAddrStandardizeStreetTypeCd>Ct</WBAddrStandardizeStreetTypeCd>
              <WBAddrStandardizeStreetNumber>3728</WBAddrStandardizeStreetNumber>
              <WBConfidence>100</WBConfidence>
              <WBAddrStandardizeLeadingDirectional>W</WBAddrStandardizeLeadingDirectional>
              <WBAddrStandardizeStatus>Accepted</WBAddrStandardizeStatus>
            </WBAddressStandardization>
          </AddrExt>
        </Addr>
        <Coverage id="COMPOTC4">
          <CoverageCd>COMP</CoverageCd>
          <Deductible id="D1B9796AC64794CC39B1A2A247C017006">
            <FormatCurrencyAmt id="FC6EFF8AB4F2B4779ADD07FF212DD9EB8">
              <Amt>1000</Amt>
            </FormatCurrencyAmt>
            <DeductibleAppliesToCd>ACC</DeductibleAppliesToCd>
          </Deductible>
          <Option id="OEA6117D53E624366A930A7D1AA12CE2E">
            <OptionCd>FG</OptionCd>
          </Option>
          <CreditOrSurcharge id="CEF66663663A045F4B9A13F18D881B3E1">
            <CreditSurchargeCd>LFREE</CreditSurchargeCd>
            <NumericValue id="NA8535EBC72254009A56656E0D097C499" />
            <SecondaryCd>CFAEST</SecondaryCd>
            <WBRatingAppliedInd>0</WBRatingAppliedInd>
          </CreditOrSurcharge>
          <EffectiveDt>2020-04-15</EffectiveDt>
          <ExpirationDt>2021-04-15</ExpirationDt>
          <ProRateFactor>0.9589</ProRateFactor>
          <CoverageSupplement id="C8ADC640C85C9499091FA5FBF20DBBA05">
            <CoverageSubCd>OTC</CoverageSubCd>
          </CoverageSupplement>
          <CoverageExt id="C242928A83546417C89A7926F3FA3BFDB">
            <WBOnsetOffsetPremiumInfo id="WBB9A1DF5BCCA416BAE4DBEAEA5DF9F77">
              <WBCurrentTermOnsetAmt id="WE8388CA972B7481A91E57BE383683234">
                <Amt>0</Amt>
              </WBCurrentTermOnsetAmt>
              <WBCurrentTermOffsetAmt id="W49F5BE88D5C84A898806A047A60B1D7C">
                <Amt>1235</Amt>
              </WBCurrentTermOffsetAmt>
            </WBOnsetOffsetPremiumInfo>
            <WBPremiumInfo id="W740904C43D814105AE06F668C9B32172">
              <WBCurrentTermAmt id="W4D55AD2E4FDC4C2EA571200149B1C43E">
                <Amt>1288</Amt>
              </WBCurrentTermAmt>
              <WBNetChangeAmt id="WA2EFE7206690400CA2A32D06C08B367B">
                <Amt>-1235</Amt>
              </WBNetChangeAmt>
              <WBWrittenAmt id="W53515DE903674318A5BF0DE81A5C18E9">
                <Amt>83</Amt>
              </WBWrittenAmt>
              <WBPriorCurrentTermAmt id="W3685118209404796AD3182AF79B950D7">
                <Amt>1288</Amt>
              </WBPriorCurrentTermAmt>
              <WBPriorWrittenAmt id="W723F2503FB5E45A3A5B70109FD9BC6C6">
                <Amt>1318</Amt>
              </WBPriorWrittenAmt>
              <WBCancelAmt id="W1908E37E1D034F79BA8446DC0A0720BC">
                <Amt>0</Amt>
              </WBCancelAmt>
            </WBPremiumInfo>
          </CoverageExt>
          <CoverageTypeCd />
        </Coverage>
        <Coverage id="COLLCOLL4">
          <CoverageCd>COLL</CoverageCd>
          <Deductible id="DD6359E7824464BB4A079C591F3ADB171">
            <FormatCurrencyAmt id="F0F8F9ECEA12F4AD197388DAC6004C8E3">
              <Amt>1000</Amt>
            </FormatCurrencyAmt>
            <DeductibleAppliesToCd>ACC</DeductibleAppliesToCd>
          </Deductible>
          <CreditOrSurcharge id="C7C39F2240F0A428CB3E602B0D61B7492">
            <CreditSurchargeCd>LFREE</CreditSurchargeCd>
            <NumericValue id="N36DB99798A1E45379B689D003D9351B6" />
            <SecondaryCd>CFAEST</SecondaryCd>
            <WBRatingAppliedInd>0</WBRatingAppliedInd>
          </CreditOrSurcharge>
          <EffectiveDt>2020-04-15</EffectiveDt>
          <ExpirationDt>2020-04-29</ExpirationDt>
          <ProRateFactor>0.9589</ProRateFactor>
          <CoverageSupplement id="CCE9AFA2B4BD447CCB585CF107980D5FD">
            <CoverageSubCd>COLL</CoverageSubCd>
          </CoverageSupplement>
          <CoverageExt id="CE97A88A346B64115BBD8DA841AA5E5D7">
            <WBManualPremiumOverride id="W9F36547BF999467DB3771C4D7EEAA2CE">
              <WBManualPremiumOverrideAmt id="W439E8E814258478A8AA645B33A0BCE59">
                <Amt>1200</Amt>
              </WBManualPremiumOverrideAmt>
            </WBManualPremiumOverride>
            <WBOnsetOffsetPremiumInfo id="W6740CE103CBB40B1902B9BD97D948358">
              <WBCurrentTermOnsetAmt id="WE7AC99C42A9C48BF8B4BBCF0F49A84FA">
                <Amt>0</Amt>
              </WBCurrentTermOnsetAmt>
              <WBCurrentTermOffsetAmt id="W89E8C3F9A2EA430EABDD164CE1ADFD2E">
                <Amt>0</Amt>
              </WBCurrentTermOffsetAmt>
            </WBOnsetOffsetPremiumInfo>
            <WBPremiumInfo id="W44D62F3879BC471F85E1FECF09077A9F">
              <WBCurrentTermAmt id="W96528486401A4FEBB7E9C4E8FF892910">
                <Amt>0</Amt>
              </WBCurrentTermAmt>
              <WBNetChangeAmt id="W17CE32A5C4574C42B560139FF92791CF">
                <Amt>0</Amt>
              </WBNetChangeAmt>
              <WBWrittenAmt id="W6131882983CF4CCA88201C2A6DB13E53">
                <Amt>79</Amt>
              </WBWrittenAmt>
              <WBPriorCurrentTermAmt id="WE7236E2B11EA42C99CC787A8411BADC7">
                <Amt>0</Amt>
              </WBPriorCurrentTermAmt>
              <WBPriorWrittenAmt id="W3F0C2697145D4FE7B8A25AF111AD9871">
                <Amt>79</Amt>
              </WBPriorWrittenAmt>
              <WBCancelAmt id="WA036B4567D7A4B1FB489B6940625080C">
                <Amt>0</Amt>
              </WBCancelAmt>
            </WBPremiumInfo>
          </CoverageExt>
          <CoverageTypeCd />
        </Coverage>
        <Coverage id="BIBI4">
          <CoverageCd>BI</CoverageCd>
          <Limit id="LD3E2440860D240D98725363255398F81">
            <FormatCurrencyAmt id="F18D17F47CE69434E84E0760FE7DF138E">
              <Amt>500000</Amt>
            </FormatCurrencyAmt>
            <LimitAppliesToCd>BIEachPers</LimitAppliesToCd>
          </Limit>
          <Limit id="LAA20365902344B3C9540D93ECC627B47">
            <FormatCurrencyAmt id="F4509843CFC2D4EF0B37B2E30C20D6FC9">
              <Amt>500000</Amt>
            </FormatCurrencyAmt>
            <LimitAppliesToCd>PerAcc</LimitAppliesToCd>
          </Limit>
          <CreditOrSurcharge id="C23A33F93DD2945EA8B2F1232B6864B7F">
            <CreditSurchargeCd>LFREE</CreditSurchargeCd>
            <NumericValue id="N3D297FBA0648471AA07F0E181BB2E594" />
            <SecondaryCd>CFAEST</SecondaryCd>
            <WBRatingAppliedInd>0</WBRatingAppliedInd>
          </CreditOrSurcharge>
          <EffectiveDt>2020-04-15</EffectiveDt>
          <ExpirationDt>2020-04-29</ExpirationDt>
          <ProRateFactor>0.9589</ProRateFactor>
          <CoverageSupplement id="C179C64D083BF4100A7981AAACE1918E4">
            <CoverageSubCd>BI</CoverageSubCd>
          </CoverageSupplement>
          <CoverageExt id="C8E6CA2D713F54DCBA79D36E47220FD7E">
            <WBManualPremiumOverride id="WE5048A8658154AA28EAE8B9534299F00">
              <WBManualPremiumOverrideAmt id="W0D4C11B3F6CD4A7A9C0F3099440C8AA8">
                <Amt>300</Amt>
              </WBManualPremiumOverrideAmt>
            </WBManualPremiumOverride>
            <WBOnsetOffsetPremiumInfo id="W1A04096836454DF9B0665D662C38F746">
              <WBCurrentTermOnsetAmt id="W6509E82011FC4139B5D97E3EC8EDF8BF">
                <Amt>0</Amt>
              </WBCurrentTermOnsetAmt>
              <WBCurrentTermOffsetAmt id="W1A9400ABEFDC404A9B1B7656CECA9ADD">
                <Amt>0</Amt>
              </WBCurrentTermOffsetAmt>
            </WBOnsetOffsetPremiumInfo>
            <WBPremiumInfo id="WE50543F15AB74FC39E5CE0C142FB6B7F">
              <WBCurrentTermAmt id="W5221CCDBC9C948678139E8CC6341338D">
                <Amt>0</Amt>
              </WBCurrentTermAmt>
              <WBNetChangeAmt id="W2166FCE1FA3D41E88BEBAF801A99B47A">
                <Amt>0</Amt>
              </WBNetChangeAmt>
              <WBWrittenAmt id="WE222BB31F9B8439BAD8DEC93B0709B82">
                <Amt>16</Amt>
              </WBWrittenAmt>
              <WBPriorCurrentTermAmt id="W0C3C9FE0D1454725BA5AABDA9089E6AD">
                <Amt>0</Amt>
              </WBPriorCurrentTermAmt>
              <WBPriorWrittenAmt id="W85247CBCDEED4AE6A9CEC96F7214D04D">
                <Amt>16</Amt>
              </WBPriorWrittenAmt>
              <WBCancelAmt id="WD525F7630B5444ADB1912ECF604D3ED9">
                <Amt>0</Amt>
              </WBCancelAmt>
            </WBPremiumInfo>
          </CoverageExt>
          <CoverageTypeCd />
        </Coverage>
        <Coverage id="PDPD4">
          <CoverageCd>PD</CoverageCd>
          <Limit id="L4D9B4C70FC3741B0A8DEA78C4D9F3FA5">
            <FormatCurrencyAmt id="FCDF257B65EB84563A794A74C6FC15707">
              <Amt>50000</Amt>
            </FormatCurrencyAmt>
            <LimitAppliesToCd>PerAcc</LimitAppliesToCd>
          </Limit>
          <CreditOrSurcharge id="C8E0C3B6EF0F34FF6BD41BDEF1270C059">
            <CreditSurchargeCd>LFREE</CreditSurchargeCd>
            <NumericValue id="N6BE854B09AE34DD98C6114320A544B5E" />
            <SecondaryCd>CFAEST</SecondaryCd>
            <WBRatingAppliedInd>0</WBRatingAppliedInd>
          </CreditOrSurcharge>
          <EffectiveDt>2020-04-15</EffectiveDt>
          <ExpirationDt>2020-04-29</ExpirationDt>
          <ProRateFactor>0.9589</ProRateFactor>
          <CoverageSupplement id="C8F672A0879BE4A8EA35055C3B5B08010">
            <CoverageSubCd>PD</CoverageSubCd>
          </CoverageSupplement>
          <CoverageExt id="C09918BA1AF5F4902A18CDE5637FFD6B3">
            <WBManualPremiumOverride id="W13CCE4E73F6149AA9193F84C8DE4B5C6">
              <WBManualPremiumOverrideAmt id="WDB64ED242CE244A4B26011CCFA2E4652">
                <Amt>90</Amt>
              </WBManualPremiumOverrideAmt>
            </WBManualPremiumOverride>
            <WBOnsetOffsetPremiumInfo id="WF66E3F4E78B343BD9F5F52E862182DC0">
              <WBCurrentTermOnsetAmt id="WED06A584DB6F4775B0A7C8AAF3A208B9">
                <Amt>0</Amt>
              </WBCurrentTermOnsetAmt>
              <WBCurrentTermOffsetAmt id="W4719BF5C920C4942BE7DBBCB7AB5EDE1">
                <Amt>0</Amt>
              </WBCurrentTermOffsetAmt>
            </WBOnsetOffsetPremiumInfo>
            <WBPremiumInfo id="WD525EC3C069A45459BCFB59C3ECF9606">
              <WBCurrentTermAmt id="WAB40500111AF4DFBACF0D6CDF3DF8585">
                <Amt>0</Amt>
              </WBCurrentTermAmt>
              <WBNetChangeAmt id="W42FE6B284AE64C9F94BAF91E1BEA9D4E">
                <Amt>0</Amt>
              </WBNetChangeAmt>
              <WBWrittenAmt id="W0ECD3D0582194FB1911332BE8FB977E3">
                <Amt>6</Amt>
              </WBWrittenAmt>
              <WBPriorCurrentTermAmt id="W2B9EB4821C7842E2B1D2334BFE234689">
                <Amt>0</Amt>
              </WBPriorCurrentTermAmt>
              <WBPriorWrittenAmt id="W79AF294A883A435BB7865502BFDD3B0C">
                <Amt>6</Amt>
              </WBPriorWrittenAmt>
              <WBCancelAmt id="W22FECC02FA824AAEB8FDC9BC00CF3398">
                <Amt>0</Amt>
              </WBCancelAmt>
            </WBPremiumInfo>
          </CoverageExt>
          <CoverageTypeCd />
        </Coverage>
        <Coverage id="MEDPMMP4">
          <CoverageCd>MEDPM</CoverageCd>
          <Limit id="L751BFE27DD5A47D2B74D3D02EC80363A">
            <FormatCurrencyAmt id="FB41BA94E25474A7DB8FD7187BED2CD8F">
              <Amt>5000</Amt>
            </FormatCurrencyAmt>
            <LimitAppliesToCd>PerPerson</LimitAppliesToCd>
          </Limit>
          <EffectiveDt>2020-04-15</EffectiveDt>
          <ExpirationDt>2020-04-29</ExpirationDt>
          <ProRateFactor>0.9589</ProRateFactor>
          <CoverageSupplement id="C64B13C90DE764D20B566AEF087D1CBC1">
            <CoverageSubCd>MP</CoverageSubCd>
          </CoverageSupplement>
          <CoverageExt id="C96D17A3AFA984929AB903106DE33F3C7">
            <WBOnsetOffsetPremiumInfo id="W9F5BFBC2965947A1B523BF4CCE0AE472">
              <WBCurrentTermOnsetAmt id="W9C1AF6FF76C94E12B82C077B3800BD60">
                <Amt>0</Amt>
              </WBCurrentTermOnsetAmt>
              <WBCurrentTermOffsetAmt id="W142FABCE381A47D8AADF6074A7DF1F97">
                <Amt>0</Amt>
              </WBCurrentTermOffsetAmt>
            </WBOnsetOffsetPremiumInfo>
            <WBPremiumInfo id="W987EA03141894F3FBAE22D4D41CABC3F">
              <WBCurrentTermAmt id="W72CCD2B08B074B828AECDA7B5CA553AA">
                <Amt>0</Amt>
              </WBCurrentTermAmt>
              <WBNetChangeAmt id="W41A48B6E64794CF294E32E61445A4B06">
                <Amt>0</Amt>
              </WBNetChangeAmt>
              <WBWrittenAmt id="W70199FD4F6BA45168E607919E9BBF7A4">
                <Amt>2</Amt>
              </WBWrittenAmt>
              <WBPriorCurrentTermAmt id="W95BEF51CC5764BF3B621414A3C015F19">
                <Amt>0</Amt>
              </WBPriorCurrentTermAmt>
              <WBPriorWrittenAmt id="W4F50B6B751524DCC8173FD7C15777BD8">
                <Amt>2</Amt>
              </WBPriorWrittenAmt>
              <WBCancelAmt id="WAB9F6B286CB54B0397B8B23880CEC0E6">
                <Amt>0</Amt>
              </WBCancelAmt>
            </WBPremiumInfo>
          </CoverageExt>
          <CoverageTypeCd />
        </Coverage>
        <Coverage id="TRNEXTRNSEXP4">
          <CoverageCd>TRNEX</CoverageCd>
          <Limit id="L0E874C1AD2464E57BEF409AC164E2275">
            <FormatCurrencyAmt id="F02BA75D0E78C44459D12C789A806B40C">
              <Amt>30</Amt>
            </FormatCurrencyAmt>
            <LimitAppliesToCd>PerDay</LimitAppliesToCd>
          </Limit>
          <Limit id="L555156A4F8F44009B83A99A4A25C9535">
            <FormatCurrencyAmt id="F1EE35CAC55374DF58B372077E8EA1C29">
              <Amt>900</Amt>
            </FormatCurrencyAmt>
            <LimitAppliesToCd>EachClaim</LimitAppliesToCd>
          </Limit>
          <EffectiveDt>2020-04-15</EffectiveDt>
          <ExpirationDt>2021-04-15</ExpirationDt>
          <ProRateFactor>0.9589</ProRateFactor>
          <CoverageSupplement id="C7DF234D4F06A40509D2696291BEE6C77">
            <CoverageSubCd>TRNSEXP</CoverageSubCd>
          </CoverageSupplement>
          <CoverageExt id="C59E68F11871A41B8A4F42B7CACF20E57">
            <WBOnsetOffsetPremiumInfo id="WE81B0F0BC8EB4E27B6543E2B353B0EDE">
              <WBCurrentTermOnsetAmt id="WB78A2218CFF5436FB6866074F90BE605">
                <Amt>0</Amt>
              </WBCurrentTermOnsetAmt>
              <WBCurrentTermOffsetAmt id="W78500340101F41AB8C23C500FCD091AC">
                <Amt>0</Amt>
              </WBCurrentTermOffsetAmt>
            </WBOnsetOffsetPremiumInfo>
            <WBPremiumInfo id="WD665C1B269C142048B57EE270B43762F">
              <WBCurrentTermAmt id="WE45DAB6B4BC14B91BA8EC464F50442B2">
                <Amt>0</Amt>
              </WBCurrentTermAmt>
              <WBNetChangeAmt id="W21C964A3A2A3478E90DDA3BF9A045FC8">
                <Amt>0</Amt>
              </WBNetChangeAmt>
              <WBWrittenAmt id="W22F5CB1170BC4F47881CEFCB74C0E04A">
                <Amt>0</Amt>
              </WBWrittenAmt>
              <WBPriorCurrentTermAmt id="W924296C1903A4745B86A9222C48FC447">
                <Amt>0</Amt>
              </WBPriorCurrentTermAmt>
              <WBPriorWrittenAmt id="W92CECC5AD9D647DFAF10AD5CEE44234F">
                <Amt>0</Amt>
              </WBPriorWrittenAmt>
              <WBCancelAmt id="W986D6E4F8D35424888BD8EEF405DFD14">
                <Amt>0</Amt>
              </WBCancelAmt>
            </WBPremiumInfo>
          </CoverageExt>
          <CoverageTypeCd />
        </Coverage>
        <Coverage id="C93AE55CF06A943FC878F2B4D4A84E063">
          <CoverageCd>TPAC</CoverageCd>
          <CoverageTypeCd>Fee</CoverageTypeCd>
          <EffectiveDt>2020-04-15</EffectiveDt>
          <ExpirationDt>2020-04-29</ExpirationDt>
          <ProRateFactor>1</ProRateFactor>
          <CoverageSupplement id="CFE72A39A62BF432B91C6AFA72D52CC4A">
            <CoverageSubCd>AATA</CoverageSubCd>
          </CoverageSupplement>
          <CoverageExt id="C38E9E0D1750B4C03BAAE8B4F5529BF23">
            <WBOnsetOffsetPremiumInfo id="W0F14F83C1C8446359CC66E3F314FF7AA">
              <WBCurrentTermOnsetAmt id="W6E12D61F1BD64B328E649ED102ED16E9">
                <Amt>0</Amt>
              </WBCurrentTermOnsetAmt>
              <WBCurrentTermOffsetAmt id="W420061303ECB430086C8531C67A4AEF5">
                <Amt>0</Amt>
              </WBCurrentTermOffsetAmt>
            </WBOnsetOffsetPremiumInfo>
            <WBPremiumInfo id="WC077FAC43595433C886CED50C933E835">
              <WBCurrentTermAmt id="WC8BE094C63134E3597504139AC6487FB">
                <Amt>0</Amt>
              </WBCurrentTermAmt>
              <WBNetChangeAmt id="WD20687EA02D2476B98F443098741DC82">
                <Amt>0</Amt>
              </WBNetChangeAmt>
              <WBWrittenAmt id="W5552166168A2449AAACCD13803878FE3">
                <Amt>1</Amt>
              </WBWrittenAmt>
              <WBPriorCurrentTermAmt id="WFFD7AC6AE735434195339DA4E7C06E6B">
                <Amt>0</Amt>
              </WBPriorCurrentTermAmt>
              <WBPriorWrittenAmt id="W1DB09BCC60124A5098572A0B618DDE01">
                <Amt>1</Amt>
              </WBPriorWrittenAmt>
              <WBCancelAmt id="W5B2218F3CED44FACBC0521A0CB87967E">
                <Amt>0</Amt>
              </WBCancelAmt>
            </WBPremiumInfo>
          </CoverageExt>
        </Coverage>
        <CreditOrSurcharge id="CFA42D3530EE948F79DA31BF1F9EBCD9D">
          <SecondaryCd>LDM</SecondaryCd>
          <WBRatingAppliedInd>0</WBRatingAppliedInd>
        </CreditOrSurcharge>
        <CreditOrSurcharge id="CFF882CE198A64274851C6EF72B73E439">
          <SecondaryCd>BSM</SecondaryCd>
          <WBRatingAppliedInd>0</WBRatingAppliedInd>
        </CreditOrSurcharge>
        <CreditOrSurcharge id="CFF380279FB7C44029BA6A55219395B85">
          <SecondaryCd>FCAWB</SecondaryCd>
          <WBRatingAppliedInd>0</WBRatingAppliedInd>
        </CreditOrSurcharge>
        <CreditOrSurcharge id="C8B8812DAB3F24427A8BB1F590C7A09C7">
          <SecondaryCd>FCAWOB</SecondaryCd>
          <WBRatingAppliedInd>0</WBRatingAppliedInd>
        </CreditOrSurcharge>
        <CreditOrSurcharge id="C6AF92B2B6E0A4EE1AEBAE3562B4FB20B">
          <SecondaryCd>AHS</SecondaryCd>
          <WBRatingAppliedInd>0</WBRatingAppliedInd>
        </CreditOrSurcharge>
        <CreditOrSurcharge id="C56E6200A64A4467E844DD57628785C78">
          <SecondaryCd>AOM</SecondaryCd>
          <WBRatingAppliedInd>0</WBRatingAppliedInd>
        </CreditOrSurcharge>
        <CreditOrSurcharge id="C40C512F1F52643B59E700D3450DF94F9">
          <SecondaryCd>BWS</SecondaryCd>
          <WBRatingAppliedInd>0</WBRatingAppliedInd>
        </CreditOrSurcharge>
        <CreditOrSurcharge id="C52D9E75039C64374AFF42F6B42444C0F">
          <SecondaryCd>DFSS</SecondaryCd>
          <WBRatingAppliedInd>0</WBRatingAppliedInd>
        </CreditOrSurcharge>
        <CreditOrSurcharge id="C686FC26337864B6D934E2170354FDE19">
          <SecondaryCd>GDSTD</SecondaryCd>
          <WBRatingAppliedInd>0</WBRatingAppliedInd>
        </CreditOrSurcharge>
        <CreditOrSurcharge id="C02CF275DCD6849DEA7D25FF317617421">
          <SecondaryCd>GRSTD</SecondaryCd>
          <WBRatingAppliedInd>0</WBRatingAppliedInd>
        </CreditOrSurcharge>
        <CreditOrSurcharge id="C6238416628C044D8906D1FEB35C547AA">
          <SecondaryCd>RSTD</SecondaryCd>
          <WBRatingAppliedInd>0</WBRatingAppliedInd>
        </CreditOrSurcharge>
        <CreditOrSurcharge id="C6C3538B4FDF144BC9090471CE6AB2625">
          <SecondaryCd>MIL</SecondaryCd>
          <WBRatingAppliedInd>0</WBRatingAppliedInd>
        </CreditOrSurcharge>
        <CreditOrSurcharge id="CFAD8F2CBE92D448BBD0BB2CBD874F30B">
          <SecondaryCd>DED</SecondaryCd>
          <WBRatingAppliedInd>1</WBRatingAppliedInd>
        </CreditOrSurcharge>
        <CreditOrSurcharge id="C07D4BB0FFB20433A8325A0BE76FF8BFE">
          <SecondaryCd>AVS</SecondaryCd>
          <WBRatingAppliedInd>0</WBRatingAppliedInd>
        </CreditOrSurcharge>
        <ComprehensiveOTCSymbolCd>66</ComprehensiveOTCSymbolCd>
        <CollisionSymbolCd>69</CollisionSymbolCd>
        <QuestionAnswer id="Q7FAA5D04D5694B92B20C3D9DDDC8ABB8">
          <QuestionCd>VEH01</QuestionCd>
          <YesNoCd>NO</YesNoCd>
        </QuestionAnswer>
        <QuestionAnswer id="QDC49BA12EA8C4A229C42F55D002BEF26">
          <QuestionCd>VEH09</QuestionCd>
          <YesNoCd>NO</YesNoCd>
        </QuestionAnswer>
        <QuestionAnswer id="QC9176F235D54402183C94FF4E7693862">
          <QuestionCd>VEH02</QuestionCd>
          <YesNoCd>DRV</YesNoCd>
          <Explanation>1</Explanation>
        </QuestionAnswer>
        <VehicleExt id="V23FB1A75A4E449A791F2BD69D71A03D7">
          <ClassCode>5555</ClassCode>
          <WBMileage id="W24EFF536A39B4223ADAFC6033E16E5E8">
            <WBAnnualMileageMAMCd>E</WBAnnualMileageMAMCd>
            <WBRatedDrivingExposure>100</WBRatedDrivingExposure>
            <WBCarFaxModeledAnnualMileage>0</WBCarFaxModeledAnnualMileage>
          </WBMileage>
          <WBISOBodyStyleDesc>4-Door Sedan</WBISOBodyStyleDesc>
          <WBFinancialResponsibilityCnt>0</WBFinancialResponsibilityCnt>
          <WBRiskTerm id="WACCF48FA4E534480B7CEC1B8C250EB5B">
            <WBRiskEffectiveDt>2020-04-15</WBRiskEffectiveDt>
            <WBRiskExpirationDt>2021-04-15</WBRiskExpirationDt>
          </WBRiskTerm>
          <WBSubtotalInfo id="W01C49502A3CD40A5A4084A3EB408330B">
            <WBSubtotalInfoTypeCd>CFA</WBSubtotalInfoTypeCd>
            <WBCurrentTermAmt id="W20B5EDE96E2E4B51BFD5490C9284B40E">
              <Amt>39</Amt>
            </WBCurrentTermAmt>
          </WBSubtotalInfo>
          <WBSubtotalInfo id="W49F838DF74F743D99231AD89C52F097F">
            <WBSubtotalInfoTypeCd>VEH</WBSubtotalInfoTypeCd>
            <WBCurrentTermAmt id="W037038B42F41480EBEF1B1A4A6A30AB2">
              <Amt>1288</Amt>
            </WBCurrentTermAmt>
          </WBSubtotalInfo>
          <WBVehicleAge>1</WBVehicleAge>
          <WBThirdPartyReport id="WA0F47CDECADC4DD9A7B1973A2E2C0314">
            <WBReportTypeCd>VINMASTER</WBReportTypeCd>
            <WBReportOrderStatus>Returned</WBReportOrderStatus>
          </WBThirdPartyReport>
          <WBOnsetOffsetPremiumInfo id="W6462D87346834FFE89BB701482CFD7E2">
            <WBCurrentTermOnsetAmt id="W0B37CDD45978479CA080BDB7D507BCC9" />
            <WBCurrentTermOffsetAmt id="WF3674DD3FB9F4B10AE9E4701D6B63356" />
          </WBOnsetOffsetPremiumInfo>
          <WBPremiumInfo id="WECE6312DCDFA4EF5BDC337D500D384E3">
            <WBCurrentTermAmt id="WA996086552744D6A8BB27C2CC76D1801">
              <Amt>1288</Amt>
            </WBCurrentTermAmt>
            <WBNetChangeAmt id="W30F4ECB416F344568DCF832D41CFDBBE">
              <Amt>-1235</Amt>
            </WBNetChangeAmt>
            <WBWrittenAmt id="WB03763E3730D4465A3A21AD0B20BDD46">
              <Amt>187</Amt>
            </WBWrittenAmt>
            <WBPriorCurrentTermAmt id="WE334E7037B93465190E03DC949178139">
              <Amt>1288</Amt>
            </WBPriorCurrentTermAmt>
            <WBPriorWrittenAmt id="W16A546FC32154088A9B38E495199695E">
              <Amt>1422</Amt>
            </WBPriorWrittenAmt>
            <WBCancelAmt id="W9DB4FA810E7142F3AA8AC1107AB01B8D" />
          </WBPremiumInfo>
          <WBPhysicalDamageOnlyInd>1</WBPhysicalDamageOnlyInd>
          <WBOverrideInfo id="W72D1E6C41CC746608DC4B3D72816DE84">
            <WBOverrideType>T</WBOverrideType>
            <WBOverrideCategory>Symbol</WBOverrideCategory>
            <WBOverrideCd>BIPD</WBOverrideCd>
            <WBOverrideValue>330</WBOverrideValue>
          </WBOverrideInfo>
          <WBCustomEquipInd>0</WBCustomEquipInd>
          <WBVehicleIncidentScore>0</WBVehicleIncidentScore>
          <WBISSClassCode>4092</WBISSClassCode>
          <Form id="F34425EDF75F34D2BB03D051955A160D5">
            <FormNumber>PP0001Q</FormNumber>
            <EditionDt>2019-01-01</EditionDt>
            <FormName>Personal Auto Policy</FormName>
            <EffectiveDt>2020-04-29</EffectiveDt>
            <Order>06</Order>
          </Form>
          <Form id="FBA680A4ACE9F4229801B92BAD8D810AA">
            <FormNumber>DC0009</FormNumber>
            <EditionDt>2019-01-01</EditionDt>
            <FormName>Transportation Expenses</FormName>
            <EffectiveDt>2020-04-29</EffectiveDt>
            <Order>11</Order>
          </Form>
          <Form id="F5275811B0FB24F62B2B825FC9B8F15CB">
            <FormNumber>PP0167Q</FormNumber>
            <EditionDt>2019-06-01</EditionDt>
            <FormName>Amendment of Policy Provisions - AZ</FormName>
            <EffectiveDt>2020-04-29</EffectiveDt>
            <Order>07</Order>
          </Form>
          <Form id="F924C0CDEB799457D9D2AE3EA38F9AE12">
            <FormNumber>PP0267Q</FormNumber>
            <EditionDt>2019-01-01</EditionDt>
            <FormName>Termination Provisions - AZ</FormName>
            <EffectiveDt>2020-04-29</EffectiveDt>
            <Order>09</Order>
          </Form>
          <Form id="F782147B22E6944E7A43E6353B10E8AEE">
            <FormNumber>PP0348Q</FormNumber>
            <EditionDt>2019-01-01</EditionDt>
            <FormName>Full Safety Glass Coverage - AZ</FormName>
            <EffectiveDt>2020-04-29</EffectiveDt>
            <Order>31</Order>
          </Form>
        </VehicleExt>
      </Vehicle>
      <Vehicle id="V16B791EE23404F69BE67E3E2DEB6AD0C">
        <ItemIdInfo id="I99A3D34D6E484E3C8C24BC27D063D3BC">
          <InsurerId>5</InsurerId>
        </ItemIdInfo>
        <Manufacturer>NISSAN</Manufacturer>
        <ManufacturerCd>NSSN</ManufacturerCd>
        <Model>Not Listed</Model>
        <ModelCd>OTHER</ModelCd>
        <ModelYear>2008</ModelYear>
        <VehBodyTypeCd>PP</VehBodyTypeCd>
        <Registration id="R8C6BDEE5455D49F69A4289DBCC61D6F8">
          <StateProvCd>AZ</StateProvCd>
        </Registration>
        <CostNewAmt id="C372F1D9B310B48FB9F66DA5D580E035B">
          <Amt>12000</Amt>
        </CostNewAmt>
        <VehIdentificationNumber>3GLO5839287896521</VehIdentificationNumber>
        <GrossVehWeight id="G84A91C691068485A922814B4286FED77">
          <NumUnits>9999</NumUnits>
        </GrossVehWeight>
        <BIPDSymbolCd>300</BIPDSymbolCd>
        <MedPayPIPLiabilitySymbolCd>500</MedPayPIPLiabilitySymbolCd>
        <Addr id="A1FE3F4275CB44E0DBAC07C893954B6D1">
          <AddrTypeCd>GaragingAddress</AddrTypeCd>
          <Addr1>3728 W Glacier Ct</Addr1>
          <City>Anthem</City>
          <StateProvCd>AZ</StateProvCd>
          <PostalCode>85086-8023</PostalCode>
          <CountryCd>USA</CountryCd>
          <Latitude>33.87518</Latitude>
          <Longitude>-112.139474</Longitude>
          <County>Maricopa County</County>
          <Region>22</Region>
          <AddrExt id="A8035CE357ED14BAE9085E0A87D2CF766">
            <WBRatedZipCd>85086</WBRatedZipCd>
            <WBRatedVehicleStateProvCd>AZ</WBRatedVehicleStateProvCd>
            <WBAddressStandardization id="W8EBFB5E8A2E042A2BC8169FF77DCE774">
              <WBAddrStandardizeStreetName>Glacier</WBAddrStandardizeStreetName>
              <WBAddrStandardizeStreetTypeCd>Ct</WBAddrStandardizeStreetTypeCd>
              <WBAddrStandardizeStreetNumber>3728</WBAddrStandardizeStreetNumber>
              <WBConfidence>100</WBConfidence>
              <WBAddrStandardizeLeadingDirectional>W</WBAddrStandardizeLeadingDirectional>
              <WBAddrStandardizeStatus>Accepted</WBAddrStandardizeStatus>
            </WBAddressStandardization>
          </AddrExt>
        </Addr>
        <Coverage id="BIBI5">
          <CoverageCd>BI</CoverageCd>
          <Limit id="LFC7E2996F8DB4B29902C9FE1C1610FFD">
            <FormatCurrencyAmt id="FD74B2FEE115C4941887AC018881932BC">
              <Amt>500000</Amt>
            </FormatCurrencyAmt>
            <LimitAppliesToCd>BIEachPers</LimitAppliesToCd>
          </Limit>
          <Limit id="LBE82E06BF22842F69E9D984949543FCB">
            <FormatCurrencyAmt id="F6B72CC14070A4FD594F3B8EEB3056E8E">
              <Amt>500000</Amt>
            </FormatCurrencyAmt>
            <LimitAppliesToCd>PerAcc</LimitAppliesToCd>
          </Limit>
          <CreditOrSurcharge id="CF32855F097D944D6B622E3FBF98D76E3">
            <CreditSurchargeCd>LFREE</CreditSurchargeCd>
            <NumericValue id="NDFBD2CADE8CD47E2B3770400AAA7944D" />
            <SecondaryCd>CFAEST</SecondaryCd>
            <WBRatingAppliedInd>0</WBRatingAppliedInd>
          </CreditOrSurcharge>
          <EffectiveDt>2020-04-15</EffectiveDt>
          <ExpirationDt>2020-04-29</ExpirationDt>
          <ProRateFactor>0.9589</ProRateFactor>
          <CoverageSupplement id="C6F76706499E24F4C8FA384CACB97A30E">
            <CoverageSubCd>BI</CoverageSubCd>
          </CoverageSupplement>
          <CoverageExt id="CEEC9F2A7CF9D492E9F776982EF9F0CAF">
            <WBOnsetOffsetPremiumInfo id="WB333C6BC063F48B29542B5B5E8EC5836">
              <WBCurrentTermOnsetAmt id="WD6514F8FF45340478DB5B447D47C505C">
                <Amt>0</Amt>
              </WBCurrentTermOnsetAmt>
              <WBCurrentTermOffsetAmt id="W057A6F2764CD4624BAF842A8AB743BD5">
                <Amt>0</Amt>
              </WBCurrentTermOffsetAmt>
            </WBOnsetOffsetPremiumInfo>
            <WBPremiumInfo id="W6698035D09CF493F8335A68CF55338C3">
              <WBCurrentTermAmt id="W4EE6A65F46534289A518A0028EB0F1A0">
                <Amt>0</Amt>
              </WBCurrentTermAmt>
              <WBNetChangeAmt id="W89FA443A79784D098E16B182C72185C4">
                <Amt>0</Amt>
              </WBNetChangeAmt>
              <WBWrittenAmt id="WA209773F494A4764B9E48E0124A9DAD3">
                <Amt>10</Amt>
              </WBWrittenAmt>
              <WBPriorCurrentTermAmt id="WA1A7F055846E499287E8AE9001613793">
                <Amt>0</Amt>
              </WBPriorCurrentTermAmt>
              <WBPriorWrittenAmt id="WFC82ED3728DD4A9E819FA8B7AF9FC01A">
                <Amt>10</Amt>
              </WBPriorWrittenAmt>
              <WBCancelAmt id="W05DB5C4BCD58467FB3C06A2DE29D6EBB">
                <Amt>0</Amt>
              </WBCancelAmt>
            </WBPremiumInfo>
          </CoverageExt>
          <CoverageTypeCd />
        </Coverage>
        <Coverage id="PDPD5">
          <CoverageCd>PD</CoverageCd>
          <Limit id="L8377B31BDFB44E75958EDB7EF6003FFF">
            <FormatCurrencyAmt id="F39BD834013C2425A81C0645F946C60E7">
              <Amt>50000</Amt>
            </FormatCurrencyAmt>
            <LimitAppliesToCd>PerAcc</LimitAppliesToCd>
          </Limit>
          <CreditOrSurcharge id="CD1EBD915C6B44CB5976DDF7C3FC5CD8B">
            <CreditSurchargeCd>LFREE</CreditSurchargeCd>
            <NumericValue id="N569FFB463DE14250959735AC0A7B7199" />
            <SecondaryCd>CFAEST</SecondaryCd>
            <WBRatingAppliedInd>0</WBRatingAppliedInd>
          </CreditOrSurcharge>
          <EffectiveDt>2020-04-15</EffectiveDt>
          <ExpirationDt>2020-04-29</ExpirationDt>
          <ProRateFactor>0.9589</ProRateFactor>
          <CoverageSupplement id="C823EEE2005964AEEA090AA1432BFC1CD">
            <CoverageSubCd>PD</CoverageSubCd>
          </CoverageSupplement>
          <CoverageExt id="C0A64BD0A854D401190A8A1A4D525A2C8">
            <WBManualPremiumOverride id="WF32788A8C15849AFA8C243F09936270B">
              <WBManualPremiumOverrideAmt id="W580A1CCDA73044718E0B0FD174569969">
                <Amt>300</Amt>
              </WBManualPremiumOverrideAmt>
            </WBManualPremiumOverride>
            <WBOnsetOffsetPremiumInfo id="W07A13F46D4974D458D39F8B1241DC55B">
              <WBCurrentTermOnsetAmt id="WE873BD199B8C4AB1B9E1693079BE6A68">
                <Amt>0</Amt>
              </WBCurrentTermOnsetAmt>
              <WBCurrentTermOffsetAmt id="WC86FA79B307A4530B80F9ED9ED9F7D47">
                <Amt>0</Amt>
              </WBCurrentTermOffsetAmt>
            </WBOnsetOffsetPremiumInfo>
            <WBPremiumInfo id="W71FBFF4E56E0448BBC6E7D0A39A10573">
              <WBCurrentTermAmt id="WE25E3AF9592542EEB0F6BE0C3B645E46">
                <Amt>0</Amt>
              </WBCurrentTermAmt>
              <WBNetChangeAmt id="W2556ED3E27304628AE3E0053DDC147BD">
                <Amt>0</Amt>
              </WBNetChangeAmt>
              <WBWrittenAmt id="WB09C795B7BCE4438B52C71083A486AFA">
                <Amt>10</Amt>
              </WBWrittenAmt>
              <WBPriorCurrentTermAmt id="WBC569886C0304FA39600CFE0E60F253C">
                <Amt>0</Amt>
              </WBPriorCurrentTermAmt>
              <WBPriorWrittenAmt id="WA1CD563369C044DBB64AA43C0A71294D">
                <Amt>10</Amt>
              </WBPriorWrittenAmt>
              <WBCancelAmt id="WE86DB298815641E392B8566D212939FF">
                <Amt>0</Amt>
              </WBCancelAmt>
            </WBPremiumInfo>
          </CoverageExt>
          <CoverageTypeCd />
        </Coverage>
        <Coverage id="MEDPMMP5">
          <CoverageCd>MEDPM</CoverageCd>
          <Limit id="L0C1212433CB94F81A48D942DE6BC3CA7">
            <FormatCurrencyAmt id="FB580584E168846E085020D5E6654849F">
              <Amt>5000</Amt>
            </FormatCurrencyAmt>
            <LimitAppliesToCd>PerPerson</LimitAppliesToCd>
          </Limit>
          <EffectiveDt>2020-04-15</EffectiveDt>
          <ExpirationDt>2020-04-29</ExpirationDt>
          <ProRateFactor>0.9589</ProRateFactor>
          <CoverageSupplement id="C49EE97E1D26A4816AF985CFAC339330A">
            <CoverageSubCd>MP</CoverageSubCd>
          </CoverageSupplement>
          <CoverageExt id="C81801039459540BCA63F0AF55077F801">
            <WBManualPremiumOverride id="WBB6330D349F74EE7AA32BF44E3F13730">
              <WBManualPremiumOverrideAmt id="W98E6BC929F304B05898B84137B64761D">
                <Amt>20</Amt>
              </WBManualPremiumOverrideAmt>
            </WBManualPremiumOverride>
            <WBOnsetOffsetPremiumInfo id="WC3F7747024444AAB8E683D19453EC831">
              <WBCurrentTermOnsetAmt id="W8F90FCE7DFFA41D086F697908CAF2D5E">
                <Amt>0</Amt>
              </WBCurrentTermOnsetAmt>
              <WBCurrentTermOffsetAmt id="WB681348CE4514E5F8F9BED484AEF5893">
                <Amt>0</Amt>
              </WBCurrentTermOffsetAmt>
            </WBOnsetOffsetPremiumInfo>
            <WBPremiumInfo id="WFE19103ABDBB47EBBE7994E18B5E3B29">
              <WBCurrentTermAmt id="W3029AFD4F2A9435EACE3AFADA8850F89">
                <Amt>0</Amt>
              </WBCurrentTermAmt>
              <WBNetChangeAmt id="W08377576FEBE444F9F2A30D92F95701F">
                <Amt>0</Amt>
              </WBNetChangeAmt>
              <WBWrittenAmt id="WCAB365E43B91400F8938AEE011CC52A3">
                <Amt>2</Amt>
              </WBWrittenAmt>
              <WBPriorCurrentTermAmt id="W316BBDA85CFA4E4285BCDA30BDADDB19">
                <Amt>0</Amt>
              </WBPriorCurrentTermAmt>
              <WBPriorWrittenAmt id="W10FB45CFE52642C49228066A7E594175">
                <Amt>2</Amt>
              </WBPriorWrittenAmt>
              <WBCancelAmt id="W63D144EB73BF43F6B4D9C6B4042300C6">
                <Amt>0</Amt>
              </WBCancelAmt>
            </WBPremiumInfo>
          </CoverageExt>
          <CoverageTypeCd />
        </Coverage>
        <Coverage id="C297C3838203B4F688EA66D7E01905249">
          <CoverageCd>TPAC</CoverageCd>
          <CoverageTypeCd>Fee</CoverageTypeCd>
          <EffectiveDt>2020-04-15</EffectiveDt>
          <ExpirationDt>2020-04-29</ExpirationDt>
          <ProRateFactor>1</ProRateFactor>
          <CoverageSupplement id="CFF8361C0CB2D4D1A870178602A1EAA34">
            <CoverageSubCd>AATA</CoverageSubCd>
          </CoverageSupplement>
          <CoverageExt id="C9221DFA66E7B4DFF9C6734DC125E3159">
            <WBOnsetOffsetPremiumInfo id="W6F009057FCE342C5ABBC291663F1D568">
              <WBCurrentTermOnsetAmt id="W607D4B08FEDB4F30B7AC8BD17FA93548">
                <Amt>0</Amt>
              </WBCurrentTermOnsetAmt>
              <WBCurrentTermOffsetAmt id="W63F0958B5F83404AB565500A6456AF45">
                <Amt>0</Amt>
              </WBCurrentTermOffsetAmt>
            </WBOnsetOffsetPremiumInfo>
            <WBPremiumInfo id="W2F668115ACDF4E7EB7E9DEEA903F1AE0">
              <WBCurrentTermAmt id="W8DA99D19F52D43E18A1E6CA6FF9BBECC">
                <Amt>0</Amt>
              </WBCurrentTermAmt>
              <WBNetChangeAmt id="WF4C461829689455697C5F8992A5BF7C3">
                <Amt>0</Amt>
              </WBNetChangeAmt>
              <WBWrittenAmt id="WCFDAE24477BE47258914FBAD120D82CE">
                <Amt>1</Amt>
              </WBWrittenAmt>
              <WBPriorCurrentTermAmt id="WD13E11BA9AE74AEC91D19F5D9E8C3812">
                <Amt>0</Amt>
              </WBPriorCurrentTermAmt>
              <WBPriorWrittenAmt id="W00228FDD91EE4ACA97D869DF763E6C1A">
                <Amt>1</Amt>
              </WBPriorWrittenAmt>
              <WBCancelAmt id="W4A7270D9941F44719B825678BA7C3BF5">
                <Amt>0</Amt>
              </WBCancelAmt>
            </WBPremiumInfo>
          </CoverageExt>
        </Coverage>
        <Coverage id="COMPOTC5">
          <CoverageCd>COMP</CoverageCd>
          <Deductible id="D489B144D000A4C0290CF300558F4D7FE">
            <FormatCurrencyAmt id="FD33BD66ADD5D4322BA720559A628C240">
              <Amt>500</Amt>
            </FormatCurrencyAmt>
            <DeductibleAppliesToCd>ACC</DeductibleAppliesToCd>
          </Deductible>
          <Option id="OF12BB90DC418415BB744531A007686B9">
            <OptionCd>FG</OptionCd>
          </Option>
          <CreditOrSurcharge id="C9E3A0C73DA354E229D4F3756084030D5">
            <CreditSurchargeCd>LFREE</CreditSurchargeCd>
            <NumericValue id="N2444E787DAE44408BC9CDC8A18761BB0" />
            <SecondaryCd>CFAEST</SecondaryCd>
            <WBRatingAppliedInd>0</WBRatingAppliedInd>
          </CreditOrSurcharge>
          <EffectiveDt>2020-04-29</EffectiveDt>
          <ExpirationDt>2021-04-15</ExpirationDt>
          <ProRateFactor>0.9589</ProRateFactor>
          <CoverageSupplement id="C1B658530ED7F49839A29F846F5BAA737">
            <CoverageSubCd>OTC</CoverageSubCd>
          </CoverageSupplement>
          <CoverageExt id="C6F283C7326CE4054B394C86F24AB59F3">
            <WBOnsetOffsetPremiumInfo id="W2FF97A3D64454A4AB480B75521EA2DC7">
              <WBCurrentTermOnsetAmt id="W8EF6A89610A24CB2A6BDAED9CC746E9C">
                <Amt>0</Amt>
              </WBCurrentTermOnsetAmt>
              <WBCurrentTermOffsetAmt id="W9C4E5F9930DE4A07A51000919F5C69F4">
                <Amt>131</Amt>
              </WBCurrentTermOffsetAmt>
            </WBOnsetOffsetPremiumInfo>
            <WBPremiumInfo id="WF8BBCBFE4EAA42A78F30A408E566AB39">
              <WBCurrentTermAmt id="WEF5DEB31591C481AB1C78C2B7F55E273">
                <Amt>137</Amt>
              </WBCurrentTermAmt>
              <WBNetChangeAmt id="WDB2BC227EF1D43FFAB87FFECE2A185B5">
                <Amt>-131</Amt>
              </WBNetChangeAmt>
              <WBWrittenAmt id="WF176760D7A16401E9D9D5D570C25A4EF">
                <Amt>1</Amt>
              </WBWrittenAmt>
              <WBPriorCurrentTermAmt id="WBB5D1C375E054CC1B61ECEC5CBAD9FDE">
                <Amt>137</Amt>
              </WBPriorCurrentTermAmt>
              <WBPriorWrittenAmt id="W332CEC3145E743699FBE201E2EDD046D">
                <Amt>132</Amt>
              </WBPriorWrittenAmt>
              <WBCancelAmt id="WFE9880DD6E404F31A02168F16CC087C4">
                <Amt>0</Amt>
              </WBCancelAmt>
            </WBPremiumInfo>
          </CoverageExt>
          <CoverageTypeCd />
        </Coverage>
        <Coverage id="TRNEXTRNSEXP5">
          <CoverageCd>TRNEX</CoverageCd>
          <Limit id="L2E489C355B3C493CA23703D169DEE221">
            <FormatCurrencyAmt id="FE88DF584027441A98C5521D7D4C3C391">
              <Amt>30</Amt>
            </FormatCurrencyAmt>
            <LimitAppliesToCd>PerDay</LimitAppliesToCd>
          </Limit>
          <Limit id="L1327C3F7622E432BA1DA12A07A017A40">
            <FormatCurrencyAmt id="F87A81D2285284FCCA4BD990FF60705BD">
              <Amt>900</Amt>
            </FormatCurrencyAmt>
            <LimitAppliesToCd>EachClaim</LimitAppliesToCd>
          </Limit>
          <EffectiveDt>2020-04-29</EffectiveDt>
          <ExpirationDt>2021-04-15</ExpirationDt>
          <ProRateFactor>0.9589</ProRateFactor>
          <CoverageSupplement id="C0D4BE668A55347D78DCAD92C0A2B1E94">
            <CoverageSubCd>TRNSEXP</CoverageSubCd>
          </CoverageSupplement>
          <CoverageExt id="C786791C3FE1D4998BF76759C4AA30C71">
            <WBOnsetOffsetPremiumInfo id="W67453EF76A614DE984F1D96D835C56D0">
              <WBCurrentTermOnsetAmt id="W41ADAFBD145C42FEB413E3DC22EFC267">
                <Amt>0</Amt>
              </WBCurrentTermOnsetAmt>
              <WBCurrentTermOffsetAmt id="WB5400D10698148DA95FCF9A39AB6BC3E">
                <Amt>0</Amt>
              </WBCurrentTermOffsetAmt>
            </WBOnsetOffsetPremiumInfo>
            <WBPremiumInfo id="WDB7771115C3A4493BECDC2EBD6A4E782">
              <WBCurrentTermAmt id="W1C65B38288F147B2B3BFCC93CCE2ADBC">
                <Amt>0</Amt>
              </WBCurrentTermAmt>
              <WBNetChangeAmt id="W2DCE17A8E1404D8CA05DFDA954991DA6">
                <Amt>0</Amt>
              </WBNetChangeAmt>
              <WBWrittenAmt id="WB58B529D84964CBE9CFE3A27ED2424B9">
                <Amt>0</Amt>
              </WBWrittenAmt>
              <WBPriorCurrentTermAmt id="WFA32A4AD4BAB406D837527EF4A20DCC3">
                <Amt>0</Amt>
              </WBPriorCurrentTermAmt>
              <WBPriorWrittenAmt id="W436DFA95CB3D4691A1CFFC8DBF4E4468">
                <Amt>0</Amt>
              </WBPriorWrittenAmt>
              <WBCancelAmt id="W936F3AB6988D499DA05D248C95C69590">
                <Amt>0</Amt>
              </WBCancelAmt>
            </WBPremiumInfo>
          </CoverageExt>
          <CoverageTypeCd />
        </Coverage>
        <CreditOrSurcharge id="C43608B41F67B42ECBA903AD7D539308E">
          <SecondaryCd>LDM</SecondaryCd>
          <WBRatingAppliedInd>0</WBRatingAppliedInd>
        </CreditOrSurcharge>
        <CreditOrSurcharge id="C95FA2061D6124FB5807DCB583D5F29E4">
          <SecondaryCd>BSM</SecondaryCd>
          <WBRatingAppliedInd>0</WBRatingAppliedInd>
        </CreditOrSurcharge>
        <CreditOrSurcharge id="C0FC0E0C735424482857A82C612390E63">
          <SecondaryCd>FCAWB</SecondaryCd>
          <WBRatingAppliedInd>0</WBRatingAppliedInd>
        </CreditOrSurcharge>
        <CreditOrSurcharge id="C7963EE4C0E374BD18192F06A6B1534B5">
          <SecondaryCd>FCAWOB</SecondaryCd>
          <WBRatingAppliedInd>0</WBRatingAppliedInd>
        </CreditOrSurcharge>
        <CreditOrSurcharge id="C0B2CFECAEC664F6BBD29D50CA4A9E281">
          <SecondaryCd>AHS</SecondaryCd>
          <WBRatingAppliedInd>0</WBRatingAppliedInd>
        </CreditOrSurcharge>
        <CreditOrSurcharge id="CA3D87AAE326A4448A7ED18A4C55035D0">
          <SecondaryCd>AOM</SecondaryCd>
          <WBRatingAppliedInd>0</WBRatingAppliedInd>
        </CreditOrSurcharge>
        <CreditOrSurcharge id="C9B9D3750ADE44BAD9C01999C24266B4E">
          <SecondaryCd>BWS</SecondaryCd>
          <WBRatingAppliedInd>0</WBRatingAppliedInd>
        </CreditOrSurcharge>
        <CreditOrSurcharge id="CFBDB6DCEE0F442FB8C720D970069A276">
          <SecondaryCd>DFSS</SecondaryCd>
          <WBRatingAppliedInd>0</WBRatingAppliedInd>
        </CreditOrSurcharge>
        <CreditOrSurcharge id="C85B88BB49EF142C8AAC93912FA7C0F25">
          <SecondaryCd>GDSTD</SecondaryCd>
          <WBRatingAppliedInd>0</WBRatingAppliedInd>
        </CreditOrSurcharge>
        <CreditOrSurcharge id="C13F68BEAEAF5483A972FDDF62AA829C5">
          <SecondaryCd>GRSTD</SecondaryCd>
          <WBRatingAppliedInd>0</WBRatingAppliedInd>
        </CreditOrSurcharge>
        <CreditOrSurcharge id="C74F8FC8802D2404EB8EF5B2F5AEE2C27">
          <SecondaryCd>RSTD</SecondaryCd>
          <WBRatingAppliedInd>0</WBRatingAppliedInd>
        </CreditOrSurcharge>
        <CreditOrSurcharge id="CBCE92193BFEA482AA90CB6A3B533D52B">
          <SecondaryCd>MIL</SecondaryCd>
          <WBRatingAppliedInd>0</WBRatingAppliedInd>
        </CreditOrSurcharge>
        <CreditOrSurcharge id="C0B9F49448185422187BA1C1036DB0135">
          <SecondaryCd>DED</SecondaryCd>
          <WBRatingAppliedInd>1</WBRatingAppliedInd>
        </CreditOrSurcharge>
        <CreditOrSurcharge id="C66DCFA6D2ADC447F9EF62B6C9489CE78">
          <SecondaryCd>AVS</SecondaryCd>
          <WBRatingAppliedInd>0</WBRatingAppliedInd>
        </CreditOrSurcharge>
        <ComprehensiveOTCSymbolCd>06</ComprehensiveOTCSymbolCd>
        <CollisionSymbolCd>06</CollisionSymbolCd>
        <QuestionAnswer id="Q3AB09847FED64C4E9D0C6718B28C9AE0">
          <QuestionCd>VEH01</QuestionCd>
          <YesNoCd>NO</YesNoCd>
        </QuestionAnswer>
        <QuestionAnswer id="QFA374DBF0C964ECE8748CF426E6E0CC8">
          <QuestionCd>VEH09</QuestionCd>
          <YesNoCd>NO</YesNoCd>
        </QuestionAnswer>
        <QuestionAnswer id="Q43A70D997F5F4F3CAA009C6B0F22753E">
          <QuestionCd>VEH02</QuestionCd>
          <YesNoCd>DRV</YesNoCd>
          <Explanation>2</Explanation>
        </QuestionAnswer>
        <VehicleExt id="V99D60CB68E5645F79BAEEE561DEC1998">
          <ClassCode>5555</ClassCode>
          <WBMileage id="W836BB0BD720B4425B8E3E24E5922C4A9">
            <WBAnnualMileageMAMCd>E</WBAnnualMileageMAMCd>
            <WBRatedDrivingExposure>100</WBRatedDrivingExposure>
            <WBCarFaxModeledAnnualMileage>0</WBCarFaxModeledAnnualMileage>
          </WBMileage>
          <WBISOBodyStyleDesc>Not Listed</WBISOBodyStyleDesc>
          <WBBodyStyle>Not Listed</WBBodyStyle>
          <WBFinancialResponsibilityCnt>0</WBFinancialResponsibilityCnt>
          <WBRiskTerm id="W2FEF657E35864046904F5DCD84C069B6">
            <WBRiskEffectiveDt>2020-04-15</WBRiskEffectiveDt>
            <WBRiskExpirationDt>2021-04-15</WBRiskExpirationDt>
          </WBRiskTerm>
          <WBSubtotalInfo id="W7C8A68E6D5794DB48D25BCD63E08F99C">
            <WBSubtotalInfoTypeCd>CFA</WBSubtotalInfoTypeCd>
            <WBCurrentTermAmt id="W9C281FF463B84E989A8A93AEB3B2B6A3">
              <Amt>4</Amt>
            </WBCurrentTermAmt>
          </WBSubtotalInfo>
          <WBSubtotalInfo id="W8A0492E580B54F3BB24417DBEA622EB4">
            <WBSubtotalInfoTypeCd>VEH</WBSubtotalInfoTypeCd>
            <WBCurrentTermAmt id="W78C6F9CAF9314352B6AC73F6F33876CF">
              <Amt>137</Amt>
            </WBCurrentTermAmt>
          </WBSubtotalInfo>
          <WBVehicleAge>12</WBVehicleAge>
          <WBOnsetOffsetPremiumInfo id="WEC23CA92B4F649698D8A3881B1E234B7">
            <WBCurrentTermOnsetAmt id="W294052B7126E418DAB1A31232D64DB96" />
            <WBCurrentTermOffsetAmt id="W125DA621896E4DB1995767A4008C5DBD" />
          </WBOnsetOffsetPremiumInfo>
          <WBPremiumInfo id="W231E42C930E34E77BF13EBB2A4322197">
            <WBCurrentTermAmt id="W45B3263FDD314905BE0A93CABD19D90E">
              <Amt>137</Amt>
            </WBCurrentTermAmt>
            <WBNetChangeAmt id="W9E33BC12ABA24DABA2E95DBBDAF2E6DC">
              <Amt>-131</Amt>
            </WBNetChangeAmt>
            <WBWrittenAmt id="WB8422C0F1BF74467A4AF055690133446">
              <Amt>24</Amt>
            </WBWrittenAmt>
            <WBPriorCurrentTermAmt id="W2CA3B612D6E743DC97269344D4B4F99B">
              <Amt>137</Amt>
            </WBPriorCurrentTermAmt>
            <WBPriorWrittenAmt id="W567BC701E34A476498903013BCDBB9D3">
              <Amt>155</Amt>
            </WBPriorWrittenAmt>
            <WBCancelAmt id="W6AD4EA1AB3274C5583AFCCED658DD1CB" />
          </WBPremiumInfo>
          <WBPhysicalDamageOnlyInd>1</WBPhysicalDamageOnlyInd>
          <WBOverrideInfo id="W59506D40B51B462FBEDE024F69CA5FCC">
            <WBOverrideType>T</WBOverrideType>
            <WBOverrideCategory>Symbol</WBOverrideCategory>
            <WBOverrideCd>BIPD</WBOverrideCd>
            <WBOverrideValue>300</WBOverrideValue>
          </WBOverrideInfo>
          <WBOverrideInfo id="W2BC2D18EB33C494BBB8AF0FEC9FA716C">
            <WBOverrideType>T</WBOverrideType>
            <WBOverrideCategory>Symbol</WBOverrideCategory>
            <WBOverrideCd>MedPIP</WBOverrideCd>
            <WBOverrideValue>500</WBOverrideValue>
          </WBOverrideInfo>
          <WBOverrideInfo id="W41BEFF8EC7464790AC749E3A65E8E6ED">
            <WBOverrideType>T</WBOverrideType>
            <WBOverrideCategory>Symbol</WBOverrideCategory>
            <WBOverrideCd>COLL</WBOverrideCd>
            <WBOverrideValue>12</WBOverrideValue>
          </WBOverrideInfo>
          <WBOverrideInfo id="WFE3D41D5CA884751B8FD0C6BECD637B5">
            <WBOverrideType>T</WBOverrideType>
            <WBOverrideCategory>Symbol</WBOverrideCategory>
            <WBOverrideCd>OTC</WBOverrideCd>
            <WBOverrideValue>10</WBOverrideValue>
          </WBOverrideInfo>
          <WBCustomEquipInd>0</WBCustomEquipInd>
          <WBVehicleIncidentScore>0</WBVehicleIncidentScore>
          <WBISSClassCode>4092</WBISSClassCode>
          <Form id="FD8C6A37207EA427587967CB443A1C5CB">
            <FormNumber>PP0001Q</FormNumber>
            <EditionDt>2019-01-01</EditionDt>
            <FormName>Personal Auto Policy</FormName>
            <EffectiveDt>2020-04-29</EffectiveDt>
            <Order>06</Order>
          </Form>
          <Form id="FB2754DDDF4714CE3B751F5D05B0A67B3">
            <FormNumber>DC0009</FormNumber>
            <EditionDt>2019-01-01</EditionDt>
            <FormName>Transportation Expenses</FormName>
            <EffectiveDt>2020-04-29</EffectiveDt>
            <Order>11</Order>
          </Form>
          <Form id="F7D954C0C098545F88449D2A5610D2E9B">
            <FormNumber>PP0167Q</FormNumber>
            <EditionDt>2019-06-01</EditionDt>
            <FormName>Amendment of Policy Provisions - AZ</FormName>
            <EffectiveDt>2020-04-29</EffectiveDt>
            <Order>07</Order>
          </Form>
          <Form id="F5D4911ABA73A4FD290EDD4BE7052815D">
            <FormNumber>PP0267Q</FormNumber>
            <EditionDt>2019-01-01</EditionDt>
            <FormName>Termination Provisions - AZ</FormName>
            <EffectiveDt>2020-04-29</EffectiveDt>
            <Order>09</Order>
          </Form>
        </VehicleExt>
      </Vehicle>
      <QuestionAnswer id="QF283E058942E48849B471BC28EDE6A11">
        <QuestionCd>AUTOP03</QuestionCd>
        <YesNoCd>YES</YesNoCd>
        <Explanation>co app has co vehicle</Explanation>
      </QuestionAnswer>
      <QuestionAnswer id="QC76439E79FBD4F62B57079B9C0D9B3E4">
        <QuestionCd>VEH03</QuestionCd>
        <YesNoCd>NO</YesNoCd>
      </QuestionAnswer>
      <QuestionAnswer id="Q067CBFE1B6BC46A4889EF20D2C808DC8">
        <QuestionCd>VEH04</QuestionCd>
        <YesNoCd>NO</YesNoCd>
      </QuestionAnswer>
      <PersAutoLineBusinessExt id="P3D68EB4E176349348B1987117AF47B36">
        <WBSubtotalInfo id="W146DE4901316436383A500803C7CAE77">
          <WBSubtotalInfoTypeCd>CFA</WBSubtotalInfoTypeCd>
          <WBCurrentTermAmt id="W6C7FF1A15A7E461A9B44DA49AB2FBEB8">
            <Amt>43</Amt>
          </WBCurrentTermAmt>
        </WBSubtotalInfo>
        <WBEligibleDiscounts id="W1334190C1BBD4FD0A90896A18D1B282D">
          <WBEligibleDiscountCd>HCD</WBEligibleDiscountCd>
        </WBEligibleDiscounts>
        <WBOnsetOffsetPremiumInfo id="WB7AC88EBF5874097B0E381508D86AAF4">
          <WBCurrentTermOnsetAmt id="WDF899A3D23B5460B979BE0B2CDC138A9" />
          <WBCurrentTermOffsetAmt id="W06A2E62F11114FDD8D86497EC8B7A096" />
        </WBOnsetOffsetPremiumInfo>
        <WBPermissiveUseCnt>0</WBPermissiveUseCnt>
        <WBPremiumInfo id="W052C453A31BB404388D31E961F7D46D6">
          <WBCurrentTermAmt id="W94DA9C226B804B5EBDD34280B05C096B">
            <Amt>1425</Amt>
          </WBCurrentTermAmt>
          <WBNetChangeAmt id="WFA60D8FAC269415EB528D9A50D40845C">
            <Amt>-1366</Amt>
          </WBNetChangeAmt>
          <WBWrittenAmt id="W79E8609D20524EAAB3E1066CE8F84ECD">
            <Amt>211</Amt>
          </WBWrittenAmt>
          <WBPriorCurrentTermAmt id="WADC55CCB94FD42A9B162D4162AF80683">
            <Amt>1425</Amt>
          </WBPriorCurrentTermAmt>
          <WBPriorWrittenAmt id="WDB8FB4BF8F3E4AE0941C5B0A635E5F35">
            <Amt>1577</Amt>
          </WBPriorWrittenAmt>
          <WBCancelAmt id="WC2CAE6B9A88C4600ACE0839C3193422D" />
        </WBPremiumInfo>
        <WBAATAFeeCnt>3</WBAATAFeeCnt>
      </PersAutoLineBusinessExt>
    </PersAutoLineBusiness>
    <PolicyExt id="PCBDFD8050F9045518CC7EC6CF20509F0">
      <AutoCompositionFactorCd>M</AutoCompositionFactorCd>
      <HighestAdvantageDriverPointValueInHousehold>0</HighestAdvantageDriverPointValueInHousehold>
      <WBTransactionStatusDesc>Committed</WBTransactionStatusDesc>
      <WBQuoteStatusDesc>Issued</WBQuoteStatusDesc>
      <CreditOrSurcharge id="C52AF8A1B0B0241BB8ECFC291FDE1E786">
        <SecondaryCd>PIF</SecondaryCd>
        <WBRatingAppliedInd>0</WBRatingAppliedInd>
      </CreditOrSurcharge>
      <CreditOrSurcharge id="C2D651136825D407DB3C506A7B4EB5945">
        <SecondaryCd>HCD</SecondaryCd>
        <WBRatingAppliedInd>1</WBRatingAppliedInd>
      </CreditOrSurcharge>
      <CreditOrSurcharge id="C58A67A9BD34A4F239A96ABB345F1C5E0">
        <SecondaryCd>INSCRA</SecondaryCd>
        <WBRatingAppliedInd>1</WBRatingAppliedInd>
      </CreditOrSurcharge>
      <WBHouseholdCompositionInd>1</WBHouseholdCompositionInd>
      <WBSubtotalInfo id="W31CA9C38A3D14F5FA872F379B0FBA512">
        <WBSubtotalInfoTypeCd>CFA</WBSubtotalInfoTypeCd>
        <WBCurrentTermAmt id="W854A134E2CCD453682BB53E118570F02">
          <Amt>43</Amt>
        </WBCurrentTermAmt>
      </WBSubtotalInfo>
      <WBSubtotalInfo id="W436CF24E6DB941DD99BA05C31ED0D691">
        <WBSubtotalInfoTypeCd>PIFD</WBSubtotalInfoTypeCd>
        <WBCurrentTermAmt id="W4E20C7DD46A94197BC89C34CEF66BF3F">
          <Amt>1396</Amt>
        </WBCurrentTermAmt>
      </WBSubtotalInfo>
      <WBSubtotalInfo id="W750075A0F9164F309808F7282F565239">
        <WBSubtotalInfoTypeCd>PIFND</WBSubtotalInfoTypeCd>
        <WBCurrentTermAmt id="WEEA51DCD6CB84FDAAAC8B07D65FAC95F">
          <Amt>3984</Amt>
        </WBCurrentTermAmt>
      </WBSubtotalInfo>
      <WBThirdPartyReport id="WDE43164A53DE42A8AED7F834DF2A8C13">
        <WBReportTypeCd>APD</WBReportTypeCd>
        <WBReportOrderDt>2020-04-15</WBReportOrderDt>
        <WBReportOrderStatus>Returned</WBReportOrderStatus>
        <WBReportExpirationDt>2020-07-14</WBReportExpirationDt>
      </WBThirdPartyReport>
      <WBThirdPartyReport id="W66686F871EB44EFCAE4AA8C278649D67">
        <WBReportTypeCd>CLUE-AUTO</WBReportTypeCd>
        <WBReportOrderDt>2020-04-15</WBReportOrderDt>
        <WBReportOrderStatus>Returned</WBReportOrderStatus>
        <WBReportExpirationDt>2020-07-14</WBReportExpirationDt>
      </WBThirdPartyReport>
      <WBPolicyAge>0</WBPolicyAge>
      <WBAssocGroupType>ASSOC</WBAssocGroupType>
      <WBOnsetOffsetPremiumInfo id="W7FDA9BA36632498EA099C4AD90050BD8">
        <WBCurrentTermOnsetAmt id="W58944799BBA6406CB3BD7F6310AFA25E" />
        <WBCurrentTermOffsetAmt id="W15DF369EB0A343398FDE4A7C2385CC51" />
      </WBOnsetOffsetPremiumInfo>
      <WBPremiumInfo id="W01AD9672E4E642DCA5D67E90D4F807FF">
        <WBCurrentTermAmt id="WE980D732853F4410868C17541F5D24CB">
          <Amt>1425</Amt>
        </WBCurrentTermAmt>
        <WBNetChangeAmt id="W39EADC6F0D2245C2A72556FA9093D1E7">
          <Amt>-1366</Amt>
        </WBNetChangeAmt>
        <WBWrittenAmt id="WC27F0922620846538ADE92F304E8EC8E">
          <Amt>211</Amt>
        </WBWrittenAmt>
        <WBPriorCurrentTermAmt id="W876BB99DBA2A428781EBE9A042B22A13">
          <Amt>1425</Amt>
        </WBPriorCurrentTermAmt>
        <WBPriorWrittenAmt id="W7F2421913D174031A59E55FE5C49A777">
          <Amt>1577</Amt>
        </WBPriorWrittenAmt>
        <WBCancelAmt id="WAECB99334886442FAB895AC8259EC4E1" />
      </WBPremiumInfo>
      <WBManualPremiumOverride id="W29103CA99DA3481FB2EAF63D84219440">
        <WBManualPremiumOverrideCd>WBEE</WBManualPremiumOverrideCd>
        <WBRemark id="W64931F0284A84281BDCC2A023E49AB44">
          <WBMessage>transaction 3</WBMessage>
          <WBMessageDt>2020-04-15T17:51:22+0000</WBMessageDt>
          <WBUserId>Sarah Riehle</WBUserId>
        </WBRemark>
      </WBManualPremiumOverride>
      <WBPriorPolicyCnt>1</WBPriorPolicyCnt>
      <WBPolicyIssue id="W4C96A60485A5437E80AABCD63EF47AE7">
        <WBPolicyIssueCd>N</WBPolicyIssueCd>
      </WBPolicyIssue>
      <WBPolicyInceptionDateInfo id="W72B56A21C9764A83934C740BF06B11C5">
        <WBPolicyUWInceptionDt>2020-04-15</WBPolicyUWInceptionDt>
        <WBPolicyUWDtOverrideInd>0</WBPolicyUWDtOverrideInd>
      </WBPolicyInceptionDateInfo>
      <WBPolicyTenureAge>0</WBPolicyTenureAge>
      <WBGroupAssocName>Mayo Clinic</WBGroupAssocName>
      <WBISSTravelNetClassCode>0</WBISSTravelNetClassCode>
    </PolicyExt>
    <Form id="F05DBE5B603014C429CF1994117B429AA">
      <FormNumber>DC877B</FormNumber>
      <EditionDt>2019-01-01</EditionDt>
      <FormName>Consumer Report Disclosure Notice</FormName>
      <EffectiveDt>2020-04-29</EffectiveDt>
      <Order>03</Order>
    </Form>
    <Form id="FFF6FEAEA49944131B758A59ECB1B927A">
      <FormNumber>DC2177</FormNumber>
      <EditionDt>2019-01-01</EditionDt>
      <FormName>Membership and Voting Rights Notice</FormName>
      <EffectiveDt>2020-04-29</EffectiveDt>
      <Order>07</Order>
    </Form>
    <Form id="F0162D020B78E436EBA200C5F386FB1D7">
      <FormNumber>DC249</FormNumber>
      <EditionDt>2019-01-01</EditionDt>
      <FormName>Coordination of Deductible Clause</FormName>
      <EffectiveDt>2020-04-29</EffectiveDt>
      <Order>08</Order>
    </Form>
    <Form id="FB29794E421E94EEDB804412C0513FB6A">
      <FormNumber>DC1188</FormNumber>
      <EditionDt>2019-01-01</EditionDt>
      <FormName>West Bend Privacy Statement</FormName>
      <EffectiveDt>2020-04-29</EffectiveDt>
      <Order>09</Order>
    </Form>
    <Form id="FBDDFD6BCAFB443A2AE4D0490EE9D2E40">
      <FormNumber>DC1491</FormNumber>
      <EditionDt>2019-01-01</EditionDt>
      <FormName>Payment Options and Billing Information</FormName>
      <EffectiveDt>2020-04-29</EffectiveDt>
      <Order>10</Order>
    </Form>
    <CancelNonRenewInfo id="CAAEB9319F8294914A6D369C3CAD5CB33">
      <RequestorCd>I</RequestorCd>
      <CancelNonRenewInfoExt id="C9A11AF0E531E47238E58CAE93D824E72">
        <WBReasonInfo id="W7FD9D02D6A5A431DA9D6518E976E2F05">
          <WBCancelReasonCd>PlacedwithAnotherAgent</WBCancelReasonCd>
          <WBReasonDesc />
          <WBReasonCategory>CAN</WBReasonCategory>
        </WBReasonInfo>
      </CancelNonRenewInfoExt>
    </CancelNonRenewInfo>
    <CancellationDt>2020-04-30</CancellationDt>
  </Policy>
</PolicyRs>