<PolicyRs xmlns="http://www.acord.org/schema/PC/xml/2">
	<BusinessPurposeTypeCd>NBQ</BusinessPurposeTypeCd>
	<TransactionEffectiveDt>2019-10-03T00:00:00.000</TransactionEffectiveDt>
	<TransactionSeqNumber>1</TransactionSeqNumber>
	<Policy id="P33D38204AD91458088BA23179B6559AE">
		<PolicyNumber>A547483</PolicyNumber>
		<PolicyVersion>00</PolicyVersion>
		<CompanyProductCd>801</CompanyProductCd>
		<BroadLOBCd>1</BroadLOBCd>
		<ControllingStateProvCd>MI</ControllingStateProvCd>
		<ContractTerm id="C9F8CDEBA55024E88AF7864C06BBFE489">
			<EffectiveDt>2019-10-03</EffectiveDt>
			<ExpirationDt>2020-10-03</ExpirationDt>
		</ContractTerm>
		<NumLosses>0</NumLosses>
		<OtherOrPriorPolicy id="OAC09E91E4F484D5BB1B2C72B128933EC" DriverRef="d1">
			<PolicyCd>RecentWb</PolicyCd>
			<OtherOrPriorPolicyExt id="O5C83E24BE6D9428F8D4C44E37B3FEB3C">
				<WBRecordInfo id="W3F6293CBAB1B4141BF775C82D9E494E6">
					<WBRecordSource>MANUAL</WBRecordSource>
				</WBRecordInfo>
			</OtherOrPriorPolicyExt>
		</OtherOrPriorPolicy>
		<PaymentOption id="P7FFCF0EE5D974F39B509B01C20B33373">
			<PaymentPlanCd>QT</PaymentPlanCd>
		</PaymentOption>
		<QuoteInfo id="QF41FC15F93A64A2D87A9E51B1F6A7195">
			<InitialQuoteRequestDt>2019-10-03</InitialQuoteRequestDt>
		</QuoteInfo>
		<CreditScoreInfo id="C695165D87F7C4194858A9CD995D4694A">
			<CreditScore>998</CreditScore>
			<CreditScoreDt>2019-07-26</CreditScoreDt>
			<CSPolicyTypeCd>Auto</CSPolicyTypeCd>
			<CreditScoreInfoExt id="CB92EB7D56C14444794CB459C4EB7530F">
				<WBInsuranceScore id="W9D849B6C803C46EC9A5588BE9A99D0F5">
					<WBRatingScore>998</WBRatingScore>
				</WBInsuranceScore>
			</CreditScoreInfoExt>
		</CreditScoreInfo>
		<PolicyStatusCd>InForce</PolicyStatusCd>
		<PaidInFullInd>0</PaidInFullInd>
		<Producer id="PC8A299F401A446E79703DB95E05C0C28">
			<Relationship id="R970F20229F6A4A9496D5971118F9418B">
				<RelationshipToCd>Agency</RelationshipToCd>
			</Relationship>
			<Name>AgencyName</Name>
			<Addr id="A560E2D2E9B494D17ACDB3EBD20B68E90">
				<AddrTypeCd>MailingAddress</AddrTypeCd>
				<Addr1>123 Agent Address</Addr1>
				<City>Ann Arbor</City>
				<StateProvCd>MI</StateProvCd>
				<PostalCode>48103</PostalCode>
				<County>Washtenaw</County>
				<Addr2 />
			</Addr>
			<Communications id="C7E2865E6712C46329015263D95BB9678">
				<PhoneTypeCd>Phone</PhoneTypeCd>
				<PhoneNumber>+1-555-1234567</PhoneNumber>
			</Communications>
			<ContractNumber>21112</ContractNumber>
			<ProducerSubCode>21112</ProducerSubCode>
		</Producer>
		<InsuredOrPrincipal id="IBBCD03AE8FE643F58F9EB375DEBCC57B">
			<ItemIdInfo id="IA1153A1FC31B4A6096313289424C9F5B">
				<InsurerId>1000213097</InsurerId>
			</ItemIdInfo>
			<Relationship id="R9D9AFB7B20B0411DBDDB88D3CB7FF20B" RelationshipToRef="P33D38204AD91458088BA23179B6559AE">
				<RelationshipToCd>FNI</RelationshipToCd>
			</Relationship>
			<Name>SriOne SriOne</Name>
			<Addr id="ACAD2C68E6BB04E46B212BC556D7A7B1B">
				<AddrTypeCd>InsuredsAddress</AddrTypeCd>
				<Addr1>220 Bagley St</Addr1>
				<Addr2>BAGLEY</Addr2>
				<City>Detroit</City>
				<StateProvCd>MI</StateProvCd>
				<PostalCode>48226-1411</PostalCode>
				<CountryCd>USA</CountryCd>
				<Latitude>42.334573</Latitude>
				<Longitude>-83.053116</Longitude>
				<County>Wayne County</County>
				<AddrExt id="A82E4DD1975354E0883A5E7D05D33C007">
					<WBAddressStandardization id="W580E5994B305493285AF00A978715799">
						<WBAddrStandardizeStreetName>Bagley</WBAddrStandardizeStreetName>
						<WBAddrStandardizeStreetTypeCd>St</WBAddrStandardizeStreetTypeCd>
						<WBAddrStandardizeStreetNumber>220</WBAddrStandardizeStreetNumber>
						<WBAddrStandardizeUnitLabel>Ste</WBAddrStandardizeUnitLabel>
						<WBConfidence>81</WBConfidence>
						<WBAddrStandardizeStatus>Accepted</WBAddrStandardizeStatus>
					</WBAddressStandardization>
				</AddrExt>
				<Addr3 />
				<Addr4 />
			</Addr>
			<Addr id="AAAB9210517904A8D910E00A8681B1237">
				<AddrTypeCd>MailingAddress</AddrTypeCd>
				<Addr1>220 Bagley St</Addr1>
				<Addr2>BAGLEY</Addr2>
				<City>Detroit</City>
				<StateProvCd>MI</StateProvCd>
				<PostalCode>48226-1411</PostalCode>
				<CountryCd>USA</CountryCd>
				<Latitude>42.334573</Latitude>
				<Longitude>-83.053116</Longitude>
				<County>Wayne County</County>
				<AddrExt id="A86F0A130B66B4A5BB904F2FCA6952B74">
					<WBAddressStandardization id="WE57B2B8DC08E4D81A4F09F1EB5591B04">
						<WBAddrStandardizeStreetName>Bagley</WBAddrStandardizeStreetName>
						<WBAddrStandardizeStreetTypeCd>St</WBAddrStandardizeStreetTypeCd>
						<WBAddrStandardizeStreetNumber>220</WBAddrStandardizeStreetNumber>
						<WBAddrStandardizeUnitLabel>Ste</WBAddrStandardizeUnitLabel>
						<WBConfidence>81</WBConfidence>
						<WBAddrStandardizeStatus>Accepted</WBAddrStandardizeStatus>
					</WBAddressStandardization>
				</AddrExt>
			</Addr>
			<Addr id="AF21FEEF55ECA413D9483E8F4CF1E6992">
				<AddrTypeCd>BillingAddress</AddrTypeCd>
			</Addr>
			<Communications id="C3F71D617E4A44690854170FDF5EF11FE" />
			<Surname>SriOne</Surname>
			<GivenName>SriOne</GivenName>
			<GenderCd>M</GenderCd>
			<BirthDt>1986-05-05</BirthDt>
			<MaritalStatusCd>S</MaritalStatusCd>
			<TitlePrefix />
			<NameSuffix />
		</InsuredOrPrincipal>
		<Location id="LE229FD54274B4B28ABE13F60D491BA4A">
			<Addr id="A9DAACF922248497385A8D944965B5362">
				<AddrTypeCd>PhysicalRisk</AddrTypeCd>
				<Addr1>220 Bagley St</Addr1>
				<Addr2>BAGLEY</Addr2>
				<City>Detroit</City>
				<StateProvCd>MI</StateProvCd>
				<PostalCode>48226-1411</PostalCode>
				<CountryCd>USA</CountryCd>
				<Latitude>42.334573</Latitude>
				<Longitude>-83.053116</Longitude>
				<County>Wayne County</County>
				<AddrExt id="A26DF7A23E8AB464EA3149E23F82102F1">
					<WBAddressStandardization id="W9E2142A886704CE895E237AF74601B71">
						<WBAddrStandardizeStreetName>Bagley</WBAddrStandardizeStreetName>
						<WBAddrStandardizeStreetTypeCd>St</WBAddrStandardizeStreetTypeCd>
						<WBAddrStandardizeStreetNumber>220</WBAddrStandardizeStreetNumber>
						<WBAddrStandardizeUnitLabel>Ste</WBAddrStandardizeUnitLabel>
						<WBConfidence>81</WBConfidence>
						<WBAddrStandardizeStatus>Accepted</WBAddrStandardizeStatus>
					</WBAddressStandardization>
				</AddrExt>
			</Addr>
		</Location>
		<Location id="L9993A89F69EB4146AA0573700C7CD939">
			<Addr id="A517CBCC3D4564AF59615DE0D081C50D5">
				<AddrTypeCd>PhysicalRisk</AddrTypeCd>
				<Addr1>29100 Northwestern Hwy Ste 400</Addr1>
				<City>Southfield</City>
				<StateProvCd>MI</StateProvCd>
				<PostalCode>48034-1091</PostalCode>
				<CountryCd>USA</CountryCd>
				<Latitude>42.501175</Latitude>
				<Longitude>-83.308525</Longitude>
				<County>Oakland County</County>
				<AddrExt id="A707B62AAB662433A9BF2A3514AA0BFC3">
					<WBAddressStandardization id="W575666B9DC0B4B748E42D997EF4F35AA">
						<WBAddrStandardizeStreetName>Northwestern</WBAddrStandardizeStreetName>
						<WBAddrStandardizeStreetTypeCd>Hwy</WBAddrStandardizeStreetTypeCd>
						<WBAddrStandardizeStreetNumber>29100</WBAddrStandardizeStreetNumber>
						<WBAddrStandardizeUnitNumber>400</WBAddrStandardizeUnitNumber>
						<WBAddrStandardizeUnitLabel>Ste</WBAddrStandardizeUnitLabel>
						<WBConfidence>100</WBConfidence>
						<WBAddrStandardizeStatus>Accepted</WBAddrStandardizeStatus>
					</WBAddressStandardization>
				</AddrExt>
				<Addr2 />
			</Addr>
		</Location>
		<Location id="LE2B930AE6A0C43AA8A2124D3FCD7EEFE">
			<Addr id="AEB79725E7DE445299914BFFD0E85DDAB">
				<AddrTypeCd>PhysicalRisk</AddrTypeCd>
				<Addr1>711 N Saginaw St Ste 325</Addr1>
				<City>Flint</City>
				<StateProvCd>MI</StateProvCd>
				<PostalCode>48503-1703</PostalCode>
				<CountryCd>USA</CountryCd>
				<Latitude>43.022547</Latitude>
				<Longitude>-83.693717</Longitude>
				<County>Genesee County</County>
				<AddrExt id="AB36820EA22CC4D4D8F697C900FAF0AF0">
					<WBAddressStandardization id="WB56F836F2EBB430BA5000226669F8D8C">
						<WBAddrStandardizeStreetName>Saginaw</WBAddrStandardizeStreetName>
						<WBAddrStandardizeStreetTypeCd>St</WBAddrStandardizeStreetTypeCd>
						<WBAddrStandardizeStreetNumber>711</WBAddrStandardizeStreetNumber>
						<WBAddrStandardizeUnitNumber>325</WBAddrStandardizeUnitNumber>
						<WBAddrStandardizeUnitLabel>Ste</WBAddrStandardizeUnitLabel>
						<WBConfidence>99</WBConfidence>
						<WBAddrStandardizeStatus>Accepted</WBAddrStandardizeStatus>
					</WBAddressStandardization>
				</AddrExt>
				<Addr2 />
			</Addr>
		</Location>
		<PersAutoLineBusiness id="PE1CFA25428DD4873B96E430E56FEDEE8">
			<CompanyProductCd>850</CompanyProductCd>
			<Driver id="d1">
				<ItemIdInfo id="I811747B00B304A8D839605EA86D95935">
					<InsurerId>1100</InsurerId>
				</ItemIdInfo>
				<Relationship id="RB83807BFA503452486A914279CD7507D" RelationshipToRef="IBBCD03AE8FE643F58F9EB375DEBCC57B">
					<RelationshipToCd>IN</RelationshipToCd>
				</Relationship>
				<Relationship id="R453D2CBC7F054C8AB528E57945CABBA8" RelationshipToRef="v1">
					<RelationshipToCd>DRV</RelationshipToCd>
					<RelationshipDesc>PRINCIPAL</RelationshipDesc>
				</Relationship>
				<License id="L5A6F0A0F106F4A7698A0C5EC34101475">
					<LicenseTypeCd>Driver</LicenseTypeCd>
					<LicenseStatusCd>VALID</LicenseStatusCd>
					<LicensePermitNumber>T91T4WX9D0100</LicensePermitNumber>
					<StateProvCd>MI</StateProvCd>
				</License>
				<Addr id="AE671B142AADE4008A2F67B5997B07B79">
					<AddrTypeCd>InsuredsAddress</AddrTypeCd>
					<Addr1>220 Bagley St</Addr1>
					<Addr2>BAGLEY</Addr2>
					<City>Detroit</City>
					<StateProvCd>MI</StateProvCd>
					<PostalCode>48226-1411</PostalCode>
					<CountryCd>USA</CountryCd>
					<Latitude>42.334573</Latitude>
					<Longitude>-83.053116</Longitude>
					<County>Wayne County</County>
					<AddrExt id="AA9A8B706EFC14CD1B5FBF534A1B457FD">
						<WBAddressStandardization id="WDFD78362A86440439466C0C1B0F947DD">
							<WBAddrStandardizeStreetName>Bagley</WBAddrStandardizeStreetName>
							<WBAddrStandardizeStreetTypeCd>St</WBAddrStandardizeStreetTypeCd>
							<WBAddrStandardizeStreetNumber>220</WBAddrStandardizeStreetNumber>
							<WBAddrStandardizeUnitLabel>Ste</WBAddrStandardizeUnitLabel>
							<WBConfidence>81</WBConfidence>
							<WBAddrStandardizeStatus>Accepted</WBAddrStandardizeStatus>
						</WBAddressStandardization>
					</AddrExt>
				</Addr>
				<Surname>SriOne</Surname>
				<GivenName>SriOne</GivenName>
				<GenderCd>M</GenderCd>
				<BirthDt>1986-05-05</BirthDt>
				<MaritalStatusCd>S</MaritalStatusCd>
				<OccupationClassCd>ADJ</OccupationClassCd>
				<QuestionAnswer id="Q0E3F9B38940B4A6FB2E2AD4535288852">
					<QuestionCd>DRV04</QuestionCd>
					<YesNoCd>YES</YesNoCd>
					<QuestionText>licensedLastFive</QuestionText>
				</QuestionAnswer>
				<QuestionAnswer id="Q9076E1CCFB7F4DA5924818DC6DDFD8B6">
					<QuestionCd>DRV05</QuestionCd>
					<YesNoCd>YES</YesNoCd>
					<QuestionText>isIndiviualLicensed</QuestionText>
				</QuestionAnswer>
				<QuestionAnswer id="Q223E5644080E401491B0EAA99304F5ED">
					<QuestionCd>DRV06</QuestionCd>
					<YesNoCd>NO</YesNoCd>
				</QuestionAnswer>
				<ContinuousInsuranceCd>NoPrior</ContinuousInsuranceCd>
				<DriverExt id="DFFB0E27ECF9842AE91A042F1C8B5E954">
					<YouthfulInd>0</YouthfulInd>
					<WBIsMinor>0</WBIsMinor>
					<WBRiskTerm id="WE85F3B2CB9D44C88BD685DD370516014">
						<WBRiskEffectiveDt>2019-10-03</WBRiskEffectiveDt>
						<WBRiskExpirationDt>2020-10-03</WBRiskExpirationDt>
					</WBRiskTerm>
					<WBDriverAge>33</WBDriverAge>
					<WBInexperiencedOperatorInd>0</WBInexperiencedOperatorInd>
					<WBAdvantageDriverInd>0</WBAdvantageDriverInd>
					<WBPriorInsNotNeededReason>dsfs</WBPriorInsNotNeededReason>
				</DriverExt>
				<DriverTypeCd />
				<TitlePrefix />
				<NameSuffix />
				<OtherGivenName />
			</Driver>
			<Vehicle id="v1" RatedDriverRef="d1">
				<ItemIdInfo id="I78D5905C13904C0599A8984AED41B25F">
					<InsurerId>1100</InsurerId>
				</ItemIdInfo>
				<Manufacturer>BUICK</Manufacturer>
				<ManufacturerCd>BUIK</ManufacturerCd>
				<Model>ENCLAVE</Model>
				<ModelCd>ENCLAVE</ModelCd>
				<ModelYear>2019</ModelYear>
				<VehBodyTypeCd>PP</VehBodyTypeCd>
				<Horsepower id="H5412A7341BA243B8B295266D1CBA91B9">
					<NumUnits>3.6</NumUnits>
				</Horsepower>
				<VehIdentificationNumber>5GA&amp;RAKW&amp;K</VehIdentificationNumber>
				<GrossVehWeight id="G2F76266D02A640D498070C456189A0B3">
					<NumUnits>6173</NumUnits>
				</GrossVehWeight>
				<DrivenByCoWorkersInd>0</DrivenByCoWorkersInd>
				<BIPDSymbolCd>295</BIPDSymbolCd>
				<MedPayPIPLiabilitySymbolCd>480</MedPayPIPLiabilitySymbolCd>
				<Addr id="A5942B358D0EF4232AEEC226C3C7E1134">
					<AddrTypeCd>GaragingAddress</AddrTypeCd>
					<Addr1>220 Bagley St</Addr1>
					<Addr2>BAGLEY</Addr2>
					<City>Detroit</City>
					<StateProvCd>MI</StateProvCd>
					<PostalCode>48226-1411</PostalCode>
					<CountryCd>USA</CountryCd>
					<Latitude>42.334573</Latitude>
					<Longitude>-83.053116</Longitude>
					<County>Wayne County</County>
					<Region>105</Region>
					<AddrExt id="A59F4A077D06D4159A9CD61284219BC79">
						<WBRatedZipCd>48226</WBRatedZipCd>
						<WBRatedVehicleStateProvCd>MI</WBRatedVehicleStateProvCd>
						<WBAddressStandardization id="W777260C48A554D738D10C524E182D6AA">
							<WBAddrStandardizeStreetName>Bagley</WBAddrStandardizeStreetName>
							<WBAddrStandardizeStreetTypeCd>St</WBAddrStandardizeStreetTypeCd>
							<WBAddrStandardizeStreetNumber>220</WBAddrStandardizeStreetNumber>
							<WBAddrStandardizeUnitLabel>Ste</WBAddrStandardizeUnitLabel>
							<WBConfidence>81</WBConfidence>
							<WBAddrStandardizeStatus>Accepted</WBAddrStandardizeStatus>
						</WBAddressStandardization>
					</AddrExt>
				</Addr>
				<Coverage id="CD7D189BA939344A591C3941000E3EE39">
					<CoverageCd>BI</CoverageCd>
					<Limit id="L67B82C9DBCC34AB88E0FC4C9E7ED18CA">
						<FormatCurrencyAmt id="F952D1CAC6BB34CBDA90B6374D46C6729">
							<Amt>250000</Amt>
						</FormatCurrencyAmt>
						<LimitAppliesToCd>BIEachPers</LimitAppliesToCd>
					</Limit>
					<Limit id="LDDB137DF0DAC4616B204424726A2B7ED">
						<FormatCurrencyAmt id="FD81514F5D4484980B4182DE94F274C03">
							<Amt>500000</Amt>
						</FormatCurrencyAmt>
						<LimitAppliesToCd>PerAcc</LimitAppliesToCd>
					</Limit>
					<CreditOrSurcharge id="C72938A3199964C459C7CB65DADFF7503">
						<CreditSurchargeCd>LFREE</CreditSurchargeCd>
						<SecondaryCd>CFAEST</SecondaryCd>
						<WBRatingAppliedInd>0</WBRatingAppliedInd>
					</CreditOrSurcharge>
					<EffectiveDt>2019-10-03</EffectiveDt>
					<ExpirationDt>2020-10-03</ExpirationDt>
					<ProRateFactor>1</ProRateFactor>
					<CoverageSupplement id="C38EF0EAA028D4A549903D5698C2D088E">
						<CoverageSubCd>BI</CoverageSubCd>
					</CoverageSupplement>
					<CoverageExt id="C16AC1C750A9441CD9CF971234C469F5E">
						<WBOnsetOffsetPremiumInfo id="W0FB6D8ED305348AF8C1EF1D3B5458D69">
							<WBCurrentTermOnsetAmt id="W7EF3EA770060411C948B41B00E2625DA">
								<Amt>468</Amt>
							</WBCurrentTermOnsetAmt>
							<WBCurrentTermOffsetAmt id="W81D7D2B3342B4276AA8D65EB375323E8">
								<Amt>0</Amt>
							</WBCurrentTermOffsetAmt>
						</WBOnsetOffsetPremiumInfo>
						<WBPremiumInfo id="W0EBF4C830BAA42EE93BE41835D6C78E6">
							<WBCurrentTermAmt id="W50C5D342CAD44F3AAF69AF9C1CFC699E">
								<Amt>468</Amt>
								<offset>0</offset>
								<onset>468</onset>
							</WBCurrentTermAmt>
							<WBNetChangeAmt id="WD18F14433F1C4F65B7AA2810DF890B35">
								<Amt>468</Amt>
							</WBNetChangeAmt>
							<WBWrittenAmt id="W3AD8838E61FF45D1AE971939E262718E">
								<Amt>468</Amt>
							</WBWrittenAmt>
							<WBPriorCurrentTermAmt id="WB88F721DA85D41028CBA3C8B0185E275">
								<Amt>0</Amt>
							</WBPriorCurrentTermAmt>
							<WBPriorWrittenAmt id="W6E7149FD9E5A4D028C37C0524F8B2865">
								<Amt>0</Amt>
							</WBPriorWrittenAmt>
							<WBCancelAmt id="W14F1BCB41E454482B2042F33770C97DA">
								<Amt>0</Amt>
							</WBCancelAmt>
						</WBPremiumInfo>
					</CoverageExt>
				</Coverage>
				<Coverage id="CEC78708460A042AE96FD5A9ECF3CB6B0">
					<CoverageCd>PD</CoverageCd>
					<Limit id="LC7148025B9A9484D9C69AFF82FE6363E">
						<FormatCurrencyAmt id="F0BB4C2673F4241F19119E4392EBC16C6">
							<Amt>100000</Amt>
						</FormatCurrencyAmt>
						<LimitAppliesToCd>CSL</LimitAppliesToCd>
					</Limit>
					<CreditOrSurcharge id="CAC8B5B868C69462EAF5A4F2ABA1829F2">
						<CreditSurchargeCd>LFREE</CreditSurchargeCd>
						<SecondaryCd>CFAEST</SecondaryCd>
						<WBRatingAppliedInd>0</WBRatingAppliedInd>
					</CreditOrSurcharge>
					<EffectiveDt>2019-10-03</EffectiveDt>
					<ExpirationDt>2020-10-03</ExpirationDt>
					<ProRateFactor>1</ProRateFactor>
					<CoverageSupplement id="C6B74BAF9C0A84B778F5EE4225AD27D6D">
						<CoverageSubCd>PD</CoverageSubCd>
					</CoverageSupplement>
					<CoverageExt id="CA2C00F388F26471697E04778B1FD5049">
						<WBOnsetOffsetPremiumInfo id="W8E181CBA89EA486C9B666F153D42AA32">
							<WBCurrentTermOnsetAmt id="W460709FB6D094B3780FFFCC64AD79EF7">
								<Amt>30</Amt>
							</WBCurrentTermOnsetAmt>
							<WBCurrentTermOffsetAmt id="WD549709AEB4F4ED3ADFAF5EDACA7145D">
								<Amt>0</Amt>
							</WBCurrentTermOffsetAmt>
						</WBOnsetOffsetPremiumInfo>
						<WBPremiumInfo id="WB9D1673611A14A228B6ECF45104E9BBF">
							<WBCurrentTermAmt id="WD0185550E6454857AC90F35AE95B6219">
								<Amt>30</Amt>
								<offset>0</offset>
								<onset>30</onset>
							</WBCurrentTermAmt>
							<WBNetChangeAmt id="W0A982B36B1544EDCA45FA0F66CDEBDC6">
								<Amt>30</Amt>
							</WBNetChangeAmt>
							<WBWrittenAmt id="WEDF43ED875F64AFCA3943FA1420A79D4">
								<Amt>30</Amt>
							</WBWrittenAmt>
							<WBPriorCurrentTermAmt id="W0D2A7740F6C5430386A905223032577D">
								<Amt>0</Amt>
							</WBPriorCurrentTermAmt>
							<WBPriorWrittenAmt id="WBDD808D78EE743019C1B61E6EED04682">
								<Amt>0</Amt>
							</WBPriorWrittenAmt>
							<WBCancelAmt id="W9FDA455707B0448DA76199D1B7125C84">
								<Amt>0</Amt>
							</WBCancelAmt>
						</WBPremiumInfo>
					</CoverageExt>
				</Coverage>
				<Coverage id="CB12DF4E79A664946833BDDE377D3FADA">
					<CoverageCd>LPD</CoverageCd>
					<Limit id="L4EA8C8E0943E44E594008C68F799DA03">
						<FormatCurrencyAmt id="F134C840022984597BAFC0FA6677F4B2D">
							<Amt>1000</Amt>
						</FormatCurrencyAmt>
						<LimitAppliesToCd>EachClaim</LimitAppliesToCd>
					</Limit>
					<EffectiveDt>2019-10-03</EffectiveDt>
					<ExpirationDt>2020-10-03</ExpirationDt>
					<ProRateFactor>1</ProRateFactor>
					<CoverageSupplement id="C6164D9D013E14EF0A8FEA0DAD45539AD">
						<CoverageSubCd>APD</CoverageSubCd>
					</CoverageSupplement>
					<CoverageExt id="CB5F444B22C5648E0A125B3EF05120085">
						<WBOnsetOffsetPremiumInfo id="W6ECBADB31EBA4CC9AC37EF313414E518">
							<WBCurrentTermOnsetAmt id="W0B38498F9D7B498E9001D71FAE5850A8">
								<Amt>0</Amt>
							</WBCurrentTermOnsetAmt>
							<WBCurrentTermOffsetAmt id="WC9555416ABBA47C4ABDAF4ABE5A9D384">
								<Amt>0</Amt>
							</WBCurrentTermOffsetAmt>
						</WBOnsetOffsetPremiumInfo>
						<WBPremiumInfo id="W9F19DD07204540B7B57536937B62739F">
							<WBCurrentTermAmt id="W4F81BE20D2754A088C4C7A72A1436CB8">
								<Amt>0</Amt>
								<offset>0</offset>
								<onset>0</onset>
							</WBCurrentTermAmt>
							<WBNetChangeAmt id="W2F68C85B78784A299ACA5F02C34952D5">
								<Amt>0</Amt>
							</WBNetChangeAmt>
							<WBWrittenAmt id="W25A906BEF2B9481AAAC79E60437DB3BA">
								<Amt>0</Amt>
							</WBWrittenAmt>
							<WBPriorCurrentTermAmt id="WBDDD579E4B48442580089FFE4491B592">
								<Amt>0</Amt>
							</WBPriorCurrentTermAmt>
							<WBPriorWrittenAmt id="W78D36D25F09E4CE1BBFFAA457B40DC12">
								<Amt>0</Amt>
							</WBPriorWrittenAmt>
							<WBCancelAmt id="WBBE2103560C74ABA87893FF5D09DD306">
								<Amt>0</Amt>
							</WBCancelAmt>
						</WBPremiumInfo>
					</CoverageExt>
				</Coverage>
				<Coverage id="CB3D252752A0A46F0AB88FF21E5BE4A74">
					<CoverageCd>WLB</CoverageCd>
					<Deductible id="DE57012545B7D44D98060A4F630FDFEB6">
						<FormatCurrencyAmt id="F143E83A868D34CBA9A6A3E2E1E02FF20">
							<Amt>5000</Amt>
						</FormatCurrencyAmt>
						<DeductibleAppliesToCd>CL</DeductibleAppliesToCd>
					</Deductible>
					<Option id="O982F6C50092541CAABDE770365FBDAB8">
						<OptionCd>P</OptionCd>
					</Option>
					<CreditOrSurcharge id="CAA01B402DCC04B028A652B9DCAB7630D">
						<CreditSurchargeCd>LFREE</CreditSurchargeCd>
						<SecondaryCd>CFAEST</SecondaryCd>
						<WBRatingAppliedInd>0</WBRatingAppliedInd>
					</CreditOrSurcharge>
					<EffectiveDt>2019-10-03</EffectiveDt>
					<ExpirationDt>2020-10-03</ExpirationDt>
					<ProRateFactor>1</ProRateFactor>
					<CoverageSupplement id="C64713524D3174DB2BA035D01965C31F7">
						<CoverageSubCd>PIPWKLOSS</CoverageSubCd>
					</CoverageSupplement>
					<CoverageExt id="C77B95EF96A0D422B94112C4F663E4B95">
						<WBOnsetOffsetPremiumInfo id="W32220C7372314AB58E3DE524BAD42CF9">
							<WBCurrentTermOnsetAmt id="WF089343762804546AF26D547D0AC78AD">
								<Amt>76</Amt>
							</WBCurrentTermOnsetAmt>
							<WBCurrentTermOffsetAmt id="W09CB797A3A0548A9943E23C5C4718FB7">
								<Amt>0</Amt>
							</WBCurrentTermOffsetAmt>
						</WBOnsetOffsetPremiumInfo>
						<WBPremiumInfo id="W20085E7FA23A4E89B93DAD0E17B50AF8">
							<WBCurrentTermAmt id="W97FDBCABD9664B6E897126B5BCC1E016">
								<Amt>76</Amt>
								<offset>0</offset>
								<onset>76</onset>
							</WBCurrentTermAmt>
							<WBNetChangeAmt id="WC9BF6AC541F24FD19654B9F5D8238949">
								<Amt>76</Amt>
							</WBNetChangeAmt>
							<WBWrittenAmt id="W6CD91C6AFD904F6AB8A9039ACA9E5073">
								<Amt>76</Amt>
							</WBWrittenAmt>
							<WBPriorCurrentTermAmt id="W28BBD6012A044EFB88F180CB5B7872AF">
								<Amt>0</Amt>
							</WBPriorCurrentTermAmt>
							<WBPriorWrittenAmt id="W5924B48B3ADE40D88C95749CB02F78FC">
								<Amt>0</Amt>
							</WBPriorWrittenAmt>
							<WBCancelAmt id="W83A15A744E0D49DB99CE2AB52D5B9AF5">
								<Amt>0</Amt>
							</WBCancelAmt>
						</WBPremiumInfo>
					</CoverageExt>
				</Coverage>
				<Coverage id="CC47E6C17BA31432FA53DDD899A2F8EC8">
					<CoverageCd>UM</CoverageCd>
					<Limit id="L545D07BFF3F34757B94F344A05E7DAFE">
						<FormatCurrencyAmt id="F29D826BAFB80490C96D098642624A80B">
							<Amt>100000</Amt>
						</FormatCurrencyAmt>
						<LimitAppliesToCd>EachClaim</LimitAppliesToCd>
					</Limit>
					<Limit id="L01292386A5A34FF9B4EBB1D98F9BC97D">
						<FormatCurrencyAmt id="F895E27DA9C284F87A2411050461EDED6">
							<Amt>300000</Amt>
						</FormatCurrencyAmt>
						<LimitAppliesToCd>PerAcc</LimitAppliesToCd>
					</Limit>
					<CreditOrSurcharge id="C89919A3E3FE442459DCD2FFF98C2DDDC">
						<CreditSurchargeCd>LFREE</CreditSurchargeCd>
						<SecondaryCd>CFAEST</SecondaryCd>
						<WBRatingAppliedInd>0</WBRatingAppliedInd>
					</CreditOrSurcharge>
					<EffectiveDt>2019-10-03</EffectiveDt>
					<ExpirationDt>2020-10-03</ExpirationDt>
					<ProRateFactor>1</ProRateFactor>
					<CoverageSupplement id="C3E0474796E254D5D9055C5AFE456949D">
						<CoverageSubCd>UMSP</CoverageSubCd>
					</CoverageSupplement>
					<CoverageExt id="C9500786665554F59B8E30113EB34ABFE">
						<WBOnsetOffsetPremiumInfo id="W1CD598F0B83F4B24BD935842E2B5A5F0">
							<WBCurrentTermOnsetAmt id="W0953034AC786443C8FB3F6E8C52E1CA3">
								<Amt>102</Amt>
							</WBCurrentTermOnsetAmt>
							<WBCurrentTermOffsetAmt id="WEBFF3A01DE984115BC826898E2298251">
								<Amt>0</Amt>
							</WBCurrentTermOffsetAmt>
						</WBOnsetOffsetPremiumInfo>
						<WBPremiumInfo id="W9641C21DED2C452BB193E3575C856AC7">
							<WBCurrentTermAmt id="W440A93DAE3A34E60A1191D6CDB5D9352">
								<Amt>102</Amt>
								<offset>0</offset>
								<onset>102</onset>
							</WBCurrentTermAmt>
							<WBNetChangeAmt id="WA528D61F748A47008A08D0001C72035D">
								<Amt>102</Amt>
							</WBNetChangeAmt>
							<WBWrittenAmt id="W7FD1ACD72C4C47578D8D9297273E700E">
								<Amt>102</Amt>
							</WBWrittenAmt>
							<WBPriorCurrentTermAmt id="WDC1566F173084CEF8D0082B760DFD6AD">
								<Amt>0</Amt>
							</WBPriorCurrentTermAmt>
							<WBPriorWrittenAmt id="W75AEEE530FB242F2AB5C78B6CF7177DE">
								<Amt>0</Amt>
							</WBPriorWrittenAmt>
							<WBCancelAmt id="WE68B89B7EB874891B10D25A354C4283E">
								<Amt>0</Amt>
							</WBCancelAmt>
						</WBPremiumInfo>
					</CoverageExt>
				</Coverage>
				<Coverage id="C988A378C8B2B48CEB64185F2B34C2EDC">
					<CoverageCd>UNDUM</CoverageCd>
					<Limit id="L5317C0FE154E4A36B1EC62B644780E8D">
						<FormatCurrencyAmt id="F686B9CA8F34F40DFABCC1DD761A16B02">
							<Amt>100000</Amt>
						</FormatCurrencyAmt>
						<LimitAppliesToCd>EachClaim</LimitAppliesToCd>
					</Limit>
					<Limit id="L5647F5BB818447948FBBB32B56881FA2">
						<FormatCurrencyAmt id="FFC012344D32F466495FEB84217222864">
							<Amt>300000</Amt>
						</FormatCurrencyAmt>
						<LimitAppliesToCd>PerAcc</LimitAppliesToCd>
					</Limit>
					<EffectiveDt>2019-10-03</EffectiveDt>
					<ExpirationDt>2020-10-03</ExpirationDt>
					<ProRateFactor>1</ProRateFactor>
					<CoverageSupplement id="C3A273716F4AE49188075C35687C61DDC">
						<CoverageSubCd>UNDMSP</CoverageSubCd>
					</CoverageSupplement>
					<CoverageExt id="CF1623533D2A04004836E23A3921BD2B4">
						<WBOnsetOffsetPremiumInfo id="W5B8560A8D80F447D85D5B7F29E8353EE">
							<WBCurrentTermOnsetAmt id="W1BB92C77582E40358182A1E7116051A8">
								<Amt>28</Amt>
							</WBCurrentTermOnsetAmt>
							<WBCurrentTermOffsetAmt id="W2E27CE0CCAF5491BA8A20FAADAE26C2C">
								<Amt>0</Amt>
							</WBCurrentTermOffsetAmt>
						</WBOnsetOffsetPremiumInfo>
						<WBPremiumInfo id="W5F22F67FE1C84A848D268C586566E748">
							<WBCurrentTermAmt id="WB4C3351F22C846B3A2FEE5AEE3AD7BDE">
								<Amt>28</Amt>
								<offset>0</offset>
								<onset>28</onset>
							</WBCurrentTermAmt>
							<WBNetChangeAmt id="W8A04B9EDEEFE4757906F9F85012A73E1">
								<Amt>28</Amt>
							</WBNetChangeAmt>
							<WBWrittenAmt id="W97A132C3FF304CA98DECF6A3DD61E0F6">
								<Amt>28</Amt>
							</WBWrittenAmt>
							<WBPriorCurrentTermAmt id="WFD9E46E400584700B4CE905F611B43BB">
								<Amt>0</Amt>
							</WBPriorCurrentTermAmt>
							<WBPriorWrittenAmt id="W2915DCC1C4574C3192BB6942F66330F2">
								<Amt>0</Amt>
							</WBPriorWrittenAmt>
							<WBCancelAmt id="WA0D8C7635F294D459FF71FFB8C989C31">
								<Amt>0</Amt>
							</WBCancelAmt>
						</WBPremiumInfo>
					</CoverageExt>
				</Coverage>
				<Coverage id="C629EB869D31F450699C7E3C824FBCCDF">
					<CoverageCd>PIP</CoverageCd>
					<Deductible id="DE2DCAEA87E2B47C19670DEADA23B4E8F">
						<FormatCurrencyAmt id="FC6FB9156169B4781827A86BA8EC12E03">
							<Amt>500</Amt>
						</FormatCurrencyAmt>
						<DeductibleAppliesToCd>CL</DeductibleAppliesToCd>
					</Deductible>
					<Option id="OF5EB4BE02A244C7B8E6F348489BA8218">
						<OptionCd>P</OptionCd>
					</Option>
					<CreditOrSurcharge id="CEC1E0C3B018A41B7BF38F99E27A07983">
						<CreditSurchargeCd>LFREE</CreditSurchargeCd>
						<SecondaryCd>CFAEST</SecondaryCd>
						<WBRatingAppliedInd>0</WBRatingAppliedInd>
					</CreditOrSurcharge>
					<EffectiveDt>2019-10-03</EffectiveDt>
					<ExpirationDt>2020-10-03</ExpirationDt>
					<ProRateFactor>1</ProRateFactor>
					<CoverageSupplement id="C9AFEF8D8FA9348FBA0315E3A2075033E">
						<CoverageSubCd>PIPMED</CoverageSubCd>
					</CoverageSupplement>
					<CoverageExt id="C8E1617904CB2423482813E72D6BB19E2">
						<WBOnsetOffsetPremiumInfo id="WDE749E5DE7B04BBF8421C1862A537AC5">
							<WBCurrentTermOnsetAmt id="W44524A0BBFA6453997703813B7D565EE">
								<Amt>2016</Amt>
							</WBCurrentTermOnsetAmt>
							<WBCurrentTermOffsetAmt id="WD6D13F06167E452892675D85B2C2F089">
								<Amt>0</Amt>
							</WBCurrentTermOffsetAmt>
						</WBOnsetOffsetPremiumInfo>
						<WBPremiumInfo id="W9E15929F3F75436A9D7830FA987C4EA1">
							<WBCurrentTermAmt id="WFAE239BDC2674C8B8E5E4FC41B47142F">
								<Amt>2016</Amt>
								<offset>0</offset>
								<onset>2016</onset>
							</WBCurrentTermAmt>
							<WBNetChangeAmt id="W6FAD2EF64B7E457B88AFA905EDE1B1ED">
								<Amt>2016</Amt>
							</WBNetChangeAmt>
							<WBWrittenAmt id="W2F210509177E4242B4D2C50EB7E33B35">
								<Amt>2016</Amt>
							</WBWrittenAmt>
							<WBPriorCurrentTermAmt id="W14D7F614FFE24BF192C1F1B6DAB3D238">
								<Amt>0</Amt>
							</WBPriorCurrentTermAmt>
							<WBPriorWrittenAmt id="WD516878C33104E06BAE2844CABE7B2C4">
								<Amt>0</Amt>
							</WBPriorWrittenAmt>
							<WBCancelAmt id="W392C988074944033BA2E1B02F728035B">
								<Amt>0</Amt>
							</WBCancelAmt>
						</WBPremiumInfo>
					</CoverageExt>
				</Coverage>
				<Coverage id="CD3A8CE28E598421A9F28FF7E1BBC5A18">
					<CoverageCd>PIP</CoverageCd>
					<Deductible id="D3ACB495B28F742BE81BAE5B2850D4119">
						<FormatCurrencyAmt id="F4077B65A18744E50B666949AB5CED31F">
							<Amt>500</Amt>
						</FormatCurrencyAmt>
						<DeductibleAppliesToCd>CL</DeductibleAppliesToCd>
					</Deductible>
					<CreditOrSurcharge id="C150BC275E9AC47EEA3049B967818906C">
						<CreditSurchargeCd>LFREE</CreditSurchargeCd>
						<SecondaryCd>CFAEST</SecondaryCd>
						<WBRatingAppliedInd>0</WBRatingAppliedInd>
					</CreditOrSurcharge>
					<EffectiveDt>2019-10-03</EffectiveDt>
					<ExpirationDt>2020-10-03</ExpirationDt>
					<ProRateFactor>1</ProRateFactor>
					<CoverageSupplement id="CF2775A0540B146E8AAD219E0950C0CC8">
						<CoverageSubCd>PIPALLOTHER</CoverageSubCd>
					</CoverageSupplement>
					<CoverageExt id="C62461A03A41347C980F85DC182058631">
						<WBOnsetOffsetPremiumInfo id="W9C839BB5C4EE4D1BAAC145F34281CC2F">
							<WBCurrentTermOnsetAmt id="W214BC3A9E42543458DBB8B9C638FD562">
								<Amt>41</Amt>
							</WBCurrentTermOnsetAmt>
							<WBCurrentTermOffsetAmt id="W6648B4F5F70B41AE87746282A480DCD6">
								<Amt>0</Amt>
							</WBCurrentTermOffsetAmt>
						</WBOnsetOffsetPremiumInfo>
						<WBPremiumInfo id="WE55941FC21D44517B586C9AC9F8856F6">
							<WBCurrentTermAmt id="WC9F1AF16E22E4ACBA9B2413325C0DD7E">
								<Amt>41</Amt>
							</WBCurrentTermAmt>
							<WBNetChangeAmt id="W382BF64566624DF1ACD14166267F1457">
								<Amt>0</Amt>
							</WBNetChangeAmt>
							<WBWrittenAmt id="W457DB35890974B7882C7B78B860608B4">
								<Amt>41</Amt>
							</WBWrittenAmt>
							<WBPriorCurrentTermAmt id="W90A81A6F75FF408B86E71F714FEC6E17">
								<Amt>0</Amt>
							</WBPriorCurrentTermAmt>
							<WBPriorWrittenAmt id="W3158C166276046DD9A76783399D3A819">
								<Amt>0</Amt>
							</WBPriorWrittenAmt>
							<WBCancelAmt id="W30C95C5D952F4264BE98852E9355805A">
								<Amt>0</Amt>
							</WBCancelAmt>
						</WBPremiumInfo>
					</CoverageExt>
				</Coverage>
				<Coverage id="C8B3528B1F5CD463899E4C273EDCD47F0">
					<CoverageCd>PPI</CoverageCd>
					<Limit id="L41B7AA163B734016B015B3E41A57D662">
						<FormatCurrencyAmt id="F3B67392E19DE484E892FDCCA36CB6F76">
							<Amt>1000000</Amt>
						</FormatCurrencyAmt>
						<LimitAppliesToCd>PerAcc</LimitAppliesToCd>
					</Limit>
					<EffectiveDt>2019-10-03</EffectiveDt>
					<ExpirationDt>2020-10-03</ExpirationDt>
					<ProRateFactor>1</ProRateFactor>
					<CoverageSupplement id="C7775ED0B2E3F41BAB52DB8980205CA36">
						<CoverageSubCd>PPI</CoverageSubCd>
					</CoverageSupplement>
					<CoverageExt id="C9D8630C1A7AB46CDB29F8441DBF4FF52">
						<WBOnsetOffsetPremiumInfo id="W255E43B024074D3196D3E5C392C8859B">
							<WBCurrentTermOnsetAmt id="W49A52234158C43679E966076D7B1677C">
								<Amt>3</Amt>
							</WBCurrentTermOnsetAmt>
							<WBCurrentTermOffsetAmt id="W6FC3D5382F8C48F38D6E08ECE06582E1">
								<Amt>0</Amt>
							</WBCurrentTermOffsetAmt>
						</WBOnsetOffsetPremiumInfo>
						<WBPremiumInfo id="W7B06F173D8E74BD2BFAD217006E4A51C">
							<WBCurrentTermAmt id="W5E36C027E33140B8B5DEF64130710E72">
								<Amt>3</Amt>
								<offset>0</offset>
								<onset>3</onset>
							</WBCurrentTermAmt>
							<WBNetChangeAmt id="W1DB67804A3574732B11D6BE762B887A0">
								<Amt>3</Amt>
							</WBNetChangeAmt>
							<WBWrittenAmt id="W93AB7276D77F45D4AF8AE80F1A8546BC">
								<Amt>3</Amt>
							</WBWrittenAmt>
							<WBPriorCurrentTermAmt id="WAFDE5E6446654378B35754BCD344B9ED">
								<Amt>0</Amt>
							</WBPriorCurrentTermAmt>
							<WBPriorWrittenAmt id="WE9A4FD02FEE44D9295F4AF816E0E1A7B">
								<Amt>0</Amt>
							</WBPriorWrittenAmt>
							<WBCancelAmt id="W21A44C9D0F124BDD87B42EE612DA805B">
								<Amt>0</Amt>
							</WBCancelAmt>
						</WBPremiumInfo>
					</CoverageExt>
				</Coverage>
				<Coverage id="CC466FEB7589248FDABBAE89A00490F04">
					<CoverageCd>MCCA</CoverageCd>
					<CoverageTypeCd>Coverage</CoverageTypeCd>
					<EffectiveDt>2019-10-03</EffectiveDt>
					<ExpirationDt>2020-10-03</ExpirationDt>
					<ProRateFactor>1</ProRateFactor>
					<CoverageSupplement id="C65A3A2002FF9488893F1AABC5C2670D0">
						<CoverageSubCd>PIPMCCA</CoverageSubCd>
					</CoverageSupplement>
					<CoverageExt id="C70910BE666E8483DB1390C3029400E47">
						<WBOnsetOffsetPremiumInfo id="W80845A501AA446A99E1FC67B2CC89432">
							<WBCurrentTermOnsetAmt id="WCA970561B9024EB0A01EF6C71AFAEE4D">
								<Amt>228</Amt>
							</WBCurrentTermOnsetAmt>
							<WBCurrentTermOffsetAmt id="WF2E6447CB35D413EB21EF14847CBD8FF">
								<Amt>0</Amt>
							</WBCurrentTermOffsetAmt>
						</WBOnsetOffsetPremiumInfo>
						<WBPremiumInfo id="W9880E575677840EA822BCFCC51D2B101">
							<WBCurrentTermAmt id="W4674B708EA6B4DBABF4F466CB7B3ECAF">
								<Amt>228.00</Amt>
								<offset>0</offset>
								<onset>228</onset>
							</WBCurrentTermAmt>
							<WBNetChangeAmt id="W1277E8D3579749F3B69D00391D9FE4E6">
								<Amt>228</Amt>
							</WBNetChangeAmt>
							<WBWrittenAmt id="W09BC3860F50945C294DC5D327FC201A8">
								<Amt>228</Amt>
							</WBWrittenAmt>
							<WBPriorCurrentTermAmt id="W2A53EA5BA4484EEB93D27F0460D142B3">
								<Amt>0</Amt>
							</WBPriorCurrentTermAmt>
							<WBPriorWrittenAmt id="W282F409BE38E41919822CC0736737541">
								<Amt>0</Amt>
							</WBPriorWrittenAmt>
							<WBCancelAmt id="W7214344B5FA449B1A119AB0526D2D802">
								<Amt>0</Amt>
							</WBCancelAmt>
						</WBPremiumInfo>
					</CoverageExt>
				</Coverage>
				<CreditOrSurcharge id="C105F3EC60DEF4FE9835DD141CBB001BC">
					<SecondaryCd>AHS</SecondaryCd>
					<WBRatingAppliedInd>0</WBRatingAppliedInd>
				</CreditOrSurcharge>
				<CreditOrSurcharge id="C09641E527E1546CA96ECA764CDF5C425">
					<SecondaryCd>AOM</SecondaryCd>
					<WBRatingAppliedInd>0</WBRatingAppliedInd>
				</CreditOrSurcharge>
				<CreditOrSurcharge id="CFE18A65E620B40E49174A33BCC154191">
					<SecondaryCd>BWS</SecondaryCd>
					<WBRatingAppliedInd>0</WBRatingAppliedInd>
				</CreditOrSurcharge>
				<CreditOrSurcharge id="C26F2BBE105014CCC85234D9EBCF02EEF">
					<SecondaryCd>DFSS</SecondaryCd>
					<WBRatingAppliedInd>0</WBRatingAppliedInd>
				</CreditOrSurcharge>
				<CreditOrSurcharge id="CD4A230BB44E24F41AD62F02EFE5B3D54">
					<SecondaryCd>FCA</SecondaryCd>
					<WBRatingAppliedInd>0</WBRatingAppliedInd>
				</CreditOrSurcharge>
				<CreditOrSurcharge id="CD34261FDC8244A7AB9A16A8998B06AD1">
					<WBRatingAppliedInd>0</WBRatingAppliedInd>
					<SecondaryCd />
				</CreditOrSurcharge>
				<CreditOrSurcharge id="C2788B1135FBD4E8DBABA6D4A364B4238">
					<SecondaryCd>SDD</SecondaryCd>
					<WBRatingAppliedInd>0</WBRatingAppliedInd>
				</CreditOrSurcharge>
				<CreditOrSurcharge id="CFD78C75967F84A4A97087C5C496FD155">
					<WBRatingAppliedInd>0</WBRatingAppliedInd>
					<SecondaryCd />
				</CreditOrSurcharge>
				<CreditOrSurcharge id="C5E466D0D3F954FDE85BDF8B1CF545CDC">
					<WBRatingAppliedInd>0</WBRatingAppliedInd>
					<SecondaryCd />
				</CreditOrSurcharge>
				<CreditOrSurcharge id="C80A1BBC572A04FDA8B160A5483D549F2">
					<WBRatingAppliedInd>0</WBRatingAppliedInd>
					<SecondaryCd />
				</CreditOrSurcharge>
				<CreditOrSurcharge id="CBC850BE4228F41AD91A28A5FCAA99FC2">
					<WBRatingAppliedInd>0</WBRatingAppliedInd>
					<SecondaryCd />
				</CreditOrSurcharge>
				<CreditOrSurcharge id="CF1EA94E3D5ED46258FCA2D6149DEEA01">
					<SecondaryCd>PU</SecondaryCd>
					<WBRatingAppliedInd>0</WBRatingAppliedInd>
				</CreditOrSurcharge>
				<ComprehensiveOTCSymbolCd>21</ComprehensiveOTCSymbolCd>
				<CollisionSymbolCd>23</CollisionSymbolCd>
				<QuestionAnswer id="Q8C1858C513424A588C8CE3F9F9644BCA">
					<QuestionCd>VEH02</QuestionCd>
					<YesNoCd>DRV</YesNoCd>
					<Explanation>1100</Explanation>
				</QuestionAnswer>
				<QuestionAnswer id="QB55820E4EE68454DA5D740E6CAB266C9">
					<QuestionCd>VEH01</QuestionCd>
					<YesNoCd>YES</YesNoCd>
					<Explanation>dsfs</Explanation>
				</QuestionAnswer>
				<VehicleExt id="V614D6394EA734B47903649FD1C43747B">
					<ClassCode>1133</ClassCode>
					<WBMileage id="WB61F1F1C1B9F43E6A284A5691BEEA48A">
						<WBRatedAnnualMileage>13679</WBRatedAnnualMileage>
						<WBAnnualMileageMAMCd>E</WBAnnualMileageMAMCd>
					</WBMileage>
					<WBISOBodyStyleDesc>Utility Vehicle - Two-Wheel Drive 4-Door</WBISOBodyStyleDesc>
					<WBFinancialResponsibilityCnt>0</WBFinancialResponsibilityCnt>
					<WBRiskTerm id="W18F3EFF1111D4B20A89B0E119848AE9B">
						<WBRiskEffectiveDt>2019-10-03</WBRiskEffectiveDt>
						<WBRiskExpirationDt>2020-10-03</WBRiskExpirationDt>
					</WBRiskTerm>
					<WBSubtotalInfo id="W958AAB1F65074ABCB22EC1D54902E51A">
						<WBSubtotalInfoTypeCd>CFA</WBSubtotalInfoTypeCd>
						<WBCurrentTermAmt id="WDAD35F39EF4844548439E47018D1B727">
							<Amt>82</Amt>
						</WBCurrentTermAmt>
					</WBSubtotalInfo>
					<WBSubtotalInfo id="W7217B0F74C3F4C329DE539BDC02815AA">
						<WBSubtotalInfoTypeCd>VEH</WBSubtotalInfoTypeCd>
						<WBCurrentTermAmt id="W6547C158566F4EC4836176B9533CD954">
							<Amt>2770</Amt>
						</WBCurrentTermAmt>
					</WBSubtotalInfo>
					<WBVehicleAge>0</WBVehicleAge>
					<WBThirdPartyReport id="W9FE0538118F24A5280B44919764FF689">
						<WBReportTypeCd>VINMASTER</WBReportTypeCd>
						<WBReportOrderStatus>Returned</WBReportOrderStatus>
					</WBThirdPartyReport>
					<WBPremiumInfo id="WF6FEB2FC2DD540048F18450FF3B928CF">
						<WBCurrentTermAmt id="WB8275E380D3E451F9952EA1B4683CDA6">
							<Amt>2992</Amt>
						</WBCurrentTermAmt>
						<WBNetChangeAmt id="WB2E73ACD002D44DB8EF51CB370FD4294">
							<Amt>2992</Amt>
						</WBNetChangeAmt>
						<WBWrittenAmt id="W561F4ADF84BC4C7CBE0894EF329E6A7A">
							<Amt>2992</Amt>
						</WBWrittenAmt>
					</WBPremiumInfo>
					<WBOverrideInfo id="WE315C8D591A841A7BFB7D1E49C6D892B">
						<WBOverrideType>P</WBOverrideType>
						<WBOverrideCategory>Symbol</WBOverrideCategory>
						<WBOverrideCd>BIPD</WBOverrideCd>
						<WBOverrideValue>false</WBOverrideValue>
					</WBOverrideInfo>
					<WBOverrideInfo id="WA904540116B047698628B95E107269C1">
						<WBOverrideType>T</WBOverrideType>
						<WBOverrideCategory>Symbol</WBOverrideCategory>
						<WBOverrideCd>BIPD</WBOverrideCd>
						<WBOverrideValue>false</WBOverrideValue>
					</WBOverrideInfo>
					<WBOverrideInfo id="WE5AA0F219E3A4FCABBFA47A1552EA6BB">
						<WBOverrideType>P</WBOverrideType>
						<WBOverrideCategory>Symbol</WBOverrideCategory>
						<WBOverrideCd>MedPIP</WBOverrideCd>
						<WBOverrideValue>false</WBOverrideValue>
					</WBOverrideInfo>
					<WBOverrideInfo id="W8162F11873864026B1D006E354718D1A">
						<WBOverrideType>T</WBOverrideType>
						<WBOverrideCategory>Symbol</WBOverrideCategory>
						<WBOverrideCd>MedPIP</WBOverrideCd>
						<WBOverrideValue>false</WBOverrideValue>
					</WBOverrideInfo>
					<WBOverrideInfo id="W09A70D5AE4044968A37405A8D332A1D8">
						<WBOverrideType>P</WBOverrideType>
						<WBOverrideCategory>Symbol</WBOverrideCategory>
						<WBOverrideCd>COLL</WBOverrideCd>
						<WBOverrideValue>false</WBOverrideValue>
					</WBOverrideInfo>
					<WBOverrideInfo id="WF307B846849548F48CAC989B72816E0A">
						<WBOverrideType>T</WBOverrideType>
						<WBOverrideCategory>Symbol</WBOverrideCategory>
						<WBOverrideCd>COLL</WBOverrideCd>
						<WBOverrideValue>false</WBOverrideValue>
					</WBOverrideInfo>
					<WBOverrideInfo id="WD84CB1DE15EE4795A82A3D721CAC1BC6">
						<WBOverrideType>P</WBOverrideType>
						<WBOverrideCategory>Symbol</WBOverrideCategory>
						<WBOverrideCd>OTC</WBOverrideCd>
						<WBOverrideValue>false</WBOverrideValue>
					</WBOverrideInfo>
					<WBOverrideInfo id="W9A44B43ABBD342AC833689B8908C2326">
						<WBOverrideType>T</WBOverrideType>
						<WBOverrideCategory>Symbol</WBOverrideCategory>
						<WBOverrideCd>OTC</WBOverrideCd>
						<WBOverrideValue>false</WBOverrideValue>
					</WBOverrideInfo>
					<WBOnsetOffsetPremiumInfo id="W7BAF3CCAE0404521883AA9C666986590">
						<WBCurrentTermOnsetAmt id="W8AB33A2046444CE2A27C6FF6014B631B">
							<Amt />
						</WBCurrentTermOnsetAmt>
						<WBCurrentTermOffsetAmt id="W2912820553924CBF80CC9037554FC877">
							<Amt />
						</WBCurrentTermOffsetAmt>
					</WBOnsetOffsetPremiumInfo>
					<WBAdaptiveHeadlightSystemInd>0</WBAdaptiveHeadlightSystemInd>
					<WBAutonomousOperationsModeInd>0</WBAutonomousOperationsModeInd>
					<WBBackupWarningSystemInd>0</WBBackupWarningSystemInd>
					<WBBlindSpotLaneOrDepartureMonitoringCd />
					<WBDriverFatigueSensingSystemInd>0</WBDriverFatigueSensingSystemInd>
					<WBForwardCrashAvoidanceCd />
					<Form id="FC8A7A5E66585469C95ABC6FAC5A9DE0D">
						<FormNumber>PP0001Q</FormNumber>
						<EditionDt>2019-01-01</EditionDt>
						<FormName>Personal Auto Policy</FormName>
						<EffectiveDt>2019-10-03</EffectiveDt>
					</Form>
					<Form id="F2BB8B50A3B7A49F8BB73942EA50E6391">
						<FormNumber>PP0180Q</FormNumber>
						<EditionDt>2019-01-01</EditionDt>
						<FormName>Amendment of Policy Provisions - Michigan</FormName>
						<EffectiveDt>2019-10-03</EffectiveDt>
					</Form>
					<Form id="F481417F2DEFB45F4A639827E6C91B007">
						<FormNumber>PP0280Q</FormNumber>
						<EditionDt>2019-01-01</EditionDt>
						<FormName>Termination Provisions - Michigan</FormName>
						<EffectiveDt>2019-10-03</EffectiveDt>
					</Form>
					<Form id="F764FEED5691146238E1DCF5FBF7A2624">
						<FormNumber>PP0401Q</FormNumber>
						<EditionDt>2019-01-01</EditionDt>
						<FormName>Uninsured Motorists Limits</FormName>
						<EffectiveDt>2019-10-03</EffectiveDt>
					</Form>
					<Form id="FAB378F9171764C22A8E33FBF8F7BE571">
						<FormNumber>PP0402Q</FormNumber>
						<EditionDt>2019-01-01</EditionDt>
						<FormName>Underinsured Motorists Limit</FormName>
						<EffectiveDt>2019-10-03</EffectiveDt>
					</Form>
					<Form id="F8B238F560D9342EBB6544D2E880A9B49">
						<FormNumber>PP0590Q</FormNumber>
						<EditionDt>2019-01-01</EditionDt>
						<FormName>Personal Injury Protection Coverage - Michigan</FormName>
						<EffectiveDt>2019-10-03</EffectiveDt>
					</Form>
					<Form id="F6525BC0FA13C4B1EA10A8CBD48BEDCFB">
						<FormNumber>PP0591Q</FormNumber>
						<EditionDt>2019-01-01</EditionDt>
						<FormName>Property Protection Coverage - Michigan</FormName>
						<EffectiveDt>2019-10-03</EffectiveDt>
					</Form>
				</VehicleExt>
			</Vehicle>
			<QuestionAnswer id="QE741B4A5444E4273BFA5FA1C86342AD5">
				<QuestionCd>AUTOP03</QuestionCd>
				<YesNoCd>NO</YesNoCd>
			</QuestionAnswer>
			<QuestionAnswer id="QD9855495B24541F999A6C1B1AD4DF277">
				<QuestionCd>VEH03</QuestionCd>
				<YesNoCd>NO</YesNoCd>
			</QuestionAnswer>
			<QuestionAnswer id="Q51BDBF25945E4920911F2E22F1828392">
				<QuestionCd>VEH04</QuestionCd>
				<YesNoCd>NO</YesNoCd>
			</QuestionAnswer>
			<PersAutoLineBusinessExt id="PA1886010296343A38AF15CEF20F056B7">
				<WBSubtotalInfo id="W493593AF0F494008A8D12F5BAEAD4BDC">
					<WBSubtotalInfoTypeCd>CFA</WBSubtotalInfoTypeCd>
					<WBCurrentTermAmt id="WA07E973B4B2E4FFB9A37D25006B344BA">
						<Amt>82</Amt>
					</WBCurrentTermAmt>
				</WBSubtotalInfo>
				<WBPermissiveUseCnt>0</WBPermissiveUseCnt>
				<WBPremiumInfo id="W851C54021E8249E6AB4A2F193EF61DB4">
					<WBCurrentTermAmt id="WF86B8DF75239477B98BBA64AFE2DCF60">
						<Amt>2992</Amt>
					</WBCurrentTermAmt>
					<WBNetChangeAmt id="WCD08283566A4491CA5F44741DAEEA18A">
						<Amt>2992</Amt>
					</WBNetChangeAmt>
					<WBWrittenAmt id="W5A5EF23096254AFE8610FD7594D45820">
						<Amt>2992</Amt>
					</WBWrittenAmt>
				</WBPremiumInfo>
				<WBWorkLossDeclineIndicator>0</WBWorkLossDeclineIndicator>
				<WBOnsetOffsetPremiumInfo id="W5B80454C5AF94C4BB3377E112A407368">
					<WBCurrentTermOnsetAmt id="W338187FF87C648BE9F09D2646700D188">
						<Amt />
					</WBCurrentTermOnsetAmt>
					<WBCurrentTermOffsetAmt id="WE48FAC8589BF4C09A3CA1B55B46076E8">
						<Amt />
					</WBCurrentTermOffsetAmt>
				</WBOnsetOffsetPremiumInfo>
			</PersAutoLineBusinessExt>
		</PersAutoLineBusiness>
		<PolicyExt id="P0937F722DB564F719D9259F40CC46E0B">
			<AutoCompositionFactorCd>P</AutoCompositionFactorCd>
			<WBTransactionStatusDesc>Committed</WBTransactionStatusDesc>
			<WBQuoteStatusDesc>Issued</WBQuoteStatusDesc>
			<CreditOrSurcharge id="C74603E1CE63A4C79BE7B4CF97DAF5037">
				<SecondaryCd>HCD</SecondaryCd>
				<WBRatingAppliedInd>1</WBRatingAppliedInd>
			</CreditOrSurcharge>
			<CreditOrSurcharge id="CC4F20C93360244138B2CF1DD8700749C">
				<WBRatingAppliedInd>1</WBRatingAppliedInd>
				<SecondaryCd />
			</CreditOrSurcharge>
			<WBHouseholdCompositionInd>0</WBHouseholdCompositionInd>
			<WBSubtotalInfo id="WA5B554E749FF439AB5C35186610C41D3">
				<WBSubtotalInfoTypeCd>CFA</WBSubtotalInfoTypeCd>
				<WBCurrentTermAmt id="W6016BAEDF0674E6796B4B43DAB44F5F6">
					<Amt>773.72</Amt>
				</WBCurrentTermAmt>
			</WBSubtotalInfo>
			<WBPolicyAge>0</WBPolicyAge>
			<WBPremiumInfo id="WE93B40F2A8C44F29A496D88BC6399CC5">
				<WBCurrentTermAmt id="W6F384C8F6C2D4540992484DEBD47A9FA">
					<Amt>2992</Amt>
				</WBCurrentTermAmt>
				<WBNetChangeAmt id="W6F9F866A76484C6E8E549292A10F2D10">
					<Amt>15095</Amt>
				</WBNetChangeAmt>
				<WBWrittenAmt id="W7CC1652A6F0945B7907A0064BE99DE10">
					<Amt>15095</Amt>
				</WBWrittenAmt>
			</WBPremiumInfo>
			<WBOnsetOffsetPremiumInfo id="W175472C70FD848C88BD1F428BA6F3A10">
				<WBCurrentTermOnsetAmt id="W3C3CFC8E78DF45A0969EA04F5D92DA65">
					<Amt />
				</WBCurrentTermOnsetAmt>
				<WBCurrentTermOffsetAmt id="W4FCE07857DDA447E99CFC231C2D25FD4">
					<Amt />
				</WBCurrentTermOffsetAmt>
			</WBOnsetOffsetPremiumInfo>
			<WBAssocGroupType />
		</PolicyExt>
		<CustomerServicingCd />
		<NAICCd>15350</NAICCd>
		<Form id="F90D37F62AD164B16A916DEAD10C5456D">
			<FormNumber>DC877B</FormNumber>
			<EditionDt>2019-01-01</EditionDt>
			<FormName>Consumer Report Disclosure Notice</FormName>
			<EffectiveDt>2019-10-03</EffectiveDt>
		</Form>
		<Form id="F0A66B587E65145108A41C4D5A13B7B42">
			<FormNumber>DC2177</FormNumber>
			<EditionDt>2019-01-01</EditionDt>
			<FormName>Membership and Voting Rights Notice</FormName>
			<EffectiveDt>2019-10-03</EffectiveDt>
		</Form>
		<Form id="F8511AB1AE84B453698BB97AC448AB6FD">
			<FormNumber>DC249</FormNumber>
			<EditionDt>2019-01-01</EditionDt>
			<FormName>Coordination of Deductible Clause</FormName>
			<EffectiveDt>2019-10-03</EffectiveDt>
		</Form>
		<Form id="FE558A685B146416C99945E101F9D80FD">
			<FormNumber>DC1188</FormNumber>
			<EditionDt>2019-01-01</EditionDt>
			<FormName>West Bend Privacy Statement</FormName>
			<EffectiveDt>2019-10-03</EffectiveDt>
		</Form>
		<Form id="F677A8F370E7B4FC8A72DA011EC68A541">
			<FormNumber>DC1491</FormNumber>
			<EditionDt>2019-01-01</EditionDt>
			<FormName>Payment Plan Options</FormName>
			<EffectiveDt>2019-10-03</EffectiveDt>
		</Form>
	</Policy>
</PolicyRs>