{
    "swagger": "2.0",
    "info": {
        "title": "Commercial-AcordSubmission",
        "version": "1.0"
    },
    "host": "dev-api.wbmi.com",
    "basePath": "/commercial/acord",
    "schemes": [
        "https"
    ],
    "securityDefinitions": {
        "apiKeyHeader": {
            "type": "apiKey",
            "name": "Ocp-Apim-Subscription-Key",
            "in": "header"
        },
        "apiKeyQuery": {
            "type": "apiKey",
            "name": "subscription-key",
            "in": "query"
        }
    },
    "security": [
        {
            "apiKeyHeader": []
        },
        {
            "apiKeyQuery": []
        }
    ],
    "x-servers": [
        {
            "url": "https://dev-api.wbmi.com"
        },
        {
            "url": "https://wbmi-dev-api-northcentralus-01.regional.azure-api.net"
        }
    ],
  "paths": {
    "/submit": {
      "post": {
        "description": "Submit",
        "operationId": "submit",
        "summary": "submit",
        "parameters": [
          {
            "name": "Content-Type",
            "in": "header",
            "description": "",
            "type": "string",
            "enum": [
              "text/xml; charset=UTF-8"
            ]
          },
          {
            "name": "body",
            "in": "body",
            "schema": {
              "$ref": "#/definitions/Body"
            }
          }
        ],
        "consumes": [
          "text/xml"
        ],
        "responses": {}
      }
    },
    "/direct/insert": {
      "post": {
        "description": "Insert into AcordXMLStorage table",
        "operationId": "direct-storage-insert",
        "summary": "direct-storage-insert",
        "parameters": [
          {
            "name": "timeout",
            "in": "query",
            "type": "string",
            "enum": [
              "30"
            ]
          },
          {
            "name": "Content-Type",
            "in": "header",
            "required": true,
            "type": "string",
            "enum": [
              "application/json"
            ]
          },
          {
            "name": "acordXMLStorage-input-schema",
            "in": "body",
            "schema": {
              "$ref": "#/definitions/AcordXMLStorage-input-schema"
            }
          }
        ],
        "consumes": [
          "application/json"
        ],
        "responses": {
          "200": {
            "description": ""
          }
        }
      }
    },
    "/lookup": {
      "get": {
        "description": "Storage-Lookup",
        "operationId": "storage-lookup",
        "summary": "storage-lookup",
        "tags": [
          "CommercialLines"
        ],
        "parameters": [
          {
            "name": "$filter",
            "in": "query",
            "type": "string",
            "default": "RowKey eq 'SleezerYouthHome' and PartitionKey eq 'Acord.Turnstile'",
            "enum": [
              "RowKey eq 'SleezerYouthHome' and PartitionKey eq 'Acord.Turnstile'"
            ]
          }
        ],
        "responses": {}
      }
    },
    "/querysubmissions": {
      "post": {
        "description": "Query the submission table",
        "operationId": "query-submission-table",
        "summary": "query-submission-table",
        "parameters": [
          {
            "name": "Content-Type",
            "in": "header",
            "description": "",
            "type": "string",
            "enum": [
              "text/xml; charset=UTF-8"
            ]
          },
          {
            "name": "body",
            "in": "body",
            "schema": {
              "$ref": "#/definitions/Body"
            }
          }
        ],
        "consumes": [
          "text/xml"
        ],
        "responses": {}
      }
    },
    "/duckxmlretrieve": {
      "post": {
        "description": "Query the submission table",
        "operationId": "duck-xml-retrieve",
        "summary": "duck-xml-retrieve",
        "parameters": [
          {
            "name": "Content-Type",
            "in": "header",
            "description": "",
            "type": "string",
            "enum": [
              "text/xml; charset=UTF-8"
            ]
          },
          {
            "name": "body",
            "in": "body",
            "schema": {
              "$ref": "#/definitions/Body"
            }
          }
        ],
        "consumes": [
          "text/xml"
        ],
        "responses": {}
      }
    },
    "/validationerrorsretrieve/{type}/{rowkey}": {
      "get": {
        "description": "Retrieves HTML formatted validation import errors using a function app back end",
        "operationId": "validation-errors-retrieve",
        "summary": "validation-errors-retrieve",
        "parameters": [
          {
            "name": "type",
            "in": "path",
            "required": true,
            "type": "string"
          },
          {
            "name": "rowkey",
            "in": "path",
            "required": true,
            "type": "string"
          }
        ],
        "responses": {}
      }
      },
      "/retrieveconfidenceindex/{rowkey}": {
        "get": {
          "description": "Retrieves confidence index from table storage",
          "operationId": "retrieve-confidence-index",
          "summary": "retrieve-confidence-index",
          "parameters": [
            {
              "name": "rowkey",
              "in": "path",
              "required": true,
              "type": "string"
            }
          ],
          "responses": {}
        }
      }
  },
    "definitions": {
        "Body": {
            "example": "<?xml version=\"1.0\" encoding=\"UTF-8\"?>\n<FormServerResponse>\n  <Status>\n    <StatusCode>0</StatusCode>\n    <StatusDesc>Success</StatusDesc>\n    <ConfidenceIndex>B</ConfidenceIndex>\n    <Messages>\n      <Message severity=\"Success\">\n        <StatusCode>0</StatusCode>\n        <PageNumber>1</PageNumber>\n        <FileName>1_Businessowners_ACORD_160.pdf</FileName>\n        <LayoutFileId>ACORD_160_2006_08</LayoutFileId>\n        <LayoutPageId>page1_BUSINESS_OWNERS_APPLICATION</LayoutPageId>\n        <LayoutIdentiferText />\n        <Text>Page Successfully Processed</Text>\n      </Message>\n      <Message severity=\"Success\">\n        <StatusCode>0</StatusCode>\n        <PageNumber>2</PageNumber>\n        <FileName>1_Businessowners_ACORD_160.pdf</FileName>\n        <LayoutFileId>ACORD_160_2006_08</LayoutFileId>\n        <LayoutPageId>page2_PRIOR_POLICY(IES)_LOSS HISTORY</LayoutPageId>\n        <LayoutIdentiferText />\n        <Text>Page Successfully Processed</Text>\n      </Message>\n      <Message severity=\"Success\">\n        <StatusCode>0</StatusCode>\n        <PageNumber>3</PageNumber>\n        <FileName>1_Businessowners_ACORD_160.pdf</FileName>\n        <LayoutFileId>ACORD_160_2006_08</LayoutFileId>\n        <LayoutPageId>page3_PREMISES</LayoutPageId>\n        <LayoutIdentiferText />\n        <Text>Page Successfully Processed</Text>\n      </Message>\n      <Message severity=\"Success\">\n        <StatusCode>0</StatusCode>\n        <PageNumber>4</PageNumber>\n        <FileName>1_Businessowners_ACORD_160.pdf</FileName>\n        <LayoutFileId>ACORD_160_2006_08</LayoutFileId>\n        <LayoutPageId>page4_APARTMENTS_AND_CONDOMINIUMS</LayoutPageId>\n        <LayoutIdentiferText />\n        <Text>Page Successfully Processed</Text>\n      </Message>\n    </Messages>\n  </Status>\n  <ProcessSummary>\n    <TransactionID>ac3e8ecc-6dd1-4a54-8851-5b94ebf8bf36</TransactionID>\n    <ProductVersion>2.06.3.00091</ProductVersion>\n    <RequestDate>2019-04-05</RequestDate>\n    <ProcessingTime>30 sec</ProcessingTime>\n    <FileSize>267516 bytes</FileSize>\n    <ExtractionTechnique>OCR</ExtractionTechnique>\n  </ProcessSummary>\n  <ProcessDetails>\n    <LOBCd>BOP</LOBCd>\n    <FilesReceivedCnt>1</FilesReceivedCnt>\n    <PagesReceivedCnt>4</PagesReceivedCnt>\n    <PagesProcessedCnt>4</PagesProcessedCnt>\n    <FormsProcessedCnt>1</FormsProcessedCnt>\n    <Forms>\n      <Form>\n        <FormName>ACORD_160_2006_08</FormName>\n        <TotalFields>552</TotalFields>\n        <FieldsWithData>93</FieldsWithData>\n        <RateBearingFields>0</RateBearingFields>\n        <RateBearingFieldsWithData>0</RateBearingFieldsWithData>\n      </Form>\n    </Forms>\n  </ProcessDetails>\n  <ReturnPayload>\n    <ACORD>\n      <SignonRq>\n        <SessKey>ac3e8ecc-6dd1-4a54-8851-5b94ebf8bf36</SessKey>\n        <ClientDt>2019-04-05 10:03:32</ClientDt>\n        <CustLangPref>en-US</CustLangPref>\n        <ClientApp>\n          <Org>Agencyport Software</Org>\n          <Name>Turnstile</Name>\n          <Version>2.06.3.00091</Version>\n        </ClientApp>\n      </SignonRq>\n      <InsuranceSvcRq>\n        <RqUID>ACF4ACED-CCFC-52EF-841B-16B53FB497BD</RqUID>\n        <ItemIdInfo>\n          <OtherIdentifier>\n            <UID>ACF4ACED-CCFC-52EF-841B-16B53FB497BD</UID>\n          </OtherIdentifier>\n        </ItemIdInfo>\n        <BOPPolicyQuoteInqRq>\n          <RqUID name=\"\" pageNum=\"0\" coordinates=\"\">9D3CB0E4-87E7-1617-2CC8-C436BDFF1AB5</RqUID>\n          <ItemIdInfo>\n            <OtherIdentifier>\n              <UID name=\"\" pageNum=\"0\" coordinates=\"\">9D3CB0E4-87E7-1617-2CC8-C436BDFF1AB5</UID>\n            </OtherIdentifier>\n          </ItemIdInfo>\n          <TransactionRequestDt />\n          <TransactionEffectiveDt name=\"\" pageNum=\"0\" coordinates=\"\">2019-04-05</TransactionEffectiveDt>\n          <CurCd name=\"\" pageNum=\"0\" coordinates=\"\">USD</CurCd>\n          <Producer>\n            <GeneralPartyInfo>\n              <NameInfo>\n                <CommlName>\n                  <CommercialName name=\"Form.Agency.Address\" pageNum=\"0\" fileName=\"1_Businessowners_ACORD_160.pdf\" value=\"Independent Insurance Services 11 E Church Street Marshalltown, IA 50158\" type=\"any\" score=\"8.59\" combinedImageCoordinates=\"x:10, y:190, width:710, height:166\" coordinates=\"x:62, y:260, width:901, height:190\">Independent Insurance Services</CommercialName>\n                </CommlName>\n              </NameInfo>\n              <Addr>\n                <Addr1 name=\"Form.Agency.Address\" pageNum=\"0\" fileName=\"1_Businessowners_ACORD_160.pdf\" value=\"Independent Insurance Services 11 E Church Street Marshalltown, IA 50158\" type=\"any\" score=\"8.59\" combinedImageCoordinates=\"x:10, y:190, width:710, height:166\" coordinates=\"x:62, y:260, width:901, height:190\">11 E Church Street</Addr1>\n                <City name=\"Form.Agency.Address\" pageNum=\"0\" fileName=\"1_Businessowners_ACORD_160.pdf\" value=\"Independent Insurance Services 11 E Church Street Marshalltown, IA 50158\" type=\"any\" score=\"8.59\" combinedImageCoordinates=\"x:10, y:190, width:710, height:166\" coordinates=\"x:62, y:260, width:901, height:190\">Marshalltown</City>\n                <StateProvCd name=\"Form.Agency.Address\" pageNum=\"0\" fileName=\"1_Businessowners_ACORD_160.pdf\" value=\"Independent Insurance Services 11 E Church Street Marshalltown, IA 50158\" type=\"any\" score=\"8.59\" combinedImageCoordinates=\"x:10, y:190, width:710, height:166\" coordinates=\"x:62, y:260, width:901, height:190\">IA</StateProvCd>\n                <PostalCode name=\"Form.Agency.Address\" pageNum=\"0\" fileName=\"1_Businessowners_ACORD_160.pdf\" value=\"Independent Insurance Services 11 E Church Street Marshalltown, IA 50158\" type=\"any\" score=\"8.59\" combinedImageCoordinates=\"x:10, y:190, width:710, height:166\" coordinates=\"x:62, y:260, width:901, height:190\">50158</PostalCode>\n              </Addr>\n              <Communications>\n                <PhoneInfo>\n                  <PhoneTypeCd>Phone</PhoneTypeCd>\n                  <PhoneNumber name=\"Form.Agency.Phone\" pageNum=\"0\" fileName=\"1_Businessowners_ACORD_160.pdf\" value=\"(641)752-4618\" type=\"line\" score=\"7.00\" combinedImageCoordinates=\"x:2237, y:5, width:229, height:60\" coordinates=\"x:418, y:166, width:545, height:44\">+1-641-7524618</PhoneNumber>\n                </PhoneInfo>\n                <PhoneInfo>\n                  <PhoneTypeCd>Fax</PhoneTypeCd>\n                  <PhoneNumber name=\"Form.Agency.Fax\" pageNum=\"0\" fileName=\"1_Businessowners_ACORD_160.pdf\" value=\"10411703-0557\" type=\"line\" score=\"4.00\" combinedImageCoordinates=\"x:2019, y:5, width:218, height:60\" coordinates=\"x:368, y:213, width:595, height:45\">+1-041-1703055+7</PhoneNumber>\n                </PhoneInfo>\n                <EmailInfo>\n                  <EmailAddr name=\"Form.Agency.Email\" pageNum=\"0\" fileName=\"1_Businessowners_ACORD_160.pdf\" value=\"mama.mitchellbutler@insurecentraliowao\" type=\"email\" score=\"5.00\" combinedImageCoordinates=\"x:10, y:365, width:556, height:60\" coordinates=\"x:196, y:453, width:767, height:45\">mama.mitchellbutler@insurecentraliowao</EmailAddr>\n                </EmailInfo>\n              </Communications>\n            </GeneralPartyInfo>\n            <ProducerInfo>\n              <ProducerRoleCd>Producer</ProducerRoleCd>\n            </ProducerInfo>\n          </Producer>\n          <InsuredOrPrincipal>\n            <GeneralPartyInfo>\n              <NameInfo>\n                <CommlName>\n                  <CommercialName name=\"NamedInsured_FullName\" pageNum=\"0\" fileName=\"1_Businessowners_ACORD_160.pdf\" value=\"Village Cooperative of Marshalltown\" type=\"line\" score=\"7.60\" combinedImageCoordinates=\"x:1535, y:65, width:516, height:60\" coordinates=\"x:62, y:646, width:1045, height:93\">Village Cooperative of Marshalltown</CommercialName>\n                </CommlName>\n                <LegalEntityCd name=\"Form.LegalEntity.Corp\" pageNum=\"0\" fileName=\"1_Businessowners_ACORD_160.pdf\" value=\"X\" type=\"checkbox\" score=\"10.00\" combinedImageCoordinates=\"x:10, y:245, width:47, height:60\" coordinates=\"x:1110, y:742, width:55, height:45\">CP</LegalEntityCd>\n                <TaxIdentity>\n                  <TaxIdTypeCd name=\"Form.Applicant.FEIN\" pageNum=\"0\" fileName=\"1_Businessowners_ACORD_160.pdf\" value=\"26-1548938\" type=\"line\" score=\"7.00\" combinedImageCoordinates=\"x:2051, y:65, width:186, height:60\" coordinates=\"x:2030, y:675, width:327, height:112\">FEIN</TaxIdTypeCd>\n                  <TaxId name=\"Form.Applicant.FEIN\" pageNum=\"0\" fileName=\"1_Businessowners_ACORD_160.pdf\" value=\"26-1548938\" type=\"line\" score=\"7.00\" combinedImageCoordinates=\"x:2051, y:65, width:186, height:60\" coordinates=\"x:2030, y:675, width:327, height:112\">/DmuGY4oZ5ddr6EoHKQsBw==</TaxId>\n                </TaxIdentity>\n              </NameInfo>\n              <Addr>\n                <AddrTypeCd>MailingAddress</AddrTypeCd>\n                <Addr1 name=\"Form.Applicant.Mailing.Address\" pageNum=\"0\" fileName=\"1_Businessowners_ACORD_160.pdf\" value=\"915 W. Merle Hibbs Blvd Marshalltown, IA 50158\" type=\"any\" score=\"8.68\" combinedImageCoordinates=\"x:10, y:356, width:471, height:99\" coordinates=\"x:62, y:775, width:1045, height:156\">915 W. Merle Hibbs Blvd</Addr1>\n                <City name=\"Form.Applicant.Mailing.Address\" pageNum=\"0\" fileName=\"1_Businessowners_ACORD_160.pdf\" value=\"915 W. Merle Hibbs Blvd Marshalltown, IA 50158\" type=\"any\" score=\"8.68\" combinedImageCoordinates=\"x:10, y:356, width:471, height:99\" coordinates=\"x:62, y:775, width:1045, height:156\">Marshalltown</City>\n                <StateProvCd name=\"Form.Applicant.Mailing.Address\" pageNum=\"0\" fileName=\"1_Businessowners_ACORD_160.pdf\" value=\"915 W. Merle Hibbs Blvd Marshalltown, IA 50158\" type=\"any\" score=\"8.68\" combinedImageCoordinates=\"x:10, y:356, width:471, height:99\" coordinates=\"x:62, y:775, width:1045, height:156\">IA</StateProvCd>\n                <PostalCode name=\"Form.Applicant.Mailing.Address\" pageNum=\"0\" fileName=\"1_Businessowners_ACORD_160.pdf\" value=\"915 W. Merle Hibbs Blvd Marshalltown, IA 50158\" type=\"any\" score=\"8.68\" combinedImageCoordinates=\"x:10, y:356, width:471, height:99\" coordinates=\"x:62, y:775, width:1045, height:156\">50158</PostalCode>\n              </Addr>\n              <Communications>\n                <EmailInfo>\n                  <CommunicationUseCd>Business</CommunicationUseCd>\n                  <EmailAddr name=\"Form.Applicant.Email\" pageNum=\"0\" fileName=\"1_Businessowners_ACORD_160.pdf\" value=\"villaoecoooerative.com/marshalltown-ia\" type=\"email\" score=\"7.00\" combinedImageCoordinates=\"x:968, y:530, width:715, height:48\" coordinates=\"x:321, y:934, width:786, height:44\">villaoecoooerative.com/marshalltown-ia</EmailAddr>\n                </EmailInfo>\n              </Communications>\n            </GeneralPartyInfo>\n            <InsuredOrPrincipalInfo>\n              <InsuredOrPrincipalRoleCd>Insured</InsuredOrPrincipalRoleCd>\n              <PersonInfo />\n              <BusinessInfo>\n                <OperationsDesc name=\"BusinessInformation_OperationsDescription\" pageNum=\"0\" fileName=\"1_Businessowners_ACORD_160.pdf\" value=\"Condominium Association- Articles of Incorporation filed with State of Iowa 12/6/2007. building completed 81 occupied summer of 2010\" type=\"any\" score=\"7.92\" combinedImageCoordinates=\"x:10, y:185, width:1847, height:60\" coordinates=\"x:62, y:1126, width:2295, height:204\">\nCondominium Association- Articles of Incorporation filed with State of Iowa 12/6/2007. building completed 81 occupied summer of 2010\n</OperationsDesc>\n              </BusinessInfo>\n            </InsuredOrPrincipalInfo>\n          </InsuredOrPrincipal>\n          <Policy id=\"N1\">\n            <CompanyProductCd name=\"Form.Policy.PolicyName\" pageNum=\"0\" fileName=\"1_Businessowners_ACORD_160.pdf\" value=\"Residential Condominium Association\" type=\"line\" score=\"7.17\" combinedImageCoordinates=\"x:10, y:65, width:525, height:60\" coordinates=\"x:968, y:289, width:944, height:113\">Residential Condominium Association</CompanyProductCd>\n            <LOBCd name=\"\" pageNum=\"0\" coordinates=\"\">BOP</LOBCd>\n            <NAICCd name=\"Insurer_NAICCode\" pageNum=\"0\" fileName=\"1_Businessowners_ACORD_160.pdf\" value=\"I\" type=\"line\" score=\"6.00\" combinedImageCoordinates=\"x:414, y:65, width:66, height:60\" coordinates=\"x:2067, y:166, width:290, height:44\">I</NAICCd>\n            <ContractTerm>\n              <EffectiveDt name=\"Policy_EffectiveDate\" pageNum=\"0\" fileName=\"1_Businessowners_ACORD_160.pdf\" value=\"06/18/2019\" type=\"date\" score=\"8.00\" combinedImageCoordinates=\"x:1060, y:5, width:185, height:60\" coordinates=\"x:1110, y:433, width:256, height:65\">2019-06-18</EffectiveDt>\n              <ExpirationDt name=\"Form.ExpirationDate\" pageNum=\"0\" fileName=\"1_Businessowners_ACORD_160.pdf\" value=\"06/18/2020\" type=\"date\" score=\"8.00\" combinedImageCoordinates=\"x:78, y:65, width:189, height:60\" coordinates=\"x:1369, y:433, width:256, height:65\">2020-06-18</ExpirationDt>\n            </ContractTerm>\n            <BillingMethodCd name=\"Form.BillingMethod.DirectBill\" pageNum=\"0\" fileName=\"1_Businessowners_ACORD_160.pdf\" value=\"X\" type=\"checkbox\" score=\"10.00\" combinedImageCoordinates=\"x:2175, y:305, width:45, height:60\" coordinates=\"x:1628, y:405, width:54, height:45\">CPB</BillingMethodCd>\n            <OtherOrPriorPolicy>\n              <PolicyCd>Prior</PolicyCd>\n              <PolicyNumber name=\"Form.Prior.BOP.Policy\" pageNum=\"1\" fileName=\"1_Businessowners_ACORD_160.pdf\" value=\"14x02134o1402403\" type=\"line\" score=\"7.00\" combinedImageCoordinates=\"x:410, y:245, width:396, height:60\" coordinates=\"x:709, y:126, width:600, height:65\">14x02134o1402403</PolicyNumber>\n              <LOBCd>BOP</LOBCd>\n              <InsurerName name=\"Form.Prior.BOP.Carrier\" pageNum=\"1\" fileName=\"1_Businessowners_ACORD_160.pdf\" value=\"American Familylnsurance\" type=\"line\" score=\"7.45\" combinedImageCoordinates=\"x:827, y:125, width:398, height:60\" coordinates=\"x:64, y:126, width:642, height:65\">American Familylnsurance</InsurerName>\n              <ContractTerm>\n                <ExpirationDt name=\"Form.Prior.BOP.ExpirationDate\" pageNum=\"1\" fileName=\"1_Businessowners_ACORD_160.pdf\" value=\"06/18/2019\" type=\"date\" score=\"8.00\" combinedImageCoordinates=\"x:1313, y:5, width:173, height:60\" coordinates=\"x:1570, y:126, width:256, height:65\">2019-06-18</ExpirationDt>\n              </ContractTerm>\n              <PolicyAmt>\n                <Amt name=\"Form.Prior.BOP.TotalPremium\" pageNum=\"1\" fileName=\"1_Businessowners_ACORD_160.pdf\" value=\"12537\" type=\"currency\" score=\"5.00\" combinedImageCoordinates=\"x:933, y:5, width:127, height:60\" coordinates=\"x:1312, y:126, width:255, height:65\">12537</Amt>\n              </PolicyAmt>\n              <NumLosses name=\"Form.Prior.BOP.LossesLastYrs\" pageNum=\"1\" fileName=\"1_Businessowners_ACORD_160.pdf\" value=\"1\" type=\"integer\" score=\"10.00\" combinedImageCoordinates=\"x:228, y:5, width:30, height:60\" coordinates=\"x:1829, y:144, width:169, height:47\">1</NumLosses>\n              <LossesDesc name=\"Form.Loss.BOP.Description\" pageNum=\"1\" fileName=\"1_Businessowners_ACORD_160.pdf\" value=\"Policy ending in 401 - Non Profit DO @ $654.00; ending in 402 @ BOP - $11,271.00; ending in 403 - Umbrella @ $612.00\" type=\"any\" score=\"8.46\" combinedImageCoordinates=\"x:10, y:455, width:2188, height:122\" coordinates=\"x:64, y:227, width:2292, height:227\">\nPolicy ending in 401 - Non Profit D&O @ $654.00; ending in 402 @ BOP - $11,271.00; ending in 403 - Umbrella @ $612.00\n</LossesDesc>\n              <TotalPaidLossesAmt>\n                <Amt name=\"Form.Loss.BOP.TotalAmount\" pageNum=\"1\" fileName=\"1_Businessowners_ACORD_160.pdf\" value=\"0.00\" type=\"currency\" score=\"9.00\" combinedImageCoordinates=\"x:851, y:5, width:82, height:60\" coordinates=\"x:2027, y:126, width:329, height:65\">0.00</Amt>\n              </TotalPaidLossesAmt>\n            </OtherOrPriorPolicy>\n            <MiscParty>\n              <GeneralPartyInfo>\n                <Communications>\n                  <PhoneInfo>\n                    <PhoneTypeCd>Phone</PhoneTypeCd>\n                    <CommunicationUseCd>Business</CommunicationUseCd>\n                    <PhoneNumber name=\"Form.Inspection.Phone.Office\" pageNum=\"0\" fileName=\"1_Businessowners_ACORD_160.pdf\" value=\"16411752-4411\" type=\"line\" score=\"5.00\" combinedImageCoordinates=\"x:1776, y:5, width:208, height:60\" coordinates=\"x:1826, y:790, width:531, height:45\">+1-641-1752441+1</PhoneNumber>\n                  </PhoneInfo>\n                </Communications>\n              </GeneralPartyInfo>\n              <MiscPartyInfo>\n                <MiscPartyRoleCd>InspectionContact</MiscPartyRoleCd>\n              </MiscPartyInfo>\n            </MiscParty>\n            <QuestionAnswer>\n              <QuestionCd>GENRL41</QuestionCd>\n              <YesNoCd name=\"Form.General.QuestionCd.No3\" pageNum=\"0\" fileName=\"1_Businessowners_ACORD_160.pdf\" value=\"X\" type=\"checkbox\" score=\"10.00\" combinedImageCoordinates=\"x:1724, y:305, width:46, height:60\" coordinates=\"x:2317, y:2244, width:26, height:21\">NO</YesNoCd>\n            </QuestionAnswer>\n            <QuestionAnswer>\n              <QuestionCd>GENRL39</QuestionCd>\n              <YesNoCd name=\"Form.General.QuestionCd.No4\" pageNum=\"0\" fileName=\"1_Businessowners_ACORD_160.pdf\" value=\"X\" type=\"checkbox\" score=\"10.00\" combinedImageCoordinates=\"x:1492, y:5, width:55, height:60\" coordinates=\"x:2317, y:2389, width:26, height:21\">NO</YesNoCd>\n            </QuestionAnswer>\n            <QuestionAnswer>\n              <QuestionCd>GENRL22</QuestionCd>\n              <YesNoCd name=\"Form.General.QuestionCd.No5\" pageNum=\"0\" fileName=\"1_Businessowners_ACORD_160.pdf\" value=\"X\" type=\"checkbox\" score=\"10.00\" combinedImageCoordinates=\"x:853, y:245, width:49, height:60\" coordinates=\"x:2317, y:1643, width:26, height:21\">NO</YesNoCd>\n            </QuestionAnswer>\n            <QuestionAnswer>\n              <QuestionCd>GENRL06</QuestionCd>\n              <YesNoCd name=\"Form.General.QuestionCd.No6\" pageNum=\"0\" fileName=\"1_Businessowners_ACORD_160.pdf\" value=\"X\" type=\"checkbox\" score=\"10.00\" combinedImageCoordinates=\"x:578, y:5, width:52, height:60\" coordinates=\"x:1168, y:2340, width:26, height:21\">NO</YesNoCd>\n            </QuestionAnswer>\n            <QuestionAnswer>\n              <QuestionCd>GENRL07</QuestionCd>\n              <YesNoCd name=\"Form.General.QuestionCd.No7\" pageNum=\"0\" fileName=\"1_Businessowners_ACORD_160.pdf\" value=\"X\" type=\"checkbox\" score=\"10.00\" combinedImageCoordinates=\"x:846, y:5, width:49, height:60\" coordinates=\"x:2317, y:2533, width:26, height:21\">NO</YesNoCd>\n            </QuestionAnswer>\n            <QuestionAnswer>\n              <QuestionCd>GENRL61</QuestionCd>\n              <YesNoCd name=\"CommercialPolicy_Question_KABCodeNo\" pageNum=\"0\" fileName=\"1_Businessowners_ACORD_160.pdf\" value=\"X\" type=\"checkbox\" score=\"10.00\" combinedImageCoordinates=\"x:2220, y:305, width:51, height:60\" coordinates=\"x:1168, y:1980, width:26, height:21\">NO</YesNoCd>\n            </QuestionAnswer>\n            <QuestionAnswer>\n              <QuestionCd>GENRL09</QuestionCd>\n              <YesNoCd name=\"Form.General.QuestionCd.No9\" pageNum=\"0\" fileName=\"1_Businessowners_ACORD_160.pdf\" value=\"X\" type=\"checkbox\" score=\"10.00\" combinedImageCoordinates=\"x:2272, y:245, width:47, height:60\" coordinates=\"x:2317, y:2677, width:26, height:21\">NO</YesNoCd>\n            </QuestionAnswer>\n            <QuestionAnswer>\n              <QuestionCd>GENRL55</QuestionCd>\n              <YesNoCd name=\"CommercialPolicy_Question_KAKCode_NoIndicator\" pageNum=\"0\" fileName=\"1_Businessowners_ACORD_160.pdf\" value=\"X\" type=\"checkbox\" score=\"10.00\" combinedImageCoordinates=\"x:361, y:245, width:49, height:60\" coordinates=\"x:2317, y:2076, width:26, height:21\">NO</YesNoCd>\n            </QuestionAnswer>\n            <PolicyStatusCd name=\"Form.Policy.Status.Quote\" pageNum=\"0\" fileName=\"1_Businessowners_ACORD_160.pdf\" value=\"X\" type=\"checkbox\" score=\"10.00\" combinedImageCoordinates=\"x:2047, y:305, width:46, height:60\" coordinates=\"x:968, y:501, width:53, height:45\">NBS</PolicyStatusCd>\n          </Policy>\n          <Location id=\"N79\">\n            <ItemIdInfo>\n              <AgencyId>1</AgencyId>\n              <InsurerId>1</InsurerId>\n            </ItemIdInfo>\n            <Addr>\n              <AddrTypeCd>StreetAddress</AddrTypeCd>\n              <Addr1 name=\"BOPBuilding_Location_Premises_Address.1\" pageNum=\"2\" fileName=\"1_Businessowners_ACORD_160.pdf\" value=\"915 W. Merle Hibbs Blvd Marshalltown, IA 50158\" type=\"any\" score=\"8.54\" combinedImageCoordinates=\"x:10, y:652, width:551, height:114\" coordinates=\"x:60, y:148, width:1016, height:235\">915 W. Merle Hibbs Blvd</Addr1>\n              <City name=\"BOPBuilding_Location_Premises_Address.1\" pageNum=\"2\" fileName=\"1_Businessowners_ACORD_160.pdf\" value=\"915 W. Merle Hibbs Blvd Marshalltown, IA 50158\" type=\"any\" score=\"8.54\" combinedImageCoordinates=\"x:10, y:652, width:551, height:114\" coordinates=\"x:60, y:148, width:1016, height:235\">Marshalltown</City>\n              <StateProvCd name=\"BOPBuilding_Location_Premises_Address.1\" pageNum=\"2\" fileName=\"1_Businessowners_ACORD_160.pdf\" value=\"915 W. Merle Hibbs Blvd Marshalltown, IA 50158\" type=\"any\" score=\"8.54\" combinedImageCoordinates=\"x:10, y:652, width:551, height:114\" coordinates=\"x:60, y:148, width:1016, height:235\">IA</StateProvCd>\n              <PostalCode name=\"BOPBuilding_Location_Premises_Address.1\" pageNum=\"2\" fileName=\"1_Businessowners_ACORD_160.pdf\" value=\"915 W. Merle Hibbs Blvd Marshalltown, IA 50158\" type=\"any\" score=\"8.54\" combinedImageCoordinates=\"x:10, y:652, width:551, height:114\" coordinates=\"x:60, y:148, width:1016, height:235\">50158</PostalCode>\n              <County name=\"BOPBuilding_Premises_Location_County.1\" pageNum=\"2\" fileName=\"1_Businessowners_ACORD_160.pdf\" value=\"Marshall\" type=\"line\" score=\"8.00\" combinedImageCoordinates=\"x:1526, y:305, width:132, height:60\" coordinates=\"x:179, y:386, width:495, height:45\">Marshall</County>\n            </Addr>\n            <RiskLocationCd name=\"BOPBuilding_Premises_Location_CityLimits_In.1\" pageNum=\"2\" fileName=\"1_Businessowners_ACORD_160.pdf\" value=\"X\" type=\"checkbox\" score=\"10.00\" combinedImageCoordinates=\"x:2271, y:305, width:48, height:60\" coordinates=\"x:2083, y:386, width:54, height:45\">IN</RiskLocationCd>\n            <SubLocation id=\"N80\">\n              <ItemIdInfo>\n                <AgencyId>1</AgencyId>\n                <InsurerId>1</InsurerId>\n              </ItemIdInfo>\n              <SubLocationDesc name=\"BOPBuilding_Premises_Location_Building_SublocationDescription.1\" pageNum=\"2\" fileName=\"1_Businessowners_ACORD_160.pdf\" value=\"Residential Condominium-Association Members\" type=\"any\" score=\"7.62\" combinedImageCoordinates=\"x:10, y:125, width:677, height:60\" coordinates=\"x:1207, y:459, width:1145, height:69\">Residential Condominium-Association Members</SubLocationDesc>\n              <Addr>\n                <Addr1>915 W. Merle Hibbs Blvd</Addr1>\n                <City>Marshalltown</City>\n                <StateProvCd>IA</StateProvCd>\n                <PostalCode>50158</PostalCode>\n              </Addr>\n            </SubLocation>\n          </Location>\n          <LocationUWInfo LocationRef=\"N79\" SubLocationRef=\"N80\" id=\"N81\">\n            <Construction>\n              <ConstructionCd name=\"BOPBuilding_Property_Construction_ConstructionCode.1\" pageNum=\"2\" fileName=\"1_Businessowners_ACORD_160.pdf\" value=\"Frame\" type=\"line\" score=\"8.00\" combinedImageCoordinates=\"x:1254, y:305, width:110, height:60\" coordinates=\"x:1566, y:800, width:514, height:64\">F</ConstructionCd>\n              <YearBuilt name=\"BOPBuilding_Premises_Form.Premises.YearBuilt.1\" pageNum=\"2\" fileName=\"1_Businessowners_ACORD_160.pdf\" value=\"100\" type=\"number\" score=\"7.00\" combinedImageCoordinates=\"x:1245, y:5, width:68, height:60\" coordinates=\"x:1078, y:270, width:170, height:65\">100</YearBuilt>\n              <BldgArea>\n                <NumUnits name=\"BOPBuilding_Property_Construction_BuildingArea.1\" pageNum=\"2\" fileName=\"1_Businessowners_ACORD_160.pdf\" value=\"73368\" type=\"number\" score=\"7.00\" combinedImageCoordinates=\"x:82, y:5, width:107, height:60\" coordinates=\"x:2083, y:801, width:269, height:63\">73368</NumUnits>\n                <UnitMeasurementCd>FTK</UnitMeasurementCd>\n              </BldgArea>\n              <NumStories name=\"BOPBuilding_Property_Construction_StoreyCount.1\" pageNum=\"2\" fileName=\"1_Businessowners_ACORD_160.pdf\" value=\"3\" type=\"number\" score=\"7.00\" combinedImageCoordinates=\"x:1984, y:5, width:35, height:60\" coordinates=\"x:1566, y:912, width:112, height:48\">3</NumStories>\n              <RoofingMaterial>\n                <RoofMaterialCd name=\"BOPBuilding_Property_Construction_RoofMaterialCode.1\" pageNum=\"2\" fileName=\"1_Businessowners_ACORD_160.pdf\" value=\"1sphShingle\" type=\"line\" score=\"3.00\" combinedImageCoordinates=\"x:1619, y:125, width:187, height:60\" coordinates=\"x:877, y:992, width:227, height:63\">1sphShingle</RoofMaterialCd>\n              </RoofingMaterial>\n            </Construction>\n            <BldgProtection>\n              <FireProtectionClassCd name=\"BOPBuilding_Premises_BuildingFireProtection_ProtectionClassCode.1\" pageNum=\"2\" fileName=\"1_Businessowners_ACORD_160.pdf\" value=\"3\" type=\"line\" score=\"8.00\" combinedImageCoordinates=\"x:1486, y:5, width:36, height:60\" coordinates=\"x:1078, y:383, width:141, height:48\">3</FireProtectionClassCd>\n              <SprinkleredPct name=\"BOPBuilding_Property_BuildingFireProtection_Alarm_SprinklerPercent.1\" pageNum=\"2\" fileName=\"1_Businessowners_ACORD_160.pdf\" value=\"100\" type=\"line\" score=\"9.00\" combinedImageCoordinates=\"x:10, y:65, width:68, height:60\" coordinates=\"x:1681, y:912, width:112, height:48\">100</SprinkleredPct>\n            </BldgProtection>\n            <BldgOccupancy>\n              <OccupiedPct name=\"BOPBuilding_Premises_Form.Premises.PctOccupied.1\" pageNum=\"2\" fileName=\"1_Businessowners_ACORD_160.pdf\" value=\"100\" type=\"number\" score=\"8.00\" combinedImageCoordinates=\"x:258, y:5, width:75, height:60\" coordinates=\"x:1251, y:142, width:226, height:73\">100</OccupiedPct>\n              <OccupancyDesc name=\"BOPBuilding_Premises_BuildingOccupancy_OccupancyDescription.1\" pageNum=\"2\" fileName=\"1_Businessowners_ACORD_160.pdf\" value=\"Residential Condominium - Association Members\" type=\"any\" score=\"7.95\" combinedImageCoordinates=\"x:859, y:65, width:676, height:60\" coordinates=\"x:734, y:652, width:1618, height:67\">Residential Condominium - Association Members</OccupancyDesc>\n              <OperationsDesc name=\"BOPBuilding_Premises_BuildingOccupancy_OperationsDescription.1\" pageNum=\"2\" fileName=\"1_Businessowners_ACORD_160.pdf\" value=\"Condominium Association- Articles of Incorporation tiled with Sta\" type=\"any\" score=\"7.94\" combinedImageCoordinates=\"x:10, y:305, width:882, height:60\" coordinates=\"x:60, y:460, width:1145, height:68\">\nCondominium Association- Articles of Incorporation tiled with Sta\n</OperationsDesc>\n            </BldgOccupancy>\n            <QuestionAnswer>\n              <QuestionCd>BOP03</QuestionCd>\n              <YesNoCd name=\"BOPBuilding_PremisesInfo_CommercialStructure_Question_AABNoIndicator.1\" pageNum=\"2\" fileName=\"1_Businessowners_ACORD_160.pdf\" value=\"X\" type=\"checkbox\" score=\"10.00\" combinedImageCoordinates=\"x:2442, y:65, width:47, height:60\" coordinates=\"x:1164, y:2598, width:55, height:69\">NO</YesNoCd>\n            </QuestionAnswer>\n            <QuestionAnswer>\n              <QuestionCd>BOP04</QuestionCd>\n              <YesNoCd name=\"BOPBuilding_PremisesInfo_CommercialStructure_Question_AADNoIndicator.1\" pageNum=\"2\" fileName=\"1_Businessowners_ACORD_160.pdf\" value=\"X\" type=\"checkbox\" score=\"10.00\" combinedImageCoordinates=\"x:895, y:5, width:52, height:60\" coordinates=\"x:1164, y:2718, width:55, height:68\">NO</YesNoCd>\n            </QuestionAnswer>\n          </LocationUWInfo>\n          <BOPLineBusiness id=\"N60\">\n            <LOBCd name=\"\" pageNum=\"0\" coordinates=\"\">BOP</LOBCd>\n            <PropertyInfo>\n              <CommlPropertyInfo LocationRef=\"N79\" SubLocationRef=\"N80\" id=\"N84\">\n                <SubjectInsuranceCd name=\"\" pageNum=\"0\" coordinates=\"\">BLDG</SubjectInsuranceCd>\n                <Coverage>\n                  <CoverageCd>BLDG</CoverageCd>\n                  <Limit>\n                    <FormatInteger name=\"BOPBuilding_Property_CommercialProperty_Premises_LimitAmount.1\" pageNum=\"2\" fileName=\"1_Businessowners_ACORD_160.pdf\" value=\"7892291\" type=\"currency\" score=\"7.00\" combinedImageCoordinates=\"x:491, y:5, width:155, height:60\" coordinates=\"x:171, y:800, width:330, height:64\">7892291</FormatInteger>\n                    <ValuationCd name=\"BOPBuilding_Property_CommercialProperty_Premises_ValuationReplacementCostIndicator.1\" pageNum=\"2\" fileName=\"1_Businessowners_ACORD_160.pdf\" value=\"X\" type=\"checkbox\" score=\"10.00\" combinedImageCoordinates=\"x:1054, y:5, width:47, height:60\" coordinates=\"x:734, y:772, width:54, height:44\">RC</ValuationCd>\n                  </Limit>\n                  <Deductible id=\"N85\">\n                    <FormatInteger name=\"BOPBuilding_Property_CommercialProperty_Premises_DeductibleAmount_Row1.1\" pageNum=\"2\" fileName=\"1_Businessowners_ACORD_160.pdf\" value=\"2500\" type=\"currency\" score=\"7.00\" combinedImageCoordinates=\"x:267, y:65, width:91, height:60\" coordinates=\"x:1191, y:772, width:313, height:44\">2500</FormatInteger>\n                  </Deductible>\n                  <Option>\n                    <OptionCd>IGP</OptionCd>\n                    <OptionValue name=\"BOPBuilding_Property_CommercialProperty_Premises_InflationGuardPercent.1\" pageNum=\"2\" fileName=\"1_Businessowners_ACORD_160.pdf\" value=\"4\" type=\"integer\" score=\"9.00\" combinedImageCoordinates=\"x:189, y:5, width:39, height:60\" coordinates=\"x:1050, y:800, width:111, height:64\">4</OptionValue>\n                  </Option>\n                  <CommlCoverageSupplement>\n                    <CoinsurancePct name=\"BOPBuilding_Property_CommercialProperty_Premises_CoinsurancePercent.1\" pageNum=\"2\" fileName=\"1_Businessowners_ACORD_160.pdf\" value=\"100\" type=\"line\" score=\"8.00\" combinedImageCoordinates=\"x:10, y:5, width:72, height:60\" coordinates=\"x:504, y:800, width:112, height:64\">100</CoinsurancePct>\n                  </CommlCoverageSupplement>\n                </Coverage>\n              </CommlPropertyInfo>\n              <CommlPropertyInfo LocationRef=\"N79\" SubLocationRef=\"N80\" id=\"N87\">\n                <SubjectInsuranceCd name=\"\" pageNum=\"0\" coordinates=\"\">BPP</SubjectInsuranceCd>\n                <Coverage>\n                  <CoverageCd>BPP</CoverageCd>\n                  <Limit>\n                    <FormatInteger name=\"BOPBuilding_Property_PersonalProperty_LimitAmount.1\" pageNum=\"2\" fileName=\"1_Businessowners_ACORD_160.pdf\" value=\"112486\" type=\"currency\" score=\"7.00\" combinedImageCoordinates=\"x:646, y:5, width:132, height:60\" coordinates=\"x:171, y:896, width:330, height:64\">112486</FormatInteger>\n                    <ValuationCd name=\"BOPBuilding_Property_PersonalProperty_ValuationReplacementCostIndicator.1\" pageNum=\"2\" fileName=\"1_Businessowners_ACORD_160.pdf\" value=\"X\" type=\"checkbox\" score=\"10.00\" combinedImageCoordinates=\"x:1444, y:5, width:48, height:60\" coordinates=\"x:734, y:867, width:54, height:45\">RC</ValuationCd>\n                  </Limit>\n                  <CommlCoverageSupplement>\n                    <CoinsurancePct name=\"BOPBuilding_Property_PersonalProperty_CoinsurancePercent.1\" pageNum=\"2\" fileName=\"1_Businessowners_ACORD_160.pdf\" value=\"100\" type=\"number\" score=\"9.00\" combinedImageCoordinates=\"x:778, y:5, width:73, height:60\" coordinates=\"x:504, y:896, width:112, height:64\">100</CoinsurancePct>\n                  </CommlCoverageSupplement>\n                </Coverage>\n              </CommlPropertyInfo>\n              <CommlPropertyInfo LocationRef=\"N79\" SubLocationRef=\"N80\" id=\"N101\">\n                <SubjectInsuranceCd name=\"\" pageNum=\"0\" coordinates=\"\">LBI</SubjectInsuranceCd>\n                <Coverage>\n                  <CoverageCd>BMBI</CoverageCd>\n                  <Limit>\n                    <ValuationCd name=\"BOPBuilding_CommercialPropertyCoverage_Premises_LossOfIncome_ActualLossSustainedIndicator.1\" pageNum=\"2\" fileName=\"1_Businessowners_ACORD_160.pdf\" value=\"X\" type=\"checkbox\" score=\"4.00\" combinedImageCoordinates=\"x:1348, y:5, width:50, height:60\" coordinates=\"x:232, y:1877, width:54, height:45\">ACT</ValuationCd>\n                  </Limit>\n                  <Option>\n                    <OptionTypeCd>ALSMonths</OptionTypeCd>\n                    <OptionValue name=\"BOPBuilding_CommercialPropertyCoverage_Premises_LossOfIncome_ActualLossSustainedMonthCount.1\" pageNum=\"2\" fileName=\"1_Businessowners_ACORD_160.pdf\" value=\"12.\" type=\"integer\" score=\"6.00\" combinedImageCoordinates=\"x:358, y:65, width:56, height:60\" coordinates=\"x:456, y:1895, width:101, height:27\">12.</OptionValue>\n                  </Option>\n                </Coverage>\n              </CommlPropertyInfo>\n              <Coverage>\n                <CoverageCd>EE</CoverageCd>\n                <Limit>\n                  <ValuationCd name=\"CommercialPropertyCoverage_ExtraExpense_ActualLossSustainedIndicator.1\" pageNum=\"1\" fileName=\"1_Businessowners_ACORD_160.pdf\" value=\"X\" type=\"checkbox\" score=\"9.00\" combinedImageCoordinates=\"x:1868, y:245, width:46, height:60\" coordinates=\"x:236, y:1179, width:54, height:45\">ACT</ValuationCd>\n                </Limit>\n              </Coverage>\n            </PropertyInfo>\n            <LiabilityInfo>\n              <Coverage>\n                <CoverageCd>EAOCC</CoverageCd>\n                <Limit>\n                  <FormatInteger name=\"GeneralLiability_BodilyInjury_EachOccurrenceLimitAmount\" pageNum=\"1\" fileName=\"1_Businessowners_ACORD_160.pdf\" value=\"2000000\" type=\"currency\" score=\"8.00\" combinedImageCoordinates=\"x:480, y:65, width:154, height:60\" coordinates=\"x:506, y:650, width:401, height:45\">2000000</FormatInteger>\n                </Limit>\n              </Coverage>\n              <Coverage>\n                <CoverageCd>GENAG</CoverageCd>\n                <Limit>\n                  <FormatInteger name=\"GeneralLiability_BodilyInjury_AggregateLimitAmount\" pageNum=\"1\" fileName=\"1_Businessowners_ACORD_160.pdf\" value=\"4000000\" type=\"currency\" score=\"7.00\" combinedImageCoordinates=\"x:333, y:5, width:158, height:60\" coordinates=\"x:506, y:698, width:401, height:45\">4000000</FormatInteger>\n                </Limit>\n              </Coverage>\n              <Coverage>\n                <CoverageCd>MEDEX</CoverageCd>\n                <Limit>\n                  <FormatInteger name=\"GeneralLiability_MedicalExpense_EachPersonLimitAmount\" pageNum=\"1\" fileName=\"1_Businessowners_ACORD_160.pdf\" value=\"5000\" type=\"currency\" score=\"7.00\" combinedImageCoordinates=\"x:634, y:65, width:93, height:60\" coordinates=\"x:506, y:746, width:401, height:45\">5000</FormatInteger>\n                </Limit>\n              </Coverage>\n              <Coverage>\n                <CoverageCd>FIRDM</CoverageCd>\n                <Limit>\n                  <FormatInteger name=\"GeneralLiability_DamageToRentalPremises_LimitAmount\" pageNum=\"1\" fileName=\"1_Businessowners_ACORD_160.pdf\" value=\"50000\" type=\"currency\" score=\"8.00\" combinedImageCoordinates=\"x:1665, y:5, width:111, height:60\" coordinates=\"x:506, y:794, width:401, height:45\">50000</FormatInteger>\n                </Limit>\n              </Coverage>\n              <Coverage id=\"N76\">\n                <CoverageCd>OT</CoverageCd>\n                <CoverageDesc name=\"GeneralLiability_PolicyLevelCoverageDescription.1\" pageNum=\"1\" fileName=\"1_Businessowners_ACORD_160.pdf\" value=\"Prod Com0Op0 A00\" type=\"any\" score=\"6.44\" combinedImageCoordinates=\"x:1352, y:125, width:267, height:60\" coordinates=\"x:1211, y:746, width:414, height:45\">Prod Com0Op0 A00</CoverageDesc>\n                <Limit>\n                  <FormatInteger name=\"GeneralLiability_PolicyLevelCoverageLimitAmount.1\" pageNum=\"1\" fileName=\"1_Businessowners_ACORD_160.pdf\" value=\"4000000\" type=\"currency\" score=\"5.00\" combinedImageCoordinates=\"x:727, y:65, width:146, height:60\" coordinates=\"x:1654, y:746, width:401, height:45\">4000000</FormatInteger>\n                </Limit>\n              </Coverage>\n              <Coverage id=\"N77\">\n                <CoverageCd>OT</CoverageCd>\n                <CoverageDesc name=\"GeneralLiability_PolicyLevelCoverageDescription.2\" pageNum=\"1\" fileName=\"1_Businessowners_ACORD_160.pdf\" value=\"oo\" type=\"any\" score=\"6.00\" combinedImageCoordinates=\"x:2186, y:245, width:86, height:60\" coordinates=\"x:1211, y:794, width:414, height:45\">o&o</CoverageDesc>\n                <Limit>\n                  <FormatInteger name=\"GeneralLiability_PolicyLevelCoverageLimitAmount.2\" pageNum=\"1\" fileName=\"1_Businessowners_ACORD_160.pdf\" value=\"1000000\" type=\"currency\" score=\"5.00\" combinedImageCoordinates=\"x:1522, y:5, width:143, height:60\" coordinates=\"x:1654, y:794, width:401, height:45\">1000000</FormatInteger>\n                </Limit>\n              </Coverage>\n            </LiabilityInfo>\n            <QuestionAnswer>\n              <QuestionCd>WORK16</QuestionCd>\n              <YesNoCd name=\"Form.GeneralInfo.No.2\" pageNum=\"0\" fileName=\"1_Businessowners_ACORD_160.pdf\" value=\"X\" type=\"checkbox\" score=\"10.00\" combinedImageCoordinates=\"x:58, y:5, width:53, height:60\" coordinates=\"x:1168, y:1475, width:26, height:21\">NO</YesNoCd>\n            </QuestionAnswer>\n            <QuestionAnswer>\n              <QuestionCd>BOP10</QuestionCd>\n              <YesNoCd name=\"BusinessOwnersLineOfBusiness_Question_AADNoIndicator\" pageNum=\"0\" fileName=\"1_Businessowners_ACORD_160.pdf\" value=\"X\" type=\"checkbox\" score=\"10.00\" combinedImageCoordinates=\"x:2171, y:5, width:50, height:60\" coordinates=\"x:1168, y:1691, width:26, height:21\">NO</YesNoCd>\n            </QuestionAnswer>\n            <QuestionAnswer>\n              <QuestionCd>BOP15</QuestionCd>\n              <YesNoCd name=\"Form.BOP.GeneralInfo.No.3\" pageNum=\"0\" fileName=\"1_Businessowners_ACORD_160.pdf\" value=\"X\" type=\"checkbox\" score=\"10.00\" combinedImageCoordinates=\"x:2427, y:5, width:45, height:60\" coordinates=\"x:1168, y:1811, width:26, height:22\">NO</YesNoCd>\n            </QuestionAnswer>\n            <QuestionAnswer>\n              <QuestionCd>CGL04</QuestionCd>\n              <YesNoCd name=\"BusinessOwnersLineOfBusiness_Question_AAHNoIndicator\" pageNum=\"0\" fileName=\"1_Businessowners_ACORD_160.pdf\" value=\"X\" type=\"checkbox\" score=\"10.00\" combinedImageCoordinates=\"x:2400, y:125, width:52, height:60\" coordinates=\"x:1168, y:2533, width:26, height:21\">NO</YesNoCd>\n            </QuestionAnswer>\n            <QuestionAnswer>\n              <QuestionCd>BOP01</QuestionCd>\n              <YesNoCd name=\"AdditionalInterest_WorkersCompensationCarriedNoCode\" pageNum=\"0\" fileName=\"1_Businessowners_ACORD_160.pdf\" value=\"X\" type=\"checkbox\" score=\"10.00\" combinedImageCoordinates=\"x:1203, y:305, width:51, height:60\" coordinates=\"x:1168, y:2677, width:26, height:21\">NO</YesNoCd>\n            </QuestionAnswer>\n            <QuestionAnswer>\n              <QuestionCd>BOP11</QuestionCd>\n              <YesNoCd name=\"BusinessOwnersLineOfBusiness_Question_KABNoIndicator\" pageNum=\"0\" fileName=\"1_Businessowners_ACORD_160.pdf\" value=\"X\" type=\"checkbox\" score=\"10.00\" combinedImageCoordinates=\"x:2391, y:65, width:51, height:60\" coordinates=\"x:2317, y:1475, width:26, height:21\">NO</YesNoCd>\n            </QuestionAnswer>\n            <QuestionAnswer>\n              <QuestionCd>BOP02</QuestionCd>\n              <YesNoCd name=\"BusinessOwnersLineOfBusiness_Question_KACCodeNoIndicator\" pageNum=\"0\" fileName=\"1_Businessowners_ACORD_160.pdf\" value=\"X\" type=\"checkbox\" score=\"10.00\" combinedImageCoordinates=\"x:2143, y:245, width:43, height:60\" coordinates=\"x:2317, y:1787, width:26, height:21\">NO</YesNoCd>\n            </QuestionAnswer>\n            <QuestionAnswer>\n              <QuestionCd>CGL25</QuestionCd>\n              <YesNoCd name=\"BusinessOwnersLineOfBusiness_Question_KADCodeNoIndicator\" pageNum=\"0\" fileName=\"1_Businessowners_ACORD_160.pdf\" value=\"X\" type=\"checkbox\" score=\"10.00\" combinedImageCoordinates=\"x:2394, y:245, width:46, height:60\" coordinates=\"x:2317, y:1932, width:26, height:21\">NO</YesNoCd>\n            </QuestionAnswer>\n            <QuestionAnswer>\n              <QuestionCd>FAITH13</QuestionCd>\n              <YesNoCd name=\"\" pageNum=\"0\" coordinates=\"\">NO</YesNoCd>\n            </QuestionAnswer>\n            <QuestionAnswer>\n              <QuestionCd>FAITH22</QuestionCd>\n              <YesNoCd name=\"\" pageNum=\"0\" coordinates=\"\">NO</YesNoCd>\n            </QuestionAnswer>\n            <QuestionAnswer>\n              <QuestionCd>FAITH23</QuestionCd>\n              <YesNoCd name=\"\" pageNum=\"0\" coordinates=\"\">NO</YesNoCd>\n            </QuestionAnswer>\n            <QuestionAnswer>\n              <QuestionCd>FAITH24</QuestionCd>\n              <YesNoCd name=\"\" pageNum=\"0\" coordinates=\"\">NO</YesNoCd>\n            </QuestionAnswer>\n          </BOPLineBusiness>\n          <RemarkText IdRef=\"N60\" id=\"N290\" ItemRef=\"GeneralRemarks\" name=\"BOPBuilding_BusinessOwnersLineOfBusiness_RemarkText.1\" pageNum=\"3\" fileName=\"1_Businessowners_ACORD_160.pdf\" value=\"Basement is underground parking - heated garage Liability 8 Medical Expense premium basis: 50 total condo units Liability Umbrella: $2,000,000 Aggregate, $2,000,000 Occurence, $2,000,000 Personal 81 Advertising Injury Limits, $10,000 retention Directors 81 Officers: $1,000,000 Limit, no retention. current policy shows retro date of 6/18/15 Current Board Members: Tracy Smith, District Manager Peggy Kellner, Member Service Manager Board President- Terry McCrary 1st Vice President- Don Benbow 2nd Vice President- Jack Harkness Treasurer- Bob Dankbar Secretary- Susan Hibbs By-Laws Attached Client would like to know if the company writing the commercial coverage would offer a discount to individual members seeking H06 coverage - is there a program discount offered to them?\" type=\"any\" score=\"8.30\" combinedImageCoordinates=\"x:10, y:766, width:2257, height:1105\" coordinates=\"x:57, y:1138, width:2296, height:1822\">\nBasement is underground parking - heated garage Liability 8 Medical Expense premium basis: 50 total condo units Liability Umbrella: $2,000,000 Aggregate, $2,000,000 Occurence, $2,000,000 Personal 81 Advertising Injury Limits, $10,000 retention Directors 81 Officers: $1,000,000 Limit, no retention. current policy shows retro date of 6/18/15 Current Board Members: Tracy Smith, District Manager Peggy Kellner, Member Service Manager Board President- Terry McCrary 1st Vice President- Don Benbow 2nd Vice President- Jack Harkness Treasurer- Bob Dankbar Secretary- Susan Hibbs By-Laws Attached Client would like to know if the company writing the commercial coverage would offer a discount to individual members seeking H06 coverage - is there a program discount offered to them? Please see attached dec pgs ot current coverage 81 match - client would like a true \"apples to apples\" comparison. Would also like to see quotes with property deductible at $5,000, $7,500 and $10,000 and with their BPP limit increased to $200,000. Current coverage includes optional coverage/glass deductible at $500; Equip Breakdown also included in property limit.\n</RemarkText>\n        </BOPPolicyQuoteInqRq>\n      </InsuranceSvcRq>\n    </ACORD>\n  </ReturnPayload>\n  <RawExtractionData>\n    <pdfData>\n      <page>\n        <layoutID>ACORD_160_2006_08</layoutID>\n        <pageID>page1_BUSINESS_OWNERS_APPLICATION</pageID>\n        <pageFormat>OCR</pageFormat>\n        <familyName>ACORD_160</familyName>\n        <formNumber>ACORD_160</formNumber>\n        <actualPageNum>0</actualPageNum>\n        <fileName>1_Businessowners_ACORD_160.pdf</fileName>\n      </page>\n      <page>\n        <layoutID>ACORD_160_2006_08</layoutID>\n        <pageID>page2_PRIOR_POLICY(IES)_LOSS HISTORY</pageID>\n        <pageFormat>OCR</pageFormat>\n        <familyName>ACORD_160</familyName>\n        <formNumber>ACORD_160</formNumber>\n        <actualPageNum>1</actualPageNum>\n        <fileName>1_Businessowners_ACORD_160.pdf</fileName>\n      </page>\n      <page>\n        <layoutID>ACORD_160_2006_08</layoutID>\n        <pageID>page3_PREMISES</pageID>\n        <pageFormat>OCR</pageFormat>\n        <familyName>ACORD_160</familyName>\n        <formNumber>ACORD_160</formNumber>\n        <actualPageNum>2</actualPageNum>\n        <fileName>1_Businessowners_ACORD_160.pdf</fileName>\n      </page>\n      <page>\n        <layoutID>ACORD_160_2006_08</layoutID>\n        <pageID>page4_APARTMENTS_AND_CONDOMINIUMS</pageID>\n        <pageFormat>OCR</pageFormat>\n        <familyName>ACORD_160</familyName>\n        <formNumber>ACORD_160</formNumber>\n        <actualPageNum>3</actualPageNum>\n        <fileName>1_Businessowners_ACORD_160.pdf</fileName>\n      </page>\n    </pdfData>\n  </RawExtractionData>\n</FormServerResponse>"
        },
        "AcordXMLStorage-input-schema": {
            "example": "{\n  \"PartitionKey\": \"Acord.Turnstile\",\n  \"RowKey\": \"SleezerYouthHome\",\n  \"AcordXML\": \"<FormServerResponse><Status><StatusCode>0</StatusCode><StatusDesc>Success</StatusDesc><ConfidenceIndex>A</ConfidenceIndex><Messages><Message severity=\\\"Success\\\"><StatusCode>0</StatusCode><PageNumber>1</PageNumber><FileName>1_SubmissionForms.pdf</FileName><LayoutFileId>ACORD_130_2013_09</LayoutFileId><LayoutPageId>page1_WORKERS_COMPENSATION_APPLICATION</LayoutPageId><LayoutIdentiferText /><Text>Page Successfully Processed</Text></Message><Message severity=\\\"Success\\\"><StatusCode>0</StatusCode><PageNumber>2</PageNumber><FileName>1_SubmissionForms.pdf</FileName><LayoutFileId>ACORD_130_2013_09</LayoutFileId><LayoutPageId>page2_STATE_RATING_SHEET_#</LayoutPageId><LayoutIdentiferText /><Text>Page Successfully Processed</Text></Message><Message severity=\\\"Success\\\"><StatusCode>0</StatusCode><PageNumber>3</PageNumber><FileName>1_SubmissionForms.pdf</FileName><LayoutFileId>ACORD_130_2013_09</LayoutFileId><LayoutPageId>page3_PRIOR_CARRIER_INFORMATION_LOSS_HISTORY</LayoutPageId><LayoutIdentiferText /><Text>Page Successfully Processed</Text></Message><Message severity=\\\"Success\\\"><StatusCode>0</StatusCode><PageNumber>4</PageNumber><FileName>1_SubmissionForms.pdf</FileName><LayoutFileId>ACORD_130_2013_09</LayoutFileId><LayoutPageId>page4_GENERAL_INFORMATION</LayoutPageId><LayoutIdentiferText /><Text>Page Successfully Processed</Text></Message><Message severity=\\\"Success\\\"><StatusCode>0</StatusCode><PageNumber>5</PageNumber><FileName>1_SubmissionForms.pdf</FileName><LayoutFileId>ACORD_101_2008_01</LayoutFileId><LayoutPageId>page1_ADDITIONAL_REMARKS_SCHEDULE</LayoutPageId><LayoutIdentiferText /><Text>Page Successfully Processed</Text></Message><Message severity=\\\"Error\\\"><StatusCode>2001</StatusCode><PageNumber>6</PageNumber><FileName>1_SubmissionForms.pdf</FileName><LayoutFileId /><LayoutPageId /><LayoutIdentiferText>unknown</LayoutIdentiferText><Text>Error : 2001 Layout for the page cannot be recognized</Text></Message></Messages></Status><ProcessSummary><TransactionID>8328d07b-0745-4627-b54a-88234a32023e</TransactionID><ProductVersion>2.06.3.00086</ProductVersion><RequestDate>2019-02-05</RequestDate><ProcessingTime>4 sec</ProcessingTime><FileSize>19297 bytes</FileSize><ExtractionTechnique>Text</ExtractionTechnique></ProcessSummary><ProcessDetails><LOBCd>WORK</LOBCd><FilesReceivedCnt>1</FilesReceivedCnt><PagesReceivedCnt>6</PagesReceivedCnt><PagesProcessedCnt>5</PagesProcessedCnt><FormsProcessedCnt>2</FormsProcessedCnt><Forms><Form><FormName>ACORD_130_2013_09</FormName><TotalFields>455</TotalFields><FieldsWithData>97</FieldsWithData><RateBearingFields>13</RateBearingFields><RateBearingFieldsWithData>11</RateBearingFieldsWithData></Form><Form><FormName>ACORD_101_2008_01</FormName><TotalFields>12</TotalFields><FieldsWithData>10</FieldsWithData><RateBearingFields>1</RateBearingFields><RateBearingFieldsWithData>1</RateBearingFieldsWithData></Form></Forms></ProcessDetails><ReturnPayload><ACORD><SignonRq><SessKey>8328d07b-0745-4627-b54a-88234a32023e</SessKey><ClientDt>2019-02-05 18:57:37</ClientDt><CustLangPref>en-US</CustLangPref><ClientApp><Org>Agencyport Software</Org><Name>Turnstile</Name><Version>2.06.3.00086</Version></ClientApp></SignonRq><InsuranceSvcRq><RqUID>74127EC3-FEB1-D9E1-5304-EAA650CF7465</RqUID><WorkCompPolicyQuoteInqRq><RqUID name=\\\"\\\" pageNum=\\\"0\\\" coordinates=\\\"\\\">D933BA28-2850-D22C-ADC9-9F88C41FA9C5</RqUID><TransactionRequestDt name=\\\"Form.Date\\\" pageNum=\\\"0\\\" fileName=\\\"1_SubmissionForms.pdf\\\" coordinates=\\\"x:508, y:41, width:86, height:15\\\">2018-11-28</TransactionRequestDt><CurCd name=\\\"\\\" pageNum=\\\"0\\\" coordinates=\\\"\\\">USD</CurCd><Producer><GeneralPartyInfo><NameInfo><CommlName><CommercialName name=\\\"Form.Agency.Address\\\" pageNum=\\\"0\\\" fileName=\\\"1_SubmissionForms.pdf\\\" coordinates=\\\"x:18, y:56, width:227, height:72\\\">Kuhl Insurance Agency, Inc.</CommercialName></CommlName></NameInfo><Addr><Addr1 name=\\\"Form.Agency.Address\\\" pageNum=\\\"0\\\" fileName=\\\"1_SubmissionForms.pdf\\\" coordinates=\\\"x:18, y:56, width:227, height:72\\\">632 W Jefferson St</Addr1><City name=\\\"Form.Agency.Address\\\" pageNum=\\\"0\\\" fileName=\\\"1_SubmissionForms.pdf\\\" coordinates=\\\"x:18, y:56, width:227, height:72\\\">Morton</City><StateProvCd name=\\\"Form.Agency.Address\\\" pageNum=\\\"0\\\" fileName=\\\"1_SubmissionForms.pdf\\\" coordinates=\\\"x:18, y:56, width:227, height:72\\\">IL</StateProvCd><PostalCode name=\\\"Form.Agency.Address\\\" pageNum=\\\"0\\\" fileName=\\\"1_SubmissionForms.pdf\\\" coordinates=\\\"x:18, y:56, width:227, height:72\\\">61550-1540</PostalCode></Addr><Communications><PhoneInfo><PhoneTypeCd>Phone</PhoneTypeCd><PhoneNumber name=\\\"Form.Agency.Phone\\\" pageNum=\\\"0\\\" fileName=\\\"1_SubmissionForms.pdf\\\" coordinates=\\\"x:65, y:152, width:180, height:12\\\">+1-309-2667300</PhoneNumber></PhoneInfo><PhoneInfo><PhoneTypeCd>Fax</PhoneTypeCd><PhoneNumber name=\\\"Form.Agency.Fax\\\" pageNum=\\\"0\\\" fileName=\\\"1_SubmissionForms.pdf\\\" coordinates=\\\"x:48, y:176, width:197, height:12\\\">+1-309-2665453</PhoneNumber></PhoneInfo><EmailInfo><EmailAddr name=\\\"Form.Agency.Email\\\" pageNum=\\\"0\\\" fileName=\\\"1_SubmissionForms.pdf\\\" coordinates=\\\"x:52, y:188, width:193, height:12\\\">company@kuhlco.com</EmailAddr></EmailInfo></Communications></GeneralPartyInfo><ProducerInfo><ContractNumber name=\\\"Form.Agency.Code\\\" pageNum=\\\"0\\\" fileName=\\\"1_SubmissionForms.pdf\\\" coordinates=\\\"x:40, y:200, width:94, height:12\\\">1260534</ContractNumber><ProducerRoleCd>Producer</ProducerRoleCd></ProducerInfo></Producer><InsuredOrPrincipal><ItemIdInfo><AgencyId name=\\\"Form.Agency.CustomerId\\\" pageNum=\\\"0\\\" fileName=\\\"1_SubmissionForms.pdf\\\" coordinates=\\\"x:91, y:212, width:154, height:12\\\">SLEEYOU-01</AgencyId></ItemIdInfo><GeneralPartyInfo><NameInfo><CommlName><CommercialName name=\\\"Form.Applicant.Name\\\" pageNum=\\\"0\\\" fileName=\\\"1_SubmissionForms.pdf\\\" coordinates=\\\"x:302, y:80, width:292, height:12\\\">Sleezer Youth Home</CommercialName></CommlName><LegalEntityCd name=\\\"Form.LegalEntity.Blank.Name\\\" pageNum=\\\"0\\\" fileName=\\\"1_SubmissionForms.pdf\\\" coordinates=\\\"x:501, y:176, width:93, height:12\\\">Not for Profit Organization</LegalEntityCd><TaxIdentity><TaxIdTypeCd>FEIN</TaxIdTypeCd><TaxId name=\\\"Form.FederalEmpIdNumber\\\" pageNum=\\\"0\\\" fileName=\\\"1_SubmissionForms.pdf\\\" coordinates=\\\"x:245, y:208, width:115, height:16\\\">36-2803988</TaxId></TaxIdentity></NameInfo><Addr><AddrTypeCd>MailingAddress</AddrTypeCd><Addr1 name=\\\"Form.Applicant.Mailing.Address\\\" pageNum=\\\"0\\\" fileName=\\\"1_SubmissionForms.pdf\\\" coordinates=\\\"x:245, y:114, width:194, height:38\\\">1401 S. Sleezer Home Road</Addr1><City name=\\\"Form.Applicant.Mailing.Address\\\" pageNum=\\\"0\\\" fileName=\\\"1_SubmissionForms.pdf\\\" coordinates=\\\"x:245, y:114, width:194, height:38\\\">Freeport</City><StateProvCd name=\\\"Form.Applicant.Mailing.Address\\\" pageNum=\\\"0\\\" fileName=\\\"1_SubmissionForms.pdf\\\" coordinates=\\\"x:245, y:114, width:194, height:38\\\">IL</StateProvCd><PostalCode name=\\\"Form.Applicant.Mailing.Address\\\" pageNum=\\\"0\\\" fileName=\\\"1_SubmissionForms.pdf\\\" coordinates=\\\"x:245, y:114, width:194, height:38\\\">61032</PostalCode></Addr><Communications><PhoneInfo><PhoneTypeCd>Phone</PhoneTypeCd><CommunicationUseCd>Business</CommunicationUseCd><PhoneNumber name=\\\"Form.Applicant.Phone.Office\\\" pageNum=\\\"0\\\" fileName=\\\"1_SubmissionForms.pdf\\\" coordinates=\\\"x:294, y:92, width:124, height:12\\\">+1-815-2328336</PhoneNumber></PhoneInfo><EmailInfo><CommunicationUseCd>Business</CommunicationUseCd><EmailAddr name=\\\"Form.Applicant.Email\\\" pageNum=\\\"0\\\" fileName=\\\"1_SubmissionForms.pdf\\\" coordinates=\\\"x:300, y:152, width:294, height:12\\\">ncs@sleezeryouthhome.org</EmailAddr></EmailInfo><WebsiteInfo><CommunicationUseCd>Business</CommunicationUseCd><WebsiteURL name=\\\"Form.Applicant.Website\\\" pageNum=\\\"0\\\" fileName=\\\"1_SubmissionForms.pdf\\\" coordinates=\\\"x:473, y:140, width:121, height:12\\\">http://www.sleezeryouthhome.org/</WebsiteURL></WebsiteInfo></Communications></GeneralPartyInfo><InsuredOrPrincipalInfo><InsuredOrPrincipalRoleCd>Insured</InsuredOrPrincipalRoleCd><PersonInfo /><BusinessInfo><NAICSCd name=\\\"Form.NAIC.Code\\\" pageNum=\\\"4\\\" fileName=\\\"1_SubmissionForms.pdf\\\" coordinates=\\\"x:256, y:122, width:50, height:24\\\">15350</NAICSCd></BusinessInfo></InsuredOrPrincipalInfo></InsuredOrPrincipal><CommlPolicy id=\\\"N2\\\"><LOBCd name=\\\"\\\" pageNum=\\\"0\\\" coordinates=\\\"\\\">WORK</LOBCd><ContractTerm><EffectiveDt name=\\\"Form.EffectiveDate\\\" pageNum=\\\"0\\\" fileName=\\\"1_SubmissionForms.pdf\\\" coordinates=\\\"x:18, y:400, width:115, height:16\\\">2019-01-01</EffectiveDt><ExpirationDt name=\\\"Form.ExpirationDate\\\" pageNum=\\\"0\\\" fileName=\\\"1_SubmissionForms.pdf\\\" coordinates=\\\"x:133, y:400, width:115, height:16\\\">2020-01-01</ExpirationDt></ContractTerm><MiscParty><GeneralPartyInfo><NameInfo><CommlName><CommercialName name=\\\"Form.Inspection.Name\\\" pageNum=\\\"0\\\" fileName=\\\"1_SubmissionForms.pdf\\\" coordinates=\\\"x:61, y:578, width:148, height:12\\\">Kelly Smith</CommercialName></CommlName></NameInfo><Communications><PhoneInfo><PhoneTypeCd>Phone</PhoneTypeCd><CommunicationUseCd>Business</CommunicationUseCd><PhoneNumber name=\\\"Form.Inspection.Phone.Office\\\" pageNum=\\\"0\\\" fileName=\\\"1_SubmissionForms.pdf\\\" coordinates=\\\"x:209, y:578, width:111, height:12\\\">+1-815-2328336</PhoneNumber></PhoneInfo><EmailInfo><CommunicationUseCd>Business</CommunicationUseCd><EmailAddr name=\\\"Form.Inspection.Email\\\" pageNum=\\\"0\\\" fileName=\\\"1_SubmissionForms.pdf\\\" coordinates=\\\"x:410, y:578, width:184, height:12\\\">ksmith@sleezeryouthhome.org</EmailAddr></EmailInfo></Communications></GeneralPartyInfo><MiscPartyInfo><MiscPartyRoleCd>InspectionContact</MiscPartyRoleCd></MiscPartyInfo></MiscParty><MiscParty><GeneralPartyInfo><NameInfo><CommlName><CommercialName name=\\\"Form.Accounting.Name\\\" pageNum=\\\"0\\\" fileName=\\\"1_SubmissionForms.pdf\\\" coordinates=\\\"x:61, y:590, width:148, height:12\\\">Kelly Smith</CommercialName></CommlName></NameInfo><Communications><PhoneInfo><PhoneTypeCd>Phone</PhoneTypeCd><CommunicationUseCd>Business</CommunicationUseCd><PhoneNumber name=\\\"Form.Accounting.Phone.Office\\\" pageNum=\\\"0\\\" fileName=\\\"1_SubmissionForms.pdf\\\" coordinates=\\\"x:209, y:590, width:111, height:12\\\">+1-815-2328336</PhoneNumber></PhoneInfo><EmailInfo><CommunicationUseCd>Business</CommunicationUseCd><EmailAddr name=\\\"Form.Accounting.Email\\\" pageNum=\\\"0\\\" fileName=\\\"1_SubmissionForms.pdf\\\" coordinates=\\\"x:410, y:590, width:184, height:12\\\">ksmith@sleezeryouthhome.org</EmailAddr></EmailInfo></Communications></GeneralPartyInfo><MiscPartyInfo><MiscPartyRoleCd>AC</MiscPartyRoleCd></MiscPartyInfo></MiscParty><MiscParty><GeneralPartyInfo><NameInfo><CommlName><CommercialName name=\\\"Form.Claims.Name\\\" pageNum=\\\"0\\\" fileName=\\\"1_SubmissionForms.pdf\\\" coordinates=\\\"x:61, y:602, width:148, height:12\\\">Kelly Smith</CommercialName></CommlName></NameInfo><Communications><PhoneInfo><PhoneTypeCd>Phone</PhoneTypeCd><CommunicationUseCd>Business</CommunicationUseCd><PhoneNumber name=\\\"Form.Claims.Phone.Office\\\" pageNum=\\\"0\\\" fileName=\\\"1_SubmissionForms.pdf\\\" coordinates=\\\"x:209, y:602, width:111, height:12\\\">+1-815-2328336</PhoneNumber></PhoneInfo><EmailInfo><CommunicationUseCd>Business</CommunicationUseCd><EmailAddr name=\\\"Form.Claims.Email\\\" pageNum=\\\"0\\\" fileName=\\\"1_SubmissionForms.pdf\\\" coordinates=\\\"x:410, y:602, width:184, height:12\\\">ksmith@sleezeryouthhome.org</EmailAddr></EmailInfo></Communications></GeneralPartyInfo><MiscPartyInfo><MiscPartyRoleCd>CC</MiscPartyRoleCd></MiscPartyInfo></MiscParty><PolicyStatusCd name=\\\"Form.Policy.Status.Quote\\\" pageNum=\\\"0\\\" fileName=\\\"1_SubmissionForms.pdf\\\" coordinates=\\\"x:18, y:236, width:15, height:12\\\">NBS</PolicyStatusCd><TermProcessDt name=\\\"Form.Policy.Status.Bound.Date\\\" pageNum=\\\"0\\\" fileName=\\\"1_SubmissionForms.pdf\\\" coordinates=\\\"x:141, y:250, width:68, height:12\\\">2019-01-01</TermProcessDt><CommlPolicySupplement><AuditFrequencyCd name=\\\"Form.Applicant.Audit.AtExpiration\\\" pageNum=\\\"0\\\" fileName=\\\"1_SubmissionForms.pdf\\\" coordinates=\\\"x:446, y:248, width:15, height:12\\\">XP</AuditFrequencyCd></CommlPolicySupplement></CommlPolicy><Location id=\\\"N5\\\"><ItemIdInfo><AgencyId name=\\\"Form.WC.Premises.LocationNumber.1\\\" pageNum=\\\"0\\\" fileName=\\\"1_SubmissionForms.pdf\\\" coordinates=\\\"x:18, y:308, width:29, height:24\\\">1</AgencyId><InsurerId>1</InsurerId></ItemIdInfo><Addr><AddrTypeCd>StreetAddress</AddrTypeCd><Addr1 name=\\\"Form.WC.Premises.Address.1\\\" pageNum=\\\"0\\\" fileName=\\\"1_SubmissionForms.pdf\\\" coordinates=\\\"x:76, y:308, width:518, height:24\\\">1401 S. Sleezer Home Road</Addr1><City name=\\\"Form.WC.Premises.Address.1\\\" pageNum=\\\"0\\\" fileName=\\\"1_SubmissionForms.pdf\\\" coordinates=\\\"x:76, y:308, width:518, height:24\\\">Freeport</City><StateProvCd name=\\\"Form.WC.Premises.Address.1\\\" pageNum=\\\"0\\\" fileName=\\\"1_SubmissionForms.pdf\\\" coordinates=\\\"x:76, y:308, width:518, height:24\\\">IL</StateProvCd><PostalCode name=\\\"Form.WC.Premises.Address.1\\\" pageNum=\\\"0\\\" fileName=\\\"1_SubmissionForms.pdf\\\" coordinates=\\\"x:76, y:308, width:518, height:24\\\">61032</PostalCode></Addr></Location><WorkCompLineBusiness id=\\\"N1\\\"><LOBCd name=\\\"\\\" pageNum=\\\"0\\\" coordinates=\\\"\\\">WORK</LOBCd><WorkCompRateState><StateProvCd name=\\\"Form.Rating.State.14\\\" pageNum=\\\"1\\\" fileName=\\\"1_SubmissionForms.pdf\\\" coordinates=\\\"x:162, y:81, width:432, height:23\\\">IL</StateProvCd><CreditOrSurcharge id=\\\"N37\\\"><CreditSurchargeCd>AREM</CreditSurchargeCd><NumericValue><FormatModFactor name=\\\"Form.State.ExpMeritModification.Factor.1\\\" pageNum=\\\"1\\\" fileName=\\\"1_SubmissionForms.pdf\\\" coordinates=\\\"x:137, y:536, width:43, height:12\\\">1.36000</FormatModFactor></NumericValue></CreditOrSurcharge><WorkCompLocInfo id=\\\"N8\\\" LocationRef=\\\"N5\\\"><WorkCompRateClass id=\\\"N9\\\"><RatingClassificationCd name=\\\"Form.Rating.ClassCode.1\\\" pageNum=\\\"1\\\" fileName=\\\"1_SubmissionForms.pdf\\\" coordinates=\\\"x:47, y:128, width:50, height:24\\\">8810</RatingClassificationCd><Exposure name=\\\"Form.Rating.EstimatedAnnualRemuneration.1\\\" pageNum=\\\"1\\\" fileName=\\\"1_SubmissionForms.pdf\\\" coordinates=\\\"x:428, y:128, width:69, height:24\\\">80000.00</Exposure><RatingClassificationDesc name=\\\"Form.Rating.CategoryDutyClassification.1\\\" pageNum=\\\"1\\\" fileName=\\\"1_SubmissionForms.pdf\\\" coordinates=\\\"x:126, y:128, width:176, height:24\\\">Clerical</RatingClassificationDesc></WorkCompRateClass></WorkCompLocInfo><WorkCompLocInfo id=\\\"N10\\\" LocationRef=\\\"N5\\\"><WorkCompRateClass id=\\\"N11\\\"><RatingClassificationCd name=\\\"Form.Rating.ClassCode.2\\\" pageNum=\\\"1\\\" fileName=\\\"1_SubmissionForms.pdf\\\" coordinates=\\\"x:47, y:152, width:50, height:24\\\">8842</RatingClassificationCd><Exposure name=\\\"Form.Rating.EstimatedAnnualRemuneration.2\\\" pageNum=\\\"1\\\" fileName=\\\"1_SubmissionForms.pdf\\\" coordinates=\\\"x:428, y:152, width:69, height:24\\\">1375000.00</Exposure><RatingClassificationDesc name=\\\"Form.Rating.CategoryDutyClassification.2\\\" pageNum=\\\"1\\\" fileName=\\\"1_SubmissionForms.pdf\\\" coordinates=\\\"x:126, y:152, width:176, height:24\\\">Shelter, mission, settlement or halfway house - not church or office building</RatingClassificationDesc></WorkCompRateClass></WorkCompLocInfo></WorkCompRateState><IncludeExcludeState><IncludedExcludedCd>I</IncludedExcludedCd><StateProvCd>IL</StateProvCd></IncludeExcludeState><CommlCoverage><CoverageCd>WCEL</CoverageCd><Limit><FormatInteger name=\\\"Form.Policy.EmpLiability.EachAccident\\\" pageNum=\\\"0\\\" fileName=\\\"1_SubmissionForms.pdf\\\" coordinates=\\\"x:97, y:428, width:91, height:12\\\">2000000</FormatInteger><LimitAppliesToCd>PerAcc</LimitAppliesToCd></Limit><Limit><FormatInteger name=\\\"Form.Policy.EmpLiability.DiseasePolicyLimit\\\" pageNum=\\\"0\\\" fileName=\\\"1_SubmissionForms.pdf\\\" coordinates=\\\"x:97, y:440, width:91, height:12\\\">2000000</FormatInteger><LimitAppliesToCd>DisPol</LimitAppliesToCd></Limit><Limit><FormatInteger name=\\\"Form.Policy.EmpLiability.DiseaseEachEmp\\\" pageNum=\\\"0\\\" fileName=\\\"1_SubmissionForms.pdf\\\" coordinates=\\\"x:97, y:452, width:91, height:12\\\">2000000</FormatInteger><LimitAppliesToCd>DisEachEmpl</LimitAppliesToCd></Limit></CommlCoverage><QuestionAnswer><QuestionCd>WORK07</QuestionCd><YesNoCd name=\\\"Form.GeneralInfo.YesNo.1\\\" pageNum=\\\"2\\\" fileName=\\\"1_SubmissionForms.pdf\\\" coordinates=\\\"x:572, y:374, width:22, height:24\\\">NO</YesNoCd></QuestionAnswer><QuestionAnswer><QuestionCd>WORK16</QuestionCd><YesNoCd name=\\\"Form.GeneralInfo.YesNo.2\\\" pageNum=\\\"2\\\" fileName=\\\"1_SubmissionForms.pdf\\\" coordinates=\\\"x:572, y:398, width:22, height:30\\\">NO</YesNoCd></QuestionAnswer><QuestionAnswer><QuestionCd>BOP21</QuestionCd><YesNoCd name=\\\"Form.GeneralInfo.YesNo.3\\\" pageNum=\\\"2\\\" fileName=\\\"1_SubmissionForms.pdf\\\" coordinates=\\\"x:572, y:428, width:22, height:24\\\">NO</YesNoCd></QuestionAnswer><QuestionAnswer><QuestionCd>CUMBR09</QuestionCd><YesNoCd name=\\\"Form.GeneralInfo.YesNo.4\\\" pageNum=\\\"2\\\" fileName=\\\"1_SubmissionForms.pdf\\\" coordinates=\\\"x:572, y:452, width:22, height:24\\\">NO</YesNoCd></QuestionAnswer><QuestionAnswer><QuestionCd>BOP11</QuestionCd><YesNoCd name=\\\"Form.GeneralInfo.YesNo.5\\\" pageNum=\\\"2\\\" fileName=\\\"1_SubmissionForms.pdf\\\" coordinates=\\\"x:572, y:476, width:22, height:24\\\">NO</YesNoCd></QuestionAnswer><QuestionAnswer><QuestionCd>WORK06</QuestionCd><YesNoCd name=\\\"Form.GeneralInfo.YesNo.6\\\" pageNum=\\\"2\\\" fileName=\\\"1_SubmissionForms.pdf\\\" coordinates=\\\"x:572, y:500, width:22, height:24\\\">NO</YesNoCd></QuestionAnswer><QuestionAnswer><QuestionCd>BOP15</QuestionCd><YesNoCd name=\\\"Form.GeneralInfo.YesNo.7\\\" pageNum=\\\"2\\\" fileName=\\\"1_SubmissionForms.pdf\\\" coordinates=\\\"x:572, y:524, width:22, height:24\\\">NO</YesNoCd></QuestionAnswer><QuestionAnswer><QuestionCd>GENRL47</QuestionCd><YesNoCd name=\\\"Form.GeneralInfo.YesNo.8\\\" pageNum=\\\"2\\\" fileName=\\\"1_SubmissionForms.pdf\\\" coordinates=\\\"x:572, y:548, width:22, height:24\\\">YES</YesNoCd></QuestionAnswer><QuestionAnswer><QuestionCd>WORK11</QuestionCd><YesNoCd name=\\\"Form.GeneralInfo.YesNo.9\\\" pageNum=\\\"2\\\" fileName=\\\"1_SubmissionForms.pdf\\\" coordinates=\\\"x:572, y:572, width:22, height:24\\\">NO</YesNoCd></QuestionAnswer><QuestionAnswer><QuestionCd>BOP22</QuestionCd><YesNoCd name=\\\"Form.GeneralInfo.YesNo.10\\\" pageNum=\\\"2\\\" fileName=\\\"1_SubmissionForms.pdf\\\" coordinates=\\\"x:572, y:596, width:22, height:24\\\">YES</YesNoCd><Explanation name=\\\"Form.GeneralInfo.Description.10\\\" pageNum=\\\"2\\\" fileName=\\\"1_SubmissionForms.pdf\\\" coordinates=\\\"x:18, y:596, width:554, height:24\\\">1 employee over 60.</Explanation></QuestionAnswer><QuestionAnswer><QuestionCd>WORK13</QuestionCd><YesNoCd name=\\\"Form.GeneralInfo.YesNo.11\\\" pageNum=\\\"2\\\" fileName=\\\"1_SubmissionForms.pdf\\\" coordinates=\\\"x:572, y:620, width:22, height:24\\\">NO</YesNoCd></QuestionAnswer><QuestionAnswer><QuestionCd>BOP23</QuestionCd><YesNoCd name=\\\"Form.GeneralInfo.YesNo.12\\\" pageNum=\\\"2\\\" fileName=\\\"1_SubmissionForms.pdf\\\" coordinates=\\\"x:572, y:644, width:22, height:24\\\">NO</YesNoCd></QuestionAnswer><QuestionAnswer><QuestionCd>WORK12</QuestionCd><YesNoCd name=\\\"Form.GeneralInfo.YesNo.13\\\" pageNum=\\\"2\\\" fileName=\\\"1_SubmissionForms.pdf\\\" coordinates=\\\"x:572, y:668, width:22, height:24\\\">NO</YesNoCd></QuestionAnswer><QuestionAnswer><QuestionCd>WORK10</QuestionCd><YesNoCd name=\\\"Form.GeneralInfo.YesNo.14\\\" pageNum=\\\"2\\\" fileName=\\\"1_SubmissionForms.pdf\\\" coordinates=\\\"x:572, y:692, width:22, height:24\\\">NO</YesNoCd></QuestionAnswer><QuestionAnswer><QuestionCd>BOP10</QuestionCd><YesNoCd name=\\\"Form.GeneralInfo.YesNo.15\\\" pageNum=\\\"2\\\" fileName=\\\"1_SubmissionForms.pdf\\\" coordinates=\\\"x:572, y:716, width:22, height:24\\\">NO</YesNoCd></QuestionAnswer><QuestionAnswer><QuestionCd>WORK14</QuestionCd><YesNoCd name=\\\"Form.GeneralInfo.YesNo.16\\\" pageNum=\\\"2\\\" fileName=\\\"1_SubmissionForms.pdf\\\" coordinates=\\\"x:572, y:740, width:22, height:24\\\">YES</YesNoCd></QuestionAnswer><QuestionAnswer><QuestionCd>GENRL22</QuestionCd><YesNoCd name=\\\"Form.GeneralInfo.YesNo.17\\\" pageNum=\\\"3\\\" fileName=\\\"1_SubmissionForms.pdf\\\" coordinates=\\\"x:572, y:62, width:22, height:24\\\">NO</YesNoCd></QuestionAnswer><QuestionAnswer><QuestionCd>GENRL06</QuestionCd><YesNoCd name=\\\"Form.GeneralInfo.YesNo.18\\\" pageNum=\\\"3\\\" fileName=\\\"1_SubmissionForms.pdf\\\" coordinates=\\\"x:572, y:86, width:22, height:24\\\">NO</YesNoCd></QuestionAnswer><QuestionAnswer><QuestionCd>WORK08</QuestionCd><YesNoCd name=\\\"Form.GeneralInfo.YesNo.19\\\" pageNum=\\\"3\\\" fileName=\\\"1_SubmissionForms.pdf\\\" coordinates=\\\"x:572, y:110, width:22, height:24\\\">YES</YesNoCd><Explanation name=\\\"Form.GeneralInfo.Description.19\\\" pageNum=\\\"3\\\" fileName=\\\"1_SubmissionForms.pdf\\\" coordinates=\\\"x:18, y:110, width:554, height:24\\\">Yes, for full time employees.</Explanation></QuestionAnswer><QuestionAnswer><QuestionCd>CGL05</QuestionCd><YesNoCd name=\\\"Form.GeneralInfo.YesNo.20\\\" pageNum=\\\"3\\\" fileName=\\\"1_SubmissionForms.pdf\\\" coordinates=\\\"x:572, y:134, width:22, height:24\\\">NO</YesNoCd></QuestionAnswer><QuestionAnswer><QuestionCd>CGL04</QuestionCd><YesNoCd name=\\\"Form.GeneralInfo.YesNo.21\\\" pageNum=\\\"3\\\" fileName=\\\"1_SubmissionForms.pdf\\\" coordinates=\\\"x:572, y:158, width:22, height:24\\\">NO</YesNoCd></QuestionAnswer><QuestionAnswer><QuestionCd>WORK09</QuestionCd><YesNoCd name=\\\"Form.GeneralInfo.YesNo.22\\\" pageNum=\\\"3\\\" fileName=\\\"1_SubmissionForms.pdf\\\" coordinates=\\\"x:572, y:182, width:22, height:24\\\">NO</YesNoCd></QuestionAnswer><QuestionAnswer><QuestionCd>GENRL14</QuestionCd><YesNoCd name=\\\"Form.GeneralInfo.YesNo.23\\\" pageNum=\\\"3\\\" fileName=\\\"1_SubmissionForms.pdf\\\" coordinates=\\\"x:572, y:206, width:22, height:24\\\">NO</YesNoCd></QuestionAnswer><QuestionAnswer><QuestionCd>WORK17</QuestionCd><YesNoCd name=\\\"Form.GeneralInfo.YesNo.24\\\" pageNum=\\\"3\\\" fileName=\\\"1_SubmissionForms.pdf\\\" coordinates=\\\"x:572, y:230, width:22, height:30\\\">NO</YesNoCd></QuestionAnswer><QuestionAnswer><QuestionCd>WORK44</QuestionCd><YesNoCd name=\\\"Form.GeneralInfo.YesNo.24\\\" pageNum=\\\"3\\\" fileName=\\\"1_SubmissionForms.pdf\\\" coordinates=\\\"x:572, y:230, width:22, height:30\\\">NO</YesNoCd></QuestionAnswer></WorkCompLineBusiness></WorkCompPolicyQuoteInqRq></InsuranceSvcRq></ACORD></ReturnPayload><RawExtractionData><pdfData><page><layoutID>ACORD_130_2013_09</layoutID><pageID>page1_WORKERS_COMPENSATION_APPLICATION</pageID><pageFormat>Text</pageFormat><familyName>ACORD_130</familyName><formNumber>ACORD_130</formNumber><actualPageNum>0</actualPageNum><fileName>1_SubmissionForms.pdf</fileName></page><page><layoutID>ACORD_130_2013_09</layoutID><pageID>page2_STATE_RATING_SHEET_#</pageID><pageFormat>Text</pageFormat><familyName>ACORD_130</familyName><formNumber>ACORD_130</formNumber><actualPageNum>1</actualPageNum><fileName>1_SubmissionForms.pdf</fileName></page><page><layoutID>ACORD_130_2013_09</layoutID><pageID>page3_PRIOR_CARRIER_INFORMATION_LOSS_HISTORY</pageID><pageFormat>Text</pageFormat><familyName>ACORD_130</familyName><formNumber>ACORD_130</formNumber><actualPageNum>2</actualPageNum><fileName>1_SubmissionForms.pdf</fileName></page><page><layoutID>ACORD_130_2013_09</layoutID><pageID>page4_GENERAL_INFORMATION</pageID><pageFormat>Text</pageFormat><familyName>ACORD_130</familyName><formNumber>ACORD_130</formNumber><actualPageNum>3</actualPageNum><fileName>1_SubmissionForms.pdf</fileName></page><page><layoutID>ACORD_101_2008_01</layoutID><pageID>page1_ADDITIONAL_REMARKS_SCHEDULE</pageID><pageFormat>Text</pageFormat><familyName>ACORD_125</familyName><formNumber>ACORD_125</formNumber><actualPageNum>4</actualPageNum><fileName>1_SubmissionForms.pdf</fileName></page></pdfData></RawExtractionData></FormServerResponse>\"\n}"
        },
        "driver": {
            "type": "object",
            "properties": {
                "data": {
                    "type": "object",
                    "properties": {
                        "policy": {
                            "type": "object",
                            "properties": {
                                "line": {
                                    "type": "object",
                                    "properties": {
                                        "lineUnderwriting": {
                                            "type": "object",
                                            "properties": {
                                                "commercialAutoDriverInformation": {
                                                    "type": "object",
                                                    "properties": {
                                                        "@@id": {
                                                            "type": "string"
                                                        },
                                                        "DateOfBirth": {
                                                            "type": "string"
                                                        },
                                                        "DriversLicenseNumber": {
                                                            "type": "string"
                                                        },
                                                        "DriverUnderwritingInformationOutputNonShreddedLastFourDigitsOfDriversLicenseNumber": {
                                                            "type": "string"
                                                        },
                                                        "InAddMode": {
                                                            "type": "string"
                                                        },
                                                        "InEditMode": {
                                                            "type": "string"
                                                        },
                                                        "LastName": {
                                                            "type": "string"
                                                        },
                                                        "MiddleInitial": {
                                                            "type": "string"
                                                        },
                                                        "Name": {
                                                            "type": "string"
                                                        },
                                                        "StateLicensed": {
                                                            "type": "string"
                                                        }
                                                    }
                                                }
                                            }
                                        },
                                        "Type": {
                                            "type": "string"
                                        }
                                    }
                                }
                            }
                        }
                    }
                }
            },
            "example": "<session>\r\n\t<data>\r\n\t\t<policy>\r\n\t\t\t<line>\r\n\t\t\t\t<lineUnderwriting>\r\n\t\t\t\t\t<commercialAutoDriverInformation id=\"3b6495b9259e22e298c6f364d8271143\">\r\n\t\t\t\t\t\t<DateOfBirth>1992-12-28</DateOfBirth>\r\n\t\t\t\t\t\t<DriversLicenseNumber>C465-4318-2468-02</DriversLicenseNumber>\r\n\t\t\t\t\t\t<DriverUnderwritingInformationOutputNonShreddedLastFourDigitsOfDriversLicenseNumber>8-02</DriverUnderwritingInformationOutputNonShreddedLastFourDigitsOfDriversLicenseNumber>\r\n\t\t\t\t\t\t<InAddMode>0</InAddMode>\r\n\t\t\t\t\t\t<InEditMode>0</InEditMode>\r\n\t\t\t\t\t\t<LastName>Cleerman</LastName>\r\n\t\t\t\t\t\t<MiddleInitial>K</MiddleInitial>\r\n\t\t\t\t\t\t<Name>Justin</Name>\r\n\t\t\t\t\t\t<StateLicensed>WI</StateLicensed>\r\n\t\t\t\t\t</commercialAutoDriverInformation>\r\n\t\t\t\t</lineUnderwriting>\r\n\t\t\t\t<Type>CommercialAuto</Type>\r\n\t\t\t</line>\r\n\t\t</policy>\r\n\t</data>\r\n</session>"
        }
    },
    "tags": []
}