<!--
    IMPORTANT:
    - Policy elements can appear only within the <inbound>, <outbound>, <backend> section elements.
    - To apply a policy to the incoming request (before it is forwarded to the backend service), place a corresponding policy element within the <inbound> section element.
    - To apply a policy to the outgoing response (before it is sent back to the caller), place a corresponding policy element within the <outbound> section element.
    - To add a policy, place the cursor at the desired insertion point and select a policy from the sidebar.
    - To remove a policy, delete the corresponding policy statement from the policy document.
    - Position the <base> element within a section element to inherit all policies from the corresponding section element in the enclosing scope.
    - Remove the <base> element to prevent inheriting policies from the corresponding section element in the enclosing scope.
    - Policies are applied in the order of their appearance, from the top down.
    - Comments within policy elements are not supported and may disappear. Place your comments between policy elements or at a higher level scope.
-->
<policies>
    <inbound>
        <base />
        <set-backend-service base-url="#{XMLBlobURL}#" />
        <set-variable name="guid" value="@(Guid.NewGuid().ToString())" />
        <set-variable name="uri" value=".xml#{XMLBlobKey}#" />
        <rewrite-uri template="@((string)context.Variables[&quot;guid&quot;]+(string)context.Variables[&quot;uri&quot;])" />
        <set-method>PUT</set-method>
        <set-header name="x-ms-blob-type" exists-action="override">
            <value>BlockBlob</value>
        </set-header>
        <choose>
            <when condition="true">
                <set-variable name="base" value="#{XMLStorageURL}#" />
                <set-variable name="uriString" value="#{XMLStorageKey}#" />
                <send-one-way-request mode="new">
                    <set-url>@((string)context.Variables["base"]+(string)context.Variables["uriString"])</set-url>
                    <set-method>POST</set-method>
                    <set-header name="Content-Type" exists-action="override">
                        <value>application/json</value>
                    </set-header>
                    <set-header name="Accept" exists-action="override">
                        <value>application/json;odata=nometadata</value>
                    </set-header>
                    <set-header name="x-ms-blob-type" exists-action="delete" />
                    <set-body>@{
                        XDocument xml = context.Request.Body.As&lt;XDocument&gt;(preserveContent:true);
                        string json = JsonConvert.SerializeObject(xml);
                        string name = JObject.Parse(json)["session"]["data"]["account"]["Name"].ToString();
                        string address = JObject.Parse(json)["session"]["data"]["account"]["address"]["Address1"].ToString();
                        string city = JObject.Parse(json)["session"]["data"]["account"]["address"]["City"].ToString();
                        string state = JObject.Parse(json)["session"]["data"]["account"]["address"]["State"].ToString();
                        string zip = JObject.Parse(json)["session"]["data"]["account"]["address"]["ZipCode"].ToString();
                        string agency = JObject.Parse(json)["session"]["data"]["agencyDetails"]["agency"]["name"].ToString();
                        return new JObject(
                            new JProperty("PartitionKey","DCTXML"),
                            new JProperty("RowKey",context.Variables["guid"]),
                            new JProperty("InsuredName",name),
                            new JProperty("Address",address),
                            new JProperty("City",city),
                            new JProperty("State",state),
                            new JProperty("Zip",zip),
                            new JProperty("Agency",agency)).ToString();
                    }</set-body>
                </send-one-way-request>
            </when>
        </choose>
    </inbound>
    <backend>
        <base />
    </backend>
    <outbound>
        <base />
    </outbound>
    <on-error>
        <base />
    </on-error>
</policies>