﻿<PolicyRs xmlns="http://www.acord.org/schema/PC/xml/2">
  <BusinessPurposeTypeCd>NBQ</BusinessPurposeTypeCd>
  <TransactionEffectiveDt>2020-01-14T00:00:00.000</TransactionEffectiveDt>
  <SourceSystem id="S3F68A620254348558197008E24164010">
    <SourceSystemCd>WB</SourceSystemCd>
    <SourceSystemQualifierCd>LR</SourceSystemQualifierCd>
  </SourceSystem>
  <TransactionSeqNumber>1</TransactionSeqNumber>
  <Policy id="P864BA9A8BE974FE5A79B3FB08B46CD3C">
    <PolicyNumber>A967398</PolicyNumber>
    <PolicyVersion>00</PolicyVersion>
    <CompanyProductCd>801</CompanyProductCd>
    <BroadLOBCd>1</BroadLOBCd>
    <NAICCd>15350</NAICCd>
    <ControllingStateProvCd>AZ</ControllingStateProvCd>
    <ContractTerm id="CEA3D3D90FC7343C580FFDEF045887A40">
      <EffectiveDt>2020-01-14</EffectiveDt>
      <ExpirationDt>2021-01-14</ExpirationDt>
    </ContractTerm>
    <CustomerServicingCd>AGY</CustomerServicingCd>
    <GroupId />
    <NumLosses>0</NumLosses>
    <OtherOrPriorPolicy id="O5D257B8E3A1C4FD2A22B685BBEB2F271" DriverRef="DE7120B89FAC841ED935C78EC67FFB828">
      <PolicyCd>RecentOt</PolicyCd>
      <ContractTerm id="C7CB0CA0435504BAC89389F15DF640A95">
        <ExpirationDt>2020-01-14</ExpirationDt>
      </ContractTerm>
      <LengthTimeWithPreviousInsurer id="LE7E69714D6EC42099D8D9CC549BFDFB6">
        <NumUnits>240</NumUnits>
      </LengthTimeWithPreviousInsurer>
      <Coverage id="C70F0501B212845BC99FE530F3EB51838">
        <CoverageCd>CSL</CoverageCd>
        <Limit id="LE4CE8FA1518F4B74809E92C598947E98">
          <FormatCurrencyAmt id="F2388B0EAA35E4DE797750FF87621E52C">
            <Amt>500000</Amt>
          </FormatCurrencyAmt>
          <LimitAppliesToCd>PerAcc</LimitAppliesToCd>
        </Limit>
        <ProRateFactor>1</ProRateFactor>
        <CoverageSupplement id="C76075FE5A99842F39E60BD7E7052BF54">
          <CoverageSubCd>CSL</CoverageSubCd>
        </CoverageSupplement>
      </Coverage>
      <OtherOrPriorPolicyExt id="O1979332CE2814C65995912C22BA73160">
        <WBPriorCarrierInceptionDt>2000-01-14</WBPriorCarrierInceptionDt>
        <WBRecordInfo id="W9AFB51BF2444465D84B28390CC35FDEA">
          <WBRecordModifyInd>0</WBRecordModifyInd>
          <WBRecordModifyType>O</WBRecordModifyType>
          <WBRecordSource>MANUAL</WBRecordSource>
        </WBRecordInfo>
        <WBPriorCarrierGroupName>Progressive Corporation</WBPriorCarrierGroupName>
        <WBInsLapseCheckInd>0</WBInsLapseCheckInd>
        <WBPriorBIRatingRange>High</WBPriorBIRatingRange>
        <WBPriorCarrierGroupCode>0154</WBPriorCarrierGroupCode>
      </OtherOrPriorPolicyExt>
    </OtherOrPriorPolicy>
    <PaymentOption id="PDE2AC8D3CA8C43529388EA48EDF15E1D">
      <PaymentPlanCd>QT</PaymentPlanCd>
      <PaymentOptionExt id="PBF5040ACF23E42F3B70FCAC123ECBEEB">
        <WBDepositInd>0</WBDepositInd>
      </PaymentOptionExt>
    </PaymentOption>
    <QuoteInfo id="QD799EE9542B94DBAA614B869A6111864">
      <InitialQuoteRequestDt>2020-01-24</InitialQuoteRequestDt>
    </QuoteInfo>
    <CreditScoreInfo id="C7450A53D5AD44660BB247295E999C4D2">
      <CreditScore>998</CreditScore>
      <CreditScoreDt>2020-01-24</CreditScoreDt>
      <CSPolicyTypeCd>Auto</CSPolicyTypeCd>
    </CreditScoreInfo>
    <CreditScoreInfo id="C99450E3467AC4D3B976CB6EFD94BFB48">
      <CreditScore>0</CreditScore>
      <CreditScoreDt>2020-01-24</CreditScoreDt>
      <CSPolicyTypeCd>Lowest</CSPolicyTypeCd>
    </CreditScoreInfo>
    <PolicyStatusCd>InForce</PolicyStatusCd>
    <UnderwritingDecisionInfo id="UE22DA52E9F98446AA5D635866A929BF3">
      <SystemUnderwritingDecisionDt>2020-01-24</SystemUnderwritingDecisionDt>
      <UnderwritingScoreNumber>480</UnderwritingScoreNumber>
      <UnderwritingRuleInfo id="U837D7B69C7BA4C0391E184203DBE0B0E">
        <UnderwritingDecisionCd>Refer</UnderwritingDecisionCd>
        <UnderwritingScoreNumber>120</UnderwritingScoreNumber>
        <UnderwritingRuleInfoExt id="UDE60C83AA3224E3A8B796526C242FA38">
          <WBRuleIDDesc>RX3229</WBRuleIDDesc>
          <WBRuleMessageDesc>Refer to Underwriting due to Willow Milwaukee's MVR came back as an Error</WBRuleMessageDesc>
          <WBRuleSeverityCd>3</WBRuleSeverityCd>
          <WBOverrideInd>1</WBOverrideInd>
          <WBRemark id="WA329997D583A462CBD3C4032F609E83C">
            <WBMessage>ok</WBMessage>
            <WBMessageDt>2020-01-24T07:27:45.100</WBMessageDt>
            <WBUserId>Michelle Schweizer</WBUserId>
            <WBMessageTypeCd>LUCI</WBMessageTypeCd>
          </WBRemark>
        </UnderwritingRuleInfoExt>
      </UnderwritingRuleInfo>
      <UnderwritingRuleInfo id="U047C8B3BD3B64EF9AE569C87073D4324">
        <UnderwritingDecisionCd>Refer</UnderwritingDecisionCd>
        <UnderwritingScoreNumber>120</UnderwritingScoreNumber>
        <UnderwritingRuleInfoExt id="UA78AFD71512B4F37881B554ABE5E41A8">
          <WBRuleIDDesc>RX3190</WBRuleIDDesc>
          <WBRuleMessageDesc>Refer to Underwriting due to Flex Home and Highway</WBRuleMessageDesc>
          <WBRuleSeverityCd>3</WBRuleSeverityCd>
          <WBOverrideInd>1</WBOverrideInd>
          <WBRemark id="W6E48400D19CA49D8933DA6ECFE48AC82">
            <WBMessage>ok</WBMessage>
            <WBMessageDt>2020-01-24T07:27:45.100</WBMessageDt>
            <WBUserId>Michelle Schweizer</WBUserId>
            <WBMessageTypeCd>LUCI</WBMessageTypeCd>
          </WBRemark>
        </UnderwritingRuleInfoExt>
      </UnderwritingRuleInfo>
      <UnderwritingRuleInfo id="UDA4CD4F09B564F4084B21ADEF5C3C0A9">
        <UnderwritingDecisionCd>Refer</UnderwritingDecisionCd>
        <UnderwritingScoreNumber>120</UnderwritingScoreNumber>
        <UnderwritingRuleInfoExt id="UF2C8588FC2BC4EFF9BACBB83015E3FA2">
          <WBRuleIDDesc>RX3458</WBRuleIDDesc>
          <WBRuleMessageDesc>Refer to Underwriting due to report(s) returned with an error or no hit message</WBRuleMessageDesc>
          <WBRuleSeverityCd>3</WBRuleSeverityCd>
          <WBOverrideInd>1</WBOverrideInd>
          <WBRemark id="W20A1D0D6B6BE48C38286A55012191B88">
            <WBMessage>ok</WBMessage>
            <WBMessageDt>2020-01-24T07:27:45.100</WBMessageDt>
            <WBUserId>Michelle Schweizer</WBUserId>
            <WBMessageTypeCd>LUCI</WBMessageTypeCd>
          </WBRemark>
        </UnderwritingRuleInfoExt>
      </UnderwritingRuleInfo>
      <UnderwritingRuleInfo id="UC5B1B6ABF1794375B16095FC87818BAB">
        <UnderwritingDecisionCd>Refer</UnderwritingDecisionCd>
        <UnderwritingScoreNumber>120</UnderwritingScoreNumber>
        <UnderwritingRuleInfoExt id="U2EC7AF787D5A46BE847E73CA9432B8DB">
          <WBRuleIDDesc>RX3460</WBRuleIDDesc>
          <WBRuleMessageDesc>Refer to Underwriting - Insurance Score came back as a No Hit. Underwriting will review and reorder the Credit Report before issuing the policy. Premiums will change if a valid insurance score is received.</WBRuleMessageDesc>
          <WBRuleSeverityCd>3</WBRuleSeverityCd>
          <WBOverrideInd>1</WBOverrideInd>
          <WBRemark id="WB027E1DD666146F8876408BFA21958D7">
            <WBMessage>ok</WBMessage>
            <WBMessageDt>2020-01-24T07:27:45.100</WBMessageDt>
            <WBUserId>Michelle Schweizer</WBUserId>
            <WBMessageTypeCd>LUCI</WBMessageTypeCd>
          </WBRemark>
        </UnderwritingRuleInfoExt>
      </UnderwritingRuleInfo>
      <UnderwritingDecisionInfoExt id="UD059A380673A4808B46BC060FDE0794C">
        <WBUpdatedCumulativeScore>0</WBUpdatedCumulativeScore>
      </UnderwritingDecisionInfoExt>
    </UnderwritingDecisionInfo>
    <OriginalPolicyInceptionDt>2020-01-14</OriginalPolicyInceptionDt>
    <PaidInFullInd>0</PaidInFullInd>
    <Producer id="P94D95C987E024F01904467337E2D012B" />
    <Producer id="PC0FE9607C8E94A668DB5B884900AA005">
      <Relationship id="R3417D7118A0749A29A3419D8787BAEB0">
        <RelationshipToCd>Agency</RelationshipToCd>
      </Relationship>
      <Name>A &amp; J PETERSBURG AGENCY</Name>
      <Addr id="AE7EF3E8F494D4DAFA4585AD591C1AF83">
        <AddrTypeCd>MailingAddress</AddrTypeCd>
        <Addr1>PO BOX 290</Addr1>
        <City>DECORAH</City>
        <StateProvCd>IA</StateProvCd>
        <PostalCode>52101</PostalCode>
        <CountryCd>USA</CountryCd>
        <County>US</County>
      </Addr>
      <Communications id="C9A82FA11F4144D5984D89121B583A120">
        <PhoneTypeCd>HOME</PhoneTypeCd>
        <PhoneNumber>563-382-3627</PhoneNumber>
        <EmailAddr />
      </Communications>
      <ContractNumber>14004</ContractNumber>
      <ProducerSubCode />
    </Producer>
    <Producer id="P97CD11E4502D4DF086FCD7439FAD1AE2">
      <Relationship id="R7DA88A45A8F94FBEB13B4D37E5C86BEF">
        <RelationshipToCd>USERIN</RelationshipToCd>
      </Relationship>
      <Name>Michelle Schweizer</Name>
      <ProducerSubCode>99999</ProducerSubCode>
    </Producer>
    <Producer id="P59868ACF6AF84EA885FEF641E3A304CE">
      <Relationship id="R2FC76839AC584DBD8CBFA267BA0420E8">
        <RelationshipToCd>PROD</RelationshipToCd>
      </Relationship>
      <Name>Andrea Martin</Name>
      <ProducerSubCode>10937</ProducerSubCode>
    </Producer>
    <InsuredOrPrincipal id="IAF575F26BC7945AE9C4B56E73BF8E19F">
      <ItemIdInfo id="IC7AAA95845194E9BAD67EED7DBCD01B1">
        <InsurerId>1000435359</InsurerId>
      </ItemIdInfo>
      <Relationship id="RECBB6D10F17F4CD6B84D8DB5E7E1502C" RelationshipToRef="P864BA9A8BE974FE5A79B3FB08B46CD3C">
        <RelationshipToCd>FNI</RelationshipToCd>
      </Relationship>
      <Name>Willow Milwaukee</Name>
      <CreditScoreInfo id="C9EBC4E0790BB422DBAAF45CFFD13588D">
        <ReferenceNumber>20024131800503</ReferenceNumber>
        <CreditScore>998</CreditScore>
        <CreditScoreDt>2020-01-24</CreditScoreDt>
        <CSPolicyTypeCd>Auto</CSPolicyTypeCd>
        <CreditScoreInfoExt id="C4977F2D9B42F40D09BE8431F2303E973">
          <WBThirdPartyReport id="W8B335D9FD5C544B7A58117942E041046">
            <WBReportTypeCd>NCF</WBReportTypeCd>
            <WBReportOrderDt>2020-01-24</WBReportOrderDt>
            <WBReportOrderStatus>No Hit</WBReportOrderStatus>
            <WBReportExpirationDt>2020-04-23</WBReportExpirationDt>
          </WBThirdPartyReport>
          <WBThirdPartyNCF id="W2F8C018926A8460EA69B18173EE615D2">
            <WBNCFProcessingStatus>Complete Success</WBNCFProcessingStatus>
            <WBCreditScoreReason id="W6E4DD314F8A54C15B521F79A018AC7B2">
              <WBCreditScoreReasonCd>WB1</WBCreditScoreReasonCd>
              <WBCreditScoreReasonDesc>An insurance score could not be generated as no credit file was found.</WBCreditScoreReasonDesc>
            </WBCreditScoreReason>
          </WBThirdPartyNCF>
          <WBRecordInfo id="W2C9D08A8048E4177B5905C2B2A508E9E">
            <WBRecordSource>NCF-CREDIT</WBRecordSource>
          </WBRecordInfo>
        </CreditScoreInfoExt>
      </CreditScoreInfo>
      <CreditScoreInfo id="CB3B991B7982B470AB576000905F64671">
        <CreditScore>0</CreditScore>
        <CreditScoreDt>2020-01-24</CreditScoreDt>
        <CSPolicyTypeCd>Home</CSPolicyTypeCd>
      </CreditScoreInfo>
      <Addr id="A8006F84070224DB7AB78117544106C32">
        <AddrTypeCd>InsuredsAddress</AddrTypeCd>
        <Addr1>6223 E Aster Dr</Addr1>
        <City>Scottsdale</City>
        <StateProvCd>AZ</StateProvCd>
        <PostalCode>85254-4428</PostalCode>
        <CountryCd>USA</CountryCd>
        <Latitude>33.602869</Latitude>
        <Longitude>-111.946386</Longitude>
        <County>Maricopa County</County>
        <AddrExt id="A05D92A5BFC9B43CAA5B9B0E66C4F38B1">
          <WBAddressStandardization id="WAD28C64ECF5C4EFAAAD940B1FBDAE067">
            <WBAddrStandardizeStreetName>Aster</WBAddrStandardizeStreetName>
            <WBAddrStandardizeStreetTypeCd>Dr</WBAddrStandardizeStreetTypeCd>
            <WBAddrStandardizeStreetNumber>6223</WBAddrStandardizeStreetNumber>
            <WBConfidence>100</WBConfidence>
            <WBAddrStandardizeLeadingDirectional>E</WBAddrStandardizeLeadingDirectional>
            <WBAddrStandardizeStatus>Accepted</WBAddrStandardizeStatus>
          </WBAddressStandardization>
        </AddrExt>
      </Addr>
      <Addr id="A9BB96D49DC134F9E9E7CAA4D07DA44C2">
        <AddrTypeCd>MailingAddress</AddrTypeCd>
        <Addr1>621 Clear View Dr</Addr1>
        <City>West Bend</City>
        <StateProvCd>WI</StateProvCd>
        <PostalCode>53090-2862</PostalCode>
        <CountryCd>USA</CountryCd>
        <Latitude>43.42927</Latitude>
        <Longitude>-88.150182</Longitude>
        <County>Washington County</County>
        <AddrExt id="A3762FEC3D7204ED3985F1DA9FCD2FB2A">
          <WBAddressStandardization id="W20FF9DA7A22D4910A2A3AC35DC2D3C12">
            <WBAddrStandardizeStreetName>Clear View</WBAddrStandardizeStreetName>
            <WBAddrStandardizeStreetTypeCd>Dr</WBAddrStandardizeStreetTypeCd>
            <WBAddrStandardizeStreetNumber>621</WBAddrStandardizeStreetNumber>
            <WBConfidence>100</WBConfidence>
            <WBAddrStandardizeStatus>Accepted</WBAddrStandardizeStatus>
          </WBAddressStandardization>
          <WBAddressAttentionLine>ATTN Michelle Milwaukee</WBAddressAttentionLine>
        </AddrExt>
      </Addr>
      <Addr id="A8431AF95B8E446BF96EDBAE3660DE506">
        <AddrTypeCd>BillingAddress</AddrTypeCd>
      </Addr>
      <Communications id="C0E0D40FCF1194F95AFCC13A72D4C524B">
        <CommunicationUseCd>Alternate</CommunicationUseCd>
        <PhoneTypeCd>Cell</PhoneTypeCd>
        <PhoneNumber>3252526532</PhoneNumber>
      </Communications>
      <Surname>Milwaukee</Surname>
      <GivenName>Willow</GivenName>
      <TitlePrefix />
      <NameSuffix />
      <GenderCd>F</GenderCd>
      <BirthDt>1978-05-06</BirthDt>
      <MaritalStatusCd>S</MaritalStatusCd>
    </InsuredOrPrincipal>
    <PersAutoLineBusiness id="P34DF79B125184A82AFE998738AAA7366">
      <CompanyProductCd>850</CompanyProductCd>
      <Coverage id="CDEF5E91106B841DFAF39609F50521466">
        <CoverageCd>ROAD</CoverageCd>
        <Limit id="L6F2717A971384B7288C8471998D938E0">
          <FormatCurrencyAmt id="FCCB10814E22042929169FACC946CE0E2">
            <Amt>200</Amt>
          </FormatCurrencyAmt>
          <LimitAppliesToCd>PerOcc</LimitAppliesToCd>
        </Limit>
        <EffectiveDt>2020-01-14</EffectiveDt>
        <ExpirationDt>2021-01-14</ExpirationDt>
        <ProRateFactor>1</ProRateFactor>
        <CoverageSupplement id="CC1A444289D9649818311EF87BD434648">
          <CoverageSubCd>TLN</CoverageSubCd>
        </CoverageSupplement>
        <CoverageExt id="CD4CD63E574044CABB63EE411871B7CDF">
          <WBOnsetOffsetPremiumInfo id="W2D9C08B238D2434CA9997B553D7DFE3C">
            <WBCurrentTermOnsetAmt id="W1F28BAC4CAA54E47B9EC4CDD2DD2F405">
              <Amt>50</Amt>
            </WBCurrentTermOnsetAmt>
            <WBCurrentTermOffsetAmt id="WD8F86C7A67C948A6AC817E0D056D4835">
              <Amt>0</Amt>
            </WBCurrentTermOffsetAmt>
          </WBOnsetOffsetPremiumInfo>
          <WBPremiumInfo id="W62DDCFA165AB4311ABF6F63901A8F0F9">
            <WBCurrentTermAmt id="W7105D6EBC855476CB14D060DA7389A84">
              <Amt>50</Amt>
              <offset>0</offset>
              <onset>50</onset>
            </WBCurrentTermAmt>
            <WBNetChangeAmt id="W0B3524D470424AA59FC95F798D9C9598">
              <Amt>50</Amt>
            </WBNetChangeAmt>
            <WBWrittenAmt id="W47076B5AA2524C86AB76D0CBC1ABA050">
              <Amt>50</Amt>
            </WBWrittenAmt>
            <WBPriorCurrentTermAmt id="W839D6E8152C6425D9458F9965282E697">
              <Amt>0</Amt>
            </WBPriorCurrentTermAmt>
            <WBPriorWrittenAmt id="WCD7071B55A124304825C5387B6B091AB">
              <Amt>0</Amt>
            </WBPriorWrittenAmt>
            <WBCancelAmt id="W78FDF9FA16FF4245B325C24D1753BFD4">
              <Amt>0</Amt>
            </WBCancelAmt>
          </WBPremiumInfo>
        </CoverageExt>
      </Coverage>
      <Driver id="DE7120B89FAC841ED935C78EC67FFB828">
        <ItemIdInfo id="ID5FA9F05AC1C4CDBA99ABF79984B694D">
          <InsurerId>101</InsurerId>
        </ItemIdInfo>
        <Relationship id="RE78BA69387B6484A8249C86F826682DD" RelationshipToRef="IAF575F26BC7945AE9C4B56E73BF8E19F">
          <RelationshipToCd>IN</RelationshipToCd>
        </Relationship>
        <Relationship id="RDD4C0C1B45024B8B98AB2DFE4FE9777D" RelationshipToRef="V2423038E344C4C4AA832217949462953">
          <RelationshipToCd>DRV</RelationshipToCd>
          <RelationshipDesc>PRINCIPAL</RelationshipDesc>
        </Relationship>
        <Relationship id="RD47A4DC636C44AA3965ED67066A44AA7" RelationshipToRef="V1BBF7A1334B34D969EDBC5EA45856059">
          <RelationshipToCd>DRV</RelationshipToCd>
          <RelationshipDesc>PRINCIPAL</RelationshipDesc>
        </Relationship>
        <License id="L1756069616064AED88DF177B99FEECDD">
          <LicenseTypeCd>Driver</LicenseTypeCd>
          <LicenseStatusCd>VALID</LicenseStatusCd>
          <LicensePermitNumber>S6JL6257</LicensePermitNumber>
          <StateProvCd>AZ</StateProvCd>
        </License>
        <Addr id="AD5FD0FF94CF849B58835BEC4A45C18BC">
          <AddrTypeCd>InsuredsAddress</AddrTypeCd>
          <Addr1>6223 E Aster Dr</Addr1>
          <City>Scottsdale</City>
          <StateProvCd>AZ</StateProvCd>
          <PostalCode>85254-4428</PostalCode>
          <CountryCd>USA</CountryCd>
          <Latitude>33.602869</Latitude>
          <Longitude>-111.946386</Longitude>
          <County>Maricopa County</County>
          <AddrExt id="A05AD79A9834042E292FBE97930BD612D">
            <WBAddressStandardization id="W39E617F2CDE9406DB48C14441AB2FCF2">
              <WBAddrStandardizeStreetName>Aster</WBAddrStandardizeStreetName>
              <WBAddrStandardizeStreetTypeCd>Dr</WBAddrStandardizeStreetTypeCd>
              <WBAddrStandardizeStreetNumber>6223</WBAddrStandardizeStreetNumber>
              <WBConfidence>100</WBConfidence>
              <WBAddrStandardizeLeadingDirectional>E</WBAddrStandardizeLeadingDirectional>
              <WBAddrStandardizeStatus>Accepted</WBAddrStandardizeStatus>
            </WBAddressStandardization>
          </AddrExt>
        </Addr>
        <Surname>Milwaukee</Surname>
        <GivenName>Willow</GivenName>
        <OtherGivenName />
        <TitlePrefix />
        <NameSuffix />
        <GenderCd>F</GenderCd>
        <BirthDt>1978-05-06</BirthDt>
        <MaritalStatusCd>S</MaritalStatusCd>
        <OccupationClassCd>THR</OccupationClassCd>
        <QuestionAnswer id="Q4316DAEB69B8487B9FDBC0094C2FEF1D">
          <QuestionCd>DRV04</QuestionCd>
          <YesNoCd>YES</YesNoCd>
          <QuestionText>licensedLastFive</QuestionText>
        </QuestionAnswer>
        <QuestionAnswer id="Q1DF25887BFF14968B1CE0E1B251FE4F1">
          <QuestionCd>DRV05</QuestionCd>
          <YesNoCd>YES</YesNoCd>
          <QuestionText>isIndiviualLicensed</QuestionText>
        </QuestionAnswer>
        <QuestionAnswer id="Q9037260FF1464679B47D6C43FCFEACCF">
          <QuestionCd>DRV06</QuestionCd>
          <YesNoCd>YES</YesNoCd>
          <QuestionAnswerExt id="QAD542455351D4792A04909CAAFDA7CBC">
            <WBOverrideInfo id="W50E9C0C72E3940CB9EFFB6F327B966BD">
              <WBOverrideType>UWQ</WBOverrideType>
              <WBOverrideCategory>PriorCarrier</WBOverrideCategory>
              <WBOverrideCd>MultPriorCarrier</WBOverrideCd>
              <WBOverrideValue>YES</WBOverrideValue>
            </WBOverrideInfo>
          </QuestionAnswerExt>
        </QuestionAnswer>
        <DriverTypeCd />
        <ContinuousInsuranceCd>Continuous6To11Months</ContinuousInsuranceCd>
        <DriverExt id="DFE48F940562E49979A0A4AD998C04CFE">
          <YouthfulInd>0</YouthfulInd>
          <WBIsMinor>0</WBIsMinor>
          <WBThirdPartyReport id="WA5AEB9F65F7C42C5B654356A00504DAA">
            <WBReportTypeCd>MVR</WBReportTypeCd>
            <WBReportOrderDt>2020-01-24</WBReportOrderDt>
            <WBReportOrderStatus>No Hit</WBReportOrderStatus>
            <WBReportExpirationDt>2020-04-23</WBReportExpirationDt>
          </WBThirdPartyReport>
          <WBRiskTerm id="W7A81902BC4F74EA5A9D1B89CF6C65FF8">
            <WBRiskEffectiveDt>2020-01-14</WBRiskEffectiveDt>
            <WBRiskExpirationDt>2021-01-14</WBRiskExpirationDt>
          </WBRiskTerm>
          <WBDriverAge>41</WBDriverAge>
          <WBDriverIncidentEligiblePoints>0</WBDriverIncidentEligiblePoints>
          <WBInexperiencedOperatorInd>0</WBInexperiencedOperatorInd>
          <WBAdvantageDriverInd>0</WBAdvantageDriverInd>
        </DriverExt>
      </Driver>
      <Vehicle id="V2423038E344C4C4AA832217949462953" RatedDriverRef="DE7120B89FAC841ED935C78EC67FFB828">
        <ItemIdInfo id="IA35897599F8E419BB1553C2FA092BBBB">
          <InsurerId>101</InsurerId>
        </ItemIdInfo>
        <Manufacturer>JAGUAR</Manufacturer>
        <ManufacturerCd>JAG</ManufacturerCd>
        <Model>XJL SUPERCHARGED</Model>
        <ModelCd>XJL</ModelCd>
        <ModelYear>2015</ModelYear>
        <VehBodyTypeCd>PP</VehBodyTypeCd>
        <Registration id="R680F61BB504B48FEB67D4AB3A142594A">
          <StateProvCd>AZ</StateProvCd>
        </Registration>
        <Horsepower id="H1078112E3CD942D5A0CCA68100E92DC2">
          <NumUnits>5.0</NumUnits>
        </Horsepower>
        <VehIdentificationNumber>SAJWA2GTAF1232152</VehIdentificationNumber>
        <GrossVehWeight id="G159BA2CCE8C34D81A5BB2E46DC44608B">
          <NumUnits>9999</NumUnits>
        </GrossVehWeight>
        <VehPerformanceCd>H</VehPerformanceCd>
        <BIPDSymbolCd>285</BIPDSymbolCd>
        <MedPayPIPLiabilitySymbolCd>480</MedPayPIPLiabilitySymbolCd>
        <Addr id="A55DF39B014444C2283ABBB9EBBC6DEEC">
          <AddrTypeCd>GaragingAddress</AddrTypeCd>
          <Addr1>6223 E Aster Dr</Addr1>
          <City>Scottsdale</City>
          <StateProvCd>AZ</StateProvCd>
          <PostalCode>85254-4428</PostalCode>
          <CountryCd>USA</CountryCd>
          <Latitude>33.602869</Latitude>
          <Longitude>-111.946386</Longitude>
          <County>Maricopa County</County>
          <Region />
          <AddrExt id="AA13C9D67D20C440498B7692B3DD7B85B">
            <WBRatedZipCd>85254</WBRatedZipCd>
            <WBRatedVehicleStateProvCd>AZ</WBRatedVehicleStateProvCd>
            <WBAddressStandardization id="WDB042CD8E65C404D98BF3CCC26E03F87">
              <WBAddrStandardizeStreetName>Aster</WBAddrStandardizeStreetName>
              <WBAddrStandardizeStreetTypeCd>Dr</WBAddrStandardizeStreetTypeCd>
              <WBAddrStandardizeStreetNumber>6223</WBAddrStandardizeStreetNumber>
              <WBConfidence>100</WBConfidence>
              <WBAddrStandardizeLeadingDirectional>E</WBAddrStandardizeLeadingDirectional>
              <WBAddrStandardizeStatus>Accepted</WBAddrStandardizeStatus>
            </WBAddressStandardization>
          </AddrExt>
        </Addr>
        <Coverage id="CBB7BA9B943E54330A6AFF8168267A73F">
          <CoverageCd>BI</CoverageCd>
          <Limit id="L882EB2871D394D00A2FC1038786D82D8">
            <FormatCurrencyAmt id="F9DA837C3127A414FAEEE299F97AE9F7B">
              <Amt>100000</Amt>
            </FormatCurrencyAmt>
            <LimitAppliesToCd>BIEachPers</LimitAppliesToCd>
          </Limit>
          <Limit id="LA7EBDE7E00FD42E88B42E6F2486DE174">
            <FormatCurrencyAmt id="F9D82CE5DC0874159B65F4CD7D3ACCCA4">
              <Amt>300000</Amt>
            </FormatCurrencyAmt>
            <LimitAppliesToCd>PerAcc</LimitAppliesToCd>
          </Limit>
          <CreditOrSurcharge id="C64E1DFBBC8F6480DA81053CC0DF44D77">
            <CreditSurchargeCd>LFREE</CreditSurchargeCd>
            <NumericValue id="N507052DB554D4CB5B53464F94266A86F" />
            <SecondaryCd>CFAEST</SecondaryCd>
            <WBRatingAppliedInd>0</WBRatingAppliedInd>
          </CreditOrSurcharge>
          <EffectiveDt>2020-01-14</EffectiveDt>
          <ExpirationDt>2021-01-14</ExpirationDt>
          <ProRateFactor>1</ProRateFactor>
          <CoverageSupplement id="CCDC210F1026844A5A1B99A151766E4C9">
            <CoverageSubCd>BI</CoverageSubCd>
          </CoverageSupplement>
          <CoverageExt id="C59A7AC09894A4102BB1423749FC11902">
            <WBOnsetOffsetPremiumInfo id="W7888BD44D57E4C91BB2B105E3BFB0A89">
              <WBCurrentTermOnsetAmt id="WAF2742A2BE734CC0976A1422F0600762">
                <Amt>281</Amt>
              </WBCurrentTermOnsetAmt>
              <WBCurrentTermOffsetAmt id="W0D434659D4794FF587110311F9E6020D">
                <Amt>0</Amt>
              </WBCurrentTermOffsetAmt>
            </WBOnsetOffsetPremiumInfo>
            <WBPremiumInfo id="W3FCFCB0AEDEB4396955FFB344BFDCE3F">
              <WBCurrentTermAmt id="W2E5F3BB7B6074A1C8FD1C9F1BC15F891">
                <Amt>281</Amt>
              </WBCurrentTermAmt>
              <WBNetChangeAmt id="WAC7DFF72027E4A9F9E252889B47A3D7D">
                <Amt>281</Amt>
              </WBNetChangeAmt>
              <WBWrittenAmt id="WFB197B5884204C41A203132CE2F682BF">
                <Amt>281</Amt>
              </WBWrittenAmt>
              <WBPriorCurrentTermAmt id="W888A26DF4C0242F9B0EB11176F1EBA3B">
                <Amt>0</Amt>
              </WBPriorCurrentTermAmt>
              <WBPriorWrittenAmt id="WD96F16CA0F524352BAFA7D3E133E8441">
                <Amt>0</Amt>
              </WBPriorWrittenAmt>
              <WBCancelAmt id="W11CC8C648A78411DA6C877926B64E61E">
                <Amt>0</Amt>
              </WBCancelAmt>
            </WBPremiumInfo>
          </CoverageExt>
        </Coverage>
        <Coverage id="CF63526B04DDB404881323AE724482F33">
          <CoverageCd>PD</CoverageCd>
          <Limit id="L790F30EE501E459D9AD4A1BB3C8ACA8A">
            <FormatCurrencyAmt id="FCC8217357A5D4206982DF1F539B09523">
              <Amt>50000</Amt>
            </FormatCurrencyAmt>
            <LimitAppliesToCd>PerAcc</LimitAppliesToCd>
          </Limit>
          <CreditOrSurcharge id="C2A3446F6FD41497B8E4523639EC730ED">
            <CreditSurchargeCd>LFREE</CreditSurchargeCd>
            <NumericValue id="ND14F2FA80AD04E4D8F6004037BD5C4C8" />
            <SecondaryCd>CFAEST</SecondaryCd>
            <WBRatingAppliedInd>0</WBRatingAppliedInd>
          </CreditOrSurcharge>
          <EffectiveDt>2020-01-14</EffectiveDt>
          <ExpirationDt>2021-01-14</ExpirationDt>
          <ProRateFactor>1</ProRateFactor>
          <CoverageSupplement id="C7A3A500DD953473D893DA71B5ABCC67A">
            <CoverageSubCd>PD</CoverageSubCd>
          </CoverageSupplement>
          <CoverageExt id="CB27DD7B824B1441AA885351CD670DF53">
            <WBOnsetOffsetPremiumInfo id="W1CE75E71818449CE9FDA4776B47E6BC4">
              <WBCurrentTermOnsetAmt id="WCFA56EDAC5024EAC838886E33EF13D22">
                <Amt>160</Amt>
              </WBCurrentTermOnsetAmt>
              <WBCurrentTermOffsetAmt id="WE0031E5B46554DAF88FF29C05ACC72B0">
                <Amt>0</Amt>
              </WBCurrentTermOffsetAmt>
            </WBOnsetOffsetPremiumInfo>
            <WBPremiumInfo id="WE8D406295A984C6BB12297EF3A661926">
              <WBCurrentTermAmt id="WD04FF1C289B6497585D916D70D02F0D9">
                <Amt>160</Amt>
              </WBCurrentTermAmt>
              <WBNetChangeAmt id="W767456EE0BAA4C6A98A65029252B6506">
                <Amt>160</Amt>
              </WBNetChangeAmt>
              <WBWrittenAmt id="W377404EFA09A4071972523DDF951393E">
                <Amt>160</Amt>
              </WBWrittenAmt>
              <WBPriorCurrentTermAmt id="WE436D973BD5A46A4BD4373443DB9125D">
                <Amt>0</Amt>
              </WBPriorCurrentTermAmt>
              <WBPriorWrittenAmt id="W363A016EB8174DF58C3AF016CC9DF404">
                <Amt>0</Amt>
              </WBPriorWrittenAmt>
              <WBCancelAmt id="W8294C01465BC4CC0AD4EE091204FFB35">
                <Amt>0</Amt>
              </WBCancelAmt>
            </WBPremiumInfo>
          </CoverageExt>
        </Coverage>
        <Coverage id="C31C2723894354451A63F161BF1EDC540">
          <CoverageCd>UM</CoverageCd>
          <Limit id="L8CC737F90966489B8FA5590EC7A67FEB">
            <FormatCurrencyAmt id="FA8E6C21C9A4B4A709DE2F86000F6D846">
              <Amt>100000</Amt>
            </FormatCurrencyAmt>
            <LimitAppliesToCd>PerPerson</LimitAppliesToCd>
          </Limit>
          <Limit id="LB2E8D89B3F1749DD88F1FBE2F5400E3A">
            <FormatCurrencyAmt id="F1BE523852CF74F1D82C503F1B397EA4F">
              <Amt>300000</Amt>
            </FormatCurrencyAmt>
            <LimitAppliesToCd>PerAcc</LimitAppliesToCd>
          </Limit>
          <CreditOrSurcharge id="CF6410DE8876A481DAA7EF1EB3CD7B997">
            <CreditSurchargeCd>LFREE</CreditSurchargeCd>
            <NumericValue id="N1AED9659DED741E1A8A6D3CA7AA860F0" />
            <SecondaryCd>CFAEST</SecondaryCd>
            <WBRatingAppliedInd>0</WBRatingAppliedInd>
          </CreditOrSurcharge>
          <EffectiveDt>2020-01-14</EffectiveDt>
          <ExpirationDt>2021-01-14</ExpirationDt>
          <ProRateFactor>1</ProRateFactor>
          <CoverageSupplement id="C1B0518488CC84090BF928398D954F5AE">
            <CoverageSubCd>UMSP</CoverageSubCd>
          </CoverageSupplement>
          <CoverageExt id="CEF5DA85A8FE647B9BA4D6F533600D7D0">
            <WBOnsetOffsetPremiumInfo id="WEABDF6791434484F851B6171F1DB282D">
              <WBCurrentTermOnsetAmt id="W67240B15209D4B73BAD873D4CDF1C246">
                <Amt>207</Amt>
              </WBCurrentTermOnsetAmt>
              <WBCurrentTermOffsetAmt id="W2C4BF005100A421BA69039A0BF0EEF96">
                <Amt>0</Amt>
              </WBCurrentTermOffsetAmt>
            </WBOnsetOffsetPremiumInfo>
            <WBPremiumInfo id="W7553CED1057044028FE13CA27F79B111">
              <WBCurrentTermAmt id="W3AC7667083484D85B2385074CD572269">
                <Amt>207</Amt>
              </WBCurrentTermAmt>
              <WBNetChangeAmt id="W8B86A479CF6E4D09BD091A09C7A3F2A8">
                <Amt>207</Amt>
              </WBNetChangeAmt>
              <WBWrittenAmt id="W113C838368FB4050990B7176A1E8F480">
                <Amt>207</Amt>
              </WBWrittenAmt>
              <WBPriorCurrentTermAmt id="WDCAE9E28535D459BAD8BB6568A5B8334">
                <Amt>0</Amt>
              </WBPriorCurrentTermAmt>
              <WBPriorWrittenAmt id="WD3B516E681E946A7ACD6E0D750B24D8A">
                <Amt>0</Amt>
              </WBPriorWrittenAmt>
              <WBCancelAmt id="WADD562A3D7AF40A99146F39E91A4FC71">
                <Amt>0</Amt>
              </WBCancelAmt>
            </WBPremiumInfo>
          </CoverageExt>
        </Coverage>
        <Coverage id="CC7FCBB15D1C54443AD4C2FF59675F9FD">
          <CoverageCd>UNDUM</CoverageCd>
          <Limit id="LA9C7DB7C95004AA39EA8529C47B4F70C">
            <FormatCurrencyAmt id="F28D35152227046BD8905ACD2803DB999">
              <Amt>100000</Amt>
            </FormatCurrencyAmt>
            <LimitAppliesToCd>PerPerson</LimitAppliesToCd>
          </Limit>
          <Limit id="LEDB3EA7D39994F88A4A21944E6CC5F7B">
            <FormatCurrencyAmt id="F88A1C2CA3D6F4488AC08DF4D3A186E87">
              <Amt>300000</Amt>
            </FormatCurrencyAmt>
            <LimitAppliesToCd>PerAcc</LimitAppliesToCd>
          </Limit>
          <EffectiveDt>2020-01-14</EffectiveDt>
          <ExpirationDt>2021-01-14</ExpirationDt>
          <ProRateFactor>1</ProRateFactor>
          <CoverageSupplement id="CF0A5B8676AFC4D7D8F040CA3F433264A">
            <CoverageSubCd>UNDMSP</CoverageSubCd>
          </CoverageSupplement>
          <CoverageExt id="C9BF641809E424EC8B126D93ABE77F0F7">
            <WBOnsetOffsetPremiumInfo id="W1D644B5B140048E5B6611116E20E989D">
              <WBCurrentTermOnsetAmt id="W4B735C01161A4A8DB88BF1CD7CEE8E70">
                <Amt>15</Amt>
              </WBCurrentTermOnsetAmt>
              <WBCurrentTermOffsetAmt id="W74A5F0CBEC30494CA91B927E262C338A">
                <Amt>0</Amt>
              </WBCurrentTermOffsetAmt>
            </WBOnsetOffsetPremiumInfo>
            <WBPremiumInfo id="WBF569A374B2440A6A63EF211FDA86D3D">
              <WBCurrentTermAmt id="W69044B5E78714C11BCF488C348F660C0">
                <Amt>15</Amt>
              </WBCurrentTermAmt>
              <WBNetChangeAmt id="WC5F94E5B0A8F49E697AB17597068A85D">
                <Amt>15</Amt>
              </WBNetChangeAmt>
              <WBWrittenAmt id="W9156ADB3001D4274B4CDB2CCD8C8AB7D">
                <Amt>15</Amt>
              </WBWrittenAmt>
              <WBPriorCurrentTermAmt id="W88194502AFD64F43BE309F9710CC70DB">
                <Amt>0</Amt>
              </WBPriorCurrentTermAmt>
              <WBPriorWrittenAmt id="W894CC0E386F647E4BF249C6B42C4AFD5">
                <Amt>0</Amt>
              </WBPriorWrittenAmt>
              <WBCancelAmt id="WE72C0EAEE62F4D72984AB622FE4D3A97">
                <Amt>0</Amt>
              </WBCancelAmt>
            </WBPremiumInfo>
          </CoverageExt>
        </Coverage>
        <CreditOrSurcharge id="C23DD8AD04B92478BA0EE68EA68EAA97C">
          <SecondaryCd>AHS</SecondaryCd>
          <WBRatingAppliedInd>0</WBRatingAppliedInd>
        </CreditOrSurcharge>
        <CreditOrSurcharge id="C08CC2A363F1B4489A99FEC59D00712E5">
          <SecondaryCd>AOM</SecondaryCd>
          <WBRatingAppliedInd>0</WBRatingAppliedInd>
        </CreditOrSurcharge>
        <CreditOrSurcharge id="C54B2F723387C4157B9BA61E570BD0372">
          <SecondaryCd>BWS</SecondaryCd>
          <WBRatingAppliedInd>0</WBRatingAppliedInd>
        </CreditOrSurcharge>
        <CreditOrSurcharge id="C0CB27538BA734A86806666A14D3CBC6A">
          <SecondaryCd>DFSS</SecondaryCd>
          <WBRatingAppliedInd>0</WBRatingAppliedInd>
        </CreditOrSurcharge>
        <CreditOrSurcharge id="C3D301CE6A8C34D989452A754522B5162">
          <SecondaryCd />
          <WBRatingAppliedInd>0</WBRatingAppliedInd>
        </CreditOrSurcharge>
        <CreditOrSurcharge id="CC3150C969E66452CADB55E855B9C0C52">
          <SecondaryCd>BSM</SecondaryCd>
          <WBRatingAppliedInd>0</WBRatingAppliedInd>
        </CreditOrSurcharge>
        <CreditOrSurcharge id="C6EBDD0B4D7F846C383830BB9DA8CC2F4">
          <SecondaryCd>GDSTD</SecondaryCd>
          <WBRatingAppliedInd>0</WBRatingAppliedInd>
        </CreditOrSurcharge>
        <CreditOrSurcharge id="C1C5BD730F0B24480BF114FB700862607">
          <SecondaryCd>GRSTD</SecondaryCd>
          <WBRatingAppliedInd>0</WBRatingAppliedInd>
        </CreditOrSurcharge>
        <CreditOrSurcharge id="C348C0B9AF8A741E48AF728280BAA09D3">
          <SecondaryCd>RSTD</SecondaryCd>
          <WBRatingAppliedInd>0</WBRatingAppliedInd>
        </CreditOrSurcharge>
        <CreditOrSurcharge id="C24B8A0358F3B4975AA23D93FC9E93DA3">
          <SecondaryCd>MIL</SecondaryCd>
          <WBRatingAppliedInd>0</WBRatingAppliedInd>
        </CreditOrSurcharge>
        <ComprehensiveOTCSymbolCd>64</ComprehensiveOTCSymbolCd>
        <CollisionSymbolCd>68</CollisionSymbolCd>
        <QuestionAnswer id="Q8CB34A9A15D9400CABE32BD2D59026DF">
          <QuestionCd>VEH01</QuestionCd>
          <YesNoCd>NO</YesNoCd>
        </QuestionAnswer>
        <QuestionAnswer id="Q1D3ECC4C89F645B2A10A03CB46F0A24F">
          <QuestionCd>VEH02</QuestionCd>
          <YesNoCd>DRV</YesNoCd>
          <Explanation>101</Explanation>
        </QuestionAnswer>
        <QuestionAnswer id="QA8D8D6DA02A64A1FAEAF4F911369E40D">
          <QuestionCd>VEH09</QuestionCd>
          <YesNoCd>NO</YesNoCd>
        </QuestionAnswer>
        <VehicleExt id="V102F964D59BC45AB884DB348E852BAA4">
          <ClassCode>2141</ClassCode>
          <WBMileage id="WD060CCACB08C4717A7E4B1665D165861">
            <WBAnnualMileageMAMCd>E</WBAnnualMileageMAMCd>
          </WBMileage>
          <WBISOBodyStyleDesc>4-Door Sedan</WBISOBodyStyleDesc>
          <WBFinancialResponsibilityCnt>0</WBFinancialResponsibilityCnt>
          <WBRiskTerm id="W69DCC7AA5E23428BB2D399D74CFC584C">
            <WBRiskEffectiveDt>2020-01-14</WBRiskEffectiveDt>
            <WBRiskExpirationDt>2021-01-14</WBRiskExpirationDt>
          </WBRiskTerm>
          <WBSubtotalInfo id="WA3A88D9D1A1E4A70842542D38F24D4F2">
            <WBSubtotalInfoTypeCd>CFA</WBSubtotalInfoTypeCd>
            <WBCurrentTermAmt id="WA912888D81864AB18573365B6838FEF1">
              <Amt>19</Amt>
            </WBCurrentTermAmt>
          </WBSubtotalInfo>
          <WBSubtotalInfo id="WF125A96DFD73447BAFD92C094CBE799C">
            <WBSubtotalInfoTypeCd>VEH</WBSubtotalInfoTypeCd>
            <WBCurrentTermAmt id="W2EC738EE4E814AE9816A3D630C7E24E4">
              <Amt>663</Amt>
            </WBCurrentTermAmt>
          </WBSubtotalInfo>
          <WBVehicleAge>5</WBVehicleAge>
          <WBThirdPartyReport id="W007DBA8B1989467C834CF14A776F21D2">
            <WBReportTypeCd>VINMASTER</WBReportTypeCd>
            <WBReportOrderStatus>Returned</WBReportOrderStatus>
          </WBThirdPartyReport>
          <WBOnsetOffsetPremiumInfo id="WBD90AE98D6F849AA945D3F972B74A79D">
            <WBCurrentTermOnsetAmt id="W5AA42E75ABA74D26BAB2536720A89480" />
            <WBCurrentTermOffsetAmt id="W9107839EEC814FFB99538FE20FB56432" />
          </WBOnsetOffsetPremiumInfo>
          <WBPremiumInfo id="W0F20EA8DA87441249CEF4B4374C3A536">
            <WBCurrentTermAmt id="W60FE7628030C4CF998F84D612AF895EC">
              <Amt>663</Amt>
            </WBCurrentTermAmt>
            <WBNetChangeAmt id="W07350332366A48E5BAA587926AF00083">
              <Amt>663</Amt>
            </WBNetChangeAmt>
            <WBWrittenAmt id="W27CAEF4048CF406BA507213C3AD040DB">
              <Amt>663</Amt>
            </WBWrittenAmt>
            <WBPriorCurrentTermAmt id="WBF5015015797449F8A96BFF98117D955">
              <Amt>0</Amt>
            </WBPriorCurrentTermAmt>
            <WBPriorWrittenAmt id="WEA261EEDF0F943A8842A5B23C6AC76D2">
              <Amt>0</Amt>
            </WBPriorWrittenAmt>
            <WBCancelAmt id="W7A8946EE10694C489617380ABF878A9A" />
          </WBPremiumInfo>
          <WBPhysicalDamageOnlyInd>0</WBPhysicalDamageOnlyInd>
          <WBCoverageDeclinedInfo id="WD274BA9A1AFB4370A7B05F3E86D7B380">
            <WBDeclinedCoverageCd>MP</WBDeclinedCoverageCd>
            <WBDeclinedCoverageTypeCd>NR</WBDeclinedCoverageTypeCd>
          </WBCoverageDeclinedInfo>
          <WBCustomEquipInd>0</WBCustomEquipInd>
          <WBAdaptiveHeadlightSystemInd>0</WBAdaptiveHeadlightSystemInd>
          <WBAutonomousOperationsModeInd>0</WBAutonomousOperationsModeInd>
          <WBBackupWarningSystemInd>0</WBBackupWarningSystemInd>
          <WBBlindSpotLaneOrDepartureMonitoringCd />
          <WBDriverFatigueSensingSystemInd>0</WBDriverFatigueSensingSystemInd>
          <WBForwardCrashAvoidanceCd />
          <Form id="F8DB6F7D4CC8045AEA72AA669E92B574C">
            <FormNumber>PP0001Q</FormNumber>
            <EditionDt>2019-01-01</EditionDt>
            <FormName>Personal Auto Policy</FormName>
            <EffectiveDt>2020-01-14</EffectiveDt>
          </Form>
          <Form id="F8EBC0648FCD14CF8B784E3C973B5AE56">
            <FormNumber>PP0477Q</FormNumber>
            <EditionDt>2019-01-01</EditionDt>
            <FormName>Uninsured Motorists Coverage - AZ</FormName>
            <EffectiveDt>2020-01-14</EffectiveDt>
          </Form>
          <Form id="F470F7AC1991941C8AAEDEA4ECFF51A7E">
            <FormNumber>PP0489Q</FormNumber>
            <EditionDt>2019-01-01</EditionDt>
            <FormName>Underinsured Motorists Coverage - AZ</FormName>
            <EffectiveDt>2020-01-14</EffectiveDt>
          </Form>
        </VehicleExt>
        <VehUseCd />
      </Vehicle>
      <Vehicle id="V1BBF7A1334B34D969EDBC5EA45856059" RatedDriverRef="DE7120B89FAC841ED935C78EC67FFB828">
        <ItemIdInfo id="IA3EF7E8DE5CA4F61955BC40D81E03BC7">
          <InsurerId>102</InsurerId>
        </ItemIdInfo>
        <Manufacturer>FORD</Manufacturer>
        <ManufacturerCd>FORD</ManufacturerCd>
        <Model>F-250 SUPER DUTY CREW CAB</Model>
        <ModelCd>F-250</ModelCd>
        <ModelYear>2018</ModelYear>
        <VehBodyTypeCd>PU</VehBodyTypeCd>
        <Registration id="RFE4019E3E1FA4F35ACF5FB551DD856A7">
          <StateProvCd>AZ</StateProvCd>
        </Registration>
        <Horsepower id="H88E0D36EBC214903884E6B5197D9337D">
          <NumUnits>6.2</NumUnits>
        </Horsepower>
        <VehIdentificationNumber>1FT7W2B61J1252587</VehIdentificationNumber>
        <GrossVehWeight id="G7FC5C2B16452401A894F4239FE2E3213">
          <NumUnits>10000</NumUnits>
        </GrossVehWeight>
        <VehPerformanceCd>BASIC</VehPerformanceCd>
        <BIPDSymbolCd>300</BIPDSymbolCd>
        <MedPayPIPLiabilitySymbolCd>460</MedPayPIPLiabilitySymbolCd>
        <Addr id="A8A4B557F10DD4BC282AA1C2FC64F0CA9">
          <AddrTypeCd>GaragingAddress</AddrTypeCd>
          <Addr1>6223 E Aster Dr</Addr1>
          <City>Scottsdale</City>
          <StateProvCd>AZ</StateProvCd>
          <PostalCode>85254-4428</PostalCode>
          <CountryCd>USA</CountryCd>
          <Latitude>33.602869</Latitude>
          <Longitude>-111.946386</Longitude>
          <County>Maricopa County</County>
          <Region />
          <AddrExt id="A4A2BB292732D4390AB3C1A096EED07A5">
            <WBRatedZipCd>85254</WBRatedZipCd>
            <WBRatedVehicleStateProvCd>AZ</WBRatedVehicleStateProvCd>
            <WBAddressStandardization id="W88308EAF8C10446383EA2B67CC9ED85F">
              <WBAddrStandardizeStreetName>Aster</WBAddrStandardizeStreetName>
              <WBAddrStandardizeStreetTypeCd>Dr</WBAddrStandardizeStreetTypeCd>
              <WBAddrStandardizeStreetNumber>6223</WBAddrStandardizeStreetNumber>
              <WBConfidence>100</WBConfidence>
              <WBAddrStandardizeLeadingDirectional>E</WBAddrStandardizeLeadingDirectional>
              <WBAddrStandardizeStatus>Accepted</WBAddrStandardizeStatus>
            </WBAddressStandardization>
          </AddrExt>
        </Addr>
        <Coverage id="C75F0CE12897E4B539C67D44D5D310C93">
          <CoverageCd>BI</CoverageCd>
          <Limit id="L6D287E5633FC4F30800BAE327F3EDF1F">
            <FormatCurrencyAmt id="F520A44E0D9D14BE8ACB610DD4D29900B">
              <Amt>100000</Amt>
            </FormatCurrencyAmt>
            <LimitAppliesToCd>BIEachPers</LimitAppliesToCd>
          </Limit>
          <Limit id="L8AC4E36E19F448FFBA1A6B3751E7C5E0">
            <FormatCurrencyAmt id="F3FCBD8068DE7401799AF1FCDBB8A9CF5">
              <Amt>300000</Amt>
            </FormatCurrencyAmt>
            <LimitAppliesToCd>PerAcc</LimitAppliesToCd>
          </Limit>
          <CreditOrSurcharge id="C5E9F73FE680843F2ABC0B01C3903816A">
            <CreditSurchargeCd>LFREE</CreditSurchargeCd>
            <NumericValue id="NF6A416A076D34B8586DE007E3EBB05F6" />
            <SecondaryCd>CFAEST</SecondaryCd>
            <WBRatingAppliedInd>0</WBRatingAppliedInd>
          </CreditOrSurcharge>
          <EffectiveDt>2020-01-14</EffectiveDt>
          <ExpirationDt>2021-01-14</ExpirationDt>
          <ProRateFactor>1</ProRateFactor>
          <CoverageSupplement id="CDF51E43D79A54FDDB1C3ACA67D84AF9B">
            <CoverageSubCd>BI</CoverageSubCd>
          </CoverageSupplement>
          <CoverageExt id="CB5007F021EC44F59BE4BE40030CCE35D">
            <WBOnsetOffsetPremiumInfo id="WC368BBC3ACCC45B286CC15494441EB88">
              <WBCurrentTermOnsetAmt id="W7C254E60F903475C9554FA9668FDE67A">
                <Amt>288</Amt>
              </WBCurrentTermOnsetAmt>
              <WBCurrentTermOffsetAmt id="W9D1E8FDBB6674E84B0E85946B24D3782">
                <Amt>0</Amt>
              </WBCurrentTermOffsetAmt>
            </WBOnsetOffsetPremiumInfo>
            <WBPremiumInfo id="W4B008C12383443E0BBEB0D1120185068">
              <WBCurrentTermAmt id="W89480AC947F84A6EAAD3230108E78FBB">
                <Amt>288</Amt>
              </WBCurrentTermAmt>
              <WBNetChangeAmt id="WE90DF695962C46A799C53F50135BF309">
                <Amt>288</Amt>
              </WBNetChangeAmt>
              <WBWrittenAmt id="W399C3FEB289B406081DD4B7D27E18FD8">
                <Amt>288</Amt>
              </WBWrittenAmt>
              <WBPriorCurrentTermAmt id="WCF88945BECC34B12B9F5C238C3D0FC4B">
                <Amt>0</Amt>
              </WBPriorCurrentTermAmt>
              <WBPriorWrittenAmt id="WE1C3E97BBBC14013B875D3E16A6A6258">
                <Amt>0</Amt>
              </WBPriorWrittenAmt>
              <WBCancelAmt id="W584F2FE61AFA4A46BF889AC2470B119C">
                <Amt>0</Amt>
              </WBCancelAmt>
            </WBPremiumInfo>
          </CoverageExt>
        </Coverage>
        <Coverage id="C4090288423664E01AAF84F180C22F5A4">
          <CoverageCd>PD</CoverageCd>
          <Limit id="L14C534A8BABF4A0F880AA39C9BD4D79D">
            <FormatCurrencyAmt id="F97F01F470B624F4B858458E5188BC878">
              <Amt>50000</Amt>
            </FormatCurrencyAmt>
            <LimitAppliesToCd>PerAcc</LimitAppliesToCd>
          </Limit>
          <CreditOrSurcharge id="CCA737E32174D4ED9AEED40A832445E65">
            <CreditSurchargeCd>LFREE</CreditSurchargeCd>
            <NumericValue id="NECD223F96D144BD6BDD0F0F1E5E0BAFB" />
            <SecondaryCd>CFAEST</SecondaryCd>
            <WBRatingAppliedInd>0</WBRatingAppliedInd>
          </CreditOrSurcharge>
          <EffectiveDt>2020-01-14</EffectiveDt>
          <ExpirationDt>2021-01-14</ExpirationDt>
          <ProRateFactor>1</ProRateFactor>
          <CoverageSupplement id="C4E6C28B95FC74783A2F75819AF872678">
            <CoverageSubCd>PD</CoverageSubCd>
          </CoverageSupplement>
          <CoverageExt id="CAC50319B7CCB4240B1AC6BDC18F9AC9F">
            <WBOnsetOffsetPremiumInfo id="WA5000040EABF424C9B29AE31ED81878E">
              <WBCurrentTermOnsetAmt id="WA65C066DA02D4B10B2066C1E30A5E91E">
                <Amt>164</Amt>
              </WBCurrentTermOnsetAmt>
              <WBCurrentTermOffsetAmt id="WAAA68E6160FB4F6EA7E26E56ED1E10BB">
                <Amt>0</Amt>
              </WBCurrentTermOffsetAmt>
            </WBOnsetOffsetPremiumInfo>
            <WBPremiumInfo id="W6BD364A2C433402FBF7F7E64923F55F1">
              <WBCurrentTermAmt id="W42AF5DF5DC514024805A2CA60C6A15F6">
                <Amt>164</Amt>
              </WBCurrentTermAmt>
              <WBNetChangeAmt id="W5ABB0DCC5D0944E59BB963C7A04E7D8A">
                <Amt>164</Amt>
              </WBNetChangeAmt>
              <WBWrittenAmt id="WB51905789E2040AA88C6752ABA35C021">
                <Amt>164</Amt>
              </WBWrittenAmt>
              <WBPriorCurrentTermAmt id="W2687D737DEA843028C3CB348C4F1D43C">
                <Amt>0</Amt>
              </WBPriorCurrentTermAmt>
              <WBPriorWrittenAmt id="W42FAF87EF7DD4FFD99F2E6AD972C5114">
                <Amt>0</Amt>
              </WBPriorWrittenAmt>
              <WBCancelAmt id="WA661A1CE21ED4F4BB38B3F8166A95A45">
                <Amt>0</Amt>
              </WBCancelAmt>
            </WBPremiumInfo>
          </CoverageExt>
        </Coverage>
        <Coverage id="C0F5E2EC763E6458F9A1107F11031F4C1">
          <CoverageCd>UM</CoverageCd>
          <Limit id="L173AE3992304439EBFD6BCD94C8FE4CA">
            <FormatCurrencyAmt id="FD3A63FAE566B408FB8D39AB7FF5D6151">
              <Amt>100000</Amt>
            </FormatCurrencyAmt>
            <LimitAppliesToCd>PerPerson</LimitAppliesToCd>
          </Limit>
          <Limit id="L47859735121B45468951A12636414E72">
            <FormatCurrencyAmt id="F0412165D22794DF2A1DE294347D59E12">
              <Amt>300000</Amt>
            </FormatCurrencyAmt>
            <LimitAppliesToCd>PerAcc</LimitAppliesToCd>
          </Limit>
          <CreditOrSurcharge id="CB358C07A482B49608EF8071021C481D9">
            <CreditSurchargeCd>LFREE</CreditSurchargeCd>
            <NumericValue id="NC89929803BE544C2908CFEA1F802BBB8" />
            <SecondaryCd>CFAEST</SecondaryCd>
            <WBRatingAppliedInd>0</WBRatingAppliedInd>
          </CreditOrSurcharge>
          <EffectiveDt>2020-01-14</EffectiveDt>
          <ExpirationDt>2021-01-14</ExpirationDt>
          <ProRateFactor>1</ProRateFactor>
          <CoverageSupplement id="CDF558F6E656046E9A0BB01A2D0103966">
            <CoverageSubCd>UMSP</CoverageSubCd>
          </CoverageSupplement>
          <CoverageExt id="CDFCD2CD0835A4C31BDE535DC8DC9580A">
            <WBOnsetOffsetPremiumInfo id="WE7057C1C004E41689FFCE5A4140C3708">
              <WBCurrentTermOnsetAmt id="W97F28CED788F431286BE81F298CEB95B">
                <Amt>202</Amt>
              </WBCurrentTermOnsetAmt>
              <WBCurrentTermOffsetAmt id="WF6ED85981DFF4DD0AC689EB22660B4D0">
                <Amt>0</Amt>
              </WBCurrentTermOffsetAmt>
            </WBOnsetOffsetPremiumInfo>
            <WBPremiumInfo id="W0EA9154C17814D1B83BDDF925457B804">
              <WBCurrentTermAmt id="W2B80E5CF32364597944CF66064FE076C">
                <Amt>202</Amt>
              </WBCurrentTermAmt>
              <WBNetChangeAmt id="W52D765295E644D23B9AB9C668CC12AA5">
                <Amt>202</Amt>
              </WBNetChangeAmt>
              <WBWrittenAmt id="W7BB9D8FEE5F4477B9B6BB7AD5E2A0575">
                <Amt>202</Amt>
              </WBWrittenAmt>
              <WBPriorCurrentTermAmt id="W98C8BD548E074BB7B0773D8B8DE542A4">
                <Amt>0</Amt>
              </WBPriorCurrentTermAmt>
              <WBPriorWrittenAmt id="W3E811D3B4E5344A49643FE4DEE34507F">
                <Amt>0</Amt>
              </WBPriorWrittenAmt>
              <WBCancelAmt id="W96543793683049C787A4AD191C503CD2">
                <Amt>0</Amt>
              </WBCancelAmt>
            </WBPremiumInfo>
          </CoverageExt>
        </Coverage>
        <Coverage id="CD85E929AB1A1432BA2EBDD3953733B66">
          <CoverageCd>UNDUM</CoverageCd>
          <Limit id="LE15BCE8BDBAA4FFD81CECC09C8C37644">
            <FormatCurrencyAmt id="FAEE0F164A5364925A7880D648686D3DC">
              <Amt>100000</Amt>
            </FormatCurrencyAmt>
            <LimitAppliesToCd>PerPerson</LimitAppliesToCd>
          </Limit>
          <Limit id="LD57109D4327148359F74BE0965C699E8">
            <FormatCurrencyAmt id="F7ED782DB54534067B6890A74868449E0">
              <Amt>300000</Amt>
            </FormatCurrencyAmt>
            <LimitAppliesToCd>PerAcc</LimitAppliesToCd>
          </Limit>
          <EffectiveDt>2020-01-14</EffectiveDt>
          <ExpirationDt>2021-01-14</ExpirationDt>
          <ProRateFactor>1</ProRateFactor>
          <CoverageSupplement id="C02108A62BAA94C5C9549346BA73E2DE4">
            <CoverageSubCd>UNDMSP</CoverageSubCd>
          </CoverageSupplement>
          <CoverageExt id="CAA30DEBA7E0C4BEC9A93C9288BE22EDE">
            <WBOnsetOffsetPremiumInfo id="W624B01E0E5094BEBBE8D330B91DC03AD">
              <WBCurrentTermOnsetAmt id="W90D4017CFDF1494C934E316258FBAA80">
                <Amt>15</Amt>
              </WBCurrentTermOnsetAmt>
              <WBCurrentTermOffsetAmt id="W353D12914C524DB1A2DD88197D0A47B3">
                <Amt>0</Amt>
              </WBCurrentTermOffsetAmt>
            </WBOnsetOffsetPremiumInfo>
            <WBPremiumInfo id="W82B210950CAB45AC83E18AD59505D33C">
              <WBCurrentTermAmt id="W6BBB3B8D9AF54072B73DD7219D45333C">
                <Amt>15</Amt>
              </WBCurrentTermAmt>
              <WBNetChangeAmt id="WD879967922DE4FDAB9FD1EB0FDE1372E">
                <Amt>15</Amt>
              </WBNetChangeAmt>
              <WBWrittenAmt id="W353027B44F4C4341A7F85294C0D9999A">
                <Amt>15</Amt>
              </WBWrittenAmt>
              <WBPriorCurrentTermAmt id="W0763F607884C4725A863A3998A1A34AE">
                <Amt>0</Amt>
              </WBPriorCurrentTermAmt>
              <WBPriorWrittenAmt id="W663C51CC311D4A219AFEB499D5243344">
                <Amt>0</Amt>
              </WBPriorWrittenAmt>
              <WBCancelAmt id="WACFF14B8F6014ADD90E70CFF99E67E61">
                <Amt>0</Amt>
              </WBCancelAmt>
            </WBPremiumInfo>
          </CoverageExt>
        </Coverage>
        <CreditOrSurcharge id="CD13BD2E0FBC0464D88A0B5B00917DDB7">
          <SecondaryCd>AHS</SecondaryCd>
          <WBRatingAppliedInd>0</WBRatingAppliedInd>
        </CreditOrSurcharge>
        <CreditOrSurcharge id="C26646CB1C5BB449FBC35C575BB40DDD4">
          <SecondaryCd>AOM</SecondaryCd>
          <WBRatingAppliedInd>0</WBRatingAppliedInd>
        </CreditOrSurcharge>
        <CreditOrSurcharge id="C600091F226C4441D8A2633BDABC7C078">
          <SecondaryCd>BWS</SecondaryCd>
          <WBRatingAppliedInd>0</WBRatingAppliedInd>
        </CreditOrSurcharge>
        <CreditOrSurcharge id="C994AF2C19598488AA972ACB3DC790A09">
          <SecondaryCd>DFSS</SecondaryCd>
          <WBRatingAppliedInd>0</WBRatingAppliedInd>
        </CreditOrSurcharge>
        <CreditOrSurcharge id="CB877BBAF3A0146BEAEC72C7C1FE66632">
          <SecondaryCd />
          <WBRatingAppliedInd>0</WBRatingAppliedInd>
        </CreditOrSurcharge>
        <CreditOrSurcharge id="C961E6F34EC8B4324ADCD643DA74820A8">
          <SecondaryCd>BSM</SecondaryCd>
          <WBRatingAppliedInd>0</WBRatingAppliedInd>
        </CreditOrSurcharge>
        <CreditOrSurcharge id="CDD2CAAD56AEF4405807EF9533F5EA704">
          <SecondaryCd>GDSTD</SecondaryCd>
          <WBRatingAppliedInd>0</WBRatingAppliedInd>
        </CreditOrSurcharge>
        <CreditOrSurcharge id="CBB2FE3C1284D4CAF83DF3DA2E4E2553E">
          <SecondaryCd>GRSTD</SecondaryCd>
          <WBRatingAppliedInd>0</WBRatingAppliedInd>
        </CreditOrSurcharge>
        <CreditOrSurcharge id="C34022F55D4574F6BB8A5F0BF093FD37C">
          <SecondaryCd>RSTD</SecondaryCd>
          <WBRatingAppliedInd>0</WBRatingAppliedInd>
        </CreditOrSurcharge>
        <CreditOrSurcharge id="CAD199298D5E74C509E6EB64C627757AD">
          <SecondaryCd>MIL</SecondaryCd>
          <WBRatingAppliedInd>0</WBRatingAppliedInd>
        </CreditOrSurcharge>
        <ComprehensiveOTCSymbolCd>38</ComprehensiveOTCSymbolCd>
        <CollisionSymbolCd>24</CollisionSymbolCd>
        <QuestionAnswer id="Q2DD8437C0F1240E4A187D9A039A95C07">
          <QuestionCd>VEH01</QuestionCd>
          <YesNoCd>NO</YesNoCd>
        </QuestionAnswer>
        <QuestionAnswer id="QB349325DBE894DECA15E62C4F4F69E0A">
          <QuestionCd>VEH02</QuestionCd>
          <YesNoCd>DRV</YesNoCd>
          <Explanation>101</Explanation>
        </QuestionAnswer>
        <QuestionAnswer id="Q0DDD9B8705B44E118A297EFD91F2D595">
          <QuestionCd>VEH09</QuestionCd>
          <YesNoCd>NO</YesNoCd>
        </QuestionAnswer>
        <VehicleExt id="V74DD27AD6C5E424EB2386C8244B89043">
          <ClassCode>2141</ClassCode>
          <WBMileage id="W277BC0B1406E4E419C59700B1AF04819">
            <WBAnnualMileageMAMCd>E</WBAnnualMileageMAMCd>
          </WBMileage>
          <WBISOBodyStyleDesc>Pickup Truck - Four-Wheel Drive 4-Door</WBISOBodyStyleDesc>
          <WBFinancialResponsibilityCnt>0</WBFinancialResponsibilityCnt>
          <WBRiskTerm id="W456CBA200C01413389980C0B1C975DC3">
            <WBRiskEffectiveDt>2020-01-14</WBRiskEffectiveDt>
            <WBRiskExpirationDt>2021-01-14</WBRiskExpirationDt>
          </WBRiskTerm>
          <WBSubtotalInfo id="WA4C853A9185C4665818E46F2A490D2D3">
            <WBSubtotalInfoTypeCd>CFA</WBSubtotalInfoTypeCd>
            <WBCurrentTermAmt id="W0873EB40815D4C5DAE6991222CFB8F9F">
              <Amt>20</Amt>
            </WBCurrentTermAmt>
          </WBSubtotalInfo>
          <WBSubtotalInfo id="WE1FE9CD91F9845A8A6ABF27ED8519911">
            <WBSubtotalInfoTypeCd>VEH</WBSubtotalInfoTypeCd>
            <WBCurrentTermAmt id="WCC7789DB7E744C86AAF1FA2DE90DFD9A">
              <Amt>669</Amt>
            </WBCurrentTermAmt>
          </WBSubtotalInfo>
          <WBVehicleAge>2</WBVehicleAge>
          <WBThirdPartyReport id="W8D557A5E1CA64BD9977891CE9A770DD1">
            <WBReportTypeCd>VINMASTER</WBReportTypeCd>
            <WBReportOrderStatus>Returned</WBReportOrderStatus>
          </WBThirdPartyReport>
          <WBOnsetOffsetPremiumInfo id="WF8A6302BEF1441E2948EF231673B0BC3">
            <WBCurrentTermOnsetAmt id="WB4504A0AA5B34631AAD9A5D66042F700" />
            <WBCurrentTermOffsetAmt id="W5D63BD6641034F618EE2CC662E2B1606" />
          </WBOnsetOffsetPremiumInfo>
          <WBPremiumInfo id="W38FE9CF42F144DA6BB8D75FD2128DBA6">
            <WBCurrentTermAmt id="WFC2B82DB69434B968BABC471F66AE7DF">
              <Amt>669</Amt>
            </WBCurrentTermAmt>
            <WBNetChangeAmt id="WFB5BFFB81E1E4310AAF929CDFB91934E">
              <Amt>669</Amt>
            </WBNetChangeAmt>
            <WBWrittenAmt id="W0B34D44A5A464A069039BA109C3E5428">
              <Amt>669</Amt>
            </WBWrittenAmt>
            <WBPriorCurrentTermAmt id="W5E7CA31E07D74EC78F3D3EAD3C71C52D">
              <Amt>0</Amt>
            </WBPriorCurrentTermAmt>
            <WBPriorWrittenAmt id="W38CEDF9FB34E429E865C7A4721426D0C">
              <Amt>0</Amt>
            </WBPriorWrittenAmt>
            <WBCancelAmt id="W2C9AA0466D8C4003B9C5CF8B0E6D4683" />
          </WBPremiumInfo>
          <WBPhysicalDamageOnlyInd>0</WBPhysicalDamageOnlyInd>
          <WBCoverageDeclinedInfo id="WFD9F27E853A34023B41D04B4C1936C93">
            <WBDeclinedCoverageCd>MP</WBDeclinedCoverageCd>
            <WBDeclinedCoverageTypeCd>NR</WBDeclinedCoverageTypeCd>
          </WBCoverageDeclinedInfo>
          <WBCustomEquipInd>0</WBCustomEquipInd>
          <WBAdaptiveHeadlightSystemInd>0</WBAdaptiveHeadlightSystemInd>
          <WBAutonomousOperationsModeInd>0</WBAutonomousOperationsModeInd>
          <WBBackupWarningSystemInd>0</WBBackupWarningSystemInd>
          <WBBlindSpotLaneOrDepartureMonitoringCd />
          <WBDriverFatigueSensingSystemInd>0</WBDriverFatigueSensingSystemInd>
          <WBForwardCrashAvoidanceCd />
          <Form id="FDE37D6D05F3E465FB5F036969143EB07">
            <FormNumber>PP0001Q</FormNumber>
            <EditionDt>2019-01-01</EditionDt>
            <FormName>Personal Auto Policy</FormName>
            <EffectiveDt>2020-01-14</EffectiveDt>
          </Form>
          <Form id="F088FCDD2D8184A2B8ED1BC5B1C7346B9">
            <FormNumber>PP0477Q</FormNumber>
            <EditionDt>2019-01-01</EditionDt>
            <FormName>Uninsured Motorists Coverage - AZ</FormName>
            <EffectiveDt>2020-01-14</EffectiveDt>
          </Form>
          <Form id="F4AFB1D8C4BDC4523BFA8E886619B738E">
            <FormNumber>PP0489Q</FormNumber>
            <EditionDt>2019-01-01</EditionDt>
            <FormName>Underinsured Motorists Coverage - AZ</FormName>
            <EffectiveDt>2020-01-14</EffectiveDt>
          </Form>
        </VehicleExt>
        <VehUseCd />
      </Vehicle>
      <QuestionAnswer id="Q8BA7FE1505034D30B384B68B612A6566">
        <QuestionCd>AUTOP03</QuestionCd>
        <YesNoCd>NO</YesNoCd>
      </QuestionAnswer>
      <QuestionAnswer id="Q621A2572F20149818E035A3CDA533B2A">
        <QuestionCd>VEH03</QuestionCd>
        <YesNoCd>NO</YesNoCd>
      </QuestionAnswer>
      <QuestionAnswer id="Q03F332C118814C6F89EE37D6EEFBD368">
        <QuestionCd>VEH04</QuestionCd>
        <YesNoCd>NO</YesNoCd>
      </QuestionAnswer>
      <PersAutoLineBusinessExt id="P458EFBBAB48E4240A1AE6AAE4153C290">
        <WBSubtotalInfo id="WA9F38FFC2DCD4B67A89B0D384576D278">
          <WBSubtotalInfoTypeCd>CFA</WBSubtotalInfoTypeCd>
          <WBCurrentTermAmt id="W273B9B20195C4AD5AA3C7AD0FC995AC0">
            <Amt>41</Amt>
          </WBCurrentTermAmt>
        </WBSubtotalInfo>
        <WBOnsetOffsetPremiumInfo id="W00A60A8A8BD5486EB97330607E602D74">
          <WBCurrentTermOnsetAmt id="W9B133CCC79994B56A29F2308E2F800CB" />
          <WBCurrentTermOffsetAmt id="WB0C12BFA93054644A412FD36A10C20EB" />
        </WBOnsetOffsetPremiumInfo>
        <WBPermissiveUseCnt>0</WBPermissiveUseCnt>
        <WBPremiumInfo id="WED3A4256E9E64E6E9DB8AA42D1542BE9">
          <WBCurrentTermAmt id="WADCA3A95BBE440029077D59589C8F8E9">
            <Amt>1382</Amt>
          </WBCurrentTermAmt>
          <WBNetChangeAmt id="WF1B2DE42B124495D97F4498D1C53B856">
            <Amt>1382</Amt>
          </WBNetChangeAmt>
          <WBWrittenAmt id="WC9B8ACD79D45469380C2B979C0066544">
            <Amt>1382</Amt>
          </WBWrittenAmt>
          <WBPriorCurrentTermAmt id="W250C3DE00A714A759B7A0672AF7A55CF">
            <Amt>0</Amt>
          </WBPriorCurrentTermAmt>
          <WBPriorWrittenAmt id="W528F27B20F5647D4997A1695164A0B52">
            <Amt>0</Amt>
          </WBPriorWrittenAmt>
          <WBCancelAmt id="WC719AD63B9A847C4A2581FC5C07FF094" />
        </WBPremiumInfo>
        <WBAATAFeeCnt>2</WBAATAFeeCnt>
      </PersAutoLineBusinessExt>
    </PersAutoLineBusiness>
    <PolicyExt id="P655E56DEFFD248DAB2A95E239AB64C38">
      <AutoCompositionFactorCd>P</AutoCompositionFactorCd>
      <WBTransactionStatusDesc>Committed</WBTransactionStatusDesc>
      <WBQuoteStatusDesc>Issued</WBQuoteStatusDesc>
      <CreditOrSurcharge id="CD43123FB43AE4D189190B762F09BF52D">
        <SecondaryCd>HCD</SecondaryCd>
        <WBRatingAppliedInd>1</WBRatingAppliedInd>
      </CreditOrSurcharge>
      <CreditOrSurcharge id="C31A503D897EC4DE0986C40B547DCEB0F">
        <SecondaryCd />
        <WBRatingAppliedInd>1</WBRatingAppliedInd>
      </CreditOrSurcharge>
      <WBHouseholdCompositionInd>0</WBHouseholdCompositionInd>
      <WBSubtotalInfo id="W413A9188983342278545CA700871C623">
        <WBSubtotalInfoTypeCd>CFA</WBSubtotalInfoTypeCd>
        <WBCurrentTermAmt id="W55D33D02AE2843BC90040B7304EA329C">
          <Amt>41</Amt>
        </WBCurrentTermAmt>
      </WBSubtotalInfo>
      <WBThirdPartyReport id="WD5CDDB454C764E98864387E33E9C00B3">
        <WBReportTypeCd>APD</WBReportTypeCd>
        <WBReportOrderDt>2020-01-24</WBReportOrderDt>
        <WBReportOrderStatus>No Hit</WBReportOrderStatus>
        <WBReportExpirationDt>2020-04-23</WBReportExpirationDt>
      </WBThirdPartyReport>
      <WBThirdPartyReport id="W9DE6D6F748FC48ED9561BC3BD2C16A56">
        <WBReportTypeCd>CLUE-AUTO</WBReportTypeCd>
        <WBReportOrderDt>2020-01-24</WBReportOrderDt>
        <WBReportOrderStatus>No Hit</WBReportOrderStatus>
        <WBReportExpirationDt>2020-04-23</WBReportExpirationDt>
      </WBThirdPartyReport>
      <WBPolicyAge>0</WBPolicyAge>
      <WBAssocGroupType />
      <WBOnsetOffsetPremiumInfo id="W880F3E975F514FE5BD2F8387EEAECA72">
        <WBCurrentTermOnsetAmt id="WCF6DD00195DB41FE8F99B1C1089F989F" />
        <WBCurrentTermOffsetAmt id="WEC675A7A980946BE86DE6A33127EE9BC" />
      </WBOnsetOffsetPremiumInfo>
      <WBPremiumInfo id="WF2F9D8DD27154F698DC8B6EF04BE98E4">
        <WBCurrentTermAmt id="W84DC111484F04F96A7E0FE0A353ED662">
          <Amt>1382</Amt>
        </WBCurrentTermAmt>
        <WBNetChangeAmt id="WCFF43571311A42F8B97E19CE4441047A">
          <Amt>1382</Amt>
        </WBNetChangeAmt>
        <WBWrittenAmt id="WACEB9DA8DC8C4899B839FE096D88084E">
          <Amt>1382</Amt>
        </WBWrittenAmt>
        <WBPriorCurrentTermAmt id="WA0A2A856B6F5407D9E91990E1E1F80D9">
          <Amt>0</Amt>
        </WBPriorCurrentTermAmt>
        <WBPriorWrittenAmt id="WEB7878BC1BE34F3082A0FCD824484837">
          <Amt>0</Amt>
        </WBPriorWrittenAmt>
        <WBCancelAmt id="WDE7B37B98A414CF98EA423433FE01C48" />
      </WBPremiumInfo>
      <WBPriorPolicyCnt>2</WBPriorPolicyCnt>
      <WBPolicyIssue id="W549AC472289949CAAC4D1DED7D9348FD">
        <WBPolicyIssueCd>N</WBPolicyIssueCd>
      </WBPolicyIssue>
      <WBPolicyInceptionDateInfo id="W9E65AE8A27E04AD5885DA363F85BBDE6">
        <WBPolicyUWInceptionDt>2020-01-14</WBPolicyUWInceptionDt>
        <WBPolicyUWDtOverrideInd>0</WBPolicyUWDtOverrideInd>
      </WBPolicyInceptionDateInfo>
      <WBPolicyTenureAge>0</WBPolicyTenureAge>
      <WBGroupAssocName />
    </PolicyExt>
    <Form id="F85EECB092E6443C78140767A1CC1FFFD">
      <FormNumber>DC877B</FormNumber>
      <EditionDt>2019-01-01</EditionDt>
      <FormName>Consumer Report Disclosure Notice</FormName>
      <EffectiveDt>2020-01-14</EffectiveDt>
    </Form>
    <Form id="FBD334A11AA33494FB013F5849C42548F">
      <FormNumber>DC2177</FormNumber>
      <EditionDt>2019-01-01</EditionDt>
      <FormName>Membership and Voting Rights Notice</FormName>
      <EffectiveDt>2020-01-14</EffectiveDt>
    </Form>
    <Form id="FF5893ECB037A401A8EF51BDCADB881AF">
      <FormNumber>DC249</FormNumber>
      <EditionDt>2019-01-01</EditionDt>
      <FormName>Coordination of Deductible Clause</FormName>
      <EffectiveDt>2020-01-14</EffectiveDt>
    </Form>
    <Form id="FA8396C0D4FE5406F9A31ED4948E28181">
      <FormNumber>DC1188</FormNumber>
      <EditionDt>2019-01-01</EditionDt>
      <FormName>West Bend Privacy Statement</FormName>
      <EffectiveDt>2020-01-14</EffectiveDt>
    </Form>
    <Form id="F50937E92998E4E0996FBB19ED1E71E59">
      <FormNumber>DC1491</FormNumber>
      <EditionDt>2019-01-01</EditionDt>
      <FormName>Payment Plan Options</FormName>
      <EffectiveDt>2020-01-14</EffectiveDt>
    </Form>
  </Policy>
</PolicyRs>