﻿<PolicyRs xmlns="http://www.acord.org/schema/PC/xml/2">
  <BusinessPurposeTypeCd>PCH</BusinessPurposeTypeCd>
  <TransactionEffectiveDt>2020-01-19T00:00:00.000</TransactionEffectiveDt>
  <SourceSystem id="S02588EDF500D4C979B6FD605A7DE8516">
    <SourceSystemCd>WB</SourceSystemCd>
    <SourceSystemQualifierCd>LR</SourceSystemQualifierCd>
  </SourceSystem>
  <TransactionSeqNumber>2</TransactionSeqNumber>
  <ModInfo id="M8DB4A57544F8467B9A2506B16D8B0BDE" IdRef="D853FF80696AD49FFBC6D8B4CEC65481E">
    <ActionCd>M</ActionCd>
    <ChangeDesc>Modify Driver</ChangeDesc>
  </ModInfo>
  <ModInfo id="M16EF1A819C734D82B76FB85A19ABF66A" IdRef="D20BBDCC7ADBD4E918A6F0DD9B7F31B17">
    <ActionCd>M</ActionCd>
    <ChangeDesc>Modify Driver</ChangeDesc>
  </ModInfo>
  <Policy id="PBFFF823222E84E01AE706294C827D0E9">
    <PolicyNumber>A963814</PolicyNumber>
    <PolicyVersion>00</PolicyVersion>
    <CompanyProductCd>801</CompanyProductCd>
    <BroadLOBCd>1</BroadLOBCd>
    <NAICCd>15350</NAICCd>
    <ControllingStateProvCd>AZ</ControllingStateProvCd>
    <ContractTerm id="C90EA61F3A32E43808A394DC96ACD91FE">
      <EffectiveDt>2020-01-12</EffectiveDt>
      <ExpirationDt>2021-01-12</ExpirationDt>
    </ContractTerm>
    <CustomerServicingCd>AGY</CustomerServicingCd>
    <GroupId />
    <Form id="F22280F9C02734066B67D96D580706B23">
      <FormNumber>DC877B</FormNumber>
      <FormName>Consumer Report Disclosure Notice</FormName>
      <EditionDt>2019-01-01</EditionDt>
      <EffectiveDt>2020-01-12</EffectiveDt>
    </Form>
    <NumLosses>0</NumLosses>
    <PaymentOption id="PA52E2C38163444AEAA94077C3C41232A">
      <PaymentPlanCd>FL</PaymentPlanCd>
      <DayMonthDue>20</DayMonthDue>
      <PaymentOptionExt id="P87FBFCF960CE4658B63ECBDB0AA42CEB">
        <WBDepositInd>0</WBDepositInd>
      </PaymentOptionExt>
    </PaymentOption>
    <QuoteInfo id="Q9D8DEC0F7CAC4CF699C47BBB121FF08F">
      <InitialQuoteRequestDt>2020-01-22</InitialQuoteRequestDt>
    </QuoteInfo>
    <CreditScoreInfo id="C8AB0892432E449849205457905A6D663">
      <CreditScore>998</CreditScore>
      <CreditScoreDt>2020-01-22</CreditScoreDt>
      <CSPolicyTypeCd>Auto</CSPolicyTypeCd>
    </CreditScoreInfo>
    <CreditScoreInfo id="CF8BD33AC7D764B08AC6C1C7D1809FB0A">
      <CreditScore>0</CreditScore>
      <CreditScoreDt>2020-01-22</CreditScoreDt>
      <CSPolicyTypeCd>Lowest</CSPolicyTypeCd>
    </CreditScoreInfo>
    <PolicyStatusCd>InForce</PolicyStatusCd>
    <UnderwritingDecisionInfo id="UC2851DA8D05E40E4A8AF96DE9478F25E">
      <SystemUnderwritingDecisionDt>2020-01-22</SystemUnderwritingDecisionDt>
      <UnderwritingScoreNumber>240</UnderwritingScoreNumber>
      <UnderwritingRuleInfo id="U563A463839C248D5BF2D6F82CA4912E3">
        <UnderwritingDecisionCd>Refer</UnderwritingDecisionCd>
        <UnderwritingScoreNumber>120</UnderwritingScoreNumber>
        <UnderwritingRuleInfoExt id="UCB98DEB3056E4D0398949D6319B032A8">
          <WBRuleIDDesc>RX4244</WBRuleIDDesc>
          <WBRuleMessageDesc>Auto - Refer to Underwriting due to a modified date of birth for Unrelated View.</WBRuleMessageDesc>
          <WBRuleSeverityCd>3</WBRuleSeverityCd>
          <WBOverrideInd>1</WBOverrideInd>
          <WBRemark id="W279220B503C94BC0BA40E338898E2237">
            <WBMessage>ok</WBMessage>
            <WBMessageDt>2020-01-22T14:12:23.098</WBMessageDt>
            <WBUserId>Michelle Schweizer</WBUserId>
            <WBMessageTypeCd>LUCI</WBMessageTypeCd>
          </WBRemark>
        </UnderwritingRuleInfoExt>
      </UnderwritingRuleInfo>
      <UnderwritingRuleInfo id="UC89E5C09FB5542FFA3EDD69B6BE89098">
        <UnderwritingDecisionCd>Refer</UnderwritingDecisionCd>
        <UnderwritingScoreNumber>120</UnderwritingScoreNumber>
        <UnderwritingRuleInfoExt id="U98D45A50086045E2A2B3092C93B12186">
          <WBRuleIDDesc>RX4243</WBRuleIDDesc>
          <WBRuleMessageDesc>Auto - Refer to Underwriting due to a modified driver's license number for Relative View.</WBRuleMessageDesc>
          <WBRuleSeverityCd>3</WBRuleSeverityCd>
          <WBOverrideInd>1</WBOverrideInd>
          <WBRemark id="WC4AD00E3F15244BB9BC8428732BB51A6">
            <WBMessage>ok</WBMessage>
            <WBMessageDt>2020-01-22T14:12:23.098</WBMessageDt>
            <WBUserId>Michelle Schweizer</WBUserId>
            <WBMessageTypeCd>LUCI</WBMessageTypeCd>
          </WBRemark>
        </UnderwritingRuleInfoExt>
      </UnderwritingRuleInfo>
      <UnderwritingDecisionInfoExt id="U87A073124C1048BBB9DF6EE57564A5FE">
        <WBUpdatedCumulativeScore>0</WBUpdatedCumulativeScore>
      </UnderwritingDecisionInfoExt>
    </UnderwritingDecisionInfo>
    <OriginalPolicyInceptionDt>2020-01-12</OriginalPolicyInceptionDt>
    <PaidInFullInd>1</PaidInFullInd>
    <Producer id="P35024579E71D4AE1B92EC9F805755EB4" />
    <Producer id="P6FC103E0F6C041D4AC4BBFE39BACA395">
      <Relationship id="R13B98072B80644FD9A0A475CADC7FD2B">
        <RelationshipToCd>Agency</RelationshipToCd>
      </Relationship>
      <Name>A &amp; J PETERSBURG AGENCY</Name>
      <Addr id="AE01AB1DBE9B14EED93D5BB875229C6A6">
        <AddrTypeCd>MailingAddress</AddrTypeCd>
        <Addr1>PO BOX 290</Addr1>
        <City>DECORAH</City>
        <StateProvCd>IA</StateProvCd>
        <PostalCode>52101</PostalCode>
        <CountryCd>USA</CountryCd>
        <County>US</County>
      </Addr>
      <Communications id="C58BB833721EA4CB1BBE6EC842BC80F1A">
        <PhoneTypeCd>HOME</PhoneTypeCd>
        <PhoneNumber>563-382-3627</PhoneNumber>
        <EmailAddr />
      </Communications>
      <ContractNumber>14004</ContractNumber>
      <ProducerSubCode />
    </Producer>
    <Producer id="PFB3CEFB0E0AA48B0B7F6409E5BCBA128">
      <Relationship id="R9011F9134F444D569C78E3AB82BD5A5A">
        <RelationshipToCd>USERIN</RelationshipToCd>
      </Relationship>
      <Name>Michelle Schweizer</Name>
      <ProducerSubCode>99999</ProducerSubCode>
    </Producer>
    <Producer id="P72E642C9AAA243B395103B7623592284">
      <Relationship id="RFB1FB4FFBFD941D4B91626268682E4E0">
        <RelationshipToCd>PROD</RelationshipToCd>
      </Relationship>
      <Name>Andrea Martin</Name>
      <ProducerSubCode>10937</ProducerSubCode>
    </Producer>
    <InsuredOrPrincipal id="IBE8161827E0D4569B2D8DF0960B639C9">
      <ItemIdInfo id="IE40F174A340D4B309E2B224D1B0FA196">
        <InsurerId>1000432942</InsurerId>
      </ItemIdInfo>
      <Relationship id="R1692EA8E8BA846D4882350E6C70246E8" RelationshipToRef="PBFFF823222E84E01AE706294C827D0E9">
        <RelationshipToCd>FNI</RelationshipToCd>
      </Relationship>
      <Name>Insured View</Name>
      <CreditScoreInfo id="C8BAA14F8A1D64BF98A98A550ED884ED6">
        <ReferenceNumber>20022191200331</ReferenceNumber>
        <CreditScore>998</CreditScore>
        <CreditScoreDt>2020-01-22</CreditScoreDt>
        <CSPolicyTypeCd>Auto</CSPolicyTypeCd>
        <CreditScoreInfoExt id="CDCE31832F47642B78481D06730489B17">
          <WBThirdPartyNCF id="W3A17C4E3BB764217A8B251FB05328E22">
            <WBNCFProcessingStatus>Complete Success</WBNCFProcessingStatus>
            <WBCreditScoreReason id="WB8F16E5053194F84A25F4654C201262A">
              <WBCreditScoreReasonCd>WB1</WBCreditScoreReasonCd>
              <WBCreditScoreReasonDesc>An insurance score could not be generated as no credit file was found.</WBCreditScoreReasonDesc>
            </WBCreditScoreReason>
          </WBThirdPartyNCF>
          <WBRecordInfo id="WB6412A67AFD1484998311D367D2EFBBE">
            <WBRecordSource>NCF-CREDIT</WBRecordSource>
          </WBRecordInfo>
        </CreditScoreInfoExt>
      </CreditScoreInfo>
      <CreditScoreInfo id="CFAFBDC92E5404E568FD7DA06896D97AA">
        <CreditScore>0</CreditScore>
        <CreditScoreDt>2020-01-22</CreditScoreDt>
        <CSPolicyTypeCd>Home</CSPolicyTypeCd>
      </CreditScoreInfo>
      <Addr id="A5138A5263B0E481D815E4CBAADF12554">
        <AddrTypeCd>InsuredsAddress</AddrTypeCd>
        <Addr1>5204 E Woodridge Dr</Addr1>
        <City>Scottsdale</City>
        <StateProvCd>AZ</StateProvCd>
        <PostalCode>85254-7504</PostalCode>
        <CountryCd>USA</CountryCd>
        <Latitude>33.64132</Latitude>
        <Longitude>-111.968405</Longitude>
        <County>Maricopa County</County>
        <AddrExt id="ADE68BD2985954124B90D49F3DD86351A">
          <WBAddressStandardization id="W61C7C30EC8E1415796354FA4388FFEC9">
            <WBAddrStandardizeStreetName>Woodridge</WBAddrStandardizeStreetName>
            <WBAddrStandardizeStreetTypeCd>Dr</WBAddrStandardizeStreetTypeCd>
            <WBAddrStandardizeStreetNumber>5204</WBAddrStandardizeStreetNumber>
            <WBConfidence>100</WBConfidence>
            <WBAddrStandardizeLeadingDirectional>E</WBAddrStandardizeLeadingDirectional>
            <WBAddrStandardizeStatus>Accepted</WBAddrStandardizeStatus>
          </WBAddressStandardization>
        </AddrExt>
      </Addr>
      <Addr id="AE9699C145FC5475890A14D955D44322D">
        <AddrTypeCd>MailingAddress</AddrTypeCd>
        <Addr1>5204 E Woodridge Dr</Addr1>
        <City>Scottsdale</City>
        <StateProvCd>AZ</StateProvCd>
        <PostalCode>85254-7504</PostalCode>
        <CountryCd>USA</CountryCd>
        <Latitude>33.64132</Latitude>
        <Longitude>-111.968405</Longitude>
        <County>Maricopa County</County>
        <AddrExt id="AD9202BF1E7744CCCAAEC884DA65B0CB4">
          <WBAddressStandardization id="WA33DA9EC2A9B46BDA4A0237C197EB1B1">
            <WBAddrStandardizeStreetName>Woodridge</WBAddrStandardizeStreetName>
            <WBAddrStandardizeStreetTypeCd>Dr</WBAddrStandardizeStreetTypeCd>
            <WBAddrStandardizeStreetNumber>5204</WBAddrStandardizeStreetNumber>
            <WBConfidence>100</WBConfidence>
            <WBAddrStandardizeLeadingDirectional>E</WBAddrStandardizeLeadingDirectional>
            <WBAddrStandardizeStatus>Accepted</WBAddrStandardizeStatus>
          </WBAddressStandardization>
        </AddrExt>
      </Addr>
      <Addr id="ACBB1C4DE9F074D1A837C5C0A9DA18219">
        <AddrTypeCd>BillingAddress</AddrTypeCd>
      </Addr>
      <Communications id="CC61E1B6A061843D68515CB87E363A057">
        <CommunicationUseCd>Alternate</CommunicationUseCd>
        <PhoneTypeCd>Cell</PhoneTypeCd>
        <PhoneNumber>2623532222</PhoneNumber>
      </Communications>
      <Surname>View</Surname>
      <GivenName>Insured</GivenName>
      <TitlePrefix />
      <NameSuffix />
      <GenderCd>M</GenderCd>
      <BirthDt>1970-01-09</BirthDt>
      <MaritalStatusCd>S</MaritalStatusCd>
    </InsuredOrPrincipal>
    <PersAutoLineBusiness id="P5EBE9E32947C4AE79B86307C2ED92C32">
      <CompanyProductCd>850</CompanyProductCd>
      <Coverage id="C0A32A90F732645B68B12A45F574E8AE2">
        <CoverageCd>ROAD</CoverageCd>
        <Limit id="L700AD7ED7F2B48E198F31902F84951BC">
          <FormatCurrencyAmt id="FC6495A44544447A88EC6518A27CA0D0F">
            <Amt>200</Amt>
          </FormatCurrencyAmt>
        </Limit>
        <EffectiveDt>2020-01-12</EffectiveDt>
        <ExpirationDt>2021-01-12</ExpirationDt>
        <ProRateFactor>0.9809</ProRateFactor>
        <CoverageSupplement id="CC733721F892445499C650604B3DC9036">
          <CoverageSubCd>TLN</CoverageSubCd>
        </CoverageSupplement>
        <CoverageExt id="C9C070BB4F0354ADD8E87330FCAF7878C">
          <WBOnsetOffsetPremiumInfo id="WF25F769945BC45A59008A671EE2C756F">
            <WBCurrentTermOnsetAmt id="WC0316931BD9F4903B4593611FEB53F0A">
              <Amt>49</Amt>
            </WBCurrentTermOnsetAmt>
            <WBCurrentTermOffsetAmt id="WB935DBDBB916462B9310B3040036A460">
              <Amt>49</Amt>
            </WBCurrentTermOffsetAmt>
          </WBOnsetOffsetPremiumInfo>
          <WBPremiumInfo id="WE163ECA6EA134298B291E70685AE41F5">
            <WBCurrentTermAmt id="W1E44FAA5D5434FF9B494BF9A89A0D8CC">
              <Amt>50</Amt>
              <offset>49</offset>
              <onset>49</onset>
            </WBCurrentTermAmt>
            <WBNetChangeAmt id="WD21879DF062842BE94B15D4AA101FAE5">
              <Amt>0</Amt>
            </WBNetChangeAmt>
            <WBWrittenAmt id="WB5C70E33912E4F129E9AE68A082F8A4C">
              <Amt>50</Amt>
            </WBWrittenAmt>
            <WBPriorCurrentTermAmt id="WF85A714FFAFA422783CD6992631E5361">
              <Amt>50</Amt>
            </WBPriorCurrentTermAmt>
            <WBPriorWrittenAmt id="WCA257D075EBF49D9A7FF8FF04813F63E">
              <Amt>50</Amt>
            </WBPriorWrittenAmt>
            <WBCancelAmt id="W474DBE39128A46ACB1AD69A13FD31A60">
              <Amt>0</Amt>
            </WBCancelAmt>
          </WBPremiumInfo>
        </CoverageExt>
      </Coverage>
      <Driver id="D7CF20E4866AA443E8F7DE19CFB0B489A">
        <ItemIdInfo id="I71CC3F77A62F4EF4869AEE91C5CDCE30">
          <InsurerId>101</InsurerId>
        </ItemIdInfo>
        <Relationship id="RC4E67A4A2AAA42E98E2FC646F48328B7" RelationshipToRef="IBE8161827E0D4569B2D8DF0960B639C9">
          <RelationshipToCd>IN</RelationshipToCd>
        </Relationship>
        <Relationship id="R01CE8C4BB8764E7DAB8275002E6DA58F" RelationshipToRef="V992E48F0F63D4E1D8DF5F08D758B00ED">
          <RelationshipToCd>DRV</RelationshipToCd>
          <RelationshipDesc>PRINCIPAL</RelationshipDesc>
        </Relationship>
        <License id="L3CE3972DA0E74015832061517E5282CA">
          <LicenseTypeCd>Driver</LicenseTypeCd>
          <LicenseStatusCd>VALID</LicenseStatusCd>
          <LicensePermitNumber>3BXC5958</LicensePermitNumber>
          <StateProvCd>AZ</StateProvCd>
        </License>
        <Addr id="ACD20F14FF8C54F5FB3981AF9C03A4094">
          <AddrTypeCd>InsuredsAddress</AddrTypeCd>
          <Addr1>5204 E Woodridge Dr</Addr1>
          <City>Scottsdale</City>
          <StateProvCd>AZ</StateProvCd>
          <PostalCode>85254-7504</PostalCode>
          <CountryCd>USA</CountryCd>
          <Latitude>33.64132</Latitude>
          <Longitude>-111.968405</Longitude>
          <County>Maricopa County</County>
          <AddrExt id="A5BFC5138AEA5421BB8627A0E42AE86D2">
            <WBAddressStandardization id="W6048F15B700141368894E7ACA56E3688">
              <WBAddrStandardizeStreetName>Woodridge</WBAddrStandardizeStreetName>
              <WBAddrStandardizeStreetTypeCd>Dr</WBAddrStandardizeStreetTypeCd>
              <WBAddrStandardizeStreetNumber>5204</WBAddrStandardizeStreetNumber>
              <WBConfidence>100</WBConfidence>
              <WBAddrStandardizeLeadingDirectional>E</WBAddrStandardizeLeadingDirectional>
              <WBAddrStandardizeStatus>Accepted</WBAddrStandardizeStatus>
            </WBAddressStandardization>
          </AddrExt>
        </Addr>
        <Surname>View</Surname>
        <GivenName>Insured</GivenName>
        <OtherGivenName />
        <TitlePrefix />
        <NameSuffix />
        <GenderCd>M</GenderCd>
        <BirthDt>1970-01-09</BirthDt>
        <MaritalStatusCd>S</MaritalStatusCd>
        <OccupationClassCd>BFI</OccupationClassCd>
        <QuestionAnswer id="QAA183DA0E8E5434FA78F59CE5919DAC8">
          <QuestionCd>DRV04</QuestionCd>
          <YesNoCd>YES</YesNoCd>
          <QuestionText>licensedLastFive</QuestionText>
        </QuestionAnswer>
        <QuestionAnswer id="QD5EB8610C1AF4C9B966528388BF71803">
          <QuestionCd>DRV05</QuestionCd>
          <YesNoCd>YES</YesNoCd>
          <QuestionText>isIndiviualLicensed</QuestionText>
        </QuestionAnswer>
        <QuestionAnswer id="Q8D53FF1560724F21824CBFBAA0A081CB">
          <QuestionCd>DRV06</QuestionCd>
          <YesNoCd>NO</YesNoCd>
          <QuestionAnswerExt id="Q3F602639FAE94782BD6243D34FA86BD6">
            <WBOverrideInfo id="W81C465518CC14A76B66506315E0A7E3B">
              <WBOverrideType>UWQ</WBOverrideType>
              <WBOverrideCategory>PriorCarrier</WBOverrideCategory>
              <WBOverrideCd>MultPriorCarrier</WBOverrideCd>
              <WBOverrideValue>NO</WBOverrideValue>
            </WBOverrideInfo>
          </QuestionAnswerExt>
        </QuestionAnswer>
        <DriverTypeCd />
        <ContinuousInsuranceCd>ContinuousLessThan6Months</ContinuousInsuranceCd>
        <DriverExt id="D7D6BDB5243FE4F17889C802DAE812ABA">
          <YouthfulInd>0</YouthfulInd>
          <WBIsMinor>0</WBIsMinor>
          <WBRiskTerm id="W3ECEA7DC8387454086CB2FFCAA7F9ED1">
            <WBRiskEffectiveDt>2020-01-12</WBRiskEffectiveDt>
            <WBRiskExpirationDt>2021-01-12</WBRiskExpirationDt>
          </WBRiskTerm>
          <WBDriverAge>50</WBDriverAge>
          <WBDriverIncidentEligiblePoints>0</WBDriverIncidentEligiblePoints>
          <WBInexperiencedOperatorInd>0</WBInexperiencedOperatorInd>
          <WBAdvantageDriverInd>0</WBAdvantageDriverInd>
          <WBInsLapseInfo id="W36943829D03D49C5A7652788EFD0B31F">
            <WBInsLapseReasonCd>VehStorage</WBInsLapseReasonCd>
          </WBInsLapseInfo>
        </DriverExt>
      </Driver>
      <Driver id="D853FF80696AD49FFBC6D8B4CEC65481E">
        <ItemIdInfo id="I2A704F15FB4C412C8D0FF8489D9B31AE">
          <InsurerId>102</InsurerId>
        </ItemIdInfo>
        <Relationship id="RF74DAB6253214F9094A7272C5C9225DA" RelationshipToRef="IBE8161827E0D4569B2D8DF0960B639C9">
          <RelationshipToCd>RE</RelationshipToCd>
        </Relationship>
        <Relationship id="R017650C890E64B67A99841190B2A127B" RelationshipToRef="VAEB734974D9D4FC1A2C10ACBA193FB73">
          <RelationshipToCd>DRV</RelationshipToCd>
          <RelationshipDesc>PRINCIPAL</RelationshipDesc>
        </Relationship>
        <License id="LDB9B72482A504509A8CC0D2FA6BFD197">
          <LicenseTypeCd>Driver</LicenseTypeCd>
          <LicenseStatusCd>VALID</LicenseStatusCd>
          <LicensePermitNumber>GC0F91236</LicensePermitNumber>
          <StateProvCd>IA</StateProvCd>
        </License>
        <Addr id="A66F051EDD6014C65AF8E410A57BD6120">
          <AddrTypeCd>InsuredsAddress</AddrTypeCd>
          <Addr1>5204 E Woodridge Dr</Addr1>
          <City>Scottsdale</City>
          <StateProvCd>AZ</StateProvCd>
          <PostalCode>85254-7504</PostalCode>
          <CountryCd>USA</CountryCd>
          <Latitude>33.64132</Latitude>
          <Longitude>-111.968405</Longitude>
          <County>Maricopa County</County>
          <AddrExt id="A1D525774751644718495A7A64ACB2835">
            <WBAddressStandardization id="W39AAA43480BF46D5B4F93A4A19CE4F9B">
              <WBAddrStandardizeStreetName>Woodridge</WBAddrStandardizeStreetName>
              <WBAddrStandardizeStreetTypeCd>Dr</WBAddrStandardizeStreetTypeCd>
              <WBAddrStandardizeStreetNumber>5204</WBAddrStandardizeStreetNumber>
              <WBConfidence>100</WBConfidence>
              <WBAddrStandardizeLeadingDirectional>E</WBAddrStandardizeLeadingDirectional>
              <WBAddrStandardizeStatus>Accepted</WBAddrStandardizeStatus>
            </WBAddressStandardization>
          </AddrExt>
        </Addr>
        <Surname>View</Surname>
        <GivenName>Relative</GivenName>
        <OtherGivenName />
        <TitlePrefix />
        <NameSuffix />
        <GenderCd>F</GenderCd>
        <BirthDt>1969-08-11</BirthDt>
        <MaritalStatusCd>S</MaritalStatusCd>
        <OccupationClassCd>US</OccupationClassCd>
        <QuestionAnswer id="Q7D73988C35604BCE9497943201A0DF57">
          <QuestionCd>DRV04</QuestionCd>
          <YesNoCd>YES</YesNoCd>
          <QuestionText>licensedLastFive</QuestionText>
        </QuestionAnswer>
        <QuestionAnswer id="QEE5200CE6F6D4BF9B906D0952701EEAF">
          <QuestionCd>DRV05</QuestionCd>
          <YesNoCd>YES</YesNoCd>
          <QuestionText>isIndiviualLicensed</QuestionText>
        </QuestionAnswer>
        <DriverTypeCd />
        <DriverExt id="D0134D01EEA1449BD90EA2D0E9E74812F">
          <YouthfulInd>0</YouthfulInd>
          <WBIsMinor>0</WBIsMinor>
          <WBRiskTerm id="W8F0E45C7E98A4B2FB1B988CD0D01A4A4">
            <WBRiskEffectiveDt>2020-01-12</WBRiskEffectiveDt>
            <WBRiskExpirationDt>2021-01-12</WBRiskExpirationDt>
          </WBRiskTerm>
          <WBDriverAge>50</WBDriverAge>
          <WBDriverIncidentEligiblePoints>0</WBDriverIncidentEligiblePoints>
          <WBInexperiencedOperatorInd>0</WBInexperiencedOperatorInd>
          <WBAdvantageDriverInd>0</WBAdvantageDriverInd>
        </DriverExt>
      </Driver>
      <Driver id="D20BBDCC7ADBD4E918A6F0DD9B7F31B17">
        <ItemIdInfo id="IF49B16126783464FAA0FE1D11E27C82E">
          <InsurerId>103</InsurerId>
        </ItemIdInfo>
        <Relationship id="R23E6E0DBE78842F7B4226C3A9BBD55C9" RelationshipToRef="IBE8161827E0D4569B2D8DF0960B639C9">
          <RelationshipToCd>NR</RelationshipToCd>
        </Relationship>
        <Relationship id="RFF3CD87087564BFEA18731D346D4A9EB" RelationshipToRef="VAEB734974D9D4FC1A2C10ACBA193FB73">
          <RelationshipToCd>DOC</RelationshipToCd>
          <RelationshipDesc>OCCASIONAL</RelationshipDesc>
        </Relationship>
        <License id="LEE24A6EA07B04015AC26500956815340">
          <LicenseTypeCd>Driver</LicenseTypeCd>
          <LicenseStatusCd>VALID</LicenseStatusCd>
          <LicensePermitNumber>0B6V6565</LicensePermitNumber>
          <StateProvCd>AZ</StateProvCd>
        </License>
        <Addr id="AA78F3D4D43C647CCAEB78536E771AC4D">
          <AddrTypeCd>InsuredsAddress</AddrTypeCd>
          <Addr1>5204 E Woodridge Dr</Addr1>
          <City>Scottsdale</City>
          <StateProvCd>AZ</StateProvCd>
          <PostalCode>85254-7504</PostalCode>
          <CountryCd>USA</CountryCd>
          <Latitude>33.64132</Latitude>
          <Longitude>-111.968405</Longitude>
          <County>Maricopa County</County>
          <AddrExt id="A6B89AA7474B242D5A0ADCE74173CF780">
            <WBAddressStandardization id="W2E2CA225D97A454A9B4A1291B05297EE">
              <WBAddrStandardizeStreetName>Woodridge</WBAddrStandardizeStreetName>
              <WBAddrStandardizeStreetTypeCd>Dr</WBAddrStandardizeStreetTypeCd>
              <WBAddrStandardizeStreetNumber>5204</WBAddrStandardizeStreetNumber>
              <WBConfidence>100</WBConfidence>
              <WBAddrStandardizeLeadingDirectional>E</WBAddrStandardizeLeadingDirectional>
              <WBAddrStandardizeStatus>Accepted</WBAddrStandardizeStatus>
            </WBAddressStandardization>
          </AddrExt>
        </Addr>
        <Surname>View</Surname>
        <GivenName>Unrelated</GivenName>
        <OtherGivenName />
        <TitlePrefix />
        <NameSuffix />
        <GenderCd>M</GenderCd>
        <BirthDt>1964-04-05</BirthDt>
        <MaritalStatusCd>S</MaritalStatusCd>
        <OccupationClassCd>THR</OccupationClassCd>
        <QuestionAnswer id="Q7E9D9C1EA3BC4E26A8766D09D9482109">
          <QuestionCd>DRV04</QuestionCd>
          <YesNoCd>YES</YesNoCd>
          <QuestionText>licensedLastFive</QuestionText>
        </QuestionAnswer>
        <QuestionAnswer id="Q02717973B0D044CA9AC23219D843D08C">
          <QuestionCd>DRV05</QuestionCd>
          <YesNoCd>YES</YesNoCd>
          <QuestionText>isIndiviualLicensed</QuestionText>
        </QuestionAnswer>
        <DriverTypeCd />
        <DriverExt id="DC50D7483893D4556AC5AC89B65C54D84">
          <YouthfulInd>0</YouthfulInd>
          <WBIsMinor>0</WBIsMinor>
          <WBRiskTerm id="W06EC58023FEE4267916212AA5E3F35E7">
            <WBRiskEffectiveDt>2020-01-12</WBRiskEffectiveDt>
            <WBRiskExpirationDt>2021-01-12</WBRiskExpirationDt>
          </WBRiskTerm>
          <WBDriverAge>55</WBDriverAge>
          <WBDriverIncidentEligiblePoints>0</WBDriverIncidentEligiblePoints>
          <WBInexperiencedOperatorInd>0</WBInexperiencedOperatorInd>
          <WBAdvantageDriverInd>0</WBAdvantageDriverInd>
        </DriverExt>
      </Driver>
      <Vehicle id="V992E48F0F63D4E1D8DF5F08D758B00ED" RatedDriverRef="D7CF20E4866AA443E8F7DE19CFB0B489A">
        <ItemIdInfo id="I30D6B9431D884772898D41CD43150DA0">
          <InsurerId>101</InsurerId>
        </ItemIdInfo>
        <Manufacturer>ACURA</Manufacturer>
        <ManufacturerCd>ACUR</ManufacturerCd>
        <Model>MDX SPORT HYBRID AWD</Model>
        <ModelCd>MDX</ModelCd>
        <ModelYear>2019</ModelYear>
        <VehBodyTypeCd>PP</VehBodyTypeCd>
        <Registration id="R70DA291D71994200A831659A6FA63A16">
          <StateProvCd>AZ</StateProvCd>
        </Registration>
        <Horsepower id="H6B4001DC22FA4B87B95B4A4FBB2477F1">
          <NumUnits>3.0</NumUnits>
        </Horsepower>
        <VehIdentificationNumber>5J8YD7H51K2362585</VehIdentificationNumber>
        <GrossVehWeight id="GB1AED3B48CAD4473B4F7212024A9AE4C">
          <NumUnits>6000</NumUnits>
        </GrossVehWeight>
        <VehPerformanceCd>BASIC</VehPerformanceCd>
        <BIPDSymbolCd>275</BIPDSymbolCd>
        <MedPayPIPLiabilitySymbolCd>470</MedPayPIPLiabilitySymbolCd>
        <Addr id="A2D416D1F43594E7398F7FEF8A89B34CC">
          <AddrTypeCd>GaragingAddress</AddrTypeCd>
          <Addr1>5204 E Woodridge Dr</Addr1>
          <City>Scottsdale</City>
          <StateProvCd>AZ</StateProvCd>
          <PostalCode>85254-7504</PostalCode>
          <CountryCd>USA</CountryCd>
          <Latitude>33.64132</Latitude>
          <Longitude>-111.968405</Longitude>
          <County>Maricopa County</County>
          <Region />
          <AddrExt id="ADBA1A08FCEB441788BFA68D9C67882DE">
            <WBRatedZipCd>85254</WBRatedZipCd>
            <WBRatedVehicleStateProvCd>AZ</WBRatedVehicleStateProvCd>
            <WBAddressStandardization id="WE8B38E993B80483493DAEFDCB478E699">
              <WBAddrStandardizeStreetName>Woodridge</WBAddrStandardizeStreetName>
              <WBAddrStandardizeStreetTypeCd>Dr</WBAddrStandardizeStreetTypeCd>
              <WBAddrStandardizeStreetNumber>5204</WBAddrStandardizeStreetNumber>
              <WBConfidence>100</WBConfidence>
              <WBAddrStandardizeLeadingDirectional>E</WBAddrStandardizeLeadingDirectional>
              <WBAddrStandardizeStatus>Accepted</WBAddrStandardizeStatus>
            </WBAddressStandardization>
          </AddrExt>
        </Addr>
        <Coverage id="C38E4FD93439E48EEBAF92941394E5FF6">
          <CoverageCd>COMP</CoverageCd>
          <Deductible id="DCA6E4B58B1954C2D8C55D4E0105DF1C6">
            <FormatCurrencyAmt id="F6445423FF2364CE4BFA9E14D9F284F1B">
              <Amt>250</Amt>
            </FormatCurrencyAmt>
            <DeductibleAppliesToCd>ACC</DeductibleAppliesToCd>
          </Deductible>
          <Option id="O0771DAF1E5054F7F8456F144E860F376">
            <OptionCd>FG</OptionCd>
          </Option>
          <CreditOrSurcharge id="C249F6C17037D456186893A05A625211C">
            <CreditSurchargeCd>LFREE</CreditSurchargeCd>
            <NumericValue id="N70CF3E373E18410AA8D070B9E9914127" />
            <SecondaryCd>CFAEST</SecondaryCd>
            <WBRatingAppliedInd>0</WBRatingAppliedInd>
          </CreditOrSurcharge>
          <EffectiveDt>2020-01-12</EffectiveDt>
          <ExpirationDt>2021-01-12</ExpirationDt>
          <ProRateFactor>0.9809</ProRateFactor>
          <CoverageSupplement id="C4D873CD566EB4D7FA03F359A0EDC2660">
            <CoverageSubCd>OTC</CoverageSubCd>
          </CoverageSupplement>
          <CoverageExt id="CC7ACAF4A36124B3C8CD9CC4BCE571448">
            <WBOnsetOffsetPremiumInfo id="W799B515CE54A4D2A95C8555627FF85CC">
              <WBCurrentTermOnsetAmt id="WD3A8A7B1F9D94A0F8E16BB219DB66E78">
                <Amt>1600</Amt>
              </WBCurrentTermOnsetAmt>
              <WBCurrentTermOffsetAmt id="WE84E97B346854F94BE1E600F733861E5">
                <Amt>1600</Amt>
              </WBCurrentTermOffsetAmt>
            </WBOnsetOffsetPremiumInfo>
            <WBPremiumInfo id="W7640BB0AD73545B3BE3C27CD0E137159">
              <WBCurrentTermAmt id="WD079A423951E408FAFACB587FFFA2F5F">
                <Amt>1631</Amt>
              </WBCurrentTermAmt>
              <WBNetChangeAmt id="W156F564BD98344F28A2C3FB996180467">
                <Amt>0</Amt>
              </WBNetChangeAmt>
              <WBWrittenAmt id="WF7A729CB3FC9473CAB7D1815AE0AA9D1">
                <Amt>1631</Amt>
              </WBWrittenAmt>
              <WBPriorCurrentTermAmt id="W2C480B6378094900A19B1AD6365CCA14">
                <Amt>1631</Amt>
              </WBPriorCurrentTermAmt>
              <WBPriorWrittenAmt id="W370E0385673D43299CCBB35A612F8793">
                <Amt>1631</Amt>
              </WBPriorWrittenAmt>
              <WBCancelAmt id="WCA281DBE2EE04AA9A018A1F91B284E39">
                <Amt>0</Amt>
              </WBCancelAmt>
            </WBPremiumInfo>
          </CoverageExt>
        </Coverage>
        <Coverage id="CF80A29C59F2C45CBBA5E14B7B08F2DB2">
          <CoverageCd>COLL</CoverageCd>
          <Deductible id="DB7D670F6BB6D478D95D10B1E0BBDEFF8">
            <FormatCurrencyAmt id="F0C0B77356237423C9CA52670A9CAFFE5">
              <Amt>500</Amt>
            </FormatCurrencyAmt>
            <DeductibleAppliesToCd>ACC</DeductibleAppliesToCd>
          </Deductible>
          <CreditOrSurcharge id="C011F3ADB27AC4A2D9410F6C41CAE2D75">
            <CreditSurchargeCd>LFREE</CreditSurchargeCd>
            <NumericValue id="N5C640B62264043FE895E4B16D2F31532" />
            <SecondaryCd>CFAEST</SecondaryCd>
            <WBRatingAppliedInd>0</WBRatingAppliedInd>
          </CreditOrSurcharge>
          <EffectiveDt>2020-01-12</EffectiveDt>
          <ExpirationDt>2021-01-12</ExpirationDt>
          <ProRateFactor>0.9809</ProRateFactor>
          <CoverageSupplement id="C2817BA3E2E9B4460B4DA05330E53FD25">
            <CoverageSubCd>COLL</CoverageSubCd>
          </CoverageSupplement>
          <CoverageExt id="C67C80CA4012D4C68B407F58EEEE12834">
            <WBOnsetOffsetPremiumInfo id="W909BE94424024FAA9BD4CB4F882041F1">
              <WBCurrentTermOnsetAmt id="W7CA5CBCCCE7F43498741B25AA9FCF0E0">
                <Amt>1159</Amt>
              </WBCurrentTermOnsetAmt>
              <WBCurrentTermOffsetAmt id="WD97BCA20D2C648DBAF50CB6836573FFD">
                <Amt>1159</Amt>
              </WBCurrentTermOffsetAmt>
            </WBOnsetOffsetPremiumInfo>
            <WBPremiumInfo id="W44B59DE24566493B8AFA0FDCE17EEF0A">
              <WBCurrentTermAmt id="W4FDB5FBE5FFD4384BEF54EF574FC9932">
                <Amt>1182</Amt>
              </WBCurrentTermAmt>
              <WBNetChangeAmt id="WD05CA1ED30AE4DF2AF3617EB63B98E6E">
                <Amt>0</Amt>
              </WBNetChangeAmt>
              <WBWrittenAmt id="W7AB31A5C9572491193E4DC6E6842E247">
                <Amt>1182</Amt>
              </WBWrittenAmt>
              <WBPriorCurrentTermAmt id="WEC68A813472240869E940E8DFB12AFA4">
                <Amt>1182</Amt>
              </WBPriorCurrentTermAmt>
              <WBPriorWrittenAmt id="WC17C98876BDC46C6A3C9147753429B45">
                <Amt>1182</Amt>
              </WBPriorWrittenAmt>
              <WBCancelAmt id="W9FAB1BE93CF448D3B20F87AABDE5F481">
                <Amt>0</Amt>
              </WBCancelAmt>
            </WBPremiumInfo>
          </CoverageExt>
        </Coverage>
        <Coverage id="CA56DC446A6DC4B47A387DB0F5CF6BB89">
          <CoverageCd>BI</CoverageCd>
          <Limit id="L4DC06A62332D480394BBE13EFF73B5D3">
            <FormatCurrencyAmt id="F8C42A41B2CB44F22AD36D28120F7A645">
              <Amt>250000</Amt>
            </FormatCurrencyAmt>
            <LimitAppliesToCd>BIEachPers</LimitAppliesToCd>
          </Limit>
          <Limit id="L3AEB873E81A84450A2A7FDB2AB35F222">
            <FormatCurrencyAmt id="F02A1B60A2609432B910C1D56595CEE50">
              <Amt>500000</Amt>
            </FormatCurrencyAmt>
            <LimitAppliesToCd>PerAcc</LimitAppliesToCd>
          </Limit>
          <CreditOrSurcharge id="CD87977B687654EBF9C5261617CD9057A">
            <CreditSurchargeCd>LFREE</CreditSurchargeCd>
            <NumericValue id="N99A6B9E65EA44E609F50702B7422AA41" />
            <SecondaryCd>CFAEST</SecondaryCd>
            <WBRatingAppliedInd>0</WBRatingAppliedInd>
          </CreditOrSurcharge>
          <EffectiveDt>2020-01-12</EffectiveDt>
          <ExpirationDt>2021-01-12</ExpirationDt>
          <ProRateFactor>0.9809</ProRateFactor>
          <CoverageSupplement id="C148D4B913E224D6EB3FAC29ADAA3E3A1">
            <CoverageSubCd>BI</CoverageSubCd>
          </CoverageSupplement>
          <CoverageExt id="CC78FB998CA1D44C4B80EBFBD995F1138">
            <WBOnsetOffsetPremiumInfo id="W8896CEE49BAD40CFBF4A4A6E7BF63178">
              <WBCurrentTermOnsetAmt id="W8E72D727AF07444AAA8FBC1D3266E634">
                <Amt>334</Amt>
              </WBCurrentTermOnsetAmt>
              <WBCurrentTermOffsetAmt id="WF2E9D163BD7748F9A98A8954A8FF0549">
                <Amt>334</Amt>
              </WBCurrentTermOffsetAmt>
            </WBOnsetOffsetPremiumInfo>
            <WBPremiumInfo id="WE992185168D043BBB53D059A6DCA8524">
              <WBCurrentTermAmt id="W6B50F384177443F8A645607792E05BF5">
                <Amt>340</Amt>
              </WBCurrentTermAmt>
              <WBNetChangeAmt id="W5E8F37206CC048498E9D069428D21E24">
                <Amt>0</Amt>
              </WBNetChangeAmt>
              <WBWrittenAmt id="W5A1B94E26B4E4643B5F1959C1A118F19">
                <Amt>340</Amt>
              </WBWrittenAmt>
              <WBPriorCurrentTermAmt id="W615461636299449CBB71CA7C08580B45">
                <Amt>340</Amt>
              </WBPriorCurrentTermAmt>
              <WBPriorWrittenAmt id="WF7A1A04C788740D3846FC34BC05E33D4">
                <Amt>340</Amt>
              </WBPriorWrittenAmt>
              <WBCancelAmt id="WA950FA259D5C483AA168FA42ADDB1C51">
                <Amt>0</Amt>
              </WBCancelAmt>
            </WBPremiumInfo>
          </CoverageExt>
        </Coverage>
        <Coverage id="C200B27950FF6497E85A3D418EDEEED6D">
          <CoverageCd>PD</CoverageCd>
          <Limit id="LA39E4F6A5CDB4C8F89DD2DA0DF57B4B0">
            <FormatCurrencyAmt id="F4A0109EC00FC4192A9B46398E2047A09">
              <Amt>15000</Amt>
            </FormatCurrencyAmt>
            <LimitAppliesToCd>PerAcc</LimitAppliesToCd>
          </Limit>
          <CreditOrSurcharge id="CACDF70BB78EF4A7FB95AF7FDC8A3ED22">
            <CreditSurchargeCd>LFREE</CreditSurchargeCd>
            <NumericValue id="N100699928BD349FEA87A3A8F670580EF" />
            <SecondaryCd>CFAEST</SecondaryCd>
            <WBRatingAppliedInd>0</WBRatingAppliedInd>
          </CreditOrSurcharge>
          <EffectiveDt>2020-01-12</EffectiveDt>
          <ExpirationDt>2021-01-12</ExpirationDt>
          <ProRateFactor>0.9809</ProRateFactor>
          <CoverageSupplement id="CC6554F50E28149FCBA8C2CB152D881B7">
            <CoverageSubCd>PD</CoverageSubCd>
          </CoverageSupplement>
          <CoverageExt id="C7E43CB5D21C14E62A337C57835371716">
            <WBOnsetOffsetPremiumInfo id="W5BD1DEFA41FE46338FED44EFCD91308A">
              <WBCurrentTermOnsetAmt id="WC6DC8503F3774DC192F081282C21A528">
                <Amt>146</Amt>
              </WBCurrentTermOnsetAmt>
              <WBCurrentTermOffsetAmt id="W741619A170FE4A1E900EA057E9C83DAA">
                <Amt>146</Amt>
              </WBCurrentTermOffsetAmt>
            </WBOnsetOffsetPremiumInfo>
            <WBPremiumInfo id="WAA994EDD13CF4698AD9E971426A18B55">
              <WBCurrentTermAmt id="W55A1061A57034FA39411346AC8144F6E">
                <Amt>149</Amt>
              </WBCurrentTermAmt>
              <WBNetChangeAmt id="W3AD42372331049E2AD29C07E4BA7957C">
                <Amt>0</Amt>
              </WBNetChangeAmt>
              <WBWrittenAmt id="W9B4F27DEEEB441B4B741A859341B0C7A">
                <Amt>149</Amt>
              </WBWrittenAmt>
              <WBPriorCurrentTermAmt id="W4BEE7FB0402647609ED14C59B8FF9FEA">
                <Amt>149</Amt>
              </WBPriorCurrentTermAmt>
              <WBPriorWrittenAmt id="W1C72E39CFA0446108B8B00D49DCFBE03">
                <Amt>149</Amt>
              </WBPriorWrittenAmt>
              <WBCancelAmt id="W1DECAD398DB048EFA19DCF3FA0CA1E1E">
                <Amt>0</Amt>
              </WBCancelAmt>
            </WBPremiumInfo>
          </CoverageExt>
        </Coverage>
        <Coverage id="C5C305BE0EC6F43D8AB5C389229BE80F3">
          <CoverageCd>UM</CoverageCd>
          <Limit id="LF96143885EE34A7284AF6D7A9DB9A9B1">
            <FormatCurrencyAmt id="FC0C311793CD642D9ACE837AD734D9B3B">
              <Amt>250000</Amt>
            </FormatCurrencyAmt>
            <LimitAppliesToCd>PerPerson</LimitAppliesToCd>
          </Limit>
          <Limit id="L3BA6EF9F58AD4684A94861ACBA6F5CBA">
            <FormatCurrencyAmt id="F11B811B607D54147A6C348413C9E5ED3">
              <Amt>500000</Amt>
            </FormatCurrencyAmt>
            <LimitAppliesToCd>PerAcc</LimitAppliesToCd>
          </Limit>
          <CreditOrSurcharge id="C0FBF8606ECC948A99E87B722C33BC85B">
            <CreditSurchargeCd>LFREE</CreditSurchargeCd>
            <NumericValue id="N1F21FB7B3F8943A8BA6572922567D755" />
            <SecondaryCd>CFAEST</SecondaryCd>
            <WBRatingAppliedInd>0</WBRatingAppliedInd>
          </CreditOrSurcharge>
          <EffectiveDt>2020-01-12</EffectiveDt>
          <ExpirationDt>2021-01-12</ExpirationDt>
          <ProRateFactor>0.9809</ProRateFactor>
          <CoverageSupplement id="C4718BB0910964DDCAB02F34199FCB41F">
            <CoverageSubCd>UMSP</CoverageSubCd>
          </CoverageSupplement>
          <CoverageExt id="CABE745034662435484E26DD7D5B4249F">
            <WBOnsetOffsetPremiumInfo id="W88527DC344734FF5AAC6872E64C54267">
              <WBCurrentTermOnsetAmt id="W9FF850072B7A448BB92BD4EC83240B26">
                <Amt>237</Amt>
              </WBCurrentTermOnsetAmt>
              <WBCurrentTermOffsetAmt id="W45C263123EB2489EB51B6EC34C4C20E3">
                <Amt>237</Amt>
              </WBCurrentTermOffsetAmt>
            </WBOnsetOffsetPremiumInfo>
            <WBPremiumInfo id="W61A67BF9E99248F586DB61316CC1F275">
              <WBCurrentTermAmt id="W3F27C998DA044D0189799633321CF57E">
                <Amt>242</Amt>
              </WBCurrentTermAmt>
              <WBNetChangeAmt id="W2BD566BF5749485D840ADFDC6CCAA454">
                <Amt>0</Amt>
              </WBNetChangeAmt>
              <WBWrittenAmt id="W28177F5B370E459A999185D6CE0D2F3E">
                <Amt>242</Amt>
              </WBWrittenAmt>
              <WBPriorCurrentTermAmt id="W97C4FF8C14F748E995B556FC7F38BF66">
                <Amt>242</Amt>
              </WBPriorCurrentTermAmt>
              <WBPriorWrittenAmt id="W4D9807713FA1452DA4AD21B04B42147B">
                <Amt>242</Amt>
              </WBPriorWrittenAmt>
              <WBCancelAmt id="WA1DB3D132DD042629F2DBA28CC9BE0B2">
                <Amt>0</Amt>
              </WBCancelAmt>
            </WBPremiumInfo>
          </CoverageExt>
        </Coverage>
        <Coverage id="C240AC51B0470401490ED7F561DA9CFE4">
          <CoverageCd>UNDUM</CoverageCd>
          <Limit id="L1E30AEEAEE43431E8921B11B8BEA44BC">
            <FormatCurrencyAmt id="F326F3C0CB17B480DB0E8F13A5D326817">
              <Amt>250000</Amt>
            </FormatCurrencyAmt>
            <LimitAppliesToCd>PerPerson</LimitAppliesToCd>
          </Limit>
          <Limit id="LC7CE2C588DD747A2BFDE5FAF9D971794">
            <FormatCurrencyAmt id="FFFB554187DAE4FF1A2607AC5422839C6">
              <Amt>500000</Amt>
            </FormatCurrencyAmt>
            <LimitAppliesToCd>PerAcc</LimitAppliesToCd>
          </Limit>
          <EffectiveDt>2020-01-12</EffectiveDt>
          <ExpirationDt>2021-01-12</ExpirationDt>
          <ProRateFactor>0.9809</ProRateFactor>
          <CoverageSupplement id="C0778A01A82074C49A817E920880F66EC">
            <CoverageSubCd>UNDMSP</CoverageSubCd>
          </CoverageSupplement>
          <CoverageExt id="C9BEA69C483184AFABA6899F482188DB4">
            <WBOnsetOffsetPremiumInfo id="WCB324FF65DC64C9AA32AA91BE3A50067">
              <WBCurrentTermOnsetAmt id="W118C765A5FDC4D5388095733AA009F54">
                <Amt>21</Amt>
              </WBCurrentTermOnsetAmt>
              <WBCurrentTermOffsetAmt id="WB2B2709015A04A119E27761641C34CB3">
                <Amt>21</Amt>
              </WBCurrentTermOffsetAmt>
            </WBOnsetOffsetPremiumInfo>
            <WBPremiumInfo id="W3214083D68CF4C13BF2EDE6BF065289C">
              <WBCurrentTermAmt id="W8CD132DE2FF344678FC4ADADC46DA6E4">
                <Amt>21</Amt>
              </WBCurrentTermAmt>
              <WBNetChangeAmt id="W4023E49F8A5046FF99D9B2A551C39A9F">
                <Amt>0</Amt>
              </WBNetChangeAmt>
              <WBWrittenAmt id="W4502FEEDC5DD4C858FB01685C3B2AD8F">
                <Amt>21</Amt>
              </WBWrittenAmt>
              <WBPriorCurrentTermAmt id="WE82A3135BFD54DB2BFA40505DF391B3B">
                <Amt>21</Amt>
              </WBPriorCurrentTermAmt>
              <WBPriorWrittenAmt id="WE13EA1B13E184A418E916A8F0BECDD6F">
                <Amt>21</Amt>
              </WBPriorWrittenAmt>
              <WBCancelAmt id="WB58BDF0953EC4006B1F10E27557A79FB">
                <Amt>0</Amt>
              </WBCancelAmt>
            </WBPremiumInfo>
          </CoverageExt>
        </Coverage>
        <Coverage id="CB97204D2C1614A68824A2CCE6A5A16BF">
          <CoverageCd>MEDPM</CoverageCd>
          <Limit id="L2F655E09288A41699B2ECBBEF8265388">
            <FormatCurrencyAmt id="FAD9AFFAD6FE943018366D7032B4F016D">
              <Amt>1000</Amt>
            </FormatCurrencyAmt>
            <LimitAppliesToCd>PerPerson</LimitAppliesToCd>
          </Limit>
          <EffectiveDt>2020-01-12</EffectiveDt>
          <ExpirationDt>2021-01-12</ExpirationDt>
          <ProRateFactor>0.9809</ProRateFactor>
          <CoverageSupplement id="C217D6200131B4A8B982B592839146287">
            <CoverageSubCd>MP</CoverageSubCd>
          </CoverageSupplement>
          <CoverageExt id="C12AF5D7983AE4BF89557AA2129F52CB8">
            <WBOnsetOffsetPremiumInfo id="WC35BB2BC7DC94041940450B946D7252A">
              <WBCurrentTermOnsetAmt id="W407A477B9337423EB4757B2395B7148D">
                <Amt>15</Amt>
              </WBCurrentTermOnsetAmt>
              <WBCurrentTermOffsetAmt id="W3196480F2AD844D5A3B286CE5ED1F012">
                <Amt>15</Amt>
              </WBCurrentTermOffsetAmt>
            </WBOnsetOffsetPremiumInfo>
            <WBPremiumInfo id="W32AEE667A6AA4196946BF0A5C558629B">
              <WBCurrentTermAmt id="WF6F237A1B0134D688CAA925A088A339F">
                <Amt>15</Amt>
              </WBCurrentTermAmt>
              <WBNetChangeAmt id="W5B0995B08FF74BBE91D7CF0FBA2A179E">
                <Amt>0</Amt>
              </WBNetChangeAmt>
              <WBWrittenAmt id="W35CD0DA320024DC79748D9B2595E758F">
                <Amt>15</Amt>
              </WBWrittenAmt>
              <WBPriorCurrentTermAmt id="WDEA3EDAE1B964849A2FA079FBDC29C4E">
                <Amt>15</Amt>
              </WBPriorCurrentTermAmt>
              <WBPriorWrittenAmt id="WA58932CE496E4F62A7A1F2DB7154C985">
                <Amt>15</Amt>
              </WBPriorWrittenAmt>
              <WBCancelAmt id="W9A76946DAA0F4CF3B08FE29F41F5B528">
                <Amt>0</Amt>
              </WBCancelAmt>
            </WBPremiumInfo>
          </CoverageExt>
        </Coverage>
        <Coverage id="C259A37C5B2444F5BA7B5EDD47A89721E">
          <CoverageCd>TRNEX</CoverageCd>
          <Limit id="L0936A8360BFD4D4694B900F982B32B8C">
            <FormatCurrencyAmt id="F1B60A2D9A56E4A919C86E863CC8102AB">
              <Amt>30</Amt>
            </FormatCurrencyAmt>
            <LimitAppliesToCd>PerDay</LimitAppliesToCd>
          </Limit>
          <Limit id="L91A0B6CB70C44DA68793F76B9ADB9711">
            <FormatCurrencyAmt id="F95809E824F2346DDB64CE268E1E7B7B3">
              <Amt>900</Amt>
            </FormatCurrencyAmt>
            <LimitAppliesToCd>EachClaim</LimitAppliesToCd>
          </Limit>
          <EffectiveDt>2020-01-12</EffectiveDt>
          <ExpirationDt>2021-01-12</ExpirationDt>
          <ProRateFactor>0.9809</ProRateFactor>
          <CoverageSupplement id="C66AAFFFA06554DD8956231246A51A3CF">
            <CoverageSubCd>TRNSEXP</CoverageSubCd>
          </CoverageSupplement>
          <CoverageExt id="C41D59849DC75414391AC84D8177794C2">
            <WBOnsetOffsetPremiumInfo id="WEEE82721789942A1B3BA80A2350219B3">
              <WBCurrentTermOnsetAmt id="WD86668FFA92146E08A41DFD268CB23CA">
                <Amt>0</Amt>
              </WBCurrentTermOnsetAmt>
              <WBCurrentTermOffsetAmt id="WE8F46761DF264F3BA4FC9C6A143B3469">
                <Amt>0</Amt>
              </WBCurrentTermOffsetAmt>
            </WBOnsetOffsetPremiumInfo>
            <WBPremiumInfo id="WF7D06B077B044163A6D960F44BC86C8B">
              <WBCurrentTermAmt id="W48BA8C45FC7140CA9E11534E3F5D25E7">
                <Amt>0</Amt>
              </WBCurrentTermAmt>
              <WBNetChangeAmt id="WC852CC914EA64BEEA3078367096AA2A6">
                <Amt>0</Amt>
              </WBNetChangeAmt>
              <WBWrittenAmt id="W3F42CE98F46845859CAB1063D306A535">
                <Amt>0</Amt>
              </WBWrittenAmt>
              <WBPriorCurrentTermAmt id="W7276C0C7705842E598FFEBEE9A893C83">
                <Amt>0</Amt>
              </WBPriorCurrentTermAmt>
              <WBPriorWrittenAmt id="W9F9D42D6F2754AA4984055ABEFA997C4">
                <Amt>0</Amt>
              </WBPriorWrittenAmt>
              <WBCancelAmt id="W302D1523734A4DA990B6016AEF90839B">
                <Amt>0</Amt>
              </WBCancelAmt>
            </WBPremiumInfo>
          </CoverageExt>
        </Coverage>
        <Coverage id="C00DBDC864D1F4844A515BEF6219A3D09">
          <CoverageCd>TPAC</CoverageCd>
          <CoverageTypeCd>Fee</CoverageTypeCd>
          <EffectiveDt>2020-01-12</EffectiveDt>
          <ExpirationDt>2021-01-12</ExpirationDt>
          <ProRateFactor>0.9809</ProRateFactor>
          <CoverageSupplement id="C73C51926B2154A219BDFDE68AA10585A">
            <CoverageSubCd>AATA</CoverageSubCd>
          </CoverageSupplement>
          <CoverageExt id="C4376C4D25AA24988B4B9C7E85174E19E">
            <WBOnsetOffsetPremiumInfo id="W6179728680784217BD50DD56886CAADE">
              <WBCurrentTermOnsetAmt id="WBCB42606B5AC49AB92591BD7C0EB869A">
                <Amt>1</Amt>
              </WBCurrentTermOnsetAmt>
              <WBCurrentTermOffsetAmt id="W691F5F13A37A4BD49D57AC16AA57FF33">
                <Amt>1</Amt>
              </WBCurrentTermOffsetAmt>
            </WBOnsetOffsetPremiumInfo>
            <WBPremiumInfo id="W174BFFBBE0F54ED88D815C14BE9CD3AF">
              <WBCurrentTermAmt id="WF5E31228C89E4F739F1FC2BD3CA6D637">
                <Amt>1</Amt>
              </WBCurrentTermAmt>
              <WBNetChangeAmt id="WA587B3F391A84BF3A15A81CF5617F2D8">
                <Amt>0</Amt>
              </WBNetChangeAmt>
              <WBWrittenAmt id="W0358F85E71D74E4296357BD1B3B198BF" termDateAdded="2020-01-19">
                <Amt>1</Amt>
              </WBWrittenAmt>
              <WBPriorCurrentTermAmt id="WF0DC11A97816497C8E68A9422F2625E1">
                <Amt>1</Amt>
              </WBPriorCurrentTermAmt>
              <WBPriorWrittenAmt id="W9DA49F08CC1F490895823C962BBB2B96">
                <Amt>1</Amt>
              </WBPriorWrittenAmt>
              <WBCancelAmt id="W0275091BF82749188B9A72D62A988A2C">
                <Amt>0</Amt>
              </WBCancelAmt>
            </WBPremiumInfo>
          </CoverageExt>
        </Coverage>
        <CreditOrSurcharge id="C0E2DE0F5C3C74234BA06B4DD32BB64B3">
          <SecondaryCd>AHS</SecondaryCd>
          <WBRatingAppliedInd>0</WBRatingAppliedInd>
        </CreditOrSurcharge>
        <CreditOrSurcharge id="CE69DB11B451343C6B05FA6B4EE56D5ED">
          <SecondaryCd>AOM</SecondaryCd>
          <WBRatingAppliedInd>0</WBRatingAppliedInd>
        </CreditOrSurcharge>
        <CreditOrSurcharge id="C2BD22953E0854B9EB5E055A8088BB150">
          <SecondaryCd>BWS</SecondaryCd>
          <WBRatingAppliedInd>0</WBRatingAppliedInd>
        </CreditOrSurcharge>
        <CreditOrSurcharge id="CBEAD309C60C5438FB5886D5272A28608">
          <SecondaryCd>DFSS</SecondaryCd>
          <WBRatingAppliedInd>0</WBRatingAppliedInd>
        </CreditOrSurcharge>
        <CreditOrSurcharge id="C70CA6C32D71543C0879C4BBCBA9069F5">
          <SecondaryCd />
          <WBRatingAppliedInd>0</WBRatingAppliedInd>
        </CreditOrSurcharge>
        <CreditOrSurcharge id="C96AD7CF43A584D689CAB6584562275EA">
          <SecondaryCd>BSM</SecondaryCd>
          <WBRatingAppliedInd>0</WBRatingAppliedInd>
        </CreditOrSurcharge>
        <CreditOrSurcharge id="CD5A7A29B73C943BC84C2413FD3B3DF8A">
          <SecondaryCd>GDSTD</SecondaryCd>
          <WBRatingAppliedInd>0</WBRatingAppliedInd>
        </CreditOrSurcharge>
        <CreditOrSurcharge id="CEA158048773E4B64A47C40DDF5CF313F">
          <SecondaryCd>GRSTD</SecondaryCd>
          <WBRatingAppliedInd>0</WBRatingAppliedInd>
        </CreditOrSurcharge>
        <CreditOrSurcharge id="CC0DE094A1552408F81934D43F8BE2338">
          <SecondaryCd>RSTD</SecondaryCd>
          <WBRatingAppliedInd>0</WBRatingAppliedInd>
        </CreditOrSurcharge>
        <CreditOrSurcharge id="CA59346B4C3504853BF351148CB80E5CF">
          <SecondaryCd>MIL</SecondaryCd>
          <WBRatingAppliedInd>0</WBRatingAppliedInd>
        </CreditOrSurcharge>
        <ComprehensiveOTCSymbolCd>53</ComprehensiveOTCSymbolCd>
        <CollisionSymbolCd>48</CollisionSymbolCd>
        <QuestionAnswer id="Q870D11A2B3A84D2E828FEB2E7BD3CEE5">
          <QuestionCd>VEH01</QuestionCd>
          <YesNoCd>NO</YesNoCd>
        </QuestionAnswer>
        <QuestionAnswer id="Q49A43472A33E43EA98FD925B851660A2">
          <QuestionCd>VEH02</QuestionCd>
          <YesNoCd>DRV</YesNoCd>
          <Explanation>101</Explanation>
        </QuestionAnswer>
        <QuestionAnswer id="Q839295EF81514EDAACEC6B2F38A75F3C">
          <QuestionCd>VEH09</QuestionCd>
          <YesNoCd>NO</YesNoCd>
        </QuestionAnswer>
        <VehicleExt id="V6F74E5D424DE4B7489088FFCE8FBE998">
          <WBBackupWarningSystemInd>0</WBBackupWarningSystemInd>
          <WBAutonomousOperationsModeInd>0</WBAutonomousOperationsModeInd>
          <WBAdaptiveHeadlightSystemInd>0</WBAdaptiveHeadlightSystemInd>
          <WBDriverFatigueSensingSystemInd>0</WBDriverFatigueSensingSystemInd>
          <ClassCode>1150</ClassCode>
          <WBMileage id="WC74294D04E374DC7A9C02B45680EA601">
            <WBAnnualMileageMAMCd>E</WBAnnualMileageMAMCd>
          </WBMileage>
          <WBISOBodyStyleDesc>Utility Vehicle - Four-Wheel Drive 4-Door</WBISOBodyStyleDesc>
          <WBFinancialResponsibilityCnt>0</WBFinancialResponsibilityCnt>
          <WBRiskTerm id="W7591E84ADF1940D1815045628A070855">
            <WBRiskEffectiveDt>2020-01-12</WBRiskEffectiveDt>
            <WBRiskExpirationDt>2021-01-12</WBRiskExpirationDt>
          </WBRiskTerm>
          <WBSubtotalInfo id="W2836DDE2576F4800A3D244F18CA6717E">
            <WBSubtotalInfoTypeCd>CFA</WBSubtotalInfoTypeCd>
            <WBCurrentTermAmt id="W257E8386357A4C429796ED3A39E54BF1">
              <Amt>106</Amt>
            </WBCurrentTermAmt>
          </WBSubtotalInfo>
          <WBSubtotalInfo id="WCACCA1D37ABA417ABB3C2D742002F451">
            <WBSubtotalInfoTypeCd>VEH</WBSubtotalInfoTypeCd>
            <WBCurrentTermAmt id="WB3B3288BC26042EA80AFBBFE04DD0B12">
              <Amt>3580</Amt>
            </WBCurrentTermAmt>
          </WBSubtotalInfo>
          <WBVehicleAge>1</WBVehicleAge>
          <WBThirdPartyReport id="WF401197927DC4126874488DE2A0542F0">
            <WBReportTypeCd>VINMASTER</WBReportTypeCd>
            <WBReportOrderStatus>Returned</WBReportOrderStatus>
          </WBThirdPartyReport>
          <WBOnsetOffsetPremiumInfo id="WDAE91D7D4A27498CA8CC0C89964B42B9">
            <WBCurrentTermOnsetAmt id="WF6FBF0CF0393470EB9E314E5FBDB6AA3" />
            <WBCurrentTermOffsetAmt id="W00C7BE9780154E3EA8613C70408A87C3" />
          </WBOnsetOffsetPremiumInfo>
          <WBPremiumInfo id="W68FD4F3532144FC3BABE09AE493153D9">
            <WBCurrentTermAmt id="W51544A96F0B548BBACCAF89A17876E7E">
              <Amt>3581</Amt>
            </WBCurrentTermAmt>
            <WBNetChangeAmt id="W866E5437245C44509C5FEE430091CFE3">
              <Amt>0</Amt>
            </WBNetChangeAmt>
            <WBWrittenAmt id="WD28CFD8B67F34EC795C8375DC8180DB3">
              <Amt>3581</Amt>
            </WBWrittenAmt>
            <WBPriorCurrentTermAmt id="W5427921A270840B6BDFA37B6C6E0845B">
              <Amt>3581</Amt>
            </WBPriorCurrentTermAmt>
            <WBPriorWrittenAmt id="W0A75A7F2A030408A8E1852D8EB8DA0CA">
              <Amt>3581</Amt>
            </WBPriorWrittenAmt>
            <WBCancelAmt id="W089282CB5EB14714A1B4FF43D8602587" />
          </WBPremiumInfo>
          <WBPhysicalDamageOnlyInd>0</WBPhysicalDamageOnlyInd>
          <WBCustomEquipInd>0</WBCustomEquipInd>
          <Form id="F6DF36996500646A3860843CE60EE8AE4">
            <FormNumber>PP0001Q</FormNumber>
            <EditionDt>2019-01-01</EditionDt>
            <FormName>Personal Auto Policy</FormName>
            <EffectiveDt>2020-01-19</EffectiveDt>
          </Form>
          <Form id="F46D7AC19ADA14E49BC216D2CCE58C9D3">
            <FormNumber>DC0009</FormNumber>
            <EditionDt>2019-01-01</EditionDt>
            <FormName>Transportation Expenses</FormName>
            <EffectiveDt>2020-01-19</EffectiveDt>
          </Form>
          <Form id="F4A40C55D58344B2EB494D8FD6141D3ED">
            <FormNumber>PP0477Q</FormNumber>
            <EditionDt>2019-01-01</EditionDt>
            <FormName>Uninsured Motorists Coverage - AZ</FormName>
            <EffectiveDt>2020-01-19</EffectiveDt>
          </Form>
          <Form id="F694D466E28A14C689C48C5E4DE7CA089">
            <FormNumber>PP0489Q</FormNumber>
            <EditionDt>2019-01-01</EditionDt>
            <FormName>Underinsured Motorists Coverage - AZ</FormName>
            <EffectiveDt>2020-01-19</EffectiveDt>
          </Form>
          <Form id="FC9B9A63137CA484498218B7219C89CC2">
            <FormNumber>PP0348Q</FormNumber>
            <EditionDt>2019-01-01</EditionDt>
            <FormName>Full Safety Glass Coverage - AZ</FormName>
            <EffectiveDt>2020-01-19</EffectiveDt>
          </Form>
        </VehicleExt>
        <VehUseCd />
      </Vehicle>
      <Vehicle id="VAEB734974D9D4FC1A2C10ACBA193FB73" RatedDriverRef="D853FF80696AD49FFBC6D8B4CEC65481E">
        <ItemIdInfo id="IA009E83CD8F843D1B0C7D65C567D8BB4">
          <InsurerId>102</InsurerId>
        </ItemIdInfo>
        <Manufacturer>KIA</Manufacturer>
        <ManufacturerCd>KIA</ManufacturerCd>
        <Model>RIO LX</Model>
        <ModelCd>RIO</ModelCd>
        <ModelYear>2015</ModelYear>
        <VehBodyTypeCd>PP</VehBodyTypeCd>
        <Registration id="R0EE3F1ACD968414C89CEE89BB8B00C3B">
          <StateProvCd>AZ</StateProvCd>
        </Registration>
        <Horsepower id="HC93F5EDAE2CE4F139E2BBA378A4AC26E">
          <NumUnits>1.6</NumUnits>
        </Horsepower>
        <VehIdentificationNumber>KNADM4A31F1236258</VehIdentificationNumber>
        <GrossVehWeight id="G962E8FC5694C4FADAF724CA3110421BE">
          <NumUnits>9999</NumUnits>
        </GrossVehWeight>
        <VehPerformanceCd>BASIC</VehPerformanceCd>
        <BIPDSymbolCd>315</BIPDSymbolCd>
        <MedPayPIPLiabilitySymbolCd>530</MedPayPIPLiabilitySymbolCd>
        <Addr id="AE287B79AE25748E2AEB0BA365EEBFE15">
          <AddrTypeCd>GaragingAddress</AddrTypeCd>
          <Addr1>5204 E Woodridge Dr</Addr1>
          <City>Scottsdale</City>
          <StateProvCd>AZ</StateProvCd>
          <PostalCode>85254-7504</PostalCode>
          <CountryCd>USA</CountryCd>
          <Latitude>33.64132</Latitude>
          <Longitude>-111.968405</Longitude>
          <County>Maricopa County</County>
          <Region />
          <AddrExt id="A468A96930B154217BE184171978B734F">
            <WBRatedZipCd>85254</WBRatedZipCd>
            <WBRatedVehicleStateProvCd>AZ</WBRatedVehicleStateProvCd>
            <WBAddressStandardization id="WF6CFD096F6594BD0B6A5C1DC34D3E5F0">
              <WBAddrStandardizeStreetName>Woodridge</WBAddrStandardizeStreetName>
              <WBAddrStandardizeStreetTypeCd>Dr</WBAddrStandardizeStreetTypeCd>
              <WBAddrStandardizeStreetNumber>5204</WBAddrStandardizeStreetNumber>
              <WBConfidence>100</WBConfidence>
              <WBAddrStandardizeLeadingDirectional>E</WBAddrStandardizeLeadingDirectional>
              <WBAddrStandardizeStatus>Accepted</WBAddrStandardizeStatus>
            </WBAddressStandardization>
          </AddrExt>
        </Addr>
        <Coverage id="C9310A6DF651548EFA019649579027F49">
          <CoverageCd>COMP</CoverageCd>
          <Deductible id="D4FBBF307103C4B3E964D5BFBD3B112EB">
            <FormatCurrencyAmt id="FBB1ABB9DD21F44C8B49412E19389B9DF">
              <Amt>500</Amt>
            </FormatCurrencyAmt>
            <DeductibleAppliesToCd>ACC</DeductibleAppliesToCd>
          </Deductible>
          <Option id="O4F45FF6338F9425E867CDA085E35DDD7">
            <OptionCd>FG</OptionCd>
          </Option>
          <CreditOrSurcharge id="CABADF3E01BD4400DA1AA29544FFF558D">
            <CreditSurchargeCd>LFREE</CreditSurchargeCd>
            <NumericValue id="NE640CBBA23084EF4A85B743A2621251A" />
            <SecondaryCd>CFAEST</SecondaryCd>
            <WBRatingAppliedInd>0</WBRatingAppliedInd>
          </CreditOrSurcharge>
          <EffectiveDt>2020-01-12</EffectiveDt>
          <ExpirationDt>2021-01-12</ExpirationDt>
          <ProRateFactor>0.9809</ProRateFactor>
          <CoverageSupplement id="CE72C7EB3C79B4551A297C94DF75C202D">
            <CoverageSubCd>OTC</CoverageSubCd>
          </CoverageSupplement>
          <CoverageExt id="C7D36C6F42AFE4726B03847DC80899074">
            <WBOnsetOffsetPremiumInfo id="W39A7DFF3EF73451CA86A23F59049ABA5">
              <WBCurrentTermOnsetAmt id="WDDBD4D7D98794B13A610F815EBC3CE38">
                <Amt>595</Amt>
              </WBCurrentTermOnsetAmt>
              <WBCurrentTermOffsetAmt id="W8D1E7B5EBB914B62A877C10E57660C31">
                <Amt>595</Amt>
              </WBCurrentTermOffsetAmt>
            </WBOnsetOffsetPremiumInfo>
            <WBPremiumInfo id="WA39E50BE157E47EFBE28AF6828838C74">
              <WBCurrentTermAmt id="W54D043FB462A4961B5B1AF37D6EF114B">
                <Amt>607</Amt>
              </WBCurrentTermAmt>
              <WBNetChangeAmt id="W990376B6D0C24DA3B9FC4DCD197F373A">
                <Amt>0</Amt>
              </WBNetChangeAmt>
              <WBWrittenAmt id="WF6F6B3B439F545B8A1D991B5C899DB6D">
                <Amt>607</Amt>
              </WBWrittenAmt>
              <WBPriorCurrentTermAmt id="W334A34D293334721B146F8FD25C4708C">
                <Amt>607</Amt>
              </WBPriorCurrentTermAmt>
              <WBPriorWrittenAmt id="W90437224F93D40F8BE9567A0058ADCFE">
                <Amt>607</Amt>
              </WBPriorWrittenAmt>
              <WBCancelAmt id="WAD43A37E10CF4A60B2420585B1F3CB6F">
                <Amt>0</Amt>
              </WBCancelAmt>
            </WBPremiumInfo>
          </CoverageExt>
        </Coverage>
        <Coverage id="C7DFA0395D70B444D82492F014B0D51CC">
          <CoverageCd>BI</CoverageCd>
          <Limit id="LF92A3AE179FE495E8E948DF913D26A18">
            <FormatCurrencyAmt id="F6717667B1CAD460483D2E5195604B4BD">
              <Amt>250000</Amt>
            </FormatCurrencyAmt>
            <LimitAppliesToCd>BIEachPers</LimitAppliesToCd>
          </Limit>
          <Limit id="LC1F93270B82640E7B771FE7CB8C7CA6B">
            <FormatCurrencyAmt id="F342740156FB74E60843B45940FD62432">
              <Amt>500000</Amt>
            </FormatCurrencyAmt>
            <LimitAppliesToCd>PerAcc</LimitAppliesToCd>
          </Limit>
          <CreditOrSurcharge id="CE6ECE21C324E44B98D0146EC0DF95930">
            <CreditSurchargeCd>LFREE</CreditSurchargeCd>
            <NumericValue id="N3DAFBD2BDE284ECC873239C3BC8077A2" />
            <SecondaryCd>CFAEST</SecondaryCd>
            <WBRatingAppliedInd>0</WBRatingAppliedInd>
          </CreditOrSurcharge>
          <EffectiveDt>2020-01-12</EffectiveDt>
          <ExpirationDt>2021-01-12</ExpirationDt>
          <ProRateFactor>0.9809</ProRateFactor>
          <CoverageSupplement id="C5230B783E9874784AC9645DB010D6676">
            <CoverageSubCd>BI</CoverageSubCd>
          </CoverageSupplement>
          <CoverageExt id="C617552707BD74A36997A17C9119FD19E">
            <WBOnsetOffsetPremiumInfo id="W99C3F12E7D7F4EFCAE0DFFA2F6619EBF">
              <WBCurrentTermOnsetAmt id="WA3084EA0ABD348A0B24A37F6A1FA475E">
                <Amt>353</Amt>
              </WBCurrentTermOnsetAmt>
              <WBCurrentTermOffsetAmt id="W0DBB6889BD084CB7AE71F3593F64C276">
                <Amt>353</Amt>
              </WBCurrentTermOffsetAmt>
            </WBOnsetOffsetPremiumInfo>
            <WBPremiumInfo id="W9670C761F7494810A3EFC135A324DB28">
              <WBCurrentTermAmt id="WC5D3FD4A0818411F94A0DC8DA118D09D">
                <Amt>360</Amt>
              </WBCurrentTermAmt>
              <WBNetChangeAmt id="W27A6AC83B9E7461DBFD32D999DEE80A5">
                <Amt>0</Amt>
              </WBNetChangeAmt>
              <WBWrittenAmt id="WC28D450631ED45B5AE64F8DD8E68B4AA">
                <Amt>360</Amt>
              </WBWrittenAmt>
              <WBPriorCurrentTermAmt id="WDA4EDFA1E5F84E899A4306CF05E63423">
                <Amt>360</Amt>
              </WBPriorCurrentTermAmt>
              <WBPriorWrittenAmt id="W0DE6B99D82284F74A40FC5AAAEF35473">
                <Amt>360</Amt>
              </WBPriorWrittenAmt>
              <WBCancelAmt id="W07F98EC11F75413EB18C791490CEF2BA">
                <Amt>0</Amt>
              </WBCancelAmt>
            </WBPremiumInfo>
          </CoverageExt>
        </Coverage>
        <Coverage id="CC95F9F85060446FBA430E547C9C37B8B">
          <CoverageCd>PD</CoverageCd>
          <Limit id="L0F4815E7BF304EBA996C930377CA665C">
            <FormatCurrencyAmt id="F0CFB05EA5EAF4B10A54746228FFB3E23">
              <Amt>15000</Amt>
            </FormatCurrencyAmt>
            <LimitAppliesToCd>PerAcc</LimitAppliesToCd>
          </Limit>
          <CreditOrSurcharge id="C1835A6479048423B9DD05E1DC85CC777">
            <CreditSurchargeCd>LFREE</CreditSurchargeCd>
            <NumericValue id="N03A119F60A67484398D39E56E0D72817" />
            <SecondaryCd>CFAEST</SecondaryCd>
            <WBRatingAppliedInd>0</WBRatingAppliedInd>
          </CreditOrSurcharge>
          <EffectiveDt>2020-01-12</EffectiveDt>
          <ExpirationDt>2021-01-12</ExpirationDt>
          <ProRateFactor>0.9809</ProRateFactor>
          <CoverageSupplement id="CE48FF4086EC34192B0EA60CD04333318">
            <CoverageSubCd>PD</CoverageSubCd>
          </CoverageSupplement>
          <CoverageExt id="C4FF39DDBC25542159C5836399BAB9CCB">
            <WBOnsetOffsetPremiumInfo id="W8B54B69F7F314D59B7776C4D1B440B1C">
              <WBCurrentTermOnsetAmt id="W2C4B1DFA3CA04BBCAB0ACCE9B183EEB4">
                <Amt>155</Amt>
              </WBCurrentTermOnsetAmt>
              <WBCurrentTermOffsetAmt id="W7A33D39D4FC64A2488D3B83C78DFD317">
                <Amt>155</Amt>
              </WBCurrentTermOffsetAmt>
            </WBOnsetOffsetPremiumInfo>
            <WBPremiumInfo id="W81EB4D82AFC7452289864967FD8F9544">
              <WBCurrentTermAmt id="WB4C22A91404846E4AB6AA8826F28260A">
                <Amt>158</Amt>
              </WBCurrentTermAmt>
              <WBNetChangeAmt id="W9E9E3709E16044CAA526297978709114">
                <Amt>0</Amt>
              </WBNetChangeAmt>
              <WBWrittenAmt id="W2D4186E8C19B4A379BDAD43849C833F1">
                <Amt>158</Amt>
              </WBWrittenAmt>
              <WBPriorCurrentTermAmt id="W1573483DF46D4E1C87892E2147B84C1A">
                <Amt>158</Amt>
              </WBPriorCurrentTermAmt>
              <WBPriorWrittenAmt id="W55CFC448CA274276AB056827E621E9DC">
                <Amt>158</Amt>
              </WBPriorWrittenAmt>
              <WBCancelAmt id="W92487F8BBAAF42E4B2A9552C2253E648">
                <Amt>0</Amt>
              </WBCancelAmt>
            </WBPremiumInfo>
          </CoverageExt>
        </Coverage>
        <Coverage id="CB3892897E55A4F178794A00255513C15">
          <CoverageCd>UM</CoverageCd>
          <Limit id="L9938C7801E174D368BC57CECFEB434EB">
            <FormatCurrencyAmt id="F1A4F036555714B55A72503D668920CFB">
              <Amt>250000</Amt>
            </FormatCurrencyAmt>
            <LimitAppliesToCd>PerPerson</LimitAppliesToCd>
          </Limit>
          <Limit id="L9F0D58E0CE7349F5994278BA9ED97B40">
            <FormatCurrencyAmt id="F2D5B2FBAA7E745EBBC890A722954261E">
              <Amt>500000</Amt>
            </FormatCurrencyAmt>
            <LimitAppliesToCd>PerAcc</LimitAppliesToCd>
          </Limit>
          <CreditOrSurcharge id="CDF064EDE3AD141009FABA3A2D83C5456">
            <CreditSurchargeCd>LFREE</CreditSurchargeCd>
            <NumericValue id="N7A24AD8A310B4C1188F03E0BC845FF19" />
            <SecondaryCd>CFAEST</SecondaryCd>
            <WBRatingAppliedInd>0</WBRatingAppliedInd>
          </CreditOrSurcharge>
          <EffectiveDt>2020-01-12</EffectiveDt>
          <ExpirationDt>2021-01-12</ExpirationDt>
          <ProRateFactor>0.9809</ProRateFactor>
          <CoverageSupplement id="C217C213A7E3647C593FDE3A0BE318C5E">
            <CoverageSubCd>UMSP</CoverageSubCd>
          </CoverageSupplement>
          <CoverageExt id="C1D581E73129A4CC690D9516A48EEA657">
            <WBOnsetOffsetPremiumInfo id="W715472FD15D342748E2D8DB677798B7C">
              <WBCurrentTermOnsetAmt id="WD305575B4CC54829B21643A4AD28B7B4">
                <Amt>257</Amt>
              </WBCurrentTermOnsetAmt>
              <WBCurrentTermOffsetAmt id="W923437536B0942598BA1963108040153">
                <Amt>257</Amt>
              </WBCurrentTermOffsetAmt>
            </WBOnsetOffsetPremiumInfo>
            <WBPremiumInfo id="WA197DD20DE90476A960E010070D2DF7B">
              <WBCurrentTermAmt id="W05F6F3B3488F44AA9A467F8741E1CC6E">
                <Amt>262</Amt>
              </WBCurrentTermAmt>
              <WBNetChangeAmt id="WD89BEC075EF94513963773E3F56960D0">
                <Amt>0</Amt>
              </WBNetChangeAmt>
              <WBWrittenAmt id="WCA0E5DC788E04712A8944A83A85DD686">
                <Amt>262</Amt>
              </WBWrittenAmt>
              <WBPriorCurrentTermAmt id="WEACC5C3647474206B7192F3CE30CFD77">
                <Amt>262</Amt>
              </WBPriorCurrentTermAmt>
              <WBPriorWrittenAmt id="WE1D116E6ECC242B986F2D8789313C322">
                <Amt>262</Amt>
              </WBPriorWrittenAmt>
              <WBCancelAmt id="W057BEC1E9B0C4932BE677E5EEFC4DA24">
                <Amt>0</Amt>
              </WBCancelAmt>
            </WBPremiumInfo>
          </CoverageExt>
        </Coverage>
        <Coverage id="CB963A2C7773946B98A1EC60C1BCAE298">
          <CoverageCd>UNDUM</CoverageCd>
          <Limit id="L96B1987D781F4286B6ACDE6125AD9485">
            <FormatCurrencyAmt id="F5515175C39F6435295516693BF1E0CEC">
              <Amt>250000</Amt>
            </FormatCurrencyAmt>
            <LimitAppliesToCd>PerPerson</LimitAppliesToCd>
          </Limit>
          <Limit id="LBB36717E72C44B06B04633BE048AA618">
            <FormatCurrencyAmt id="F68865B1EE9884BCEB3BE74857E0E8BDD">
              <Amt>500000</Amt>
            </FormatCurrencyAmt>
            <LimitAppliesToCd>PerAcc</LimitAppliesToCd>
          </Limit>
          <EffectiveDt>2020-01-12</EffectiveDt>
          <ExpirationDt>2021-01-12</ExpirationDt>
          <ProRateFactor>0.9809</ProRateFactor>
          <CoverageSupplement id="CDBD4847C8FEA404AAACA31A8FE23894E">
            <CoverageSubCd>UNDMSP</CoverageSubCd>
          </CoverageSupplement>
          <CoverageExt id="C0FBE4E7D611A46AE9041E23F56DA312C">
            <WBOnsetOffsetPremiumInfo id="WA62F667C35CE4FF39C5D7BB13E8871BF">
              <WBCurrentTermOnsetAmt id="W090A97694D9D49C296DF566D67D4C614">
                <Amt>23</Amt>
              </WBCurrentTermOnsetAmt>
              <WBCurrentTermOffsetAmt id="W5F9AD9E3A51C49CE8C2824D1C83E5C24">
                <Amt>23</Amt>
              </WBCurrentTermOffsetAmt>
            </WBOnsetOffsetPremiumInfo>
            <WBPremiumInfo id="W0E2013E08EA4429EB7D456D676CFDF41">
              <WBCurrentTermAmt id="W6F100C7E40D44DC680D203DC1B1D67FD">
                <Amt>23</Amt>
              </WBCurrentTermAmt>
              <WBNetChangeAmt id="W8C70672F25774DDC8C61DF9C2A3EF0DC">
                <Amt>0</Amt>
              </WBNetChangeAmt>
              <WBWrittenAmt id="W30E796287FFF4D8FA0DA864489D5DAEA">
                <Amt>23</Amt>
              </WBWrittenAmt>
              <WBPriorCurrentTermAmt id="W207843A2F6C444569B1B7290BEBD1902">
                <Amt>23</Amt>
              </WBPriorCurrentTermAmt>
              <WBPriorWrittenAmt id="W230B5373C330436894DF9232F6E4ECAC">
                <Amt>23</Amt>
              </WBPriorWrittenAmt>
              <WBCancelAmt id="W77C32747221E4F6A9833C1C4E257A209">
                <Amt>0</Amt>
              </WBCancelAmt>
            </WBPremiumInfo>
          </CoverageExt>
        </Coverage>
        <Coverage id="CD25AB7A00F3C4C3E93F554528F3AF592">
          <CoverageCd>MEDPM</CoverageCd>
          <Limit id="L4918F220186842E791F401DB3C26D2C1">
            <FormatCurrencyAmt id="FBFF7CCFB24884F8782B3A56445A79B41">
              <Amt>1000</Amt>
            </FormatCurrencyAmt>
            <LimitAppliesToCd>PerPerson</LimitAppliesToCd>
          </Limit>
          <EffectiveDt>2020-01-12</EffectiveDt>
          <ExpirationDt>2021-01-12</ExpirationDt>
          <ProRateFactor>0.9809</ProRateFactor>
          <CoverageSupplement id="C1950BFCAC6B242FF9BA52D582698C244">
            <CoverageSubCd>MP</CoverageSubCd>
          </CoverageSupplement>
          <CoverageExt id="CDEE13CBC91354F84A5F2BBE6CD651BCE">
            <WBOnsetOffsetPremiumInfo id="W71E70CB7A2A14703B5A6B66F25A9E935">
              <WBCurrentTermOnsetAmt id="WF042BD83214048B097382A264CA6D64E">
                <Amt>17</Amt>
              </WBCurrentTermOnsetAmt>
              <WBCurrentTermOffsetAmt id="W6B7C29D4F742455F89813A1A161A3122">
                <Amt>17</Amt>
              </WBCurrentTermOffsetAmt>
            </WBOnsetOffsetPremiumInfo>
            <WBPremiumInfo id="WBEC9F5BBB2064F50A211C5057A4908F3">
              <WBCurrentTermAmt id="W3018631E62BE482BA6B9463CE8740065">
                <Amt>17</Amt>
              </WBCurrentTermAmt>
              <WBNetChangeAmt id="W25CC5FD6E7004430B29785AE44E219E1">
                <Amt>0</Amt>
              </WBNetChangeAmt>
              <WBWrittenAmt id="WF4F9116722604AB0AFED4ADA796819D2">
                <Amt>17</Amt>
              </WBWrittenAmt>
              <WBPriorCurrentTermAmt id="W33D0B18CAC974B43B789C2A061878738">
                <Amt>17</Amt>
              </WBPriorCurrentTermAmt>
              <WBPriorWrittenAmt id="W4153B20581344F96B52D909644A128BF">
                <Amt>17</Amt>
              </WBPriorWrittenAmt>
              <WBCancelAmt id="W5DB24424F22C4F7CBBED303309EED17B">
                <Amt>0</Amt>
              </WBCancelAmt>
            </WBPremiumInfo>
          </CoverageExt>
        </Coverage>
        <Coverage id="C638A9F21BAED4116A959ED2F735DA027">
          <CoverageCd>TRNEX</CoverageCd>
          <Limit id="L7E5E585B6DC7418B89B0D257F1B04633">
            <FormatCurrencyAmt id="F2BEB2106977843D2AB42AC3B1DC01F1F">
              <Amt>30</Amt>
            </FormatCurrencyAmt>
            <LimitAppliesToCd>PerDay</LimitAppliesToCd>
          </Limit>
          <Limit id="LCF254DBE4809477BB80D349A11C1E96C">
            <FormatCurrencyAmt id="FBB6AD9C87A8D4DC688BA10D7C400F81C">
              <Amt>900</Amt>
            </FormatCurrencyAmt>
            <LimitAppliesToCd>EachClaim</LimitAppliesToCd>
          </Limit>
          <EffectiveDt>2020-01-12</EffectiveDt>
          <ExpirationDt>2021-01-12</ExpirationDt>
          <ProRateFactor>0.9809</ProRateFactor>
          <CoverageSupplement id="CD2B5400E6C0649AABB621585F96EE484">
            <CoverageSubCd>TRNSEXP</CoverageSubCd>
          </CoverageSupplement>
          <CoverageExt id="C6BE222CAC04E43BC969162EEB0ACAD58">
            <WBOnsetOffsetPremiumInfo id="W788CE6BEC63F4800905B0635ACE605EF">
              <WBCurrentTermOnsetAmt id="WCE81E043CB434139861704D019B06548">
                <Amt>0</Amt>
              </WBCurrentTermOnsetAmt>
              <WBCurrentTermOffsetAmt id="W1AAC20A5E0D748D0AB6324BAA9805E72">
                <Amt>0</Amt>
              </WBCurrentTermOffsetAmt>
            </WBOnsetOffsetPremiumInfo>
            <WBPremiumInfo id="W3C425FCEFA664117B022B26732B1FC19">
              <WBCurrentTermAmt id="W8CAD5B1F20974C01A810E12440E1418E">
                <Amt>0</Amt>
              </WBCurrentTermAmt>
              <WBNetChangeAmt id="WBD69629C4C7241C6869E736E32B14C2E">
                <Amt>0</Amt>
              </WBNetChangeAmt>
              <WBWrittenAmt id="W0FF6889F17224DE7B43E54BC682CA166">
                <Amt>0</Amt>
              </WBWrittenAmt>
              <WBPriorCurrentTermAmt id="W8F7784B7ABE44BF69A60AFFD80F06C8B">
                <Amt>0</Amt>
              </WBPriorCurrentTermAmt>
              <WBPriorWrittenAmt id="WB83062792F544EA9BED9F7CEF30D1DAA">
                <Amt>0</Amt>
              </WBPriorWrittenAmt>
              <WBCancelAmt id="WA6A58094A6EC43B7BB9C205BA687A252">
                <Amt>0</Amt>
              </WBCancelAmt>
            </WBPremiumInfo>
          </CoverageExt>
        </Coverage>
        <Coverage id="C09167E05F3594F359B407E2108F6104E">
          <CoverageCd>TPAC</CoverageCd>
          <CoverageTypeCd>Fee</CoverageTypeCd>
          <EffectiveDt>2020-01-12</EffectiveDt>
          <ExpirationDt>2021-01-12</ExpirationDt>
          <ProRateFactor>0.9809</ProRateFactor>
          <CoverageSupplement id="C666A89A27713439AB5F0CAF5389EB190">
            <CoverageSubCd>AATA</CoverageSubCd>
          </CoverageSupplement>
          <CoverageExt id="C84D5741182E24470B639C7EF72D50233">
            <WBOnsetOffsetPremiumInfo id="W29D773D656A6467AADB4B11E72CA27FE">
              <WBCurrentTermOnsetAmt id="W7DBE973F1C454B2AB74BEA5D5F8CCEDF">
                <Amt>1</Amt>
              </WBCurrentTermOnsetAmt>
              <WBCurrentTermOffsetAmt id="W5077AFF6737544E8B8DEDAAAEA49876A">
                <Amt>1</Amt>
              </WBCurrentTermOffsetAmt>
            </WBOnsetOffsetPremiumInfo>
            <WBPremiumInfo id="W136B23AC21B44E469654195B21B58AC3">
              <WBCurrentTermAmt id="W042282A39A5D4D78BBCDE9B15AB5D91C">
                <Amt>1</Amt>
              </WBCurrentTermAmt>
              <WBNetChangeAmt id="WEB4EA8E6FC224EC7B743ECCD87CC84BE">
                <Amt>0</Amt>
              </WBNetChangeAmt>
              <WBWrittenAmt id="W8D9026DD8C3D42058086B4AFE4B8DDAA" termDateAdded="2020-01-19">
                <Amt>1</Amt>
              </WBWrittenAmt>
              <WBPriorCurrentTermAmt id="W33904A92760D4AF7B646FD4C96383F0F">
                <Amt>1</Amt>
              </WBPriorCurrentTermAmt>
              <WBPriorWrittenAmt id="W2F4637FA935E46A29012BCE451F2DCD3">
                <Amt>1</Amt>
              </WBPriorWrittenAmt>
              <WBCancelAmt id="W43F46C35093C44AD99288F212C961E4B">
                <Amt>0</Amt>
              </WBCancelAmt>
            </WBPremiumInfo>
          </CoverageExt>
        </Coverage>
        <CreditOrSurcharge id="C41361A1CBCC04EDFA2BE02A32EEB66D8">
          <SecondaryCd>AHS</SecondaryCd>
          <WBRatingAppliedInd>0</WBRatingAppliedInd>
        </CreditOrSurcharge>
        <CreditOrSurcharge id="C4E85CC4AE37F486B9926488CE809E30E">
          <SecondaryCd>AOM</SecondaryCd>
          <WBRatingAppliedInd>0</WBRatingAppliedInd>
        </CreditOrSurcharge>
        <CreditOrSurcharge id="C11EB4215B06D4BB291CB470B12193C40">
          <SecondaryCd>BWS</SecondaryCd>
          <WBRatingAppliedInd>0</WBRatingAppliedInd>
        </CreditOrSurcharge>
        <CreditOrSurcharge id="CF770A1D0C0FF484B95EA6DECDD92E87F">
          <SecondaryCd>DFSS</SecondaryCd>
          <WBRatingAppliedInd>0</WBRatingAppliedInd>
        </CreditOrSurcharge>
        <CreditOrSurcharge id="CFBEB65D16CFC4391A950A45BE227E285">
          <SecondaryCd />
          <WBRatingAppliedInd>0</WBRatingAppliedInd>
        </CreditOrSurcharge>
        <CreditOrSurcharge id="CEDC34186D94B41FB9A1BF280C6F9A288">
          <SecondaryCd>BSM</SecondaryCd>
          <WBRatingAppliedInd>0</WBRatingAppliedInd>
        </CreditOrSurcharge>
        <CreditOrSurcharge id="CDA2BB12C31D84F78B29A3B36B0CA0093">
          <SecondaryCd>GDSTD</SecondaryCd>
          <WBRatingAppliedInd>0</WBRatingAppliedInd>
        </CreditOrSurcharge>
        <CreditOrSurcharge id="CD8C6197FA73041F4AD655F704888B7CD">
          <SecondaryCd>GRSTD</SecondaryCd>
          <WBRatingAppliedInd>0</WBRatingAppliedInd>
        </CreditOrSurcharge>
        <CreditOrSurcharge id="CB9B46224A80D44699DDAFBEC64F3845D">
          <SecondaryCd>RSTD</SecondaryCd>
          <WBRatingAppliedInd>0</WBRatingAppliedInd>
        </CreditOrSurcharge>
        <CreditOrSurcharge id="CE14001FC10E2409193A9831652405DEE">
          <SecondaryCd>MIL</SecondaryCd>
          <WBRatingAppliedInd>0</WBRatingAppliedInd>
        </CreditOrSurcharge>
        <ComprehensiveOTCSymbolCd>20</ComprehensiveOTCSymbolCd>
        <CollisionSymbolCd>30</CollisionSymbolCd>
        <QuestionAnswer id="Q0DDA866B54894208BC0EAC12C85D231D">
          <QuestionCd>VEH01</QuestionCd>
          <YesNoCd>NO</YesNoCd>
        </QuestionAnswer>
        <QuestionAnswer id="Q9CA9B79E1D064923BB11B17BA4757C8E">
          <QuestionCd>VEH02</QuestionCd>
          <YesNoCd>DRV</YesNoCd>
          <Explanation>102</Explanation>
        </QuestionAnswer>
        <QuestionAnswer id="Q742929F8A2FC41A7A75DF590C4E888A8">
          <QuestionCd>VEH09</QuestionCd>
          <YesNoCd>NO</YesNoCd>
        </QuestionAnswer>
        <VehicleExt id="V95971238EEE04EE59BBB8C5229CEEA09">
          <WBBackupWarningSystemInd>0</WBBackupWarningSystemInd>
          <WBAutonomousOperationsModeInd>0</WBAutonomousOperationsModeInd>
          <WBAdaptiveHeadlightSystemInd>0</WBAdaptiveHeadlightSystemInd>
          <WBDriverFatigueSensingSystemInd>0</WBDriverFatigueSensingSystemInd>
          <ClassCode>2150</ClassCode>
          <WBMileage id="W64682E55C71346EC91F83CDF481D88DF">
            <WBAnnualMileageMAMCd>E</WBAnnualMileageMAMCd>
          </WBMileage>
          <WBISOBodyStyleDesc>4-Door Sedan</WBISOBodyStyleDesc>
          <WBFinancialResponsibilityCnt>0</WBFinancialResponsibilityCnt>
          <WBRiskTerm id="WC793CE9FAC5140A4BA1B0071BEE9E4C6">
            <WBRiskEffectiveDt>2020-01-12</WBRiskEffectiveDt>
            <WBRiskExpirationDt>2021-01-12</WBRiskExpirationDt>
          </WBRiskTerm>
          <WBSubtotalInfo id="WBD8464CDEDB443BE9C92D32F1CBFBDCB">
            <WBSubtotalInfoTypeCd>CFA</WBSubtotalInfoTypeCd>
            <WBCurrentTermAmt id="W4A6F59101D1D47CB9A11597394EE8FA4">
              <Amt>44</Amt>
            </WBCurrentTermAmt>
          </WBSubtotalInfo>
          <WBSubtotalInfo id="W319C0F005F7B4039B0B48A77E4318738">
            <WBSubtotalInfoTypeCd>VEH</WBSubtotalInfoTypeCd>
            <WBCurrentTermAmt id="W71AD0A52765249F485920F287CA7AEE5">
              <Amt>1427</Amt>
            </WBCurrentTermAmt>
          </WBSubtotalInfo>
          <WBVehicleAge>5</WBVehicleAge>
          <WBThirdPartyReport id="W43B2D4A976E14C2487A9E3AE28B81B0A">
            <WBReportTypeCd>VINMASTER</WBReportTypeCd>
            <WBReportOrderStatus>Returned</WBReportOrderStatus>
          </WBThirdPartyReport>
          <WBOnsetOffsetPremiumInfo id="W26AC16E22EFA4CEE8CCC6B09B09E7BBF">
            <WBCurrentTermOnsetAmt id="WDC3D7FD1DDC5462A9360AF40369106CC" />
            <WBCurrentTermOffsetAmt id="WA8B6E0FEA4B84F4B8362356A91ED6FE3" />
          </WBOnsetOffsetPremiumInfo>
          <WBPremiumInfo id="W11626D318CA448D49D675981FEAD1EE7">
            <WBCurrentTermAmt id="W37954867019F48629B30B173FD0C5EF4">
              <Amt>1428</Amt>
            </WBCurrentTermAmt>
            <WBNetChangeAmt id="W0BA9C6E64BB34053B13AB44358991C1A">
              <Amt>0</Amt>
            </WBNetChangeAmt>
            <WBWrittenAmt id="W1FA06105A3504BF48157B123A7149FC7">
              <Amt>1428</Amt>
            </WBWrittenAmt>
            <WBPriorCurrentTermAmt id="W1A06161508654E8481A8FAA68ACEF32D">
              <Amt>1428</Amt>
            </WBPriorCurrentTermAmt>
            <WBPriorWrittenAmt id="W568CFA5021264F1F970E4D694489D221">
              <Amt>1428</Amt>
            </WBPriorWrittenAmt>
            <WBCancelAmt id="W4FCE2B862CED4A088AC4AC2BB0AAB675" />
          </WBPremiumInfo>
          <WBPhysicalDamageOnlyInd>0</WBPhysicalDamageOnlyInd>
          <WBCustomEquipInd>0</WBCustomEquipInd>
          <Form id="F518903B41A5944C2B43CC83120BEDAF8">
            <FormNumber>PP0001Q</FormNumber>
            <EditionDt>2019-01-01</EditionDt>
            <FormName>Personal Auto Policy</FormName>
            <EffectiveDt>2020-01-19</EffectiveDt>
          </Form>
          <Form id="F3434C6D063904975A7FBEB3A8EF57327">
            <FormNumber>DC0009</FormNumber>
            <EditionDt>2019-01-01</EditionDt>
            <FormName>Transportation Expenses</FormName>
            <EffectiveDt>2020-01-19</EffectiveDt>
          </Form>
          <Form id="F1BA0E14748804B0085D2609DE68AFBE4">
            <FormNumber>PP0477Q</FormNumber>
            <EditionDt>2019-01-01</EditionDt>
            <FormName>Uninsured Motorists Coverage - AZ</FormName>
            <EffectiveDt>2020-01-19</EffectiveDt>
          </Form>
          <Form id="F5CB7D6BE66654795A5C5BEBFA1D9E2EC">
            <FormNumber>PP0489Q</FormNumber>
            <EditionDt>2019-01-01</EditionDt>
            <FormName>Underinsured Motorists Coverage - AZ</FormName>
            <EffectiveDt>2020-01-19</EffectiveDt>
          </Form>
          <Form id="F22BD05B9142940569E6933A757102715">
            <FormNumber>PP0348Q</FormNumber>
            <EditionDt>2019-01-01</EditionDt>
            <FormName>Full Safety Glass Coverage - AZ</FormName>
            <EffectiveDt>2020-01-19</EffectiveDt>
          </Form>
        </VehicleExt>
        <VehUseCd />
      </Vehicle>
      <QuestionAnswer id="QB29BDF1700DF42E78D34A034BBD5B441">
        <QuestionCd>AUTOP03</QuestionCd>
        <YesNoCd>YES</YesNoCd>
        <Explanation>co vehicle</Explanation>
      </QuestionAnswer>
      <QuestionAnswer id="Q89AB9E41A1F34636BC014770B3AD92AE">
        <QuestionCd>VEH03</QuestionCd>
        <YesNoCd>NO</YesNoCd>
      </QuestionAnswer>
      <QuestionAnswer id="Q9079B9F293F64E40A6A6EA73BE1810DF">
        <QuestionCd>VEH04</QuestionCd>
        <YesNoCd>NO</YesNoCd>
      </QuestionAnswer>
      <PersAutoLineBusinessExt id="P1E8A1C0285C343159F5A15027384CE66">
        <WBSubtotalInfo id="W0115FEB06F6345B99E55E058905FB7CB">
          <WBSubtotalInfoTypeCd>CFA</WBSubtotalInfoTypeCd>
          <WBCurrentTermAmt id="W65FE4D353B2C48E6A2BCE1E1F67398C6">
            <Amt>152</Amt>
          </WBCurrentTermAmt>
        </WBSubtotalInfo>
        <WBEligibleDiscounts id="WA27E41E4C54E411A981D64F4C3BC0A36">
          <WBEligibleDiscountCd>HCD</WBEligibleDiscountCd>
        </WBEligibleDiscounts>
        <WBOnsetOffsetPremiumInfo id="W38A5EF3371644F9B9B8C78C72D2790C7">
          <WBCurrentTermOnsetAmt id="W0C2DD76CE26D4776838F35FABD27CD76" />
          <WBCurrentTermOffsetAmt id="WABA48699A5ED4636830FD41DE657D365" />
        </WBOnsetOffsetPremiumInfo>
        <WBPermissiveUseCnt>0</WBPermissiveUseCnt>
        <WBPremiumInfo id="W099E765BD82D4C89AEE9CD2F8A0611B6">
          <WBCurrentTermAmt id="WBFCAC561EFDA40189314ABECF8A5BBD7">
            <Amt>5059</Amt>
          </WBCurrentTermAmt>
          <WBNetChangeAmt id="W1BCA82ACA2634434851E95F285DECC7B">
            <Amt>0</Amt>
          </WBNetChangeAmt>
          <WBWrittenAmt id="W140646B0B93A4EB7BAB65ACCBE3C00A1">
            <Amt>5059</Amt>
          </WBWrittenAmt>
          <WBPriorCurrentTermAmt id="WE70B84919AC84A89B66F12C21C093FBD">
            <Amt>5059</Amt>
          </WBPriorCurrentTermAmt>
          <WBPriorWrittenAmt id="W29B739487E31460BBE87AEC6E951899C">
            <Amt>5059</Amt>
          </WBPriorWrittenAmt>
          <WBCancelAmt id="W02CCEF7A0E034750A79B61F8E0F047C5" />
        </WBPremiumInfo>
        <WBAATAFeeCnt>3</WBAATAFeeCnt>
      </PersAutoLineBusinessExt>
    </PersAutoLineBusiness>
    <PolicyExt id="P374E1A85F5064922B092541FEE687F97">
      <AutoCompositionFactorCd>M</AutoCompositionFactorCd>
      <WBTransactionStatusDesc>Committed</WBTransactionStatusDesc>
      <WBQuoteStatusDesc>Issued</WBQuoteStatusDesc>
      <CreditOrSurcharge id="CD587239CCC0D4BD1AAEAB477B2D5567F">
        <SecondaryCd>PIF</SecondaryCd>
        <WBRatingAppliedInd>1</WBRatingAppliedInd>
      </CreditOrSurcharge>
      <CreditOrSurcharge id="CE35BB754B7CE47B882B1A9E3C8BC7E30">
        <SecondaryCd>HCD</SecondaryCd>
        <WBRatingAppliedInd>1</WBRatingAppliedInd>
      </CreditOrSurcharge>
      <CreditOrSurcharge id="C81CB4EE0178D4E91B10AF5C4B56C69B1">
        <SecondaryCd />
        <WBRatingAppliedInd>1</WBRatingAppliedInd>
      </CreditOrSurcharge>
      <WBHouseholdCompositionInd>1</WBHouseholdCompositionInd>
      <WBSubtotalInfo id="W77CFDB08CC6C4947862270AE98233436">
        <WBSubtotalInfoTypeCd>CFA</WBSubtotalInfoTypeCd>
        <WBCurrentTermAmt id="WB35097CD7F38454590EBE43E46FB278F">
          <Amt>152</Amt>
        </WBCurrentTermAmt>
      </WBSubtotalInfo>
      <WBPolicyAge>0</WBPolicyAge>
      <WBAssocGroupType />
      <WBOnsetOffsetPremiumInfo id="WF72355EB6EFA43D48B0B2097ABFB4E66">
        <WBCurrentTermOnsetAmt id="WB7F23F654FE448FAAA8F24E923FB32A4" />
        <WBCurrentTermOffsetAmt id="WE8B2B654AAD9427DAD8214D3186F8D3E" />
      </WBOnsetOffsetPremiumInfo>
      <WBPremiumInfo id="W990AC710269944BABBDDA505186D35ED">
        <WBCurrentTermAmt id="W94D6C231C59C4920A70BD5711661CCCD">
          <Amt>5059</Amt>
        </WBCurrentTermAmt>
        <WBNetChangeAmt id="W37AEE06525AE47BA83619B4BE3000242">
          <Amt>0</Amt>
        </WBNetChangeAmt>
        <WBWrittenAmt id="WDAB467B479964ED1AF93FD0F33ED3D54">
          <Amt>5059</Amt>
        </WBWrittenAmt>
        <WBPriorCurrentTermAmt id="WBAE9D71CAB684ACFB94CB3EF12E11428">
          <Amt>5059</Amt>
        </WBPriorCurrentTermAmt>
        <WBPriorWrittenAmt id="WFD97637F714C404EB2FB2E2EC5A463E8">
          <Amt>5059</Amt>
        </WBPriorWrittenAmt>
        <WBCancelAmt id="W832B220455214B77B710AF58ECE0E83F" />
      </WBPremiumInfo>
      <WBPriorPolicyCnt>1</WBPriorPolicyCnt>
      <WBPolicyIssue id="WE0AD0587B8594364BDD992B598C5D38B">
        <WBPolicyIssueCd>N</WBPolicyIssueCd>
      </WBPolicyIssue>
      <WBPolicyInceptionDateInfo id="W8AF16B3CAF4C413482A1FCB7F67453AC">
        <WBPolicyUWInceptionDt>2020-01-12</WBPolicyUWInceptionDt>
        <WBPolicyUWDtOverrideInd>0</WBPolicyUWDtOverrideInd>
      </WBPolicyInceptionDateInfo>
      <WBPolicyTenureAge>0</WBPolicyTenureAge>
      <WBGroupAssocName />
    </PolicyExt>
    <Form id="F7E0B0DE751B843CC911482310D41A7FC">
      <FormNumber>DC2177</FormNumber>
      <EditionDt>2019-01-01</EditionDt>
      <FormName>Membership and Voting Rights Notice</FormName>
      <EffectiveDt>2020-01-19</EffectiveDt>
    </Form>
    <Form id="F0D083302A60144FFAC973D56A1A00387">
      <FormNumber>DC249</FormNumber>
      <EditionDt>2019-01-01</EditionDt>
      <FormName>Coordination of Deductible Clause</FormName>
      <EffectiveDt>2020-01-19</EffectiveDt>
    </Form>
    <Form id="F29AC469865F7453CBF48BCBB002DDFB5">
      <FormNumber>DC1188</FormNumber>
      <EditionDt>2019-01-01</EditionDt>
      <FormName>West Bend Privacy Statement</FormName>
      <EffectiveDt>2020-01-19</EffectiveDt>
    </Form>
    <Form id="F9FA65668A01F45A694205520C9AFAA4D">
      <FormNumber>DC1491</FormNumber>
      <EditionDt>2019-01-01</EditionDt>
      <FormName>Payment Plan Options</FormName>
      <EffectiveDt>2020-01-19</EffectiveDt>
    </Form>
  </Policy>
</PolicyRs>