﻿<PolicyRs xmlns="http://www.acord.org/schema/PC/xml/2">
  <BusinessPurposeTypeCd>NBQ</BusinessPurposeTypeCd>
  <TransactionEffectiveDt>2020-01-25T00:00:00.000</TransactionEffectiveDt>
  <SourceSystem id="SCF90B7A55D6B43D2AC3817E6C8722C61">
    <SourceSystemCd>WB</SourceSystemCd>
    <SourceSystemQualifierCd>LR</SourceSystemQualifierCd>
  </SourceSystem>
  <TransactionSeqNumber>1</TransactionSeqNumber>
  <Policy id="P1A9D0CB037E741A283B554E50A5F8071">
    <PolicyNumber>A967933</PolicyNumber>
    <PolicyVersion>00</PolicyVersion>
    <CompanyProductCd>801</CompanyProductCd>
    <BroadLOBCd>1</BroadLOBCd>
    <NAICCd>15350</NAICCd>
    <ControllingStateProvCd>AZ</ControllingStateProvCd>
    <ContractTerm id="CA6B5871BE6E444388ADFD997D3EA10F4">
      <EffectiveDt>2020-01-25</EffectiveDt>
      <ExpirationDt>2021-01-25</ExpirationDt>
    </ContractTerm>
    <CustomerServicingCd>AGY</CustomerServicingCd>
    <NumLosses>0</NumLosses>
    <OtherOrPriorPolicy id="O228B273E96724217B5FC93DF9AE1A474" DriverRef="D90C7C3646849484293A23BC5FEEAB9AD">
      <PolicyCd>RecentOt</PolicyCd>
      <InsurerName>COMPANY99017</InsurerName>
      <ContractTerm id="C1052D80CBA734F1ABBC6F18F77063E67">
        <ExpirationDt>2020-02-24</ExpirationDt>
      </ContractTerm>
      <LengthTimeWithPreviousInsurer id="L48F1EE2D3D124BA6BB50D92275EEBACD">
        <NumUnits>30</NumUnits>
      </LengthTimeWithPreviousInsurer>
      <Coverage id="C4B1C64B5A6514D228CC3C71B0EDE22BC">
        <CoverageCd>BI</CoverageCd>
        <Limit id="L2A9F0E8D8DAD475E89F087E123AE505B">
          <FormatCurrencyAmt id="F30BF09004577413C80CAADC61718B036">
            <Amt>200000</Amt>
          </FormatCurrencyAmt>
          <LimitAppliesToCd>BIEachPers</LimitAppliesToCd>
        </Limit>
        <Limit id="L546B597950C7499D995F9F6867A0F13E">
          <FormatCurrencyAmt id="F3433515EC1CF4662944FDC9BF12698C5">
            <Amt>400000</Amt>
          </FormatCurrencyAmt>
          <LimitAppliesToCd>PerAcc</LimitAppliesToCd>
        </Limit>
        <ProRateFactor>1</ProRateFactor>
        <CoverageSupplement id="C95BA2DC86E1E404B84423A482401676B">
          <CoverageSubCd>BI</CoverageSubCd>
        </CoverageSupplement>
      </Coverage>
      <OtherOrPriorPolicyExt id="O048E2FA1142E41618A76BF086A891C66">
        <WBPriorCarrierInceptionDt>2017-08-24</WBPriorCarrierInceptionDt>
        <WBRecordInfo id="WBDB5E39FF6C44E9DB7D6FD5614B21E69">
          <WBRecordModifyInd>0</WBRecordModifyInd>
          <WBRecordModifyType>O</WBRecordModifyType>
          <WBRecordSource>APP-PREFILL MOD</WBRecordSource>
        </WBRecordInfo>
        <WBPriorCarrierGroupName>Other</WBPriorCarrierGroupName>
        <WBInsLapseCheckInd>0</WBInsLapseCheckInd>
        <WBPriorBIRatingRange>Med</WBPriorBIRatingRange>
        <WBPriorCarrierGroupCode>9999</WBPriorCarrierGroupCode>
      </OtherOrPriorPolicyExt>
    </OtherOrPriorPolicy>
    <PaymentOption id="PFB33072262A34D099FF64B3096170997">
      <PaymentPlanCd>QT</PaymentPlanCd>
      <PaymentOptionExt id="PCB2B946DB12747899AF5CEB983313A1D">
        <WBDepositInd>0</WBDepositInd>
      </PaymentOptionExt>
    </PaymentOption>
    <QuoteInfo id="QB8E23DF80A8F4192832CF0381B56F7C4">
      <InitialQuoteRequestDt>2020-01-25</InitialQuoteRequestDt>
    </QuoteInfo>
    <CreditScoreInfo id="C0B1FE28277804B8EBDB51FD02C528457">
      <CreditScore>998</CreditScore>
      <CreditScoreDt>2020-01-25</CreditScoreDt>
      <CSPolicyTypeCd>Auto</CSPolicyTypeCd>
    </CreditScoreInfo>
    <CreditScoreInfo id="C532153F8CBB0467BA69D9BC61116A86A">
      <CreditScore>0</CreditScore>
      <CreditScoreDt>2020-01-25</CreditScoreDt>
      <CSPolicyTypeCd>Lowest</CSPolicyTypeCd>
    </CreditScoreInfo>
    <PolicyStatusCd>InForce</PolicyStatusCd>
    <UnderwritingDecisionInfo id="U380508FB912549C68AB5A143C97A8244">
      <SystemUnderwritingDecisionDt>2020-01-26</SystemUnderwritingDecisionDt>
      <UnderwritingScoreNumber>480</UnderwritingScoreNumber>
      <UnderwritingRuleInfo id="U13655E726B66457FB35B547199667842">
        <UnderwritingDecisionCd>Refer</UnderwritingDecisionCd>
        <UnderwritingScoreNumber>120</UnderwritingScoreNumber>
        <UnderwritingRuleInfoExt id="UD8902B6CB68A49509D7E911E640CE6BF">
          <WBRuleIDDesc>RX3229</WBRuleIDDesc>
          <WBRuleMessageDesc>Refer to Underwriting due to Refugio Niguma's MVR came back as an Error</WBRuleMessageDesc>
          <WBRuleSeverityCd>3</WBRuleSeverityCd>
        </UnderwritingRuleInfoExt>
      </UnderwritingRuleInfo>
      <UnderwritingRuleInfo id="UAB391F90768F48B492C4EACDB2D527C5">
        <UnderwritingDecisionCd>Refer</UnderwritingDecisionCd>
        <UnderwritingScoreNumber>120</UnderwritingScoreNumber>
        <UnderwritingRuleInfoExt id="U3485A584B26B4054B47F80100944260E">
          <WBRuleIDDesc>RX3190</WBRuleIDDesc>
          <WBRuleMessageDesc>Refer to Underwriting due to Flex Home and Highway</WBRuleMessageDesc>
          <WBRuleSeverityCd>3</WBRuleSeverityCd>
        </UnderwritingRuleInfoExt>
      </UnderwritingRuleInfo>
      <UnderwritingRuleInfo id="U1C5ED337584F449D924410BDF821277A">
        <UnderwritingDecisionCd>Refer</UnderwritingDecisionCd>
        <UnderwritingScoreNumber>120</UnderwritingScoreNumber>
        <UnderwritingRuleInfoExt id="UE54FD8F69A9B48B28109FB08C57485D1">
          <WBRuleIDDesc>RX3458</WBRuleIDDesc>
          <WBRuleMessageDesc>Refer to Underwriting due to report(s) returned with an error or no hit message</WBRuleMessageDesc>
          <WBRuleSeverityCd>3</WBRuleSeverityCd>
        </UnderwritingRuleInfoExt>
      </UnderwritingRuleInfo>
      <UnderwritingRuleInfo id="UBCB24C5BAF3C474EA4CACA0C27A58F22">
        <UnderwritingDecisionCd>Refer</UnderwritingDecisionCd>
        <UnderwritingScoreNumber>120</UnderwritingScoreNumber>
        <UnderwritingRuleInfoExt id="U60FE92F0DC2F4B91B4022BF624D566AA">
          <WBRuleIDDesc>RX3460</WBRuleIDDesc>
          <WBRuleMessageDesc>Refer to Underwriting - Insurance Score came back as a No Hit. Underwriting will review and reorder the Credit Report before issuing the policy. Premiums will change if a valid insurance score is received.</WBRuleMessageDesc>
          <WBRuleSeverityCd>3</WBRuleSeverityCd>
        </UnderwritingRuleInfoExt>
      </UnderwritingRuleInfo>
      <UnderwritingDecisionInfoExt id="U2F7EA36B58F948BAA3F08BEDAB43A08C">
        <WBUpdatedCumulativeScore>480</WBUpdatedCumulativeScore>
      </UnderwritingDecisionInfoExt>
    </UnderwritingDecisionInfo>
    <OriginalPolicyInceptionDt>2020-01-25</OriginalPolicyInceptionDt>
    <PaidInFullInd>0</PaidInFullInd>
    <Producer id="P6733CD5604AF4A689F099A9379162E52" />
    <Producer id="P3DB7C9DD5E644837A206FB40BC6B928A">
      <Relationship id="RCDB0DD9960E54A84B73CA5F7B753B2E4">
        <RelationshipToCd>Agency</RelationshipToCd>
      </Relationship>
      <Name>A &amp; J PETERSBURG AGENCY</Name>
      <Addr id="AA08C4B4D1BAC41D4B82A5C0CF0EA01B8">
        <AddrTypeCd>MailingAddress</AddrTypeCd>
        <Addr1>PO BOX 290</Addr1>
        <City>DECORAH</City>
        <StateProvCd>IA</StateProvCd>
        <PostalCode>52101</PostalCode>
        <CountryCd>USA</CountryCd>
        <County>US</County>
      </Addr>
      <Communications id="C9A06552B66314B35A0279A24D67F8697">
        <PhoneTypeCd>HOME</PhoneTypeCd>
        <PhoneNumber>563-382-3627</PhoneNumber>
      </Communications>
      <ContractNumber>14004</ContractNumber>
      <ProducerSubCode />
    </Producer>
    <Producer id="PB5B4D21EF7164B9B94FA0F073373D0C1">
      <Relationship id="RD76754C618B74A7086774CE4BDF3EE9E">
        <RelationshipToCd>PROD</RelationshipToCd>
      </Relationship>
      <Name>Andrea Martin</Name>
      <ProducerSubCode>10937</ProducerSubCode>
    </Producer>
    <Producer id="P6019B7A3F02449F89779133E2EEF2906">
      <Relationship id="R5C39F72FEF9844248CEBCA440C91D133">
        <RelationshipToCd>USERIN</RelationshipToCd>
      </Relationship>
      <Name>AJTest AgentUser</Name>
      <ProducerSubCode>20355</ProducerSubCode>
    </Producer>
    <InsuredOrPrincipal id="I321AEF631EFC496EB1E6214778386622">
      <ItemIdInfo id="IBCFC21980B85464399F01A1F83438E77">
        <InsurerId>1000435791</InsurerId>
      </ItemIdInfo>
      <Relationship id="R0B254E24278D4A5C972B2781C1D604A6" RelationshipToRef="P1A9D0CB037E741A283B554E50A5F8071">
        <RelationshipToCd>FNI</RelationshipToCd>
      </Relationship>
      <Name>Refugio Niguma</Name>
      <CreditScoreInfo id="C8EE5D7D4F95B4CCA9FF0566624A9355A">
        <ReferenceNumber>20026001300113</ReferenceNumber>
        <CreditScore>998</CreditScore>
        <CreditScoreDt>2020-01-25</CreditScoreDt>
        <CSPolicyTypeCd>Auto</CSPolicyTypeCd>
        <CreditScoreInfoExt id="CF1EB12C63F5B4BAC830C07B95C834140">
          <WBThirdPartyReport id="W4F51C6037D364835A3AA60087CD9D089">
            <WBReportTypeCd>NCF</WBReportTypeCd>
            <WBReportOrderDt>2020-01-25</WBReportOrderDt>
            <WBReportOrderStatus>No Hit</WBReportOrderStatus>
            <WBReportExpirationDt>2020-04-25</WBReportExpirationDt>
          </WBThirdPartyReport>
          <WBThirdPartyNCF id="W03F8F437D59849568C82FE24B37F4D03">
            <WBNCFProcessingStatus>Complete Success</WBNCFProcessingStatus>
            <WBCreditScoreReason id="WC63BD417561944D7B2B07D1DBAC20C69">
              <WBCreditScoreReasonCd>WB1</WBCreditScoreReasonCd>
              <WBCreditScoreReasonDesc>An insurance score could not be generated as no credit file was found.</WBCreditScoreReasonDesc>
            </WBCreditScoreReason>
          </WBThirdPartyNCF>
          <WBRecordInfo id="WF11541ADB2334868BCD5CE107B0B1D64">
            <WBRecordSource>NCF-CREDIT</WBRecordSource>
          </WBRecordInfo>
        </CreditScoreInfoExt>
      </CreditScoreInfo>
      <CreditScoreInfo id="CE5FD6DEC78A943C5BAFB472C23652187">
        <CreditScore>0</CreditScore>
        <CreditScoreDt>2020-01-25</CreditScoreDt>
        <CSPolicyTypeCd>Home</CSPolicyTypeCd>
      </CreditScoreInfo>
      <Addr id="A30E6B8270DFB4FB7A118CB07DCD46F82">
        <AddrTypeCd>InsuredsAddress</AddrTypeCd>
        <Addr1>600 Lake Rd 608</Addr1>
        <City>Apache Junction</City>
        <StateProvCd>AZ</StateProvCd>
        <PostalCode>85020</PostalCode>
        <CountryCd>USA</CountryCd>
        <Latitude>33.5614</Latitude>
        <Longitude>-112.0568</Longitude>
        <County>Maricopa County</County>
        <AddrExt id="AD78AA1FA7FEB4790922FEC5D2FF90895">
          <WBAddressStandardization id="W05D2E525DF7E47C4A328C561C672DEB6">
            <WBAddrStandardizeStreetName>Lake Rd 608</WBAddrStandardizeStreetName>
            <WBAddrStandardizeStreetNumber>600</WBAddrStandardizeStreetNumber>
            <WBConfidence>50</WBConfidence>
            <WBAddrStandardizeStatus>No Hit</WBAddrStandardizeStatus>
          </WBAddressStandardization>
        </AddrExt>
      </Addr>
      <Addr id="A0E79BC26C10A4F85A84C3907B54D8B8B">
        <AddrTypeCd>MailingAddress</AddrTypeCd>
        <Addr1>600 Lake Rd 608</Addr1>
        <City>Apache Junction</City>
        <StateProvCd>AZ</StateProvCd>
        <PostalCode>85020</PostalCode>
        <CountryCd>USA</CountryCd>
        <Latitude>33.5614</Latitude>
        <Longitude>-112.0568</Longitude>
        <County>Maricopa County</County>
        <AddrExt id="A781E09286F484A679D2B01F655A4F0AC">
          <WBAddressStandardization id="WEB399C8094DE440684A1B689AC6AED32">
            <WBAddrStandardizeStreetName>Lake Rd 608</WBAddrStandardizeStreetName>
            <WBAddrStandardizeStreetNumber>600</WBAddrStandardizeStreetNumber>
            <WBConfidence>50</WBConfidence>
            <WBAddrStandardizeStatus>No Hit</WBAddrStandardizeStatus>
          </WBAddressStandardization>
        </AddrExt>
      </Addr>
      <Addr id="AC3F9E6385BE842F0A8D9BCD11701C438">
        <AddrTypeCd>BillingAddress</AddrTypeCd>
      </Addr>
      <Communications id="CB1256AA49AE24603818473FB8199C122">
        <CommunicationUseCd>Alternate</CommunicationUseCd>
        <PhoneTypeCd>Cell</PhoneTypeCd>
        <PhoneNumber>7526246745</PhoneNumber>
      </Communications>
      <Surname>Niguma</Surname>
      <GivenName>Refugio</GivenName>
      <GenderCd>M</GenderCd>
      <BirthDt>1986-03-13</BirthDt>
      <MaritalStatusCd>M</MaritalStatusCd>
      <TitlePrefix />
      <NameSuffix />
    </InsuredOrPrincipal>
    <PersAutoLineBusiness id="P3B27448767D4451AAEFC28DE930E4D75">
      <CompanyProductCd>850</CompanyProductCd>
      <Coverage id="C4B80117C928241349BF39F93833E591E">
        <CoverageCd>ROAD</CoverageCd>
        <Limit id="L51364F7889434C1BA0A27AAE9E93BF21">
          <FormatCurrencyAmt id="FF4F68478F47A41B8BA6AF0B36D899FB8">
            <Amt>150</Amt>
          </FormatCurrencyAmt>
          <LimitAppliesToCd>PerOcc</LimitAppliesToCd>
        </Limit>
        <EffectiveDt>2020-01-25</EffectiveDt>
        <ExpirationDt>2021-01-25</ExpirationDt>
        <ProRateFactor>1</ProRateFactor>
        <CoverageSupplement id="CA5896C4997EB46BB9E19A30A73C45BBA">
          <CoverageSubCd>TLN</CoverageSubCd>
        </CoverageSupplement>
        <CoverageExt id="C9B9631AB07E8423CB6AFF2769626E018">
          <WBOnsetOffsetPremiumInfo id="W2A6593B34EAB4729AB81F629DF8EECEB">
            <WBCurrentTermOnsetAmt id="WB81F9657AE974916B3E7B9D26672B863">
              <Amt>45</Amt>
            </WBCurrentTermOnsetAmt>
            <WBCurrentTermOffsetAmt id="W2A9F7F670ED7469D867FCC02A12F51AD">
              <Amt>0</Amt>
            </WBCurrentTermOffsetAmt>
          </WBOnsetOffsetPremiumInfo>
          <WBPremiumInfo id="W00FBD5D4997A4098BFFFD578EA9C8631">
            <WBCurrentTermAmt id="WE0567BAD45C7432995CB59EDA5A6D91A">
              <Amt>45</Amt>
              <offset>0</offset>
              <onset>45</onset>
            </WBCurrentTermAmt>
            <WBNetChangeAmt id="W894EB8F3C8F449BCA8EB86C6B995F4A5">
              <Amt>45</Amt>
            </WBNetChangeAmt>
            <WBWrittenAmt id="WA683E3A015C54986928497DF54AA8997">
              <Amt>45</Amt>
            </WBWrittenAmt>
            <WBPriorCurrentTermAmt id="W0460F0AD2F034D2DA801173D9EA9589E">
              <Amt>0</Amt>
            </WBPriorCurrentTermAmt>
            <WBPriorWrittenAmt id="W8E1941A4A2CE4BC78BF957E02C6BE521">
              <Amt>0</Amt>
            </WBPriorWrittenAmt>
            <WBCancelAmt id="W4F125C61F12C4A3A8E37A45AC1B9451A">
              <Amt>0</Amt>
            </WBCancelAmt>
          </WBPremiumInfo>
        </CoverageExt>
      </Coverage>
      <Driver id="D90C7C3646849484293A23BC5FEEAB9AD">
        <ItemIdInfo id="I639E4F770147465EA2B3C9896B627875">
          <InsurerId>101</InsurerId>
        </ItemIdInfo>
        <Relationship id="R5B8100D09E354C4BBF88F312443ED217" RelationshipToRef="I321AEF631EFC496EB1E6214778386622">
          <RelationshipToCd>IN</RelationshipToCd>
        </Relationship>
        <Relationship id="R806C8224BEA54A0FA7BE68100D2BBB07" RelationshipToRef="V92DCED97AD434EFDB8DE50EA14E0DCF0">
          <RelationshipToCd>DRV</RelationshipToCd>
          <RelationshipDesc>PRINCIPAL</RelationshipDesc>
        </Relationship>
        <License id="L0E3B1595B1164779B9CFFF321758C0BB">
          <LicenseTypeCd>Driver</LicenseTypeCd>
          <LicenseStatusCd>VALID</LicenseStatusCd>
          <LicensePermitNumber>YESI61642</LicensePermitNumber>
          <StateProvCd>AZ</StateProvCd>
        </License>
        <Addr id="A07162BE09CDA4A7FB6FECCD4DBB5F337">
          <AddrTypeCd>InsuredsAddress</AddrTypeCd>
          <Addr1>600 Lake Rd 608</Addr1>
          <City>Apache Junction</City>
          <StateProvCd>AZ</StateProvCd>
          <PostalCode>85020</PostalCode>
          <CountryCd>USA</CountryCd>
          <Latitude>33.5614</Latitude>
          <Longitude>-112.0568</Longitude>
          <County>Maricopa County</County>
          <AddrExt id="A9B80EA75B3964F49B3EB24F802E678CA">
            <WBAddressStandardization id="W9894A7B1073E4AF690FF643D1C4F90C5">
              <WBAddrStandardizeStreetName>Lake Rd 608</WBAddrStandardizeStreetName>
              <WBAddrStandardizeStreetNumber>600</WBAddrStandardizeStreetNumber>
              <WBConfidence>50</WBConfidence>
              <WBAddrStandardizeStatus>No Hit</WBAddrStandardizeStatus>
            </WBAddressStandardization>
          </AddrExt>
        </Addr>
        <Surname>Niguma</Surname>
        <GivenName>Refugio</GivenName>
        <GenderCd>M</GenderCd>
        <BirthDt>1986-03-13</BirthDt>
        <MaritalStatusCd>M</MaritalStatusCd>
        <OccupationClassCd>MKT</OccupationClassCd>
        <QuestionAnswer id="Q75EFD62351B940E3B496638EA9490A15">
          <QuestionCd>DRV04</QuestionCd>
          <YesNoCd>YES</YesNoCd>
          <QuestionText>licensedLastFive</QuestionText>
        </QuestionAnswer>
        <QuestionAnswer id="QC4CFA1E720DD475984EBBFF58337D538">
          <QuestionCd>DRV05</QuestionCd>
          <YesNoCd>YES</YesNoCd>
          <QuestionText>isIndiviualLicensed</QuestionText>
        </QuestionAnswer>
        <QuestionAnswer id="Q5EC946232C9747029E3F44567A615420">
          <QuestionCd>DRV06</QuestionCd>
          <YesNoCd>NO</YesNoCd>
          <QuestionAnswerExt id="Q0DA180777A6A4405BA721CA15A64246E">
            <WBOverrideInfo id="WF8D8D54F679E4941A080C470B99D845A">
              <WBOverrideType>UWQ</WBOverrideType>
              <WBOverrideCategory>PriorCarrier</WBOverrideCategory>
              <WBOverrideCd>MultPriorCarrier</WBOverrideCd>
              <WBOverrideValue>NO</WBOverrideValue>
            </WBOverrideInfo>
          </QuestionAnswerExt>
        </QuestionAnswer>
        <ContinuousInsuranceCd>Continuous6To11Months</ContinuousInsuranceCd>
        <DriverExt id="D9EC6D59E29E94BB49F6D61C8588DB218">
          <YouthfulInd>0</YouthfulInd>
          <WBIsMinor>0</WBIsMinor>
          <WBThirdPartyReport id="W97343CB4D4F645E6BF7BC01998B19DFC">
            <WBReportTypeCd>MVR</WBReportTypeCd>
            <WBReportOrderDt>2020-01-25</WBReportOrderDt>
            <WBReportOrderStatus>No Hit</WBReportOrderStatus>
            <WBReportExpirationDt>2020-04-25</WBReportExpirationDt>
          </WBThirdPartyReport>
          <WBRiskTerm id="WA5F82A0DEA744B798F74A89FC340B3DF">
            <WBRiskEffectiveDt>2020-01-25</WBRiskEffectiveDt>
            <WBRiskExpirationDt>2021-01-25</WBRiskExpirationDt>
          </WBRiskTerm>
          <WBDriverAge>33</WBDriverAge>
          <WBDriverIncidentEligiblePoints>0</WBDriverIncidentEligiblePoints>
          <WBInexperiencedOperatorInd>0</WBInexperiencedOperatorInd>
          <WBAdvantageDriverInd>0</WBAdvantageDriverInd>
          <WBMVRGenderCd>M</WBMVRGenderCd>
        </DriverExt>
        <DriverTypeCd />
        <TitlePrefix />
        <NameSuffix />
        <OtherGivenName />
      </Driver>
      <Vehicle id="V92DCED97AD434EFDB8DE50EA14E0DCF0" RatedDriverRef="D90C7C3646849484293A23BC5FEEAB9AD">
        <ItemIdInfo id="IA4F5B04106CA4FC1A6B8437DC74CE72C">
          <InsurerId>101</InsurerId>
        </ItemIdInfo>
        <Manufacturer>HONDA</Manufacturer>
        <ManufacturerCd>HOND</ManufacturerCd>
        <Model>ACCORD EX</Model>
        <ModelCd>ACCORD</ModelCd>
        <ModelYear>2006</ModelYear>
        <VehBodyTypeCd>PP</VehBodyTypeCd>
        <Registration id="RFF51136280044A2981C77AE1E2F49878">
          <StateProvCd>AZ</StateProvCd>
        </Registration>
        <Horsepower id="H7042DFD64FB94A459C521963530D822F">
          <NumUnits>3.0</NumUnits>
        </Horsepower>
        <VehIdentificationNumber>1HGCM66856A074200</VehIdentificationNumber>
        <GrossVehWeight id="G900CEDB2F5EE403D8EDFF2BE17C178A0">
          <NumUnits>9999</NumUnits>
        </GrossVehWeight>
        <InspectionInfo id="IF8C23BF8E66048F089C93332578B8805">
          <VehInspectionInfo id="V9F35E57E992B4332A23BAC7222BC9BC9">
            <VehEquipment id="VA08BDF9282164A77AC2BDC0BBD611C35">
              <VehEquipmentCd>AdaptiveHeadlights</VehEquipmentCd>
            </VehEquipment>
          </VehInspectionInfo>
        </InspectionInfo>
        <VehPerformanceCd>INMDT</VehPerformanceCd>
        <BIPDSymbolCd>305</BIPDSymbolCd>
        <MedPayPIPLiabilitySymbolCd>510</MedPayPIPLiabilitySymbolCd>
        <Addr id="AAB0E564E2C8246FEB5A6DD1D9388EBCF">
          <AddrTypeCd>GaragingAddress</AddrTypeCd>
          <Addr1>600 Lake Rd 608</Addr1>
          <City>Apache Junction</City>
          <StateProvCd>AZ</StateProvCd>
          <PostalCode>85020</PostalCode>
          <CountryCd>USA</CountryCd>
          <Latitude>33.5614</Latitude>
          <Longitude>-112.0568</Longitude>
          <County>Maricopa County</County>
          <AddrExt id="A4534D40F5E6D4DA7B9C35220E066F4AC">
            <WBRatedZipCd>85020</WBRatedZipCd>
            <WBRatedVehicleStateProvCd>AZ</WBRatedVehicleStateProvCd>
            <WBAddressStandardization id="W93257092942D42EE9C9B16804AC7BB3C">
              <WBAddrStandardizeStreetName>Lake Rd 608</WBAddrStandardizeStreetName>
              <WBAddrStandardizeStreetNumber>600</WBAddrStandardizeStreetNumber>
              <WBConfidence>50</WBConfidence>
              <WBAddrStandardizeStatus>No Hit</WBAddrStandardizeStatus>
            </WBAddressStandardization>
          </AddrExt>
          <Region />
        </Addr>
        <Coverage id="C44A4E1A84B96460EB4F9338B602772B9">
          <CoverageCd>COMP</CoverageCd>
          <Deductible id="D2F6D0D42C6514D1C98F72126F26D8E19">
            <FormatCurrencyAmt id="F972A6EBC4628428CAC27E6F11BDBEE3E">
              <Amt>1000</Amt>
            </FormatCurrencyAmt>
            <DeductibleAppliesToCd>ACC</DeductibleAppliesToCd>
          </Deductible>
          <Option id="O07DB34DEEE464B0CB7E7E494FE69477A">
            <OptionCd>FG</OptionCd>
          </Option>
          <CreditOrSurcharge id="CDCFA2F6F27214D7F9D02D4903C55F88A">
            <CreditSurchargeCd>LFREE</CreditSurchargeCd>
            <NumericValue id="N652719BF79B64BF0BC9091D8059EF918" />
            <SecondaryCd>CFAEST</SecondaryCd>
            <WBRatingAppliedInd>0</WBRatingAppliedInd>
          </CreditOrSurcharge>
          <EffectiveDt>2020-01-25</EffectiveDt>
          <ExpirationDt>2021-01-25</ExpirationDt>
          <ProRateFactor>1</ProRateFactor>
          <CoverageSupplement id="CE4B635F136D84A94952FFE3A6D83D801">
            <CoverageSubCd>OTC</CoverageSubCd>
          </CoverageSupplement>
          <CoverageExt id="C970D18D1DF1444998279CDB923EF777D">
            <WBOnsetOffsetPremiumInfo id="W5063D56E2BF240A58B52E09BECEE4D36">
              <WBCurrentTermOnsetAmt id="W5ABB19F07106477EA720E8B7C1740ADE">
                <Amt>676</Amt>
              </WBCurrentTermOnsetAmt>
              <WBCurrentTermOffsetAmt id="W94B65EDE392448AE95334DEF40DAA319">
                <Amt>0</Amt>
              </WBCurrentTermOffsetAmt>
            </WBOnsetOffsetPremiumInfo>
            <WBPremiumInfo id="W7D00772FFCAE4F67914682931566ECE4">
              <WBCurrentTermAmt id="WBABAD88A5489480D8CBDEFD26048EDE0">
                <Amt>676</Amt>
                <offset>0</offset>
                <onset>676</onset>
              </WBCurrentTermAmt>
              <WBNetChangeAmt id="WED64EDB687B2499A95519130CC49EBDE">
                <Amt>676</Amt>
              </WBNetChangeAmt>
              <WBWrittenAmt id="W9FAE064B82B243DBA84F475271EE0325">
                <Amt>676</Amt>
              </WBWrittenAmt>
              <WBPriorCurrentTermAmt id="WDCFFE3E66E6446B581BF03C349BD9706">
                <Amt>0</Amt>
              </WBPriorCurrentTermAmt>
              <WBPriorWrittenAmt id="W8F38295DB44C492B93862B05D96EB846">
                <Amt>0</Amt>
              </WBPriorWrittenAmt>
              <WBCancelAmt id="WB31B5FFE702B427886978167716C16A3">
                <Amt>0</Amt>
              </WBCancelAmt>
            </WBPremiumInfo>
          </CoverageExt>
        </Coverage>
        <Coverage id="C9827781B0A1D423CB9CA1317C807D14F">
          <CoverageCd>COLL</CoverageCd>
          <Deductible id="D41B8003C91984AA683CBC9EABFAA8877">
            <FormatCurrencyAmt id="FF840A20E16F44FE0896277F3016E853B">
              <Amt>1000</Amt>
            </FormatCurrencyAmt>
            <DeductibleAppliesToCd>ACC</DeductibleAppliesToCd>
          </Deductible>
          <CreditOrSurcharge id="C5A3DBCD1D0284361B8DA614EE5794253">
            <CreditSurchargeCd>LFREE</CreditSurchargeCd>
            <NumericValue id="N540518136D254027BAA1648797C0992F" />
            <SecondaryCd>CFAEST</SecondaryCd>
            <WBRatingAppliedInd>0</WBRatingAppliedInd>
          </CreditOrSurcharge>
          <EffectiveDt>2020-01-25</EffectiveDt>
          <ExpirationDt>2021-01-25</ExpirationDt>
          <ProRateFactor>1</ProRateFactor>
          <CoverageSupplement id="C3FDDEF5EB0C34205B37944ADB48FE0FB">
            <CoverageSubCd>COLL</CoverageSubCd>
          </CoverageSupplement>
          <CoverageExt id="C965E0ED9C5B143FCB8805648BC514DBE">
            <WBOnsetOffsetPremiumInfo id="WDC5F5D20A8284FB3BE97CC27599F855D">
              <WBCurrentTermOnsetAmt id="WE11DD90FCEA24CAC9244556E92B19018">
                <Amt>658</Amt>
              </WBCurrentTermOnsetAmt>
              <WBCurrentTermOffsetAmt id="W8A30F6BB4AE64B34A12DEC2EBCF8B7EB">
                <Amt>0</Amt>
              </WBCurrentTermOffsetAmt>
            </WBOnsetOffsetPremiumInfo>
            <WBPremiumInfo id="W1456B96666044A4199C05B7739ECD769">
              <WBCurrentTermAmt id="W7C0573972D1949F588EF27553DB49B84">
                <Amt>658</Amt>
              </WBCurrentTermAmt>
              <WBNetChangeAmt id="W688AEB6E517A4CA9879D58A7AE37656C">
                <Amt>658</Amt>
              </WBNetChangeAmt>
              <WBWrittenAmt id="W0F7B4B291CEF405B853005ECFAF8022A">
                <Amt>658</Amt>
              </WBWrittenAmt>
              <WBPriorCurrentTermAmt id="W57F88AD0FAC34982B41514CDC39E7B70">
                <Amt>0</Amt>
              </WBPriorCurrentTermAmt>
              <WBPriorWrittenAmt id="WF4848AA76A174CEB9EBCBC530BAE8FD3">
                <Amt>0</Amt>
              </WBPriorWrittenAmt>
              <WBCancelAmt id="W3F8004334210491F8A910437BD38DF8C">
                <Amt>0</Amt>
              </WBCancelAmt>
            </WBPremiumInfo>
          </CoverageExt>
        </Coverage>
        <Coverage id="C054CA61C358B442AADACE77471F7CD6F">
          <CoverageCd>BI</CoverageCd>
          <Limit id="L8D740F0D055B411F80117817BF0391F0">
            <FormatCurrencyAmt id="F0D305719635447C89652927E21DC2028">
              <Amt>100000</Amt>
            </FormatCurrencyAmt>
            <LimitAppliesToCd>BIEachPers</LimitAppliesToCd>
          </Limit>
          <Limit id="LC9CC10DC185940CB85BE6C968A9D8FE8">
            <FormatCurrencyAmt id="F66067A876A6F4B04A6417F712885BAC4">
              <Amt>300000</Amt>
            </FormatCurrencyAmt>
            <LimitAppliesToCd>PerAcc</LimitAppliesToCd>
          </Limit>
          <CreditOrSurcharge id="CC75A8ADF8F5F426F91321EDBE13EF9A7">
            <CreditSurchargeCd>LFREE</CreditSurchargeCd>
            <NumericValue id="N7026FC98B0D146CC83FD28D12F23DD99" />
            <SecondaryCd>CFAEST</SecondaryCd>
            <WBRatingAppliedInd>0</WBRatingAppliedInd>
          </CreditOrSurcharge>
          <EffectiveDt>2020-01-25</EffectiveDt>
          <ExpirationDt>2021-01-25</ExpirationDt>
          <ProRateFactor>1</ProRateFactor>
          <CoverageSupplement id="C0812B24D14C84A4B8F653EBAAD8CF342">
            <CoverageSubCd>BI</CoverageSubCd>
          </CoverageSupplement>
          <CoverageExt id="C02DEC814AEEB4375962B91864D8E881F">
            <WBOnsetOffsetPremiumInfo id="W627521726DE24AB08CB19D7F9ABBAF96">
              <WBCurrentTermOnsetAmt id="W8940674CE8DB40CF8FF81416AACAD411">
                <Amt>426</Amt>
              </WBCurrentTermOnsetAmt>
              <WBCurrentTermOffsetAmt id="W45BC36A39016479CB335E42A1AE4E971">
                <Amt>0</Amt>
              </WBCurrentTermOffsetAmt>
            </WBOnsetOffsetPremiumInfo>
            <WBPremiumInfo id="WDBD4AC4B70C34F54AC789F7F6E7E836F">
              <WBCurrentTermAmt id="W62B5B37BCAB24D26B2910BDB3BE3AA7E">
                <Amt>426</Amt>
              </WBCurrentTermAmt>
              <WBNetChangeAmt id="W5CD5004BA3794386B147AE7939CB4C0F">
                <Amt>426</Amt>
              </WBNetChangeAmt>
              <WBWrittenAmt id="W5E6943943DAC4497AD43DD0CC58567AC">
                <Amt>426</Amt>
              </WBWrittenAmt>
              <WBPriorCurrentTermAmt id="WF03B6A1F0D1E4E1F8557D18C6AF9F5AD">
                <Amt>0</Amt>
              </WBPriorCurrentTermAmt>
              <WBPriorWrittenAmt id="W70348FFA7FAE4141882234ADCB4D87AE">
                <Amt>0</Amt>
              </WBPriorWrittenAmt>
              <WBCancelAmt id="WBA844FEC3773483EBAA87602FFA3FA27">
                <Amt>0</Amt>
              </WBCancelAmt>
            </WBPremiumInfo>
          </CoverageExt>
        </Coverage>
        <Coverage id="C034ECAFD9BE8402A9DC1B0C5F8A80B22">
          <CoverageCd>PD</CoverageCd>
          <Limit id="L34CBF42A0C5A4B49811F106B149119B4">
            <FormatCurrencyAmt id="F06C59CBB9A8B4C6D99C1B19AC60A0755">
              <Amt>100000</Amt>
            </FormatCurrencyAmt>
            <LimitAppliesToCd>PerAcc</LimitAppliesToCd>
          </Limit>
          <CreditOrSurcharge id="CFF9287DEC74F492893B0B92BFF45B8EF">
            <CreditSurchargeCd>LFREE</CreditSurchargeCd>
            <NumericValue id="N0BEFCC223C9B4F2086B796AF73C8D47A" />
            <SecondaryCd>CFAEST</SecondaryCd>
            <WBRatingAppliedInd>0</WBRatingAppliedInd>
          </CreditOrSurcharge>
          <EffectiveDt>2020-01-25</EffectiveDt>
          <ExpirationDt>2021-01-25</ExpirationDt>
          <ProRateFactor>1</ProRateFactor>
          <CoverageSupplement id="C87D3BB00DD3F4DBCAAEE6BCEC94DCF2E">
            <CoverageSubCd>PD</CoverageSubCd>
          </CoverageSupplement>
          <CoverageExt id="CA7FF90A94A814D679B1266829352ADA3">
            <WBOnsetOffsetPremiumInfo id="WD77EB775069D4D449581EE0F8033D37C">
              <WBCurrentTermOnsetAmt id="W92B5B3364E9D4E418ADAF2C5FE480F2B">
                <Amt>239</Amt>
              </WBCurrentTermOnsetAmt>
              <WBCurrentTermOffsetAmt id="W293BACCBDF8548E3846C3312EAA0F301">
                <Amt>0</Amt>
              </WBCurrentTermOffsetAmt>
            </WBOnsetOffsetPremiumInfo>
            <WBPremiumInfo id="W3CCD13D0AAB046579B19C543740B5CC0">
              <WBCurrentTermAmt id="WC89296D3F52941E88B49AD6F4F8B23DF">
                <Amt>239</Amt>
              </WBCurrentTermAmt>
              <WBNetChangeAmt id="W0E89D380BD4D4C5B93A4D351B804C8D4">
                <Amt>239</Amt>
              </WBNetChangeAmt>
              <WBWrittenAmt id="W8831B9B8F320420E9BBE6D3A999EFAED">
                <Amt>239</Amt>
              </WBWrittenAmt>
              <WBPriorCurrentTermAmt id="W154151011E334A2DA78756B8FDBE353C">
                <Amt>0</Amt>
              </WBPriorCurrentTermAmt>
              <WBPriorWrittenAmt id="W0424B663668340E69736D9583A144FAB">
                <Amt>0</Amt>
              </WBPriorWrittenAmt>
              <WBCancelAmt id="W0B86666B48134081A03F1369A07CE755">
                <Amt>0</Amt>
              </WBCancelAmt>
            </WBPremiumInfo>
          </CoverageExt>
        </Coverage>
        <Coverage id="C33076F314D5D4423B6B3180690D921B9">
          <CoverageCd>UM</CoverageCd>
          <Limit id="LCF90C9E9AFFE4D009AE9CF0EA6DD3E48">
            <FormatCurrencyAmt id="F04808DC56D6345C8A15C6A82C4BBC080">
              <Amt>100000</Amt>
            </FormatCurrencyAmt>
            <LimitAppliesToCd>PerPerson</LimitAppliesToCd>
          </Limit>
          <Limit id="L0FB8917D9C1C4D9496E6AC3809F3286D">
            <FormatCurrencyAmt id="F69FA96BE60674262B9054497B075CEBB">
              <Amt>300000</Amt>
            </FormatCurrencyAmt>
            <LimitAppliesToCd>PerAcc</LimitAppliesToCd>
          </Limit>
          <CreditOrSurcharge id="C91872A83760B4B3192C46D5E7DEC640A">
            <CreditSurchargeCd>LFREE</CreditSurchargeCd>
            <NumericValue id="N7D97CAD2D2D94E09B4BCA19491C2B23A" />
            <SecondaryCd>CFAEST</SecondaryCd>
            <WBRatingAppliedInd>0</WBRatingAppliedInd>
          </CreditOrSurcharge>
          <EffectiveDt>2020-01-25</EffectiveDt>
          <ExpirationDt>2021-01-25</ExpirationDt>
          <ProRateFactor>1</ProRateFactor>
          <CoverageSupplement id="CC0279BD27C1A4D13BEBB3985844BAE69">
            <CoverageSubCd>UMSP</CoverageSubCd>
          </CoverageSupplement>
          <CoverageExt id="C770879C1926F42A38455666DA8D9BA89">
            <WBOnsetOffsetPremiumInfo id="WDF944AB63E284EAA912AA71D18B0800F">
              <WBCurrentTermOnsetAmt id="WAA34F36E6D2447E9826AEC0696F188A4">
                <Amt>251</Amt>
              </WBCurrentTermOnsetAmt>
              <WBCurrentTermOffsetAmt id="WD08270D0265C438682081CF511212952">
                <Amt>0</Amt>
              </WBCurrentTermOffsetAmt>
            </WBOnsetOffsetPremiumInfo>
            <WBPremiumInfo id="WF271254101A64A18AD73358233C4DE67">
              <WBCurrentTermAmt id="W0D45604BB48B4615974A886343EF18CE">
                <Amt>251</Amt>
              </WBCurrentTermAmt>
              <WBNetChangeAmt id="W9535A5693A1040C6BB2336BA27A4F8F3">
                <Amt>251</Amt>
              </WBNetChangeAmt>
              <WBWrittenAmt id="W924C2647C90B414CA343F6B9D1B3E284">
                <Amt>251</Amt>
              </WBWrittenAmt>
              <WBPriorCurrentTermAmt id="WF03D0CD1E56947E3AE40617A55776B19">
                <Amt>0</Amt>
              </WBPriorCurrentTermAmt>
              <WBPriorWrittenAmt id="WD9311AF03CF94C86BBC122680DBFD60D">
                <Amt>0</Amt>
              </WBPriorWrittenAmt>
              <WBCancelAmt id="WC2BD0749761240F7A884DA705B91AEDD">
                <Amt>0</Amt>
              </WBCancelAmt>
            </WBPremiumInfo>
          </CoverageExt>
        </Coverage>
        <Coverage id="C65C31D10CB164B2BA2F30945DE9CADB9">
          <CoverageCd>UNDUM</CoverageCd>
          <Limit id="LA4F9268066874CE59ECDABFB8F3157C6">
            <FormatCurrencyAmt id="F620D1AC2D7A440158FA4927C78256B81">
              <Amt>100000</Amt>
            </FormatCurrencyAmt>
            <LimitAppliesToCd>PerPerson</LimitAppliesToCd>
          </Limit>
          <Limit id="LB3FBDC425D5A42E5B536F64C45D67304">
            <FormatCurrencyAmt id="F353DA2E07DC54B719D2F9692FEBBE0EC">
              <Amt>300000</Amt>
            </FormatCurrencyAmt>
            <LimitAppliesToCd>PerAcc</LimitAppliesToCd>
          </Limit>
          <EffectiveDt>2020-01-25</EffectiveDt>
          <ExpirationDt>2021-01-25</ExpirationDt>
          <ProRateFactor>1</ProRateFactor>
          <CoverageSupplement id="C0DD5AADF3F504EF49FD06010FFA60F34">
            <CoverageSubCd>UNDMSP</CoverageSubCd>
          </CoverageSupplement>
          <CoverageExt id="CF5DD0226034D4B2EBBED3424EC4426BA">
            <WBOnsetOffsetPremiumInfo id="W2D0EE57E8D774914BA40028080CAF18E">
              <WBCurrentTermOnsetAmt id="W4B81A1C2024746E58BFA2B5E40B0BF3B">
                <Amt>18</Amt>
              </WBCurrentTermOnsetAmt>
              <WBCurrentTermOffsetAmt id="WCE99ACCE9B234708845E3BE3599F18BB">
                <Amt>0</Amt>
              </WBCurrentTermOffsetAmt>
            </WBOnsetOffsetPremiumInfo>
            <WBPremiumInfo id="WC0D91F0D0BAC4D7AB9F48740052C61FF">
              <WBCurrentTermAmt id="W96A181A429374C578A871348D54FA08E">
                <Amt>18</Amt>
              </WBCurrentTermAmt>
              <WBNetChangeAmt id="WFFD9D5D4E8EE447498FDC82278C2795C">
                <Amt>18</Amt>
              </WBNetChangeAmt>
              <WBWrittenAmt id="W54B5F70B52A4449D98DD21CC8602EBCE">
                <Amt>18</Amt>
              </WBWrittenAmt>
              <WBPriorCurrentTermAmt id="W234F29D1654F4EF89061C56FE86A53E8">
                <Amt>0</Amt>
              </WBPriorCurrentTermAmt>
              <WBPriorWrittenAmt id="WC19942419F6442DCA5B21A0B329DA805">
                <Amt>0</Amt>
              </WBPriorWrittenAmt>
              <WBCancelAmt id="W40B8A33F97BC49769E4673F507EDF063">
                <Amt>0</Amt>
              </WBCancelAmt>
            </WBPremiumInfo>
          </CoverageExt>
        </Coverage>
        <Coverage id="CAC2FED3F60F642CD899F23A0AF7C28C4">
          <CoverageCd>MEDPM</CoverageCd>
          <Limit id="L1CD59BCC1048415B99640D8CE3F06405">
            <FormatCurrencyAmt id="FCCA5F887A71D40079450D79F45DEFD52">
              <Amt>5000</Amt>
            </FormatCurrencyAmt>
            <LimitAppliesToCd>PerPerson</LimitAppliesToCd>
          </Limit>
          <EffectiveDt>2020-01-25</EffectiveDt>
          <ExpirationDt>2021-01-25</ExpirationDt>
          <ProRateFactor>1</ProRateFactor>
          <CoverageSupplement id="C48E033A5EC794AEFB371BF23F40C2D38">
            <CoverageSubCd>MP</CoverageSubCd>
          </CoverageSupplement>
          <CoverageExt id="C5ADF736190C943E3A7C8B52C5C6C2983">
            <WBOnsetOffsetPremiumInfo id="WC2678A7EC7324AD9A09C6DAF7213B819">
              <WBCurrentTermOnsetAmt id="W01DE1F1BA1FD43E3BDDF3ADBC255FDE9">
                <Amt>27</Amt>
              </WBCurrentTermOnsetAmt>
              <WBCurrentTermOffsetAmt id="WDE8AA15391844E139D2B6D026A9863E7">
                <Amt>0</Amt>
              </WBCurrentTermOffsetAmt>
            </WBOnsetOffsetPremiumInfo>
            <WBPremiumInfo id="W63E4BAC156D7498DAC90C725008D498F">
              <WBCurrentTermAmt id="W87CBFD15DB184102B5CFFF80E2EF4446">
                <Amt>27</Amt>
              </WBCurrentTermAmt>
              <WBNetChangeAmt id="W1EA27541EF0A41F5AB5DCE2F671D1031">
                <Amt>27</Amt>
              </WBNetChangeAmt>
              <WBWrittenAmt id="W5D1B856F0FD44DEDACBA982FC5571CF9">
                <Amt>27</Amt>
              </WBWrittenAmt>
              <WBPriorCurrentTermAmt id="WAD260262718E4CFC900DA5F6EB87CA92">
                <Amt>0</Amt>
              </WBPriorCurrentTermAmt>
              <WBPriorWrittenAmt id="W9D7E21B30B6D44B3B247A8F8E32F9F9D">
                <Amt>0</Amt>
              </WBPriorWrittenAmt>
              <WBCancelAmt id="W0AC9E27C86164C8B8273E3C42C6C0950">
                <Amt>0</Amt>
              </WBCancelAmt>
            </WBPremiumInfo>
          </CoverageExt>
        </Coverage>
        <Coverage id="C7C1F5E9C19974187A98ECD3C639AE6BE">
          <CoverageCd>TRNEX</CoverageCd>
          <Limit id="L5B65580FF20141F7A4DD8E98A1E02709">
            <FormatCurrencyAmt id="F73541EABA9CB49589428C589F8474188">
              <Amt>50</Amt>
            </FormatCurrencyAmt>
            <LimitAppliesToCd>PerDay</LimitAppliesToCd>
          </Limit>
          <Limit id="LA9478E78A7804D1E83DBDF0FE48DA4AA">
            <FormatCurrencyAmt id="F1E7AC597AC424DAA84A861B35587F7E1">
              <Amt>1500</Amt>
            </FormatCurrencyAmt>
            <LimitAppliesToCd>EachClaim</LimitAppliesToCd>
          </Limit>
          <CreditOrSurcharge id="C3D45AB3BCB74406DA7B4CB16913EEA7C">
            <CreditSurchargeCd>LFREE</CreditSurchargeCd>
            <NumericValue id="N5E0F7DDBFA97420EA9833AA7746C162D" />
            <SecondaryCd>CFAEST</SecondaryCd>
            <WBRatingAppliedInd>0</WBRatingAppliedInd>
          </CreditOrSurcharge>
          <EffectiveDt>2020-01-25</EffectiveDt>
          <ExpirationDt>2021-01-25</ExpirationDt>
          <ProRateFactor>1</ProRateFactor>
          <CoverageSupplement id="CD13396635FB64CACB31AEBB1F8788C60">
            <CoverageSubCd>TRNSEXP</CoverageSubCd>
          </CoverageSupplement>
          <CoverageExt id="C313CA972EDDC4F8E82C7B66BFF81BFA6">
            <WBOnsetOffsetPremiumInfo id="W9DF7D78A0A3845CCAA1F80A5BE050634">
              <WBCurrentTermOnsetAmt id="WCC433EF2D0E847A5ABCF3D8567906CD7">
                <Amt>18</Amt>
              </WBCurrentTermOnsetAmt>
              <WBCurrentTermOffsetAmt id="W84267B363AF14C60A0CE204A06606DD2">
                <Amt>0</Amt>
              </WBCurrentTermOffsetAmt>
            </WBOnsetOffsetPremiumInfo>
            <WBPremiumInfo id="W8025A890441F4060B609D8B198D9110D">
              <WBCurrentTermAmt id="W714F4DA098C140DAB5B42CA475726B89">
                <Amt>18</Amt>
                <offset>0</offset>
                <onset>18</onset>
              </WBCurrentTermAmt>
              <WBNetChangeAmt id="WDE56FFD496D5461A87A9B41115A0E498">
                <Amt>18</Amt>
              </WBNetChangeAmt>
              <WBWrittenAmt id="W824ADAA2E2694CA9B364C7124D179F4A">
                <Amt>18</Amt>
              </WBWrittenAmt>
              <WBPriorCurrentTermAmt id="WC52A41C547C64DFA85C76163311DC255">
                <Amt>0</Amt>
              </WBPriorCurrentTermAmt>
              <WBPriorWrittenAmt id="W5BA2D0C62C0D40008B12809CE71C4C05">
                <Amt>0</Amt>
              </WBPriorWrittenAmt>
              <WBCancelAmt id="W1C3F2031515D42E0A98E5194092D5D10">
                <Amt>0</Amt>
              </WBCancelAmt>
            </WBPremiumInfo>
          </CoverageExt>
        </Coverage>
        <CreditOrSurcharge id="C2A9D9F85FE9B4288A464E965829B6CE4">
          <SecondaryCd>AHS</SecondaryCd>
          <WBRatingAppliedInd>1</WBRatingAppliedInd>
        </CreditOrSurcharge>
        <CreditOrSurcharge id="C16411C291D1A481EBB2B2CBBB1048678">
          <SecondaryCd>AOM</SecondaryCd>
          <WBRatingAppliedInd>0</WBRatingAppliedInd>
        </CreditOrSurcharge>
        <CreditOrSurcharge id="C201C0B7C2FBC43F790831D80088B5FFA">
          <SecondaryCd>BWS</SecondaryCd>
          <WBRatingAppliedInd>0</WBRatingAppliedInd>
        </CreditOrSurcharge>
        <CreditOrSurcharge id="C51AB267873E346DD868F7402A73ED596">
          <SecondaryCd>DFSS</SecondaryCd>
          <WBRatingAppliedInd>0</WBRatingAppliedInd>
        </CreditOrSurcharge>
        <CreditOrSurcharge id="C4DDC1B70DE2D4ED68F2F6CD61A0FA98A">
          <WBRatingAppliedInd>0</WBRatingAppliedInd>
          <SecondaryCd />
        </CreditOrSurcharge>
        <CreditOrSurcharge id="CA4445E6434E64EC28AFDF6F0299831F4">
          <SecondaryCd>BSM</SecondaryCd>
          <WBRatingAppliedInd>0</WBRatingAppliedInd>
        </CreditOrSurcharge>
        <CreditOrSurcharge id="C11663AFA667C4B3F846FD9470DDB93F7">
          <SecondaryCd>GDSTD</SecondaryCd>
          <WBRatingAppliedInd>0</WBRatingAppliedInd>
        </CreditOrSurcharge>
        <CreditOrSurcharge id="CDF5CF481AB684DA9A63FE9BF4982A807">
          <SecondaryCd>GRSTD</SecondaryCd>
          <WBRatingAppliedInd>0</WBRatingAppliedInd>
        </CreditOrSurcharge>
        <CreditOrSurcharge id="C9A376D154B6F457A848C94E9D52C7FEA">
          <SecondaryCd>RSTD</SecondaryCd>
          <WBRatingAppliedInd>0</WBRatingAppliedInd>
        </CreditOrSurcharge>
        <CreditOrSurcharge id="CD4095C26DE3A42F3918B4B962798A71C">
          <SecondaryCd>MIL</SecondaryCd>
          <WBRatingAppliedInd>0</WBRatingAppliedInd>
        </CreditOrSurcharge>
        <ComprehensiveOTCSymbolCd>16</ComprehensiveOTCSymbolCd>
        <CollisionSymbolCd>16</CollisionSymbolCd>
        <QuestionAnswer id="Q3AECDC5CA8EF42B5B475843D41B57696">
          <QuestionCd>VEH01</QuestionCd>
          <YesNoCd>NO</YesNoCd>
        </QuestionAnswer>
        <QuestionAnswer id="Q5878FB743E5D4DBD9F5FB1101F4BAA2F">
          <QuestionCd>VEH02</QuestionCd>
          <YesNoCd>DRV</YesNoCd>
          <Explanation>101</Explanation>
        </QuestionAnswer>
        <VehicleExt id="VE68682ECC6904EE6B7DE828BC091BB91">
          <ClassCode>1233</ClassCode>
          <WBMileage id="W803339F2FD8F46AAA2B73D5A7319EECD">
            <WBAnnualMileageMAMCd>E</WBAnnualMileageMAMCd>
          </WBMileage>
          <WBISOBodyStyleDesc>4-Door Sedan</WBISOBodyStyleDesc>
          <WBFinancialResponsibilityCnt>0</WBFinancialResponsibilityCnt>
          <WBRiskTerm id="W286C8B7181694E5BA1A1247A5E019D3F">
            <WBRiskEffectiveDt>2020-01-25</WBRiskEffectiveDt>
            <WBRiskExpirationDt>2021-01-25</WBRiskExpirationDt>
          </WBRiskTerm>
          <WBSubtotalInfo id="WC8B64BB97DAB42CCAC8BA2E84B92AD74">
            <WBSubtotalInfoTypeCd>CFA</WBSubtotalInfoTypeCd>
            <WBCurrentTermAmt id="W58D26561B92449DFA2056DF8D3F4BA82">
              <Amt>71</Amt>
            </WBCurrentTermAmt>
          </WBSubtotalInfo>
          <WBSubtotalInfo id="W0E255357AB8F4D29B4D2141C9E025328">
            <WBSubtotalInfoTypeCd>VEH</WBSubtotalInfoTypeCd>
            <WBCurrentTermAmt id="WB3A5F0D565B547D3A356583AD736EEB6">
              <Amt>2313</Amt>
            </WBCurrentTermAmt>
          </WBSubtotalInfo>
          <WBVehicleAge>14</WBVehicleAge>
          <WBRecordInfo id="W8ABD7003EE26480B99170AE978C0AA60">
            <WBRecordModifyType>O</WBRecordModifyType>
            <WBRecordSource>APP-PREFILL</WBRecordSource>
          </WBRecordInfo>
          <WBThirdPartyReport id="W2AF25E8827784F0C81FDE8076F5E6987">
            <WBReportTypeCd>VINMASTER</WBReportTypeCd>
            <WBReportOrderStatus>Returned</WBReportOrderStatus>
          </WBThirdPartyReport>
          <WBOnsetOffsetPremiumInfo id="WA30286A8D5A744A09673236B01CFB39E">
            <WBCurrentTermOnsetAmt id="W67863487E00549D2AD0425FDC434C027" />
            <WBCurrentTermOffsetAmt id="WDCBBD7CAF7E747108C2608D7C6C80744" />
          </WBOnsetOffsetPremiumInfo>
          <WBPremiumInfo id="W54F4F3D5FE954A31A38C33B12836EC32">
            <WBCurrentTermAmt id="WF093C39C4A564ABAA2BDDA66291CE9C0">
              <Amt>2313</Amt>
            </WBCurrentTermAmt>
            <WBNetChangeAmt id="W540D7EB01F944279911495AB6357FE9B">
              <Amt>2313</Amt>
            </WBNetChangeAmt>
            <WBWrittenAmt id="W33E89D74B7AF4CE2AC33D5739B71CD53">
              <Amt>2313</Amt>
            </WBWrittenAmt>
            <WBPriorCurrentTermAmt id="W38C127693E1F40479CAB89C180904D36">
              <Amt>0</Amt>
            </WBPriorCurrentTermAmt>
            <WBPriorWrittenAmt id="W6B4401CBF16D473686A36A104051F81D">
              <Amt>0</Amt>
            </WBPriorWrittenAmt>
            <WBCancelAmt id="W641F0ED062B5414380AD55CDB71C408F" />
          </WBPremiumInfo>
          <WBPhysicalDamageOnlyInd>0</WBPhysicalDamageOnlyInd>
          <WBCustomEquipInd>0</WBCustomEquipInd>
          <WBAdaptiveHeadlightSystemInd>0</WBAdaptiveHeadlightSystemInd>
          <WBAutonomousOperationsModeInd>0</WBAutonomousOperationsModeInd>
          <WBBackupWarningSystemInd>0</WBBackupWarningSystemInd>
          <WBBlindSpotLaneOrDepartureMonitoringCd />
          <WBDriverFatigueSensingSystemInd>0</WBDriverFatigueSensingSystemInd>
          <WBForwardCrashAvoidanceCd />
          <Form id="FA5FC85D8779C4A6FAB21038D7EE265C3">
            <FormNumber>PP0001Q</FormNumber>
            <EditionDt>2019-01-01</EditionDt>
            <FormName>Personal Auto Policy</FormName>
            <EffectiveDt>2020-01-25</EffectiveDt>
          </Form>
          <Form id="F5B310AA5CE0C4AB4934B2AF2B879088A">
            <FormNumber>DC0009</FormNumber>
            <EditionDt>2019-01-01</EditionDt>
            <FormName>Transportation Expenses</FormName>
            <EffectiveDt>2020-01-25</EffectiveDt>
          </Form>
          <Form id="FB694F7AAE4034A8E9EBF759CD8E831EC">
            <FormNumber>PP0477Q</FormNumber>
            <EditionDt>2019-01-01</EditionDt>
            <FormName>Uninsured Motorists Coverage - AZ</FormName>
            <EffectiveDt>2020-01-25</EffectiveDt>
          </Form>
          <Form id="F958802F0317C4910A618D08F530742AB">
            <FormNumber>PP0489Q</FormNumber>
            <EditionDt>2019-01-01</EditionDt>
            <FormName>Underinsured Motorists Coverage - AZ</FormName>
            <EffectiveDt>2020-01-25</EffectiveDt>
          </Form>
          <Form id="FDC03A9198C2D4D5983092432983A6F69">
            <FormNumber>PP0348Q</FormNumber>
            <EditionDt>2019-01-01</EditionDt>
            <FormName>Full Safety Glass Coverage - AZ</FormName>
            <EffectiveDt>2020-01-25</EffectiveDt>
          </Form>
        </VehicleExt>
        <VehUseCd />
      </Vehicle>
      <QuestionAnswer id="Q67B6D2FCBA2E457F81AC05267B19E63B">
        <QuestionCd>AUTOP03</QuestionCd>
        <YesNoCd>NO</YesNoCd>
      </QuestionAnswer>
      <QuestionAnswer id="QA7103106703341E48B903FD3D994B008">
        <QuestionCd>VEH03</QuestionCd>
        <YesNoCd>NO</YesNoCd>
      </QuestionAnswer>
      <QuestionAnswer id="Q54D8AA08F1EC42949AEDA165C7FC476E">
        <QuestionCd>VEH04</QuestionCd>
        <YesNoCd>NO</YesNoCd>
      </QuestionAnswer>
      <PersAutoLineBusinessExt id="PBDACADEB665C4284927F1361A7C90729">
        <WBSubtotalInfo id="W1C016BCBEF774F0C82F306451371F6B3">
          <WBSubtotalInfoTypeCd>CFA</WBSubtotalInfoTypeCd>
          <WBCurrentTermAmt id="W1E11CCCFA6A54AA0A96CB1840EBD80B0">
            <Amt>72</Amt>
          </WBCurrentTermAmt>
        </WBSubtotalInfo>
        <WBOnsetOffsetPremiumInfo id="WFCFAA35CEC5041DC97C23D30CC1711AA">
          <WBCurrentTermOnsetAmt id="WE57C63B7CC46430286663A60B3380563" />
          <WBCurrentTermOffsetAmt id="WF49735DECF7640438AE6925F42246CB9" />
        </WBOnsetOffsetPremiumInfo>
        <WBPermissiveUseCnt>0</WBPermissiveUseCnt>
        <WBPremiumInfo id="WD6A07B1DFF464B6C8F92295C659FA484">
          <WBCurrentTermAmt id="WADEB9DBA3F03484E976545C56DA0EA7F">
            <Amt>2358</Amt>
          </WBCurrentTermAmt>
          <WBNetChangeAmt id="W99524373D2BF422FB59357E9723944F6">
            <Amt>2358</Amt>
          </WBNetChangeAmt>
          <WBWrittenAmt id="W3EC362753D654CAD93C2CEF46B3B8BA3">
            <Amt>2358</Amt>
          </WBWrittenAmt>
          <WBPriorCurrentTermAmt id="W4F343500559B4035A4CCA91FD23223E6">
            <Amt>0</Amt>
          </WBPriorCurrentTermAmt>
          <WBPriorWrittenAmt id="W76587DF47329449F9B9E7CDFC1D6A80A">
            <Amt>0</Amt>
          </WBPriorWrittenAmt>
          <WBCancelAmt id="WF0B8C4541DAF4ED3B378F48B41DD62FA" />
        </WBPremiumInfo>
        <WBAATAFeeCnt>1</WBAATAFeeCnt>
      </PersAutoLineBusinessExt>
    </PersAutoLineBusiness>
    <PolicyExt id="PA6C5DC3434E2449BB00ED71C1F026B64">
      <AutoCompositionFactorCd>F</AutoCompositionFactorCd>
      <WBTransactionStatusDesc>Committed</WBTransactionStatusDesc>
      <WBQuoteStatusDesc>Issued</WBQuoteStatusDesc>
      <CreditOrSurcharge id="C7DCDE514009E4EF9AFA4FBEAE8B7545C">
        <SecondaryCd>HCD</SecondaryCd>
        <WBRatingAppliedInd>1</WBRatingAppliedInd>
      </CreditOrSurcharge>
      <CreditOrSurcharge id="C34FF19A725634328816F939204C307CE">
        <WBRatingAppliedInd>1</WBRatingAppliedInd>
        <SecondaryCd />
      </CreditOrSurcharge>
      <WBHouseholdCompositionInd>0</WBHouseholdCompositionInd>
      <WBSubtotalInfo id="W847A2C8318F94B46B7411AF42E2CCA48">
        <WBSubtotalInfoTypeCd>CFA</WBSubtotalInfoTypeCd>
        <WBCurrentTermAmt id="W1DA76CF8B8A04784A7CBAE94F3726D40">
          <Amt>72</Amt>
        </WBCurrentTermAmt>
      </WBSubtotalInfo>
      <WBThirdPartyReport id="WBEF54801BB0E402DA66EC4C7EBF3F90C">
        <WBReportTypeCd>APD</WBReportTypeCd>
        <WBReportOrderDt>2020-01-25</WBReportOrderDt>
        <WBReportOrderStatus>Returned</WBReportOrderStatus>
        <WBReportExpirationDt>2020-04-25</WBReportExpirationDt>
      </WBThirdPartyReport>
      <WBThirdPartyReport id="WC9C3BE78979D40FABF86C06AEF7F8097">
        <WBReportTypeCd>CLUE-AUTO</WBReportTypeCd>
        <WBReportOrderDt>2020-01-25</WBReportOrderDt>
        <WBReportOrderStatus>No Hit</WBReportOrderStatus>
        <WBReportExpirationDt>2020-04-25</WBReportExpirationDt>
      </WBThirdPartyReport>
      <WBPolicyAge>0</WBPolicyAge>
      <WBOnsetOffsetPremiumInfo id="W161837CF104D454B9F5C2737D10E9202">
        <WBCurrentTermOnsetAmt id="W3ADD392DC7FA44659896BEE0E0660E4F" />
        <WBCurrentTermOffsetAmt id="W1CC687B6307B42CAA5292353EC906E53" />
      </WBOnsetOffsetPremiumInfo>
      <WBPremiumInfo id="WCB63BF0060254798957AC1A814403B21">
        <WBCurrentTermAmt id="WFB4F37876DDB40A4BA447D0D2A703AAB">
          <Amt>2358</Amt>
        </WBCurrentTermAmt>
        <WBNetChangeAmt id="W7352CDC44CD3433987AC8814FB249A63">
          <Amt>2358</Amt>
        </WBNetChangeAmt>
        <WBWrittenAmt id="W6E9358342CD0448AB5EA79CFEBFE8638">
          <Amt>2358</Amt>
        </WBWrittenAmt>
        <WBPriorCurrentTermAmt id="WA7CD20612FB9484BB518AC2990E152AA">
          <Amt>0</Amt>
        </WBPriorCurrentTermAmt>
        <WBPriorWrittenAmt id="W8C6DDA1856FC4E11AD9C457F8F602E48">
          <Amt>0</Amt>
        </WBPriorWrittenAmt>
        <WBCancelAmt id="W0BCC5A936821427FB596C382E504B3EE" />
      </WBPremiumInfo>
      <WBPriorPolicyCnt>1</WBPriorPolicyCnt>
      <WBPolicyIssue id="WF43F76CD7AA54848986569A81C3FFDAB">
        <WBPolicyIssueCd>N</WBPolicyIssueCd>
      </WBPolicyIssue>
      <WBPolicyInceptionDateInfo id="W49DD2596ADA94A88A0415D4067EE6C20">
        <WBPolicyUWInceptionDt>2020-01-25</WBPolicyUWInceptionDt>
        <WBPolicyUWDtOverrideInd>0</WBPolicyUWDtOverrideInd>
      </WBPolicyInceptionDateInfo>
      <WBPolicyTenureAge>0</WBPolicyTenureAge>
      <WBAssocGroupType />
      <WBGroupAssocName />
    </PolicyExt>
    <GroupId />
    <Form id="FAA0B8D0CC0AD4288912AAF9E02CC9274">
      <FormNumber>DC877B</FormNumber>
      <EditionDt>2019-01-01</EditionDt>
      <FormName>Consumer Report Disclosure Notice</FormName>
      <EffectiveDt>2020-01-25</EffectiveDt>
    </Form>
    <Form id="F57C29E25D7FC47E0A5D8E7828EF3AEDA">
      <FormNumber>DC2177</FormNumber>
      <EditionDt>2019-01-01</EditionDt>
      <FormName>Membership and Voting Rights Notice</FormName>
      <EffectiveDt>2020-01-25</EffectiveDt>
    </Form>
    <Form id="F95B0AA7EE5A5471380B1313539209503">
      <FormNumber>DC249</FormNumber>
      <EditionDt>2019-01-01</EditionDt>
      <FormName>Coordination of Deductible Clause</FormName>
      <EffectiveDt>2020-01-25</EffectiveDt>
    </Form>
    <Form id="F915634B9CC5344BDAD9717D5315D99B3">
      <FormNumber>DC1188</FormNumber>
      <EditionDt>2019-01-01</EditionDt>
      <FormName>West Bend Privacy Statement</FormName>
      <EffectiveDt>2020-01-25</EffectiveDt>
    </Form>
    <Form id="FFDCBA279F7AF4A5FB8D675EB3B8C63D3">
      <FormNumber>DC1491</FormNumber>
      <EditionDt>2019-01-01</EditionDt>
      <FormName>Payment Plan Options</FormName>
      <EffectiveDt>2020-01-25</EffectiveDt>
    </Form>
  </Policy>
</PolicyRs>