<PolicyRs xmlns="http://www.acord.org/schema/PC/xml/2">
  <BusinessPurposeTypeCd>PCH</BusinessPurposeTypeCd>
  <TransactionEffectiveDt>2019-08-15</TransactionEffectiveDt>
  <TransactionSeqNumber>2</TransactionSeqNumber>
  <ModInfo id="ME7637BAF7AAB4BB6ADAFB76400F971B9" IdRef="V71F92362A1A54FE3BCA4E621FE6E662B">
    <ActionCd>M</ActionCd>
    <ChangeDesc>Modify Vehicle</ChangeDesc>
  </ModInfo>
  <Policy id="P468CEF2B9DAA445091F79A73EC91BF51">
    <PolicyNumber>A615674</PolicyNumber>
    <PolicyVersion>00</PolicyVersion>
    <CompanyProductCd>801</CompanyProductCd>
    <BroadLOBCd>1</BroadLOBCd>
    <ControllingStateProvCd>MI</ControllingStateProvCd>
    <ContractTerm id="CE58ECE895F0D44A788112106AFA00F62">
      <EffectiveDt>2019-08-01</EffectiveDt>
      <ExpirationDt>2020-08-01</ExpirationDt>
    </ContractTerm>
    <GroupId>5</GroupId>
    <NumLosses>0</NumLosses>
    <PaymentOption id="PD8E82B62207E4AED97D44DB150E11284">
      <PaymentPlanCd>QT</PaymentPlanCd>
    </PaymentOption>
    <QuoteInfo id="Q5DB6694DD54E4E4D95AFE1B0AE5524FC">
      <InitialQuoteRequestDt>2019-08-01</InitialQuoteRequestDt>
    </QuoteInfo>
    <CreditScoreInfo id="C31158386CCF54A948E50454D4D741415">
      <CreditScore>998</CreditScore>
      <CreditScoreDt>2019-08-01</CreditScoreDt>
      <CSPolicyTypeCd>Auto</CSPolicyTypeCd>
      <CreditScoreInfoExt id="C81FC68667D194C8491ABA6098619628A">
        <WBInsuranceScore id="W410CC65A34D949ACBAFB15F9EE1EAF78">
          <WBRatingScore>998</WBRatingScore>
        </WBInsuranceScore>
      </CreditScoreInfoExt>
    </CreditScoreInfo>
    <PolicyStatusCd>InForce</PolicyStatusCd>
    <UnderwritingDecisionInfo id="U474D76C9AD36412FBBC9A1280482D01D">
      <SystemUnderwritingDecisionDt>2019-08-01</SystemUnderwritingDecisionDt>
      <UnderwritingScoreNumber>9840</UnderwritingScoreNumber>
      <UnderwritingRuleInfo id="U0E8ED47CB5B24A10963CA86B3BCEA860">
        <UnderwritingDecisionCd>Refer</UnderwritingDecisionCd>
        <UnderwritingScoreNumber>120</UnderwritingScoreNumber>
        <UnderwritingRuleInfoExt id="UBD76ADBC6D07497C91EF27437AE1254C">
          <WBRuleIDDesc>RX4223</WBRuleIDDesc>
          <WBRuleMessageDesc>Auto - Refer to Underwriting due to business use on 2016 ASTON MARTIN V8 VANTAGE GT.</WBRuleMessageDesc>
          <WBRuleSeverityCd>3</WBRuleSeverityCd>
        </UnderwritingRuleInfoExt>
      </UnderwritingRuleInfo>
      <UnderwritingRuleInfo id="U806BB0108F9F46F6B7D9B9A26BF680B0">
        <UnderwritingDecisionCd>Refer</UnderwritingDecisionCd>
        <UnderwritingScoreNumber>3000</UnderwritingScoreNumber>
        <UnderwritingRuleInfoExt id="U4ADC7178AB9749FD9026C0C179E5DE09">
          <WBRuleIDDesc>RX4368</WBRuleIDDesc>
          <WBRuleMessageDesc>Auto - Not eligible for coverage due to due to business use on 2016 ASTON MARTIN V8 VANTAGE GT not titled in insured's personal name.</WBRuleMessageDesc>
          <WBRuleSeverityCd>1</WBRuleSeverityCd>
        </UnderwritingRuleInfoExt>
      </UnderwritingRuleInfo>
      <UnderwritingRuleInfo id="U92A948BEB56D4227B82BBAB7D72F0BE6">
        <UnderwritingDecisionCd>Refer</UnderwritingDecisionCd>
        <UnderwritingScoreNumber>120</UnderwritingScoreNumber>
        <UnderwritingRuleInfoExt id="U91AE663DC02B4978A8DDBD360D105DB5">
          <WBRuleIDDesc>RX2875</WBRuleIDDesc>
          <WBRuleMessageDesc>Auto - Refer to Underwriting due to responsibility filing for Lucky Test</WBRuleMessageDesc>
          <WBRuleSeverityCd>3</WBRuleSeverityCd>
        </UnderwritingRuleInfoExt>
      </UnderwritingRuleInfo>
      <UnderwritingRuleInfo id="UD49119487A53477682D6D74045187F04">
        <UnderwritingDecisionCd>Refer</UnderwritingDecisionCd>
        <UnderwritingScoreNumber>120</UnderwritingScoreNumber>
        <UnderwritingRuleInfoExt id="U3D0BC489912E4C7BAB9ACF7B5673958F">
          <WBRuleIDDesc>RX4217</WBRuleIDDesc>
          <WBRuleMessageDesc>Auto - New driver Lucky Test added to the policy; MVR and Auto Loss History reports will be ordered by Underwriting.</WBRuleMessageDesc>
          <WBRuleSeverityCd>3</WBRuleSeverityCd>
        </UnderwritingRuleInfoExt>
      </UnderwritingRuleInfo>
      <UnderwritingRuleInfo id="U2D6C5571144341A6BE91A4E228F4158E">
        <UnderwritingDecisionCd>Refer</UnderwritingDecisionCd>
        <UnderwritingScoreNumber>120</UnderwritingScoreNumber>
        <UnderwritingRuleInfoExt id="U86E9C7F604354F9D97CD09F913F13255">
          <WBRuleIDDesc>RX4223</WBRuleIDDesc>
          <WBRuleMessageDesc>Auto - Refer to Underwriting due to business use on 2014 MASERATI GRANTURISMO.</WBRuleMessageDesc>
          <WBRuleSeverityCd>3</WBRuleSeverityCd>
        </UnderwritingRuleInfoExt>
      </UnderwritingRuleInfo>
      <UnderwritingRuleInfo id="U2AAF6E75457D4FCCBF0F1E995150430F">
        <UnderwritingDecisionCd>Refer</UnderwritingDecisionCd>
        <UnderwritingScoreNumber>3000</UnderwritingScoreNumber>
        <UnderwritingRuleInfoExt id="UEB983473622F44C8BB3954F74B575E64">
          <WBRuleIDDesc>RX4368</WBRuleIDDesc>
          <WBRuleMessageDesc>Auto - Not eligible for coverage due to due to business use on 2014 MASERATI GRANTURISMO not titled in insured's personal name.</WBRuleMessageDesc>
          <WBRuleSeverityCd>1</WBRuleSeverityCd>
        </UnderwritingRuleInfoExt>
      </UnderwritingRuleInfo>
      <UnderwritingRuleInfo id="U8EBBA207AAA247DBB01A0D9BC537AAFC">
        <UnderwritingDecisionCd>Refer</UnderwritingDecisionCd>
        <UnderwritingScoreNumber>120</UnderwritingScoreNumber>
        <UnderwritingRuleInfoExt id="UECD9361BCFBD4508962E89622CEF1A30">
          <WBRuleIDDesc>RX4427</WBRuleIDDesc>
          <WBRuleMessageDesc>Auto - Refer to Underwriting due to SR22 responsibility filing and change made to 2014 MASERATI GRANTURISMO.� Need SR22 update for change to vehicle.</WBRuleMessageDesc>
          <WBRuleSeverityCd>3</WBRuleSeverityCd>
        </UnderwritingRuleInfoExt>
      </UnderwritingRuleInfo>
      <UnderwritingRuleInfo id="UE35934CDE69D495595564F67CA63BC22">
        <UnderwritingDecisionCd>Refer</UnderwritingDecisionCd>
        <UnderwritingScoreNumber>120</UnderwritingScoreNumber>
        <UnderwritingRuleInfoExt id="U99D858FCA7E24EF4843480BCA15617C2">
          <WBRuleIDDesc>RX4427</WBRuleIDDesc>
          <WBRuleMessageDesc>Auto - Refer to Underwriting due to SR22 responsibility filing and change made to 2014 BMW 328D.� Need SR22 update for change to vehicle.</WBRuleMessageDesc>
          <WBRuleSeverityCd>3</WBRuleSeverityCd>
        </UnderwritingRuleInfoExt>
      </UnderwritingRuleInfo>
      <UnderwritingRuleInfo id="U59830E1FC33947DCB562966B1E5A348B">
        <UnderwritingDecisionCd>Refer</UnderwritingDecisionCd>
        <UnderwritingScoreNumber>120</UnderwritingScoreNumber>
        <UnderwritingRuleInfoExt id="UD59ECA9084D8437E842FAFB99299305C">
          <WBRuleIDDesc>RX4223</WBRuleIDDesc>
          <WBRuleMessageDesc>Auto - Refer to Underwriting due to business use on 2017 BMW 320I.</WBRuleMessageDesc>
          <WBRuleSeverityCd>3</WBRuleSeverityCd>
        </UnderwritingRuleInfoExt>
      </UnderwritingRuleInfo>
      <UnderwritingRuleInfo id="U7164BB038F1440C5876F411411DC8A6A">
        <UnderwritingDecisionCd>Refer</UnderwritingDecisionCd>
        <UnderwritingScoreNumber>3000</UnderwritingScoreNumber>
        <UnderwritingRuleInfoExt id="UE7C3CFF17370405EAA285C2EEFD08128">
          <WBRuleIDDesc>RX4368</WBRuleIDDesc>
          <WBRuleMessageDesc>Auto - Not eligible for coverage due to due to business use on 2017 BMW 320I not titled in insured's personal name.</WBRuleMessageDesc>
          <WBRuleSeverityCd>1</WBRuleSeverityCd>
        </UnderwritingRuleInfoExt>
      </UnderwritingRuleInfo>
      <UnderwritingDecisionInfoExt id="U59140FC53A0A48FA91D9561C37D2323A">
        <WBUpdatedCumulativeScore>9840</WBUpdatedCumulativeScore>
      </UnderwritingDecisionInfoExt>
    </UnderwritingDecisionInfo>
    <PaidInFullInd>0</PaidInFullInd>
    <Producer id="P26DDCBBFD6164B22A88641CD10B0BA6B" />
    <InsuredOrPrincipal id="I8ACFA6657B6B4701A6FF29BE3A391A8B">
      <ItemIdInfo id="IAF9902ABF33D40CC9476AA47C509614E">
        <InsurerId>1000295275</InsurerId>
      </ItemIdInfo>
      <Relationship id="R8921C13158E942349C26AF81AA2563D4" RelationshipToRef="P468CEF2B9DAA445091F79A73EC91BF51">
        <RelationshipToCd>FNI</RelationshipToCd>
      </Relationship>
      <Name>Lucky test</Name>
      <Addr id="A9BFED62C5DDD44F5B6A7C7954FA1A857">
        <AddrTypeCd>InsuredsAddress</AddrTypeCd>
        <Addr1>500 S State St</Addr1>
        <City>Ann Arbor</City>
        <StateProvCd>MI</StateProvCd>
        <PostalCode>48109-1382</PostalCode>
        <CountryCd>USA</CountryCd>
        <Latitude>42.275831</Latitude>
        <Longitude>-83.740888</Longitude>
        <County>Washtenaw County</County>
        <AddrExt id="A88C042B97E9545B5BFA074C6AD2D5D28">
          <WBAddressStandardization id="W9714D4C5985C46A4B635319FDA83EBC0">
            <WBAddrStandardizeStreetName>State</WBAddrStandardizeStreetName>
            <WBAddrStandardizeStreetTypeCd>St</WBAddrStandardizeStreetTypeCd>
            <WBAddrStandardizeStreetNumber>500</WBAddrStandardizeStreetNumber>
            <WBConfidence>100</WBConfidence>
            <WBAddrStandardizeLeadingDirectional>S</WBAddrStandardizeLeadingDirectional>
            <WBAddrStandardizeStatus>Accepted</WBAddrStandardizeStatus>
          </WBAddressStandardization>
        </AddrExt>
      </Addr>
      <Addr id="A804D4E70E2904506BEDA96005D61B3AA">
        <AddrTypeCd>MailingAddress</AddrTypeCd>
        <Addr1>500 S State St</Addr1>
        <City>Ann Arbor</City>
        <StateProvCd>MI</StateProvCd>
        <PostalCode>48109-1382</PostalCode>
        <CountryCd>USA</CountryCd>
        <Latitude>42.275831</Latitude>
        <Longitude>-83.740888</Longitude>
        <County>Washtenaw County</County>
        <AddrExt id="A8005E660CAC642949BF5B147B7E8789F">
          <WBAddressStandardization id="W283FF5CB62F04DB890D3FBD8C61F33DB">
            <WBAddrStandardizeStreetName>Main</WBAddrStandardizeStreetName>
            <WBAddrStandardizeStreetTypeCd>St</WBAddrStandardizeStreetTypeCd>
            <WBAddrStandardizeStreetNumber>777</WBAddrStandardizeStreetNumber>
            <WBConfidence>100</WBConfidence>
            <WBAddrStandardizeLeadingDirectional>N</WBAddrStandardizeLeadingDirectional>
            <WBAddrStandardizeStatus>Accepted</WBAddrStandardizeStatus>
          </WBAddressStandardization>
        </AddrExt>
      </Addr>
      <Addr id="A9FB5C7EAF6E2471BB5ED0FA2C480D9D2">
        <AddrTypeCd>BillingAddress</AddrTypeCd>
      </Addr>
      <Communications id="C370B7B9AD1FC43DCB492FC2A45243B89" />
      <Surname>test</Surname>
      <GivenName>Lucky</GivenName>
      <GenderCd>M</GenderCd>
      <BirthDt>1990-08-01</BirthDt>
      <MaritalStatusCd>S</MaritalStatusCd>
    </InsuredOrPrincipal>
    <PersAutoLineBusiness id="PA9531B6AB8CD48C390461262A7312BBC">
      <CompanyProductCd>850</CompanyProductCd>
      <Driver id="D6D593A211C6541A48116A3299752FCF0">
        <ItemIdInfo id="IE24E8F11927C4629B12D9311DCEE4C3B">
          <InsurerId>1100</InsurerId>
        </ItemIdInfo>
        <Relationship id="R9E73CEAE53CB4816A4D0D4F0F302504D" RelationshipToRef="I8ACFA6657B6B4701A6FF29BE3A391A8B">
          <RelationshipToCd>IN</RelationshipToCd>
        </Relationship>
        <Relationship id="RB375ACF78F064F809433179725C453BD" RelationshipToRef="V60946FCC2D4F44BF98AD6B4FAC680E95">
          <RelationshipToCd>DRV</RelationshipToCd>
          <RelationshipDesc>PRINCIPAL</RelationshipDesc>
        </Relationship>
        <Relationship id="R0236810E26FA42569472B934A83503DF" RelationshipToRef="VAB0B33684DA84C49B56B193F004AEC39">
          <RelationshipToCd>DRV</RelationshipToCd>
          <RelationshipDesc>PRINCIPAL</RelationshipDesc>
        </Relationship>
        <License id="LF18822DBA5624E7AAD3B3633D0D0902C">
          <LicenseTypeCd>Driver</LicenseTypeCd>
          <LicenseStatusCd>VALID</LicenseStatusCd>
          <LicensePermitNumber>T91T4WX9D0100</LicensePermitNumber>
          <StateProvCd>MI</StateProvCd>
        </License>
        <Addr id="A8841A4A37AC24CB980E8311E9D8BE382">
          <AddrTypeCd>InsuredsAddress</AddrTypeCd>
          <Addr1>500 S State St</Addr1>
          <City>Ann Arbor</City>
          <StateProvCd>MI</StateProvCd>
          <PostalCode>48109-1382</PostalCode>
          <CountryCd>USA</CountryCd>
          <Latitude>42.275831</Latitude>
          <Longitude>-83.740888</Longitude>
          <County>Washtenaw County</County>
          <AddrExt id="A0BAAC585CEA848F9A6E86AC5ED9C67E2">
            <WBAddressStandardization id="W85E3B62EB9324D768EED0E5AF2A904A6">
              <WBAddrStandardizeStreetName>State</WBAddrStandardizeStreetName>
              <WBAddrStandardizeStreetTypeCd>St</WBAddrStandardizeStreetTypeCd>
              <WBAddrStandardizeStreetNumber>500</WBAddrStandardizeStreetNumber>
              <WBConfidence>100</WBConfidence>
              <WBAddrStandardizeLeadingDirectional>S</WBAddrStandardizeLeadingDirectional>
              <WBAddrStandardizeStatus>Accepted</WBAddrStandardizeStatus>
            </WBAddressStandardization>
          </AddrExt>
        </Addr>
        <Surname>test</Surname>
        <GivenName>Lucky</GivenName>
        <GenderCd>M</GenderCd>
        <BirthDt>1990-08-01</BirthDt>
        <MaritalStatusCd>S</MaritalStatusCd>
        <OccupationClassCd>AUD</OccupationClassCd>
        <MembershipInfo id="MFAD139BD70D447379359AC8AB3B229B0">
          <MembershipTypeCd>5</MembershipTypeCd>
          <MembershipInfoExt id="M388570AEC228411C93A7D871A235540E">
            <WBMembershipName>American Institute of Certified Public Accountants</WBMembershipName>
          </MembershipInfoExt>
        </MembershipInfo>
        <QuestionAnswer id="Q2E59F49EDD3E4AA490D26373736A96AC">
          <QuestionCd>DRV04</QuestionCd>
          <YesNoCd>YES</YesNoCd>
          <QuestionText>licensedLastFive</QuestionText>
        </QuestionAnswer>
        <QuestionAnswer id="QE85F81CED01546D8B13205C9655A74F2">
          <QuestionCd>DRV05</QuestionCd>
          <YesNoCd>YES</YesNoCd>
          <QuestionText>isIndiviualLicensed</QuestionText>
        </QuestionAnswer>
        <QuestionAnswer id="Q42910B178CE24EA9A418395F87D49A35">
          <QuestionCd>DRV06</QuestionCd>
          <YesNoCd>NO</YesNoCd>
        </QuestionAnswer>
        <QuestionAnswer id="QE76E27ABF08449BD9296E11AB1A55839">
          <QuestionCd>DRV01</QuestionCd>
          <YesNoCd>NO</YesNoCd>
        </QuestionAnswer>
        <FinancialResponsibilityFiling id="FF0B7A1B1F5A64EC89520EA6F433C0605">
          <FilingCd>3</FilingCd>
          <FilingOriginalDt>2019-08-01</FilingOriginalDt>
          <FilingReasonCd>MINV</FilingReasonCd>
          <ReasonForFilingDesc>Minor driving violations</ReasonForFilingDesc>
        </FinancialResponsibilityFiling>
        <ContinuousInsuranceCd>ContinuousLessThan6Months</ContinuousInsuranceCd>
        <DriverExt id="D957BB140ACE24AD7A902EE51A25A1CB7">
          <YouthfulInd>0</YouthfulInd>
          <WBIsMinor>0</WBIsMinor>
          <WBRiskTerm id="WA24C5E94147B431B80254EA1F4319D46">
            <WBRiskEffectiveDt>2019-08-01</WBRiskEffectiveDt>
            <WBRiskExpirationDt>2020-08-01</WBRiskExpirationDt>
          </WBRiskTerm>
          <WBDriverAge>29</WBDriverAge>
          <WBInexperiencedOperatorInd>0</WBInexperiencedOperatorInd>
          <WBAdvantageDriverInd>1</WBAdvantageDriverInd>
        </DriverExt>
      </Driver>
      <Driver id="D5F53BA4653FC44E995508C5EF8C68115">
        <ItemIdInfo id="IFF9694CD059146A6B66C10B5629AABBA">
          <InsurerId>1200</InsurerId>
        </ItemIdInfo>
        <Relationship id="RFB5C04405323478898F70D2522EBE97A" RelationshipToRef="I8ACFA6657B6B4701A6FF29BE3A391A8B">
          <RelationshipToCd>SP</RelationshipToCd>
        </Relationship>
        <Relationship id="R7B3768202AE64DDC90F074CA29DA93B0" RelationshipToRef="V441AD46825C446E195AB2DE19A531D9D">
          <RelationshipToCd>DRV</RelationshipToCd>
          <RelationshipDesc>PRINCIPAL</RelationshipDesc>
        </Relationship>
        <License id="LF135DC92C40A4DCEB7D91A83C98C0255">
          <LicenseTypeCd>Driver</LicenseTypeCd>
          <LicenseStatusCd>VALID</LicenseStatusCd>
          <LicensePermitNumber>T91T4WX9D0100</LicensePermitNumber>
          <StateProvCd>MI</StateProvCd>
        </License>
        <Addr id="ABFD1BCCBFEF84C6B81850F067C4F7675">
          <AddrTypeCd>InsuredsAddress</AddrTypeCd>
          <Addr1>500 S State St</Addr1>
          <City>Ann Arbor</City>
          <StateProvCd>MI</StateProvCd>
          <PostalCode>48109-1382</PostalCode>
          <CountryCd>USA</CountryCd>
          <Latitude>42.275831</Latitude>
          <Longitude>-83.740888</Longitude>
          <County>Washtenaw County</County>
          <AddrExt id="A24495917D61B4B54BC848CE51059C1A3">
            <WBAddressStandardization id="W61B1B8DFE42448F080F936CDE00EFD07">
              <WBAddrStandardizeStreetName>State</WBAddrStandardizeStreetName>
              <WBAddrStandardizeStreetTypeCd>St</WBAddrStandardizeStreetTypeCd>
              <WBAddrStandardizeStreetNumber>500</WBAddrStandardizeStreetNumber>
              <WBConfidence>100</WBConfidence>
              <WBAddrStandardizeLeadingDirectional>S</WBAddrStandardizeLeadingDirectional>
              <WBAddrStandardizeStatus>Accepted</WBAddrStandardizeStatus>
            </WBAddressStandardization>
          </AddrExt>
        </Addr>
        <Surname>two</Surname>
        <GivenName>Driver</GivenName>
        <GenderCd>M</GenderCd>
        <BirthDt>1990-08-01</BirthDt>
        <MaritalStatusCd>S</MaritalStatusCd>
        <OccupationClassCd>BAD</OccupationClassCd>
        <QuestionAnswer id="Q36B76041C3C0418CB7856F09678BF04D">
          <QuestionCd>DRV04</QuestionCd>
          <YesNoCd>YES</YesNoCd>
          <QuestionText>licensedLastFive</QuestionText>
        </QuestionAnswer>
        <QuestionAnswer id="QE2809165F1484228934D565B33168AEF">
          <QuestionCd>DRV05</QuestionCd>
          <YesNoCd>YES</YesNoCd>
          <QuestionText>isIndiviualLicensed</QuestionText>
        </QuestionAnswer>
        <DriverExt id="D7378E37FF3FE4F519A9A23569AFEF16A">
          <YouthfulInd>0</YouthfulInd>
          <WBIsMinor>0</WBIsMinor>
          <WBRiskTerm id="WC36704642E4542239E7CDFAE64104A59">
            <WBRiskEffectiveDt>2019-08-01</WBRiskEffectiveDt>
            <WBRiskExpirationDt>2020-08-01</WBRiskExpirationDt>
          </WBRiskTerm>
          <WBDriverAge>29</WBDriverAge>
          <WBInexperiencedOperatorInd>0</WBInexperiencedOperatorInd>
          <WBAdvantageDriverInd>0</WBAdvantageDriverInd>
        </DriverExt>
      </Driver>
      <Driver id="D9CDC0DE37B59424CB8AB871B96054E7B">
        <ItemIdInfo id="IA067A39FD57C4310AF0C99A8D6745445">
          <InsurerId>2300</InsurerId>
        </ItemIdInfo>
        <Relationship id="R5F47A47E751340A985BC7B8F962BED60" RelationshipToRef="I8ACFA6657B6B4701A6FF29BE3A391A8B">
          <RelationshipToCd>CH</RelationshipToCd>
        </Relationship>
        <Relationship id="RADECE234AB474A63B25C2C2DC39A8853" RelationshipToRef="VC9A12A5958C8426C8DB98DA6AE2CC26B">
          <RelationshipToCd>DRV</RelationshipToCd>
          <RelationshipDesc>PRINCIPAL</RelationshipDesc>
        </Relationship>
        <Relationship id="R8A384B43AA3D4673830CC89E7BA20694" RelationshipToRef="V71F92362A1A54FE3BCA4E621FE6E662B">
          <RelationshipToCd>DRV</RelationshipToCd>
          <RelationshipDesc>PRINCIPAL</RelationshipDesc>
        </Relationship>
        <License id="L3C2ECF0E1FB54294A944C6B272D15D8B">
          <LicenseTypeCd>Driver</LicenseTypeCd>
          <LicenseStatusCd>VALID</LicenseStatusCd>
          <LicensePermitNumber>T91T4WX9D0100</LicensePermitNumber>
          <StateProvCd>MI</StateProvCd>
        </License>
        <Addr id="AD0B69A7FFA6C4C5F9FDA57DAE846660E">
          <AddrTypeCd>InsuredsAddress</AddrTypeCd>
          <Addr1>500 S State St</Addr1>
          <City>Ann Arbor</City>
          <StateProvCd>MI</StateProvCd>
          <PostalCode>48109-1382</PostalCode>
          <CountryCd>USA</CountryCd>
          <Latitude>42.275831</Latitude>
          <Longitude>-83.740888</Longitude>
          <County>Washtenaw County</County>
          <AddrExt id="ADA9DECB0A022490E88B558C9EC766AAA">
            <WBAddressStandardization id="WD2B8C72D6D144A1BAAFBBF068E6EA2CC">
              <WBAddrStandardizeStreetName>State</WBAddrStandardizeStreetName>
              <WBAddrStandardizeStreetTypeCd>St</WBAddrStandardizeStreetTypeCd>
              <WBAddrStandardizeStreetNumber>500</WBAddrStandardizeStreetNumber>
              <WBConfidence>100</WBConfidence>
              <WBAddrStandardizeLeadingDirectional>S</WBAddrStandardizeLeadingDirectional>
              <WBAddrStandardizeStatus>Accepted</WBAddrStandardizeStatus>
            </WBAddressStandardization>
          </AddrExt>
        </Addr>
        <Surname>Test</Surname>
        <GivenName>Lucky</GivenName>
        <GenderCd>M</GenderCd>
        <BirthDt>1990-08-01</BirthDt>
        <MaritalStatusCd>S</MaritalStatusCd>
        <QuestionAnswer id="Q79188EAA027B459099AF453539CE278A">
          <QuestionCd>DRV04</QuestionCd>
          <YesNoCd>YES</YesNoCd>
          <QuestionText>licensedLastFive</QuestionText>
        </QuestionAnswer>
        <QuestionAnswer id="Q1A5C666226564C6D93EB8F2A5036E84F">
          <QuestionCd>DRV05</QuestionCd>
          <YesNoCd>YES</YesNoCd>
          <QuestionText>isIndiviualLicensed</QuestionText>
        </QuestionAnswer>
        <FinancialResponsibilityFiling id="F84142F3FE7294FBA9D8D0228D0960611">
          <FilingCd>3</FilingCd>
        </FinancialResponsibilityFiling>
        <DriverExt id="DF4E952D656284E2C96466F989F34CEE9">
          <YouthfulInd>0</YouthfulInd>
          <WBIsMinor>0</WBIsMinor>
          <WBRiskTerm id="WDEFBD0884C4745A290467A4DE562A57A">
            <WBRiskEffectiveDt>2019-08-15</WBRiskEffectiveDt>
            <WBRiskExpirationDt>2020-08-01</WBRiskExpirationDt>
          </WBRiskTerm>
          <WBDriverAge>29</WBDriverAge>
          <WBInexperiencedOperatorInd>0</WBInexperiencedOperatorInd>
          <WBAdvantageDriverInd>0</WBAdvantageDriverInd>
        </DriverExt>
      </Driver>
      <Vehicle id="V71F92362A1A54FE3BCA4E621FE6E662B" RatedDriverRef="D9CDC0DE37B59424CB8AB871B96054E7B">
        <ItemIdInfo id="I7EE9A8E6D2DE471D90B0AF1C18361DD6">
          <InsurerId>1300</InsurerId>
        </ItemIdInfo>
        <Manufacturer>BMW</Manufacturer>
        <ManufacturerCd>BMW</ManufacturerCd>
        <Model>328D</Model>
        <ModelCd>328</ModelCd>
        <ModelYear>2014</ModelYear>
        <VehBodyTypeCd>VAN</VehBodyTypeCd>
        <Horsepower id="H29DA717523FF40E3A2662DCBDAF7660F">
          <NumUnits>2.0</NumUnits>
        </Horsepower>
        <VehIdentificationNumber>WBA3D3C5&amp;E</VehIdentificationNumber>
        <GrossVehWeight id="G8A69D1EE3C75471BBDF2D738B959A198">
          <NumUnits>9999</NumUnits>
        </GrossVehWeight>
        <ItemModificationInfo id="I87FCBEC7A55A452BA1F9E059A0879682">
          <ItemModificationInfoExt id="I40260148F04D4CF5A8B6A94E02595752">
            <WBHandicapInd>0</WBHandicapInd>
            <WBCustomEquipInd>0</WBCustomEquipInd>
          </ItemModificationInfoExt>
        </ItemModificationInfo>
        <DrivenByCoWorkersInd>0</DrivenByCoWorkersInd>
        <BIPDSymbolCd>280</BIPDSymbolCd>
        <MedPayPIPLiabilitySymbolCd>480</MedPayPIPLiabilitySymbolCd>
        <Addr id="A2A1F4B882B754DFAAC3E6DCADBB3E6A6">
          <AddrTypeCd>GaragingAddress</AddrTypeCd>
          <Addr1>500 S State St</Addr1>
          <City>Ann Arbor</City>
          <StateProvCd>MI</StateProvCd>
          <PostalCode>48109-1382</PostalCode>
          <CountryCd>USA</CountryCd>
          <Latitude>42.275831</Latitude>
          <Longitude>-83.740888</Longitude>
          <County>Washtenaw County</County>
          <Region>129</Region>
          <AddrExt id="AA63855A984744415BA501059982E5927">
            <WBRatedZipCd>48109</WBRatedZipCd>
            <WBRatedVehicleStateProvCd>MI</WBRatedVehicleStateProvCd>
            <WBAddressStandardization id="W094287BC11BF49ED80C4995509D8B40B">
              <WBAddrStandardizeStreetName>Crazy</WBAddrStandardizeStreetName>
              <WBAddrStandardizeStreetTypeCd>St</WBAddrStandardizeStreetTypeCd>
              <WBAddrStandardizeStreetNumber>999</WBAddrStandardizeStreetNumber>
              <WBConfidence>100</WBConfidence>
              <WBAddrStandardizeLeadingDirectional>S</WBAddrStandardizeLeadingDirectional>
              <WBAddrStandardizeStatus>Accepted</WBAddrStandardizeStatus>
            </WBAddressStandardization>
          </AddrExt>
        </Addr>
        <Coverage id="C082D0CE3246E42C6AB5F61F4787B8EDB">
          <CoverageCd>COMP</CoverageCd>
          <Deductible id="DA9CCAFA796FC434DAADFF53FDBB39653">
            <FormatCurrencyAmt id="F871F442F0D6F475DBAF626571ABC3721">
              <Amt>250</Amt>
            </FormatCurrencyAmt>
            <DeductibleAppliesToCd>ACC</DeductibleAppliesToCd>
          </Deductible>
          <Option id="ODACDFE65A7AB43318D2D27C3BB6529FB">
            <OptionCd>FG</OptionCd>
          </Option>
          <CreditOrSurcharge id="C36001C2AE1EB4740929A9BBE19DFDB42">
            <CreditSurchargeCd>LFREE</CreditSurchargeCd>
            <SecondaryCd>CFAEST</SecondaryCd>
            <WBRatingAppliedInd>0</WBRatingAppliedInd>
          </CreditOrSurcharge>
          <EffectiveDt>2019-08-01</EffectiveDt>
          <ExpirationDt>2020-08-01</ExpirationDt>
          <ProRateFactor>0.9617</ProRateFactor>
          <CoverageSupplement id="C7556C0C5B8F0438BB3720763197A5952">
            <CoverageSubCd>OTC</CoverageSubCd>
          </CoverageSupplement>
          <CoverageExt id="CB7C2E44018714AABB0BBD469B4C41981">
            <WBOnsetOffsetPremiumInfo id="W03708E2B537C486FB42D9984755CF315">
              <WBCurrentTermOnsetAmt id="WE357B5277A2E4DD9BC754AC2A3A7F77E">
                <Amt>1393</Amt>
              </WBCurrentTermOnsetAmt>
              <WBCurrentTermOffsetAmt id="W4BADAD8C059142C0A70C4B661DD3CB01">
                <Amt>1393</Amt>
              </WBCurrentTermOffsetAmt>
            </WBOnsetOffsetPremiumInfo>
            <WBPremiumInfo id="WBD0C36C5DE2C4E3BB8FAEBA65D530CF3">
              <WBCurrentTermAmt id="W0CB8F2E4A2E54278A80ED5EDCE80CA31">
                <Amt>1448</Amt>
              </WBCurrentTermAmt>
              <WBNetChangeAmt id="WB4B17F90641148D384102A998E8D5521">
                <Amt>0</Amt>
              </WBNetChangeAmt>
              <WBWrittenAmt id="W3356DB3B5F144D43BF24A6EF800430C8">
                <Amt>1448</Amt>
              </WBWrittenAmt>
              <WBPriorCurrentTermAmt id="W27CDF878F28B48048BC256A7FB4BD9C0">
                <Amt>1448</Amt>
              </WBPriorCurrentTermAmt>
              <WBPriorWrittenAmt id="WD4E273B3447A4EE084F1853E7433E24F">
                <Amt>1448</Amt>
              </WBPriorWrittenAmt>
              <WBCancelAmt id="W29AAADD14C044022B9BDDF2FE7354C1E">
                <Amt>0</Amt>
              </WBCancelAmt>
            </WBPremiumInfo>
          </CoverageExt>
        </Coverage>
        <Coverage id="C683A41AE1AD44503B1CF221AD15C3A30">
          <CoverageCd>COLL</CoverageCd>
          <Deductible id="D4EFAB7D2B8D5401CABA3554640A53879">
            <FormatCurrencyAmt id="FE53283E3119F451186BB743635711432">
              <Amt>100</Amt>
            </FormatCurrencyAmt>
            <DeductibleAppliesToCd>ACC</DeductibleAppliesToCd>
          </Deductible>
          <Option id="OB0463A8845A0438CAEF555817A23D5A5">
            <OptionCd>COL</OptionCd>
          </Option>
          <CreditOrSurcharge id="C2405A80BC9B544488D0C7D9DD0ACE10D">
            <CreditSurchargeCd>LFREE</CreditSurchargeCd>
            <SecondaryCd>CFAEST</SecondaryCd>
            <WBRatingAppliedInd>0</WBRatingAppliedInd>
          </CreditOrSurcharge>
          <EffectiveDt>2019-08-01</EffectiveDt>
          <ExpirationDt>2020-08-01</ExpirationDt>
          <ProRateFactor>0.9617</ProRateFactor>
          <CoverageSupplement id="C27DD1851A5144E18A3B27E05218939FF">
            <CoverageSubCd>COLL</CoverageSubCd>
          </CoverageSupplement>
          <CoverageExt id="CCA5550601DEF4513BE6F16A2B5E040FD">
            <WBOnsetOffsetPremiumInfo id="W9C30EA9AA053424690BCE3D10A0CA7F7">
              <WBCurrentTermOnsetAmt id="WA9957F40BEEA4873902877F91C3C872B">
                <Amt>4687</Amt>
              </WBCurrentTermOnsetAmt>
              <WBCurrentTermOffsetAmt id="WDCB1C6F3397146FE88F5AD4CBB12FCEA">
                <Amt>4687</Amt>
              </WBCurrentTermOffsetAmt>
            </WBOnsetOffsetPremiumInfo>
            <WBPremiumInfo id="W46060B71D1674928BDA0D6DB3EC751DC">
              <WBCurrentTermAmt id="W6B21B689B56A41EAA5010F9ECD8F73E1">
                <Amt>4874</Amt>
              </WBCurrentTermAmt>
              <WBNetChangeAmt id="W4AB87D6AE3324B609661EAC53CCBCB8D">
                <Amt>0</Amt>
              </WBNetChangeAmt>
              <WBWrittenAmt id="W4038835223874236BED7BC9ADBE531DC">
                <Amt>4874</Amt>
              </WBWrittenAmt>
              <WBPriorCurrentTermAmt id="WCE608026653642F5B78C8649E17685D0">
                <Amt>4874</Amt>
              </WBPriorCurrentTermAmt>
              <WBPriorWrittenAmt id="WA7FF048F55114FA89A33FBF0D7434332">
                <Amt>4874</Amt>
              </WBPriorWrittenAmt>
              <WBCancelAmt id="W3E37F722A9E943C5A0710EF4FE334A53">
                <Amt>0</Amt>
              </WBCancelAmt>
            </WBPremiumInfo>
          </CoverageExt>
        </Coverage>
        <Coverage id="CD5B35C745E4E4096BD4AC59452D09D82">
          <CoverageCd>BI</CoverageCd>
          <Limit id="LD9CECB34385641E9A0336E1ECA4B9AB1">
            <FormatCurrencyAmt id="FE98989354AF843C9B8F8C62AF2B8A9AE">
              <Amt>50000</Amt>
            </FormatCurrencyAmt>
            <LimitAppliesToCd>BIEachPers</LimitAppliesToCd>
          </Limit>
          <Limit id="L8DBD851735384906876DEFF5758D8364">
            <FormatCurrencyAmt id="FB3492015D5E249D19916207D743D99A7">
              <Amt>100000</Amt>
            </FormatCurrencyAmt>
            <LimitAppliesToCd>PerAcc</LimitAppliesToCd>
          </Limit>
          <CreditOrSurcharge id="C27F95F64011F48A5B9F722FABCF52812">
            <CreditSurchargeCd>LFREE</CreditSurchargeCd>
            <SecondaryCd>CFAEST</SecondaryCd>
            <WBRatingAppliedInd>0</WBRatingAppliedInd>
          </CreditOrSurcharge>
          <EffectiveDt>2019-08-01</EffectiveDt>
          <ExpirationDt>2020-08-01</ExpirationDt>
          <ProRateFactor>0.9617</ProRateFactor>
          <CoverageSupplement id="C84458F04EEF445B4A4746C6DCDF5A303">
            <CoverageSubCd>BI</CoverageSubCd>
          </CoverageSupplement>
          <CoverageExt id="C48416AD4233A4FF6A619D5F6DC83CD73">
            <WBOnsetOffsetPremiumInfo id="W12BAC36648A244AA8D708D2BF6496A76">
              <WBCurrentTermOnsetAmt id="W03CB40B3A78945859E8C6E3C61BBE6AE">
                <Amt>260</Amt>
              </WBCurrentTermOnsetAmt>
              <WBCurrentTermOffsetAmt id="W1B8A7822829E4E5BBF1ED54DD1A7DB72">
                <Amt>260</Amt>
              </WBCurrentTermOffsetAmt>
            </WBOnsetOffsetPremiumInfo>
            <WBPremiumInfo id="WB160E20F46B34FC8926731463145D215">
              <WBCurrentTermAmt id="W02E821D24C8C46B58E725C0FEC8819AC">
                <Amt>270</Amt>
              </WBCurrentTermAmt>
              <WBNetChangeAmt id="W7C368F9EAFC546EAA2604912291FB9DB">
                <Amt>0</Amt>
              </WBNetChangeAmt>
              <WBWrittenAmt id="W2C97A82456F94CBBB8CC47538F8A7E04">
                <Amt>270</Amt>
              </WBWrittenAmt>
              <WBPriorCurrentTermAmt id="W0D328DA753EF411B92513D08E49A5286">
                <Amt>270</Amt>
              </WBPriorCurrentTermAmt>
              <WBPriorWrittenAmt id="WE472466556CF4C338770FB7D73F8D969">
                <Amt>270</Amt>
              </WBPriorWrittenAmt>
              <WBCancelAmt id="WA862D99E4C70445A945CC463026C1E55">
                <Amt>0</Amt>
              </WBCancelAmt>
            </WBPremiumInfo>
          </CoverageExt>
        </Coverage>
        <Coverage id="C493AC4E9BECD45BCBACF1249456EA986">
          <CoverageCd>PD</CoverageCd>
          <Limit id="L184AF60CC9FB492CA47035F0E5D7B143">
            <FormatCurrencyAmt id="FA569E8CA657C47A49C77A12CCF6D11DE">
              <Amt>10000</Amt>
            </FormatCurrencyAmt>
            <LimitAppliesToCd>PerAcc</LimitAppliesToCd>
          </Limit>
          <CreditOrSurcharge id="C6D05EDCDF13141DC99EC4A8F46ECAA8F">
            <CreditSurchargeCd>LFREE</CreditSurchargeCd>
            <SecondaryCd>CFAEST</SecondaryCd>
            <WBRatingAppliedInd>0</WBRatingAppliedInd>
          </CreditOrSurcharge>
          <EffectiveDt>2019-08-01</EffectiveDt>
          <ExpirationDt>2020-08-01</ExpirationDt>
          <ProRateFactor>0.9617</ProRateFactor>
          <CoverageSupplement id="C01AD994742B7413DAA979E5DE16DA510">
            <CoverageSubCd>PD</CoverageSubCd>
          </CoverageSupplement>
          <CoverageExt id="C3EA60757A15C48B5980B69883D526DAE">
            <WBOnsetOffsetPremiumInfo id="WD702A39AD6904A2796E7D138C497C026">
              <WBCurrentTermOnsetAmt id="WFC676C84687549DCA255D0DF39663C9F">
                <Amt>31</Amt>
              </WBCurrentTermOnsetAmt>
              <WBCurrentTermOffsetAmt id="W44A3B2EB389F481FB008F37713B61026">
                <Amt>31</Amt>
              </WBCurrentTermOffsetAmt>
            </WBOnsetOffsetPremiumInfo>
            <WBPremiumInfo id="W75ED717F15064D6AB9E1EBECD6A165BD">
              <WBCurrentTermAmt id="WE4E7AAD3D936477CB166385A70B70C38">
                <Amt>32</Amt>
              </WBCurrentTermAmt>
              <WBNetChangeAmt id="WD9B825BC7FDD491B98E03E329C10096A">
                <Amt>0</Amt>
              </WBNetChangeAmt>
              <WBWrittenAmt id="W62AEB46540724190983E54995731587D">
                <Amt>32</Amt>
              </WBWrittenAmt>
              <WBPriorCurrentTermAmt id="W711AD2C23FB44C67960157369E49823D">
                <Amt>32</Amt>
              </WBPriorCurrentTermAmt>
              <WBPriorWrittenAmt id="WEF4B4671C1654B6B9CC09A4A9A830736">
                <Amt>32</Amt>
              </WBPriorWrittenAmt>
              <WBCancelAmt id="WB3188E7B52604CC8BDC533B4A30E2C78">
                <Amt>0</Amt>
              </WBCancelAmt>
            </WBPremiumInfo>
          </CoverageExt>
        </Coverage>
        <Coverage id="CC138B0AC680448A6B33DAFF2698CEEC9">
          <CoverageCd>LPD</CoverageCd>
          <Limit id="LB67AD8B98A7C42F2AA804FFFE65F63A4">
            <FormatCurrencyAmt id="F62883CAE9806406EB5240FD9999547A4">
              <Amt>1000</Amt>
            </FormatCurrencyAmt>
            <LimitAppliesToCd>EachClaim</LimitAppliesToCd>
          </Limit>
          <EffectiveDt>2019-08-01</EffectiveDt>
          <ExpirationDt>2020-08-01</ExpirationDt>
          <ProRateFactor>0.9617</ProRateFactor>
          <CoverageSupplement id="C4F01A1E7934B422DAD002896FD30B8C9">
            <CoverageSubCd>APD</CoverageSubCd>
          </CoverageSupplement>
          <CoverageExt id="C728DA1C138524FCBADEC8F26B73E4560">
            <WBOnsetOffsetPremiumInfo id="W13D1455C96AA4291B20225DD0ACEF5B0">
              <WBCurrentTermOnsetAmt id="W97BB9E313B7B4C39A213173AC18FA1D2">
                <Amt>0</Amt>
              </WBCurrentTermOnsetAmt>
              <WBCurrentTermOffsetAmt id="W16E825A75C4C4A389A32EFFF5AACA73C">
                <Amt>0</Amt>
              </WBCurrentTermOffsetAmt>
            </WBOnsetOffsetPremiumInfo>
            <WBPremiumInfo id="W02FA88ED61A94792B7E2D6688A12F8F9">
              <WBCurrentTermAmt id="W417396FB7E6144EF9C4917C01EE44A3E">
                <Amt>0</Amt>
              </WBCurrentTermAmt>
              <WBNetChangeAmt id="W0AED3450F1754DEB83E2CF7EF34D53EC">
                <Amt>0</Amt>
              </WBNetChangeAmt>
              <WBWrittenAmt id="WCE4EC58CA8C04752A5DE67BCAF8453BC">
                <Amt>0</Amt>
              </WBWrittenAmt>
              <WBPriorCurrentTermAmt id="WE68D587D4E93490FAF10189C294553A7">
                <Amt>0</Amt>
              </WBPriorCurrentTermAmt>
              <WBPriorWrittenAmt id="WE483A6800E764E6585FC681C04E8B766">
                <Amt>0</Amt>
              </WBPriorWrittenAmt>
              <WBCancelAmt id="WCB300D17D8D14050AFB4DE6278DA11A2">
                <Amt>0</Amt>
              </WBCancelAmt>
            </WBPremiumInfo>
          </CoverageExt>
        </Coverage>
        <Coverage id="CB949F1B303324082A28631218957D8F0">
          <CoverageCd>UM</CoverageCd>
          <Limit id="L7D11D6024CA14828873C4EBE7D12F88A">
            <FormatCurrencyAmt id="FF0ABBA0671EE47599658978F972E12BE">
              <Amt>50000</Amt>
            </FormatCurrencyAmt>
            <LimitAppliesToCd>EachClaim</LimitAppliesToCd>
          </Limit>
          <Limit id="L0E05D4AFF97F4E46AA956AC4D66E7E18">
            <FormatCurrencyAmt id="F3D5EB37DD8F546059779E3A111BF4186">
              <Amt>100000</Amt>
            </FormatCurrencyAmt>
            <LimitAppliesToCd>PerAcc</LimitAppliesToCd>
          </Limit>
          <CreditOrSurcharge id="C505312B42F3F40E4ABFDBDFEB18D0611">
            <CreditSurchargeCd>LFREE</CreditSurchargeCd>
            <SecondaryCd>CFAEST</SecondaryCd>
            <WBRatingAppliedInd>0</WBRatingAppliedInd>
          </CreditOrSurcharge>
          <EffectiveDt>2019-08-01</EffectiveDt>
          <ExpirationDt>2020-08-01</ExpirationDt>
          <ProRateFactor>0.9617</ProRateFactor>
          <CoverageSupplement id="C7CB2021612A74E02A8B007D1B55DD2F3">
            <CoverageSubCd>UMSP</CoverageSubCd>
          </CoverageSupplement>
          <CoverageExt id="C19AEF1CED0234623A893A63B6E532EDC">
            <WBOnsetOffsetPremiumInfo id="W52B787A79615482C9905355937D2CEB0">
              <WBCurrentTermOnsetAmt id="WE76BE7180FB84C2383DA13E4128BAEC4">
                <Amt>20</Amt>
              </WBCurrentTermOnsetAmt>
              <WBCurrentTermOffsetAmt id="WF38730B422F24840A204BA6E3AF386E2">
                <Amt>20</Amt>
              </WBCurrentTermOffsetAmt>
            </WBOnsetOffsetPremiumInfo>
            <WBPremiumInfo id="W9C46BDB9A0EC44908E0E4211DD393F7F">
              <WBCurrentTermAmt id="W298B2E7AC57C4BA6A621A4DCF5926661">
                <Amt>21</Amt>
              </WBCurrentTermAmt>
              <WBNetChangeAmt id="W5E51F1A96E1F476D99766C794EB8F1D3">
                <Amt>0</Amt>
              </WBNetChangeAmt>
              <WBWrittenAmt id="W1DFA3D5C339C4334BA00ED9E274DBECC">
                <Amt>21</Amt>
              </WBWrittenAmt>
              <WBPriorCurrentTermAmt id="W393EBCFCA98241D4B09D2990FA62C739">
                <Amt>21</Amt>
              </WBPriorCurrentTermAmt>
              <WBPriorWrittenAmt id="WB1BBD42EFC0640C4AACEB77DE15AF4F9">
                <Amt>21</Amt>
              </WBPriorWrittenAmt>
              <WBCancelAmt id="W7288AA5ABB754B6F8F21B37C6FA88779">
                <Amt>0</Amt>
              </WBCancelAmt>
            </WBPremiumInfo>
          </CoverageExt>
        </Coverage>
        <Coverage id="C4AE2AA7C0755422280C41D2D03E6B917">
          <CoverageCd>UNDUM</CoverageCd>
          <Limit id="LD3EF5F716B8C47159AA6B0C82795412B">
            <FormatCurrencyAmt id="FC302EB8E4D1A4BCB9EFF1DBEA6A54BEB">
              <Amt>50000</Amt>
            </FormatCurrencyAmt>
            <LimitAppliesToCd>EachClaim</LimitAppliesToCd>
          </Limit>
          <Limit id="L1DC6AAFCDD0F4ACC8FF5342A1B412864">
            <FormatCurrencyAmt id="F9D2978CF23BF4BEB98AFFE54A0956B24">
              <Amt>100000</Amt>
            </FormatCurrencyAmt>
            <LimitAppliesToCd>PerAcc</LimitAppliesToCd>
          </Limit>
          <EffectiveDt>2019-08-01</EffectiveDt>
          <ExpirationDt>2020-08-01</ExpirationDt>
          <ProRateFactor>0.9617</ProRateFactor>
          <CoverageSupplement id="C06E7F2FBBA2444EBA326EBEA81B13605">
            <CoverageSubCd>UNDMSP</CoverageSubCd>
          </CoverageSupplement>
          <CoverageExt id="CEB3BA90B05FF46BABE1F53B90990A9CB">
            <WBOnsetOffsetPremiumInfo id="W77593257B60F4E89BCBE5AB14FA60E26">
              <WBCurrentTermOnsetAmt id="WB22AD49655C34D8A8B67D73111B39646">
                <Amt>7</Amt>
              </WBCurrentTermOnsetAmt>
              <WBCurrentTermOffsetAmt id="W03371A94CFBE4AAD9274A0FEACC7B40F">
                <Amt>7</Amt>
              </WBCurrentTermOffsetAmt>
            </WBOnsetOffsetPremiumInfo>
            <WBPremiumInfo id="W5D8BECA1568A4DCAA5C6C02F9BC5C86F">
              <WBCurrentTermAmt id="W51ED702005984C0D8C810B516C7BC494">
                <Amt>7</Amt>
              </WBCurrentTermAmt>
              <WBNetChangeAmt id="W83E5348FAB654BE2AEE7388293F4C38E">
                <Amt>0</Amt>
              </WBNetChangeAmt>
              <WBWrittenAmt id="W4BE61274BE86464E805F63EA38AF62C0">
                <Amt>7</Amt>
              </WBWrittenAmt>
              <WBPriorCurrentTermAmt id="W6463FCE82B7C4D0E931040ABCBBE21D7">
                <Amt>7</Amt>
              </WBPriorCurrentTermAmt>
              <WBPriorWrittenAmt id="WE7EAEA41510D4C8A9DCF7103E6098DAA">
                <Amt>7</Amt>
              </WBPriorWrittenAmt>
              <WBCancelAmt id="WAC0C0C7184B84D4FA157160B25C8117E">
                <Amt>0</Amt>
              </WBCancelAmt>
            </WBPremiumInfo>
          </CoverageExt>
        </Coverage>
        <Coverage id="C4CEA95BA160B47FFBCBB04EFCF3269F3">
          <CoverageCd>TRNEX</CoverageCd>
          <Limit id="L91DBA309745148BC8F1FFC4CD9380AFB">
            <FormatCurrencyAmt id="F16E3624B39354C669485097B6A1CCC92">
              <Amt>30</Amt>
            </FormatCurrencyAmt>
            <LimitAppliesToCd>PerDay</LimitAppliesToCd>
          </Limit>
          <Limit id="L84EC164D896A4896ACFB532A9D97090D">
            <FormatCurrencyAmt id="FCDEB556462BB4D119F53EF283DB0DEF7">
              <Amt>900</Amt>
            </FormatCurrencyAmt>
            <LimitAppliesToCd>EachClaim</LimitAppliesToCd>
          </Limit>
          <EffectiveDt>2019-08-01</EffectiveDt>
          <ExpirationDt>2020-08-01</ExpirationDt>
          <ProRateFactor>0.9617</ProRateFactor>
          <CoverageSupplement id="C90A6B7DFC1D34378BE423BDDDECBABEF">
            <CoverageSubCd>TRNSEXP</CoverageSubCd>
          </CoverageSupplement>
          <CoverageExt id="C2D647170514C4B2598E8984EAFCD0112">
            <WBOnsetOffsetPremiumInfo id="WB63B3993D44F47E9BBDDA7F9F1A7A8E0">
              <WBCurrentTermOnsetAmt id="W540949B48F1A4DFCAAFA464B46B5DC9F">
                <Amt>2</Amt>
              </WBCurrentTermOnsetAmt>
              <WBCurrentTermOffsetAmt id="WCF552E65FFBE4966887C5B928C809D5B">
                <Amt>2</Amt>
              </WBCurrentTermOffsetAmt>
            </WBOnsetOffsetPremiumInfo>
            <WBPremiumInfo id="WE5E3376805FF4D929863AB1E000EB01D">
              <WBCurrentTermAmt id="W82920640E2824B04B20208924D20EDDE">
                <Amt>2</Amt>
              </WBCurrentTermAmt>
              <WBNetChangeAmt id="W839D586DEDB94AE799CA530AB5EE6309">
                <Amt>0</Amt>
              </WBNetChangeAmt>
              <WBWrittenAmt id="W1D0099215EF1481C8771A00E4CBA617A">
                <Amt>2</Amt>
              </WBWrittenAmt>
              <WBPriorCurrentTermAmt id="W5EF91AD8BD0A4C239DCAB865F51104D9">
                <Amt>2</Amt>
              </WBPriorCurrentTermAmt>
              <WBPriorWrittenAmt id="W94A7963D1A044246A96760F77B93559D">
                <Amt>2</Amt>
              </WBPriorWrittenAmt>
              <WBCancelAmt id="WB3BE2AA5B7EA445DA8729A294B496081">
                <Amt>0</Amt>
              </WBCancelAmt>
            </WBPremiumInfo>
          </CoverageExt>
        </Coverage>
        <Coverage id="C8E80FAECB4ED4372A5158C1EC14D5CE4">
          <CoverageCd>PIP</CoverageCd>
          <Deductible id="DD4366E3DEA084E17AE99F16F192E5EBF">
            <FormatCurrencyAmt id="F51A63D1769F44BF396C82907754A8E34">
              <Amt>0</Amt>
            </FormatCurrencyAmt>
            <DeductibleAppliesToCd>CL</DeductibleAppliesToCd>
          </Deductible>
          <Option id="O07499C85620645918F2B2AD906DEFD58">
            <OptionCd>E</OptionCd>
          </Option>
          <CreditOrSurcharge id="CCD0C7ECC391B4CEAB3B563ABDFA7B66B">
            <CreditSurchargeCd>LFREE</CreditSurchargeCd>
            <SecondaryCd>CFAEST</SecondaryCd>
            <WBRatingAppliedInd>0</WBRatingAppliedInd>
          </CreditOrSurcharge>
          <EffectiveDt>2019-08-01</EffectiveDt>
          <ExpirationDt>2020-08-01</ExpirationDt>
          <ProRateFactor>0.9617</ProRateFactor>
          <CoverageSupplement id="CA0C9AC33E6F547FA9D82E1287009F6C5">
            <CoverageSubCd>PIPMED</CoverageSubCd>
          </CoverageSupplement>
          <CoverageExt id="C56C02123AB4146B6ABA0E1147AA878D7">
            <WBOnsetOffsetPremiumInfo id="WAB70F533D3814FA88509D3C514C4D745">
              <WBCurrentTermOnsetAmt id="W989040A582AF4BE68DF3C9EECCA1DE84">
                <Amt>1980</Amt>
              </WBCurrentTermOnsetAmt>
              <WBCurrentTermOffsetAmt id="WE99747A14FAA4704A079934F30A97849">
                <Amt>1980</Amt>
              </WBCurrentTermOffsetAmt>
            </WBOnsetOffsetPremiumInfo>
            <WBPremiumInfo id="W8CF1B7E8AB9F468A93A90D34BCEF647A">
              <WBCurrentTermAmt id="W1766E8D6D44940E2AA6459EB5FEEF3BF">
                <Amt>2059</Amt>
              </WBCurrentTermAmt>
              <WBNetChangeAmt id="WBF79F060B26140E88293B05C90278C3C">
                <Amt>0</Amt>
              </WBNetChangeAmt>
              <WBWrittenAmt id="W78523C89EEA9425CB1962F98B59D373D">
                <Amt>2059</Amt>
              </WBWrittenAmt>
              <WBPriorCurrentTermAmt id="WF13FDEA5D68B415099D611CB8DEF9A6A">
                <Amt>2059</Amt>
              </WBPriorCurrentTermAmt>
              <WBPriorWrittenAmt id="WDA19BB70976247D89AB11AEC9A85C5FE">
                <Amt>2059</Amt>
              </WBPriorWrittenAmt>
              <WBCancelAmt id="W6B418EA4BBC44910B611D8FFB0EAD85A">
                <Amt>0</Amt>
              </WBCancelAmt>
            </WBPremiumInfo>
          </CoverageExt>
        </Coverage>
        <Coverage id="CB495A57F75034B11BD1F0DA9BE0AE65E">
          <CoverageCd>PIP</CoverageCd>
          <Deductible id="DA76136247BE241FCAAC281512098FC56">
            <FormatCurrencyAmt id="FCCC24E5877A6411FBCA6DC2434DF617A">
              <Amt>0</Amt>
            </FormatCurrencyAmt>
            <DeductibleAppliesToCd>CL</DeductibleAppliesToCd>
          </Deductible>
          <CreditOrSurcharge id="C6B97DC4AFAC149FD8446C8408BD628C3">
            <CreditSurchargeCd>LFREE</CreditSurchargeCd>
            <SecondaryCd>CFAEST</SecondaryCd>
            <WBRatingAppliedInd>0</WBRatingAppliedInd>
          </CreditOrSurcharge>
          <EffectiveDt>2019-08-01</EffectiveDt>
          <ExpirationDt>2020-08-01</ExpirationDt>
          <ProRateFactor>0.9617</ProRateFactor>
          <CoverageSupplement id="C7CD1B1A4EA824D3A8EE9E943600BBF03">
            <CoverageSubCd>PIPALLOTHER</CoverageSubCd>
          </CoverageSupplement>
          <CoverageExt id="C4048D74330964481A3BB8A6D009EE162">
            <WBOnsetOffsetPremiumInfo id="WE398521F8DD14A728791439DA70C4661">
              <WBCurrentTermOnsetAmt id="W7A61E95121144D418B4D00FE46120FBE">
                <Amt>40</Amt>
              </WBCurrentTermOnsetAmt>
              <WBCurrentTermOffsetAmt id="W4CE6AF0FF1C84121B52D3581103C7CEA">
                <Amt>40</Amt>
              </WBCurrentTermOffsetAmt>
            </WBOnsetOffsetPremiumInfo>
            <WBPremiumInfo id="WC20B84A60669447395D38FC60D5B3C83">
              <WBCurrentTermAmt id="W7997A1633FCF41FD940549325AB7230C">
                <Amt>42</Amt>
              </WBCurrentTermAmt>
              <WBNetChangeAmt id="W2D716B899AD240AE8C297BBF068BBBC2">
                <Amt>0</Amt>
              </WBNetChangeAmt>
              <WBWrittenAmt id="WFAAB54C9815A40E98E83434EFAC85358">
                <Amt>42</Amt>
              </WBWrittenAmt>
              <WBPriorCurrentTermAmt id="W1AD497902FDD423099671C4435EBBC49">
                <Amt>42</Amt>
              </WBPriorCurrentTermAmt>
              <WBPriorWrittenAmt id="W4B3D5634ABAE4C99AE46EA3BAF8DBA5B">
                <Amt>42</Amt>
              </WBPriorWrittenAmt>
              <WBCancelAmt id="W6ED1D8199ED747ADA8FC76A7402427B0">
                <Amt>0</Amt>
              </WBCancelAmt>
            </WBPremiumInfo>
          </CoverageExt>
        </Coverage>
        <Coverage id="CE6CA134448CC4A0F8FF8FD4A10494FD4">
          <CoverageCd>WLB</CoverageCd>
          <Option id="O503CE11C0D8440189564D5E8ACC6E1D0">
            <OptionCd>W</OptionCd>
          </Option>
          <CreditOrSurcharge id="C9341E21B948B4FF88BF4C852839C564A">
            <CreditSurchargeCd>LFREE</CreditSurchargeCd>
            <SecondaryCd>CFAEST</SecondaryCd>
            <WBRatingAppliedInd>0</WBRatingAppliedInd>
          </CreditOrSurcharge>
          <EffectiveDt>2019-08-01</EffectiveDt>
          <ExpirationDt>2020-08-01</ExpirationDt>
          <ProRateFactor>0.9617</ProRateFactor>
          <CoverageSupplement id="C103B1CAE6D63402F9FF11817D7C125CD">
            <CoverageSubCd>PIPWKLOSS</CoverageSubCd>
          </CoverageSupplement>
          <CoverageExt id="C55B38A6BA4FA4DA98C79680AC8466B85">
            <WBOnsetOffsetPremiumInfo id="WEE8D64271F574CA494150C9CE2B9B965">
              <WBCurrentTermOnsetAmt id="WAEFE85B3CD8C44F09DA9C0D4AB63867B">
                <Amt>32</Amt>
              </WBCurrentTermOnsetAmt>
              <WBCurrentTermOffsetAmt id="W28D806BC44BF4A818280EA5E1A86C9F5">
                <Amt>32</Amt>
              </WBCurrentTermOffsetAmt>
            </WBOnsetOffsetPremiumInfo>
            <WBPremiumInfo id="W45E7138FFC2B40808B035279FBF60E64">
              <WBCurrentTermAmt id="W13599E62217E49808F519768E0EA418D">
                <Amt>33</Amt>
              </WBCurrentTermAmt>
              <WBNetChangeAmt id="W9EC90D3ACC414CF2A887332ED8997922">
                <Amt>0</Amt>
              </WBNetChangeAmt>
              <WBWrittenAmt id="W9F93AA04F13046D6BA7C4FEA10E9D013">
                <Amt>33</Amt>
              </WBWrittenAmt>
              <WBPriorCurrentTermAmt id="W2FD9F5C542794C6482BCA60027E4402F">
                <Amt>33</Amt>
              </WBPriorCurrentTermAmt>
              <WBPriorWrittenAmt id="WD705E04381BD489B97A6C7344CD606F7">
                <Amt>33</Amt>
              </WBPriorWrittenAmt>
              <WBCancelAmt id="W5BC1E5E6A5A54A1AAE6D00FBC89B0237">
                <Amt>0</Amt>
              </WBCancelAmt>
            </WBPremiumInfo>
          </CoverageExt>
        </Coverage>
        <Coverage id="C5DB86999117846FAAE2B6B8ACC8F5B8F">
          <CoverageCd>PPI</CoverageCd>
          <Limit id="L567CFB5B11FD4F5BB8270C87283EB15D">
            <FormatCurrencyAmt id="F0FB2C898CD1C40CDB02C46BC855D718C">
              <Amt>1000000</Amt>
            </FormatCurrencyAmt>
            <LimitAppliesToCd>PerAcc</LimitAppliesToCd>
          </Limit>
          <EffectiveDt>2019-08-01</EffectiveDt>
          <ExpirationDt>2020-08-01</ExpirationDt>
          <ProRateFactor>0.9617</ProRateFactor>
          <CoverageSupplement id="C3951A23453344C2A8229FE89535CF6B4">
            <CoverageSubCd>PPI</CoverageSubCd>
          </CoverageSupplement>
          <CoverageExt id="C5B82D82EDC09477E86F221FD060CF4DA">
            <WBOnsetOffsetPremiumInfo id="W787E5C153CD140E7B207A86AAE77B668">
              <WBCurrentTermOnsetAmt id="W7BEF90B1973F4CC8A3C28CC843C33D1A">
                <Amt>8</Amt>
              </WBCurrentTermOnsetAmt>
              <WBCurrentTermOffsetAmt id="W5441B6461DC14D37950E3278CEEE3603">
                <Amt>8</Amt>
              </WBCurrentTermOffsetAmt>
            </WBOnsetOffsetPremiumInfo>
            <WBPremiumInfo id="W835066840A174C1193F7A49EF766DA7D">
              <WBCurrentTermAmt id="W93D506D62E994E46A9EFFAA4E7236E94">
                <Amt>8</Amt>
              </WBCurrentTermAmt>
              <WBNetChangeAmt id="W9C5E37EB999940D694AEF2AF507BDCB1">
                <Amt>0</Amt>
              </WBNetChangeAmt>
              <WBWrittenAmt id="W2EE2361B975E4F5D9B8F6B39C6FD9329">
                <Amt>8</Amt>
              </WBWrittenAmt>
              <WBPriorCurrentTermAmt id="WAA0E7DFB45B64F7586A86764275522F1">
                <Amt>8</Amt>
              </WBPriorCurrentTermAmt>
              <WBPriorWrittenAmt id="W4E73416EC6AF41DB9C5F7ECC7C4C950C">
                <Amt>8</Amt>
              </WBPriorWrittenAmt>
              <WBCancelAmt id="WCE0A71769F42459E9D6DFCB1D6DB414E">
                <Amt>0</Amt>
              </WBCancelAmt>
            </WBPremiumInfo>
          </CoverageExt>
        </Coverage>
        <Coverage id="CD8C1D229FA394287B4A73454C01B5669">
          <CoverageCd>MCCA</CoverageCd>
          <CoverageTypeCd>Coverage</CoverageTypeCd>
          <EffectiveDt>2019-08-01</EffectiveDt>
          <ExpirationDt>2020-08-01</ExpirationDt>
          <ProRateFactor>0.9617</ProRateFactor>
          <CoverageSupplement id="C759DEBD0894C4151AA94D30044E64997">
            <CoverageSubCd>PIPMCCA</CoverageSubCd>
          </CoverageSupplement>
          <CoverageExt id="C72140B0BB57D4F8DB4D7BF8046A772C3">
            <WBOnsetOffsetPremiumInfo id="WB1B2356421C64981BA992E9D528C5657">
              <WBCurrentTermOnsetAmt id="W88F3A9685C004DD29D197B2DFE2EF6F3">
                <Amt>219</Amt>
              </WBCurrentTermOnsetAmt>
              <WBCurrentTermOffsetAmt id="WD6FDEABCBEC84234B3009AE8C044ACC7">
                <Amt>219</Amt>
              </WBCurrentTermOffsetAmt>
            </WBOnsetOffsetPremiumInfo>
            <WBPremiumInfo id="W2F653099A62442AF88BB03883C8CDA47">
              <WBCurrentTermAmt id="WA5B073EB8B0547E7945EF76AF1564F0B">
                <Amt>228.00</Amt>
              </WBCurrentTermAmt>
              <WBNetChangeAmt id="WFFE2B10E31BE4C55ADA3C5C98FE56858">
                <Amt>0</Amt>
              </WBNetChangeAmt>
              <WBWrittenAmt id="WDE94CD9AB6424DC28D43727BF5EC1644">
                <Amt>228</Amt>
              </WBWrittenAmt>
              <WBPriorCurrentTermAmt id="W42259B11DA15402D823D7B6AA69C2362">
                <Amt>228</Amt>
              </WBPriorCurrentTermAmt>
              <WBPriorWrittenAmt id="WB6DC3102E95B44719F4CC123F9A6E8C9">
                <Amt>228</Amt>
              </WBPriorWrittenAmt>
              <WBCancelAmt id="W738790D65DA544C38FA11667C9B40294">
                <Amt>0</Amt>
              </WBCancelAmt>
            </WBPremiumInfo>
          </CoverageExt>
        </Coverage>
        <Coverage id="CB3B132C7C7964291BCA140B1AE584485">
          <CoverageCd>FRESP</CoverageCd>
          <CoverageTypeCd>Coverage</CoverageTypeCd>
          <EffectiveDt>2019-08-01</EffectiveDt>
          <ExpirationDt>2020-08-01</ExpirationDt>
          <ProRateFactor>0.9617</ProRateFactor>
          <CoverageSupplement id="C7786906ED92845FFB6E665131604D06F">
            <CoverageSubCd>FRESP</CoverageSubCd>
          </CoverageSupplement>
          <CoverageExt id="CD53B97C946524895A5135648E2BC359E">
            <WBOnsetOffsetPremiumInfo id="W754580574E8F439382E939E8F98D95CB">
              <WBCurrentTermOnsetAmt id="W0695411469F445438162BB82A31CCE1A">
                <Amt>48</Amt>
              </WBCurrentTermOnsetAmt>
              <WBCurrentTermOffsetAmt id="WE680719F729C4B8FAD2D414E9CBD31A9">
                <Amt>0</Amt>
              </WBCurrentTermOffsetAmt>
            </WBOnsetOffsetPremiumInfo>
            <WBPremiumInfo id="WF4B9969D93124B688D8B98C23F603601">
              <WBCurrentTermAmt id="W33DBED77FCF34B49B3400B31D17D2AF8">
                <Amt>50</Amt>
              </WBCurrentTermAmt>
              <WBNetChangeAmt id="W63C2F367C17440D086404F106E880D09">
                <Amt>48</Amt>
              </WBNetChangeAmt>
              <WBWrittenAmt id="W31CB4CF2D9204E0F86CB168E7ACD87FA">
                <Amt>48</Amt>
              </WBWrittenAmt>
            </WBPremiumInfo>
          </CoverageExt>
        </Coverage>
        <CreditOrSurcharge id="C8E44D0A1658F45EF92D645E624E65E61">
          <SecondaryCd>AHS</SecondaryCd>
          <WBRatingAppliedInd>0</WBRatingAppliedInd>
        </CreditOrSurcharge>
        <CreditOrSurcharge id="C96FE7B5E070D407E9500C9FA09FD957C">
          <SecondaryCd>AOM</SecondaryCd>
          <WBRatingAppliedInd>0</WBRatingAppliedInd>
        </CreditOrSurcharge>
        <CreditOrSurcharge id="CDAC16450302146F1802EADBA40E2A290">
          <SecondaryCd>BWS</SecondaryCd>
          <WBRatingAppliedInd>0</WBRatingAppliedInd>
        </CreditOrSurcharge>
        <CreditOrSurcharge id="CB687458FB0C34F9E9079B3E8E506AB91">
          <SecondaryCd>DFSS</SecondaryCd>
          <WBRatingAppliedInd>0</WBRatingAppliedInd>
        </CreditOrSurcharge>
        <CreditOrSurcharge id="C3E6FB331BC8C4D44ADBCDC1A7967091A">
          <SecondaryCd>FCA</SecondaryCd>
          <WBRatingAppliedInd>0</WBRatingAppliedInd>
        </CreditOrSurcharge>
        <CreditOrSurcharge id="C8EE82FD3217242B7B4E61AF047B77CE7">
          <WBRatingAppliedInd>0</WBRatingAppliedInd>
        </CreditOrSurcharge>
        <CreditOrSurcharge id="CF8388BA7B4454D479FE19F2AE3A6E39A">
          <SecondaryCd>SDD</SecondaryCd>
          <WBRatingAppliedInd>0</WBRatingAppliedInd>
        </CreditOrSurcharge>
        <CreditOrSurcharge id="C3FCF8FDD47894EB4A63EC307FF760214">
          <WBRatingAppliedInd>0</WBRatingAppliedInd>
        </CreditOrSurcharge>
        <CreditOrSurcharge id="CCC291FE5A5E745879FD3FCACA3711072">
          <WBRatingAppliedInd>0</WBRatingAppliedInd>
        </CreditOrSurcharge>
        <CreditOrSurcharge id="C0D1839729F6B428BBB7F12E6C1316B7F">
          <WBRatingAppliedInd>0</WBRatingAppliedInd>
        </CreditOrSurcharge>
        <CreditOrSurcharge id="C0A947A6685224D9596E671A1FA5BDC58">
          <WBRatingAppliedInd>0</WBRatingAppliedInd>
        </CreditOrSurcharge>
        <CreditOrSurcharge id="CD4292B636A4F4764A13648C9AFD9BD0D">
          <SecondaryCd>PU</SecondaryCd>
          <WBRatingAppliedInd>0</WBRatingAppliedInd>
        </CreditOrSurcharge>
        <ComprehensiveOTCSymbolCd>48</ComprehensiveOTCSymbolCd>
        <CollisionSymbolCd>51</CollisionSymbolCd>
        <QuestionAnswer id="Q6082C60D0FD84856A7AEF38E8B6D8348">
          <QuestionCd>VEH01</QuestionCd>
          <YesNoCd>YES</YesNoCd>
          <Explanation>test</Explanation>
        </QuestionAnswer>
        <QuestionAnswer id="Q47918643E6084D67BD98FA4E9FB972BA">
          <QuestionCd>VEH02</QuestionCd>
          <YesNoCd>DRV</YesNoCd>
          <Explanation>1100</Explanation>
        </QuestionAnswer>
        <QuestionAnswer id="Q615CD323444E40CD8E73ECE6DFCC4C07">
          <QuestionCd>VEH02</QuestionCd>
          <YesNoCd>BUS</YesNoCd>
          <Explanation>Test</Explanation>
        </QuestionAnswer>
        <VehicleExt id="V9581D015BFF24769BA25879A8CB1FF9A">
          <WBBackupWarningSystemInd>0</WBBackupWarningSystemInd>
          <WBAutonomousOperationsModeInd>0</WBAutonomousOperationsModeInd>
          <WBAdaptiveHeadlightSystemInd>0</WBAdaptiveHeadlightSystemInd>
          <WBDriverFatigueSensingSystemInd>0</WBDriverFatigueSensingSystemInd>
          <ClassCode>1129</ClassCode>
          <WBMileage id="W986CEFDF53BF4A73B5B3F04F1FFD99B9">
            <WBRatedAnnualMileage>15848</WBRatedAnnualMileage>
            <WBRatedAnnualMileageOverride>15848</WBRatedAnnualMileageOverride>
            <WBAnnualMileageMAMCd>E</WBAnnualMileageMAMCd>
          </WBMileage>
          <WBISOBodyStyleDesc>4-Door Sedan</WBISOBodyStyleDesc>
          <WBFinancialResponsibilityCnt>1</WBFinancialResponsibilityCnt>
          <WBRiskTerm id="W9B403B80E1204E919F3D92F22FBEDDFA">
            <WBRiskEffectiveDt>2019-08-15</WBRiskEffectiveDt>
            <WBRiskExpirationDt>2020-08-01</WBRiskExpirationDt>
          </WBRiskTerm>
          <WBSubtotalInfo id="WB0C9651498B34227861B513C79E1E97F">
            <WBSubtotalInfoTypeCd>CFA</WBSubtotalInfoTypeCd>
            <WBCurrentTermAmt id="W8397790C2AA54D019C169AB1BEDE252E">
              <Amt>263</Amt>
            </WBCurrentTermAmt>
          </WBSubtotalInfo>
          <WBSubtotalInfo id="WF85F6A4012BC41368C171186E975D118">
            <WBSubtotalInfoTypeCd>VEH</WBSubtotalInfoTypeCd>
            <WBCurrentTermAmt id="WA190C07B85C24958B7946C2DAEDE7A80">
              <Amt>8807</Amt>
            </WBCurrentTermAmt>
          </WBSubtotalInfo>
          <WBVehicleAge>5</WBVehicleAge>
          <WBThirdPartyReport id="W60CBB507A9AA41498D6E9CE61E94D627">
            <WBReportTypeCd>VINMASTER</WBReportTypeCd>
            <WBReportOrderStatus>Returned</WBReportOrderStatus>
          </WBThirdPartyReport>
          <WBPremiumInfo id="W682F122A06E149E9BF705100AC318F0B">
            <WBCurrentTermAmt id="W7842638A320A4D7AA4524374417033EB">
              <Amt>9074</Amt>
            </WBCurrentTermAmt>
            <WBNetChangeAmt id="W2B1FE60E1F754D61BCFCE069A2EF1715">
              <Amt>48</Amt>
            </WBNetChangeAmt>
            <WBWrittenAmt id="W7EC66A558CC94EEDA7CF5A3DA6DAE0EE">
              <Amt>9072</Amt>
            </WBWrittenAmt>
          </WBPremiumInfo>
          <WBOverrideInfo id="W304B9161B8E54D01810834368A269C17">
            <WBOverrideType>P</WBOverrideType>
            <WBOverrideCategory>Symbol</WBOverrideCategory>
            <WBOverrideCd>BIPD</WBOverrideCd>
            <WBOverrideValue>false</WBOverrideValue>
          </WBOverrideInfo>
          <WBOverrideInfo id="W1D62909FA03E40C3816ED28315701C25">
            <WBOverrideType>T</WBOverrideType>
            <WBOverrideCategory>Symbol</WBOverrideCategory>
            <WBOverrideCd>BIPD</WBOverrideCd>
            <WBOverrideValue>false</WBOverrideValue>
          </WBOverrideInfo>
          <WBOverrideInfo id="W468B9680481D41D1BE21382AFA531C12">
            <WBOverrideType>P</WBOverrideType>
            <WBOverrideCategory>Symbol</WBOverrideCategory>
            <WBOverrideCd>MedPIP</WBOverrideCd>
            <WBOverrideValue>false</WBOverrideValue>
          </WBOverrideInfo>
          <WBOverrideInfo id="W21D1BD5ABAF04B76809E6036BCDF8EAE">
            <WBOverrideType>T</WBOverrideType>
            <WBOverrideCategory>Symbol</WBOverrideCategory>
            <WBOverrideCd>MedPIP</WBOverrideCd>
            <WBOverrideValue>false</WBOverrideValue>
          </WBOverrideInfo>
          <WBOverrideInfo id="WEE4644E274774BBAAD24F53015514F4C">
            <WBOverrideType>P</WBOverrideType>
            <WBOverrideCategory>Symbol</WBOverrideCategory>
            <WBOverrideCd>COLL</WBOverrideCd>
            <WBOverrideValue>false</WBOverrideValue>
          </WBOverrideInfo>
          <WBOverrideInfo id="WD2F8EE5F99424CFC86F480E6FEB6BF3A">
            <WBOverrideType>T</WBOverrideType>
            <WBOverrideCategory>Symbol</WBOverrideCategory>
            <WBOverrideCd>COLL</WBOverrideCd>
            <WBOverrideValue>false</WBOverrideValue>
          </WBOverrideInfo>
          <WBOverrideInfo id="WD54C9BDB529540B49A57AF30906737B3">
            <WBOverrideType>P</WBOverrideType>
            <WBOverrideCategory>Symbol</WBOverrideCategory>
            <WBOverrideCd>OTC</WBOverrideCd>
            <WBOverrideValue>false</WBOverrideValue>
          </WBOverrideInfo>
          <WBOverrideInfo id="WEFDE470420A34CCBB4B9D991AFA2407C">
            <WBOverrideType>T</WBOverrideType>
            <WBOverrideCategory>Symbol</WBOverrideCategory>
            <WBOverrideCd>OTC</WBOverrideCd>
            <WBOverrideValue>false</WBOverrideValue>
          </WBOverrideInfo>
        </VehicleExt>
      </Vehicle>
      <QuestionAnswer id="Q82688F0253AB466B9237B3FAB2128C91">
        <QuestionCd>VEH03</QuestionCd>
        <YesNoCd>NO</YesNoCd>
      </QuestionAnswer>
      <QuestionAnswer id="QFCAF73B3409C4BA1A56A9C5B372EFA27">
        <QuestionCd>VEH04</QuestionCd>
        <YesNoCd>NO</YesNoCd>
      </QuestionAnswer>
      <QuestionAnswer id="Q3D618F6951304080854CF55E624331D7">
        <QuestionCd>AUTOP03</QuestionCd>
        <YesNoCd>NO</YesNoCd>
      </QuestionAnswer>
      <PersAutoLineBusinessExt id="P0CB9EC11222E4DC4B835AB10F5A483FF">
        <WBSubtotalInfo id="W9D9F1ADCD81E49A188574C44F9D854D9">
          <WBSubtotalInfoTypeCd>CFA</WBSubtotalInfoTypeCd>
          <WBCurrentTermAmt id="WF2AFAF874BC748078F0021BD0AC5D516">
            <Amt>1893</Amt>
          </WBCurrentTermAmt>
        </WBSubtotalInfo>
        <WBPermissiveUseCnt>0</WBPermissiveUseCnt>
        <WBPremiumInfo id="W24498DB5078346B98C2FD071890AD031">
          <WBCurrentTermAmt id="WCFC3F887498549C58FCE368A69ADE225">
            <Amt>64518</Amt>
          </WBCurrentTermAmt>
          <WBNetChangeAmt id="W0CE0D8225A794E2D8C107DF76EACFEB1">
            <Amt>5979</Amt>
          </WBNetChangeAmt>
          <WBWrittenAmt id="WB9ECA151606F4BD39D8BB77996BC0A03">
            <Amt>64283</Amt>
          </WBWrittenAmt>
        </WBPremiumInfo>
        <WBWorkLossDeclineIndicator>1</WBWorkLossDeclineIndicator>
        <WBQuoteDeclinedInd>1</WBQuoteDeclinedInd>
        <WBQuoteDeclinedReason id="WB09ACE50626342639B61577A0CD0EDB1">
          <WBMessage>tset</WBMessage>
          <WBMessageDt>2019-08-01T18:10:55.338</WBMessageDt>
          <WBUserId>wbmi-lsingh</WBUserId>
        </WBQuoteDeclinedReason>
      </PersAutoLineBusinessExt>
    </PersAutoLineBusiness>
    <PolicyExt id="P793B0CD11F5D4F859DC6AF24D253AD55">
      <AutoCompositionFactorCd>F</AutoCompositionFactorCd>
      <WBTransactionStatusDesc>Pending</WBTransactionStatusDesc>
      <WBQuoteStatusDesc>Rated Quote</WBQuoteStatusDesc>
      <CreditOrSurcharge id="C7EE811A2F9BA416BA0ADBBACCD403C38">
        <SecondaryCd>HCD</SecondaryCd>
        <WBRatingAppliedInd>1</WBRatingAppliedInd>
      </CreditOrSurcharge>
      <CreditOrSurcharge id="CF5A8021FC10042ABA4C61BA85A7B2C18">
        <WBRatingAppliedInd>1</WBRatingAppliedInd>
      </CreditOrSurcharge>
      <WBHouseholdCompositionInd>0</WBHouseholdCompositionInd>
      <WBSubtotalInfo id="WDFD91A6A9D3F4F148E64FD9084E8AC3A">
        <WBSubtotalInfoTypeCd>CFA</WBSubtotalInfoTypeCd>
        <WBCurrentTermAmt id="W1715E13ABC0D4814BFFF6B471546BA52">
          <Amt>1893</Amt>
        </WBCurrentTermAmt>
      </WBSubtotalInfo>
      <WBPolicyAge>0</WBPolicyAge>
      <WBAssocGroupType>GROUP</WBAssocGroupType>
      <WBPremiumInfo id="WB676A5F986FA4A3196CED6498F591245">
        <WBCurrentTermAmt id="WAF684CB1C4864FB5ADAE8005CD4EDC6A">
          <Amt>64518</Amt>
        </WBCurrentTermAmt>
        <WBNetChangeAmt id="W3D6CDF8AE7D144FDBADC6AB3365E273E">
          <Amt>5979</Amt>
        </WBNetChangeAmt>
        <WBWrittenAmt id="WB811FA237BA2439BBC25878971197465">
          <Amt>64518</Amt>
        </WBWrittenAmt>
      </WBPremiumInfo>
      <WBPriorPolicyCnt>0</WBPriorPolicyCnt>
    </PolicyExt>
  </Policy>
</PolicyRs>