﻿<PolicyRs xmlns="http://www.acord.org/schema/PC/xml/2">
	<BusinessPurposeTypeCd>PCH</BusinessPurposeTypeCd>
	<TransactionEffectiveDt>2019-12-02</TransactionEffectiveDt>
	<TransactionSeqNumber>2</TransactionSeqNumber>
	<ModInfo IdRef="d3" id="M95226910CF0542FFACE8EE9097E1AF71" xmlno="">
		<ActionCd>A</ActionCd>
		<ChangeDesc>Add Driver</ChangeDesc>
	</ModInfo>
	<ModInfo IdRef="v2" id="M9D879ED379334A8A9FEF51E928E00E56" xmlno="">
		<ActionCd>A</ActionCd>
		<ChangeDesc>Add Vehicle</ChangeDesc>
	</ModInfo>
	<Policy id="P33D38204AD91458088BA23179B6559AE">
		<PolicyNumber>A547483</PolicyNumber>
		<PolicyVersion>00</PolicyVersion>
		<CompanyProductCd>801</CompanyProductCd>
		<BroadLOBCd>1</BroadLOBCd>
		<NAICCd>15350</NAICCd>
		<ControllingStateProvCd>MI</ControllingStateProvCd>
		<ContractTerm id="C9F8CDEBA55024E88AF7864C06BBFE489">
			<EffectiveDt>2019-10-03</EffectiveDt>
			<ExpirationDt>2020-10-03</ExpirationDt>
		</ContractTerm>
		<CustomerServicingCd />
		<Form id="F90D37F62AD164B16A916DEAD10C5456D">
			<FormNumber>DC877B</FormNumber>
			<FormName>Consumer Report Disclosure Notice</FormName>
			<EditionDt>2019-01-01</EditionDt>
			<EffectiveDt>2019-10-03</EffectiveDt>
		</Form>
		<NumLosses>0</NumLosses>
		<OtherOrPriorPolicy id="OAC09E91E4F484D5BB1B2C72B128933EC" DriverRef="d1">
			<PolicyCd>RecentWb</PolicyCd>
			<OtherOrPriorPolicyExt id="O5C83E24BE6D9428F8D4C44E37B3FEB3C">
				<WBRecordInfo id="W3F6293CBAB1B4141BF775C82D9E494E6">
					<WBRecordSource>MANUAL</WBRecordSource>
				</WBRecordInfo>
			</OtherOrPriorPolicyExt>
		</OtherOrPriorPolicy>
		<PaymentOption id="P7FFCF0EE5D974F39B509B01C20B33373">
			<PaymentPlanCd>QT</PaymentPlanCd>
		</PaymentOption>
		<QuoteInfo id="QF41FC15F93A64A2D87A9E51B1F6A7195">
			<InitialQuoteRequestDt>2019-10-03</InitialQuoteRequestDt>
		</QuoteInfo>
		<CreditScoreInfo id="C695165D87F7C4194858A9CD995D4694A">
			<CreditScore>998</CreditScore>
			<CreditScoreDt>2019-07-26</CreditScoreDt>
			<CSPolicyTypeCd>Auto</CSPolicyTypeCd>
			<CreditScoreInfoExt id="CB92EB7D56C14444794CB459C4EB7530F">
				<WBInsuranceScore id="W9D849B6C803C46EC9A5588BE9A99D0F5">
					<WBRatingScore>998</WBRatingScore>
				</WBInsuranceScore>
			</CreditScoreInfoExt>
		</CreditScoreInfo>
		<PolicyStatusCd>InForce</PolicyStatusCd>
		<PaidInFullInd>0</PaidInFullInd>
		<Producer id="PC8A299F401A446E79703DB95E05C0C28">
			<Relationship id="R970F20229F6A4A9496D5971118F9418B">
				<RelationshipToCd>Agency</RelationshipToCd>
			</Relationship>
			<Name>AgencyName</Name>
			<Addr id="A560E2D2E9B494D17ACDB3EBD20B68E90">
				<AddrTypeCd>MailingAddress</AddrTypeCd>
				<Addr1>123 Agent Address</Addr1>
				<Addr2 />
				<City>Ann Arbor</City>
				<StateProvCd>MI</StateProvCd>
				<PostalCode>48103</PostalCode>
				<County>Washtenaw</County>
			</Addr>
			<Communications id="C7E2865E6712C46329015263D95BB9678">
				<PhoneTypeCd>Phone</PhoneTypeCd>
				<PhoneNumber>+1-555-1234567</PhoneNumber>
			</Communications>
			<ContractNumber>21112</ContractNumber>
			<ProducerSubCode>21112</ProducerSubCode>
		</Producer>
		<InsuredOrPrincipal id="IBBCD03AE8FE643F58F9EB375DEBCC57B">
			<ItemIdInfo id="IA1153A1FC31B4A6096313289424C9F5B">
				<InsurerId>1000213097</InsurerId>
			</ItemIdInfo>
			<Relationship id="R9D9AFB7B20B0411DBDDB88D3CB7FF20B" RelationshipToRef="P33D38204AD91458088BA23179B6559AE">
				<RelationshipToCd>FNI</RelationshipToCd>
			</Relationship>
			<Name>SriOne SriOne</Name>
			<Addr id="ACAD2C68E6BB04E46B212BC556D7A7B1B">
				<AddrTypeCd>InsuredsAddress</AddrTypeCd>
				<Addr1>220 Bagley St</Addr1>
				<Addr2>BAGLEY</Addr2>
				<Addr3 />
				<Addr4 />
				<City>Detroit</City>
				<StateProvCd>MI</StateProvCd>
				<PostalCode>48226-1411</PostalCode>
				<CountryCd>USA</CountryCd>
				<Latitude>42.334573</Latitude>
				<Longitude>-83.053116</Longitude>
				<County>Wayne County</County>
				<AddrExt id="A82E4DD1975354E0883A5E7D05D33C007">
					<WBAddressStandardization id="W580E5994B305493285AF00A978715799">
						<WBAddrStandardizeStreetName>Bagley</WBAddrStandardizeStreetName>
						<WBAddrStandardizeStreetTypeCd>St</WBAddrStandardizeStreetTypeCd>
						<WBAddrStandardizeStreetNumber>220</WBAddrStandardizeStreetNumber>
						<WBAddrStandardizeUnitLabel>Ste</WBAddrStandardizeUnitLabel>
						<WBConfidence>81</WBConfidence>
						<WBAddrStandardizeStatus>Accepted</WBAddrStandardizeStatus>
					</WBAddressStandardization>
				</AddrExt>
			</Addr>
			<Addr id="AAAB9210517904A8D910E00A8681B1237">
				<AddrTypeCd>MailingAddress</AddrTypeCd>
				<Addr1>220 Bagley St</Addr1>
				<Addr2>BAGLEY</Addr2>
				<City>Detroit</City>
				<StateProvCd>MI</StateProvCd>
				<PostalCode>48226-1411</PostalCode>
				<CountryCd>USA</CountryCd>
				<Latitude>42.334573</Latitude>
				<Longitude>-83.053116</Longitude>
				<County>Wayne County</County>
				<AddrExt id="A86F0A130B66B4A5BB904F2FCA6952B74">
					<WBAddressStandardization id="WE57B2B8DC08E4D81A4F09F1EB5591B04">
						<WBAddrStandardizeStreetName>Bagley</WBAddrStandardizeStreetName>
						<WBAddrStandardizeStreetTypeCd>St</WBAddrStandardizeStreetTypeCd>
						<WBAddrStandardizeStreetNumber>220</WBAddrStandardizeStreetNumber>
						<WBAddrStandardizeUnitLabel>Ste</WBAddrStandardizeUnitLabel>
						<WBConfidence>81</WBConfidence>
						<WBAddrStandardizeStatus>Accepted</WBAddrStandardizeStatus>
					</WBAddressStandardization>
				</AddrExt>
			</Addr>
			<Addr id="AF21FEEF55ECA413D9483E8F4CF1E6992">
				<AddrTypeCd>BillingAddress</AddrTypeCd>
			</Addr>
			<Communications id="C3F71D617E4A44690854170FDF5EF11FE" />
			<Surname>SriOne</Surname>
			<GivenName>SriOne</GivenName>
			<TitlePrefix />
			<NameSuffix />
			<GenderCd>M</GenderCd>
			<BirthDt>1986-05-05</BirthDt>
			<MaritalStatusCd>S</MaritalStatusCd>
		</InsuredOrPrincipal>
		<Location id="LE229FD54274B4B28ABE13F60D491BA4A">
			<Addr id="A9DAACF922248497385A8D944965B5362">
				<AddrTypeCd>PhysicalRisk</AddrTypeCd>
				<Addr1>220 Bagley St</Addr1>
				<Addr2>BAGLEY</Addr2>
				<City>Detroit</City>
				<StateProvCd>MI</StateProvCd>
				<PostalCode>48226-1411</PostalCode>
				<CountryCd>USA</CountryCd>
				<Latitude>42.334573</Latitude>
				<Longitude>-83.053116</Longitude>
				<County>Wayne County</County>
				<AddrExt id="A26DF7A23E8AB464EA3149E23F82102F1">
					<WBAddressStandardization id="W9E2142A886704CE895E237AF74601B71">
						<WBAddrStandardizeStreetName>Bagley</WBAddrStandardizeStreetName>
						<WBAddrStandardizeStreetTypeCd>St</WBAddrStandardizeStreetTypeCd>
						<WBAddrStandardizeStreetNumber>220</WBAddrStandardizeStreetNumber>
						<WBAddrStandardizeUnitLabel>Ste</WBAddrStandardizeUnitLabel>
						<WBConfidence>81</WBConfidence>
						<WBAddrStandardizeStatus>Accepted</WBAddrStandardizeStatus>
					</WBAddressStandardization>
				</AddrExt>
			</Addr>
		</Location>
		<Location id="L9993A89F69EB4146AA0573700C7CD939">
			<Addr id="A517CBCC3D4564AF59615DE0D081C50D5">
				<AddrTypeCd>PhysicalRisk</AddrTypeCd>
				<Addr1>29100 Northwestern Hwy Ste 400</Addr1>
				<Addr2 />
				<City>Southfield</City>
				<StateProvCd>MI</StateProvCd>
				<PostalCode>48034-1091</PostalCode>
				<CountryCd>USA</CountryCd>
				<Latitude>42.501175</Latitude>
				<Longitude>-83.308525</Longitude>
				<County>Oakland County</County>
				<AddrExt id="A707B62AAB662433A9BF2A3514AA0BFC3">
					<WBAddressStandardization id="W575666B9DC0B4B748E42D997EF4F35AA">
						<WBAddrStandardizeStreetName>Northwestern</WBAddrStandardizeStreetName>
						<WBAddrStandardizeStreetTypeCd>Hwy</WBAddrStandardizeStreetTypeCd>
						<WBAddrStandardizeStreetNumber>29100</WBAddrStandardizeStreetNumber>
						<WBAddrStandardizeUnitNumber>400</WBAddrStandardizeUnitNumber>
						<WBAddrStandardizeUnitLabel>Ste</WBAddrStandardizeUnitLabel>
						<WBConfidence>100</WBConfidence>
						<WBAddrStandardizeStatus>Accepted</WBAddrStandardizeStatus>
					</WBAddressStandardization>
				</AddrExt>
			</Addr>
		</Location>
		<Location id="LE2B930AE6A0C43AA8A2124D3FCD7EEFE">
			<Addr id="AEB79725E7DE445299914BFFD0E85DDAB">
				<AddrTypeCd>PhysicalRisk</AddrTypeCd>
				<Addr1>711 N Saginaw St Ste 325</Addr1>
				<Addr2 />
				<City>Flint</City>
				<StateProvCd>MI</StateProvCd>
				<PostalCode>48503-1703</PostalCode>
				<CountryCd>USA</CountryCd>
				<Latitude>43.022547</Latitude>
				<Longitude>-83.693717</Longitude>
				<County>Genesee County</County>
				<AddrExt id="AB36820EA22CC4D4D8F697C900FAF0AF0">
					<WBAddressStandardization id="WB56F836F2EBB430BA5000226669F8D8C">
						<WBAddrStandardizeStreetName>Saginaw</WBAddrStandardizeStreetName>
						<WBAddrStandardizeStreetTypeCd>St</WBAddrStandardizeStreetTypeCd>
						<WBAddrStandardizeStreetNumber>711</WBAddrStandardizeStreetNumber>
						<WBAddrStandardizeUnitNumber>325</WBAddrStandardizeUnitNumber>
						<WBAddrStandardizeUnitLabel>Ste</WBAddrStandardizeUnitLabel>
						<WBConfidence>99</WBConfidence>
						<WBAddrStandardizeStatus>Accepted</WBAddrStandardizeStatus>
					</WBAddressStandardization>
				</AddrExt>
			</Addr>
		</Location>
		<PersAutoLineBusiness id="PE1CFA25428DD4873B96E430E56FEDEE8">
			<CompanyProductCd>850</CompanyProductCd>
			<Driver id="d1">
				<ItemIdInfo id="I811747B00B304A8D839605EA86D95935">
					<InsurerId>1100</InsurerId>
				</ItemIdInfo>
				<Relationship id="RB83807BFA503452486A914279CD7507D" RelationshipToRef="IBBCD03AE8FE643F58F9EB375DEBCC57B">
					<RelationshipToCd>IN</RelationshipToCd>
				</Relationship>
				<Relationship id="R453D2CBC7F054C8AB528E57945CABBA8" RelationshipToRef="v1">
					<RelationshipToCd>DRV</RelationshipToCd>
					<RelationshipDesc>PRINCIPAL</RelationshipDesc>
				</Relationship>
				<License id="L5A6F0A0F106F4A7698A0C5EC34101475">
					<LicenseTypeCd>Driver</LicenseTypeCd>
					<LicenseStatusCd>VALID</LicenseStatusCd>
					<LicensePermitNumber>T91T4WX9D0100</LicensePermitNumber>
					<StateProvCd>MI</StateProvCd>
				</License>
				<Addr id="AE671B142AADE4008A2F67B5997B07B79">
					<AddrTypeCd>InsuredsAddress</AddrTypeCd>
					<Addr1>220 Bagley St</Addr1>
					<Addr2>BAGLEY</Addr2>
					<City>Detroit</City>
					<StateProvCd>MI</StateProvCd>
					<PostalCode>48226-1411</PostalCode>
					<CountryCd>USA</CountryCd>
					<Latitude>42.334573</Latitude>
					<Longitude>-83.053116</Longitude>
					<County>Wayne County</County>
					<AddrExt id="AA9A8B706EFC14CD1B5FBF534A1B457FD">
						<WBAddressStandardization id="WDFD78362A86440439466C0C1B0F947DD">
							<WBAddrStandardizeStreetName>Bagley</WBAddrStandardizeStreetName>
							<WBAddrStandardizeStreetTypeCd>St</WBAddrStandardizeStreetTypeCd>
							<WBAddrStandardizeStreetNumber>220</WBAddrStandardizeStreetNumber>
							<WBAddrStandardizeUnitLabel>Ste</WBAddrStandardizeUnitLabel>
							<WBConfidence>81</WBConfidence>
							<WBAddrStandardizeStatus>Accepted</WBAddrStandardizeStatus>
						</WBAddressStandardization>
					</AddrExt>
				</Addr>
				<Surname>SriOne</Surname>
				<GivenName>SriOne</GivenName>
				<OtherGivenName />
				<TitlePrefix />
				<NameSuffix />
				<GenderCd>M</GenderCd>
				<BirthDt>1986-05-05</BirthDt>
				<MaritalStatusCd>S</MaritalStatusCd>
				<OccupationClassCd>ADJ</OccupationClassCd>
				<QuestionAnswer id="Q0E3F9B38940B4A6FB2E2AD4535288852">
					<QuestionCd>DRV04</QuestionCd>
					<YesNoCd>YES</YesNoCd>
					<QuestionText>licensedLastFive</QuestionText>
				</QuestionAnswer>
				<QuestionAnswer id="Q9076E1CCFB7F4DA5924818DC6DDFD8B6">
					<QuestionCd>DRV05</QuestionCd>
					<YesNoCd>YES</YesNoCd>
					<QuestionText>isIndiviualLicensed</QuestionText>
				</QuestionAnswer>
				<QuestionAnswer id="Q223E5644080E401491B0EAA99304F5ED">
					<QuestionCd>DRV06</QuestionCd>
					<YesNoCd>NO</YesNoCd>
				</QuestionAnswer>
				<DriverTypeCd />
				<ContinuousInsuranceCd>NoPrior</ContinuousInsuranceCd>
				<DriverExt id="DFFB0E27ECF9842AE91A042F1C8B5E954">
					<YouthfulInd>0</YouthfulInd>
					<WBIsMinor>0</WBIsMinor>
					<WBRiskTerm id="WE85F3B2CB9D44C88BD685DD370516014">
						<WBRiskEffectiveDt>2019-10-03</WBRiskEffectiveDt>
						<WBRiskExpirationDt>2020-10-03</WBRiskExpirationDt>
					</WBRiskTerm>
					<WBDriverAge>33</WBDriverAge>
					<WBInexperiencedOperatorInd>0</WBInexperiencedOperatorInd>
					<WBAdvantageDriverInd>0</WBAdvantageDriverInd>
					<WBPriorInsNotNeededReason>dsfs</WBPriorInsNotNeededReason>
				</DriverExt>
			</Driver>
			<Driver id="d2" xmlno="">
				<ItemIdInfo id="I521285BE580F43A392011D3A27F25FF3">
					<InsurerId>3000</InsurerId>
				</ItemIdInfo>
				<Relationship RelationshipToRef="v2" id="R8F6B83E31F9345E38B14D1F5315833D4">
					<RelationshipToCd>DRV</RelationshipToCd>
					<RelationshipExt id="R330D2D0C2EB84807B4C3AE530E6B0468">
						<OwnedVehInd>0</OwnedVehInd>
						<DriverUseCd>Primary</DriverUseCd>
						<RelationshipPct>25</RelationshipPct>
					</RelationshipExt>
				</Relationship>
				<Relationship RelationshipToRef="ins1" id="R572F2944D9024390B6FEC9CB8B4EEB6A">
					<RelationshipToCd>CH</RelationshipToCd>
				</Relationship>
				<Name>Driver Two</Name>
				<License id="LB36023D3CD714EF981F246E5117BB75A">
					<LicenseTypeCd>Driver</LicenseTypeCd>
					<LicensedDt>2010-02-01</LicensedDt>
					<LicensePermitNumber>123456789900</LicensePermitNumber>
					<StateProvCd>MI</StateProvCd>
				</License>
				<Surname>Two</Surname>
				<GivenName>Driver</GivenName>
				<GenderCd>M</GenderCd>
				<BirthDt>1990-01-12</BirthDt>
				<MaritalStatusCd>S</MaritalStatusCd>
				<OccupationDesc>Accountant</OccupationDesc>
				<OccupationClassCd>ACT</OccupationClassCd>
				<DistantStudentInd>0</DistantStudentInd>
				<ResidentCustodyInd>0</ResidentCustodyInd>
				<DriverExt id="D9197A9F3630A411C9F213CBEDC727E9A">
					<BoatCourseInd>1</BoatCourseInd>
					<YouthfulInd>0</YouthfulInd>
					<MichiganDriverGroup id="ME0FE875767B14FED82B2C3C2B4FB1601">
						<MichiganPolicyGroup id="M171888B4E0814CA3BB157804415FA274">
							<GroupName>AARP</GroupName>
							<GroupId>01</GroupId>
						</MichiganPolicyGroup>
						<RatedGroup>01</RatedGroup>
						<ApprovedInd>1</ApprovedInd>
						<ProofAttachedInd>1</ProofAttachedInd>
					</MichiganDriverGroup>
					<WBIsMinor>0</WBIsMinor>
					<WBRiskTerm id="W7BDB0274FEC546488213A6E2AA99A4F1">
						<WBRiskEffectiveDt>2019-12-02</WBRiskEffectiveDt>
						<WBRiskExpirationDt>2020-10-03</WBRiskExpirationDt>
					</WBRiskTerm>
					<WBDriverAge>29</WBDriverAge>
					<WBInexperiencedOperatorInd>1</WBInexperiencedOperatorInd>
					<WBAdvantageDriverInd>0</WBAdvantageDriverInd>
				</DriverExt>
			</Driver>
			<Vehicle id="v1" RatedDriverRef="d1">
				<ItemIdInfo id="I78D5905C13904C0599A8984AED41B25F">
					<InsurerId>1100</InsurerId>
				</ItemIdInfo>
				<Manufacturer>BUICK</Manufacturer>
				<ManufacturerCd>BUIK</ManufacturerCd>
				<Model>ENCLAVE</Model>
				<ModelCd>ENCLAVE</ModelCd>
				<ModelYear>2019</ModelYear>
				<VehBodyTypeCd>PP</VehBodyTypeCd>
				<Horsepower id="H5412A7341BA243B8B295266D1CBA91B9">
					<NumUnits>3.6</NumUnits>
				</Horsepower>
				<VehIdentificationNumber>5GA&amp;RAKW&amp;K</VehIdentificationNumber>
				<GrossVehWeight id="G2F76266D02A640D498070C456189A0B3">
					<NumUnits>6173</NumUnits>
				</GrossVehWeight>
				<DrivenByCoWorkersInd>0</DrivenByCoWorkersInd>
				<BIPDSymbolCd>295</BIPDSymbolCd>
				<MedPayPIPLiabilitySymbolCd>480</MedPayPIPLiabilitySymbolCd>
				<Addr id="A5942B358D0EF4232AEEC226C3C7E1134">
					<AddrTypeCd>GaragingAddress</AddrTypeCd>
					<Addr1>220 Bagley St</Addr1>
					<Addr2>BAGLEY</Addr2>
					<City>Detroit</City>
					<StateProvCd>MI</StateProvCd>
					<PostalCode>48226-1411</PostalCode>
					<CountryCd>USA</CountryCd>
					<Latitude>42.334573</Latitude>
					<Longitude>-83.053116</Longitude>
					<County>Wayne County</County>
					<Region>105</Region>
					<AddrExt id="A59F4A077D06D4159A9CD61284219BC79">
						<WBRatedZipCd>48226</WBRatedZipCd>
						<WBRatedVehicleStateProvCd>MI</WBRatedVehicleStateProvCd>
						<WBAddressStandardization id="W777260C48A554D738D10C524E182D6AA">
							<WBAddrStandardizeStreetName>Bagley</WBAddrStandardizeStreetName>
							<WBAddrStandardizeStreetTypeCd>St</WBAddrStandardizeStreetTypeCd>
							<WBAddrStandardizeStreetNumber>220</WBAddrStandardizeStreetNumber>
							<WBAddrStandardizeUnitLabel>Ste</WBAddrStandardizeUnitLabel>
							<WBConfidence>81</WBConfidence>
							<WBAddrStandardizeStatus>Accepted</WBAddrStandardizeStatus>
						</WBAddressStandardization>
					</AddrExt>
				</Addr>
				<Coverage id="CD7D189BA939344A591C3941000E3EE39">
					<CoverageCd>BI</CoverageCd>
					<Limit id="L67B82C9DBCC34AB88E0FC4C9E7ED18CA">
						<FormatCurrencyAmt id="F952D1CAC6BB34CBDA90B6374D46C6729">
							<Amt>250000</Amt>
						</FormatCurrencyAmt>
						<LimitAppliesToCd>BIEachPers</LimitAppliesToCd>
					</Limit>
					<Limit id="LDDB137DF0DAC4616B204424726A2B7ED">
						<FormatCurrencyAmt id="FD81514F5D4484980B4182DE94F274C03">
							<Amt>500000</Amt>
						</FormatCurrencyAmt>
						<LimitAppliesToCd>PerAcc</LimitAppliesToCd>
					</Limit>
					<CreditOrSurcharge id="C72938A3199964C459C7CB65DADFF7503">
						<CreditSurchargeCd>LFREE</CreditSurchargeCd>
						<SecondaryCd>CFAEST</SecondaryCd>
						<WBRatingAppliedInd>0</WBRatingAppliedInd>
					</CreditOrSurcharge>
					<EffectiveDt>2019-10-03</EffectiveDt>
					<ExpirationDt>2020-10-03</ExpirationDt>
					<ProRateFactor>0.8361</ProRateFactor>
					<CoverageSupplement id="C38EF0EAA028D4A549903D5698C2D088E">
						<CoverageSubCd>BI</CoverageSubCd>
					</CoverageSupplement>
					<CoverageExt id="C16AC1C750A9441CD9CF971234C469F5E">
						<WBOnsetOffsetPremiumInfo id="W0FB6D8ED305348AF8C1EF1D3B5458D69">
							<WBCurrentTermOnsetAmt id="W7EF3EA770060411C948B41B00E2625DA">
								<Amt>391</Amt>
							</WBCurrentTermOnsetAmt>
							<WBCurrentTermOffsetAmt id="W81D7D2B3342B4276AA8D65EB375323E8">
								<Amt>391</Amt>
							</WBCurrentTermOffsetAmt>
						</WBOnsetOffsetPremiumInfo>
						<WBPremiumInfo id="W0EBF4C830BAA42EE93BE41835D6C78E6">
							<WBCurrentTermAmt id="W50C5D342CAD44F3AAF69AF9C1CFC699E">
								<Amt>468</Amt>
							</WBCurrentTermAmt>
							<WBNetChangeAmt id="WD18F14433F1C4F65B7AA2810DF890B35">
								<Amt>0</Amt>
							</WBNetChangeAmt>
							<WBWrittenAmt id="W3AD8838E61FF45D1AE971939E262718E">
								<Amt>468</Amt>
							</WBWrittenAmt>
							<WBPriorCurrentTermAmt id="WB88F721DA85D41028CBA3C8B0185E275">
								<Amt>468</Amt>
							</WBPriorCurrentTermAmt>
							<WBPriorWrittenAmt id="W6E7149FD9E5A4D028C37C0524F8B2865">
								<Amt>468</Amt>
							</WBPriorWrittenAmt>
							<WBCancelAmt id="W14F1BCB41E454482B2042F33770C97DA">
								<Amt>0</Amt>
							</WBCancelAmt>
						</WBPremiumInfo>
					</CoverageExt>
				</Coverage>
				<Coverage id="CEC78708460A042AE96FD5A9ECF3CB6B0">
					<CoverageCd>PD</CoverageCd>
					<Limit id="LC7148025B9A9484D9C69AFF82FE6363E">
						<FormatCurrencyAmt id="F0BB4C2673F4241F19119E4392EBC16C6">
							<Amt>100000</Amt>
						</FormatCurrencyAmt>
						<LimitAppliesToCd>PerAcc</LimitAppliesToCd>
					</Limit>
					<CreditOrSurcharge id="CAC8B5B868C69462EAF5A4F2ABA1829F2">
						<CreditSurchargeCd>LFREE</CreditSurchargeCd>
						<SecondaryCd>CFAEST</SecondaryCd>
						<WBRatingAppliedInd>0</WBRatingAppliedInd>
					</CreditOrSurcharge>
					<EffectiveDt>2019-10-03</EffectiveDt>
					<ExpirationDt>2020-10-03</ExpirationDt>
					<ProRateFactor>0.8361</ProRateFactor>
					<CoverageSupplement id="C6B74BAF9C0A84B778F5EE4225AD27D6D">
						<CoverageSubCd>PD</CoverageSubCd>
					</CoverageSupplement>
					<CoverageExt id="CA2C00F388F26471697E04778B1FD5049">
						<WBOnsetOffsetPremiumInfo id="W8E181CBA89EA486C9B666F153D42AA32">
							<WBCurrentTermOnsetAmt id="W460709FB6D094B3780FFFCC64AD79EF7">
								<Amt>25</Amt>
							</WBCurrentTermOnsetAmt>
							<WBCurrentTermOffsetAmt id="WD549709AEB4F4ED3ADFAF5EDACA7145D">
								<Amt>25</Amt>
							</WBCurrentTermOffsetAmt>
						</WBOnsetOffsetPremiumInfo>
						<WBPremiumInfo id="WB9D1673611A14A228B6ECF45104E9BBF">
							<WBCurrentTermAmt id="WD0185550E6454857AC90F35AE95B6219">
								<Amt>30</Amt>
							</WBCurrentTermAmt>
							<WBNetChangeAmt id="W0A982B36B1544EDCA45FA0F66CDEBDC6">
								<Amt>0</Amt>
							</WBNetChangeAmt>
							<WBWrittenAmt id="WEDF43ED875F64AFCA3943FA1420A79D4">
								<Amt>30</Amt>
							</WBWrittenAmt>
							<WBPriorCurrentTermAmt id="W0D2A7740F6C5430386A905223032577D">
								<Amt>30</Amt>
							</WBPriorCurrentTermAmt>
							<WBPriorWrittenAmt id="WBDD808D78EE743019C1B61E6EED04682">
								<Amt>30</Amt>
							</WBPriorWrittenAmt>
							<WBCancelAmt id="W9FDA455707B0448DA76199D1B7125C84">
								<Amt>0</Amt>
							</WBCancelAmt>
						</WBPremiumInfo>
					</CoverageExt>
				</Coverage>
				<Coverage id="CB12DF4E79A664946833BDDE377D3FADA">
					<CoverageCd>LPD</CoverageCd>
					<Limit id="L4EA8C8E0943E44E594008C68F799DA03">
						<FormatCurrencyAmt id="F134C840022984597BAFC0FA6677F4B2D">
							<Amt>1000</Amt>
						</FormatCurrencyAmt>
						<LimitAppliesToCd>EachClaim</LimitAppliesToCd>
					</Limit>
					<EffectiveDt>2019-10-03</EffectiveDt>
					<ExpirationDt>2020-10-03</ExpirationDt>
					<ProRateFactor>0.8361</ProRateFactor>
					<CoverageSupplement id="C6164D9D013E14EF0A8FEA0DAD45539AD">
						<CoverageSubCd>APD</CoverageSubCd>
					</CoverageSupplement>
					<CoverageExt id="CB5F444B22C5648E0A125B3EF05120085">
						<WBOnsetOffsetPremiumInfo id="W6ECBADB31EBA4CC9AC37EF313414E518">
							<WBCurrentTermOnsetAmt id="W0B38498F9D7B498E9001D71FAE5850A8">
								<Amt>0</Amt>
							</WBCurrentTermOnsetAmt>
							<WBCurrentTermOffsetAmt id="WC9555416ABBA47C4ABDAF4ABE5A9D384">
								<Amt>0</Amt>
							</WBCurrentTermOffsetAmt>
						</WBOnsetOffsetPremiumInfo>
						<WBPremiumInfo id="W9F19DD07204540B7B57536937B62739F">
							<WBCurrentTermAmt id="W4F81BE20D2754A088C4C7A72A1436CB8">
								<Amt>0</Amt>
							</WBCurrentTermAmt>
							<WBNetChangeAmt id="W2F68C85B78784A299ACA5F02C34952D5">
								<Amt>0</Amt>
							</WBNetChangeAmt>
							<WBWrittenAmt id="W25A906BEF2B9481AAAC79E60437DB3BA">
								<Amt>0</Amt>
							</WBWrittenAmt>
							<WBPriorCurrentTermAmt id="WBDDD579E4B48442580089FFE4491B592">
								<Amt>0</Amt>
							</WBPriorCurrentTermAmt>
							<WBPriorWrittenAmt id="W78D36D25F09E4CE1BBFFAA457B40DC12">
								<Amt>0</Amt>
							</WBPriorWrittenAmt>
							<WBCancelAmt id="WBBE2103560C74ABA87893FF5D09DD306">
								<Amt>0</Amt>
							</WBCancelAmt>
						</WBPremiumInfo>
					</CoverageExt>
				</Coverage>
				<Coverage id="CB3D252752A0A46F0AB88FF21E5BE4A74">
					<CoverageCd>WLB</CoverageCd>
					<Deductible id="DE57012545B7D44D98060A4F630FDFEB6">
						<FormatCurrencyAmt id="F143E83A868D34CBA9A6A3E2E1E02FF20">
							<Amt>5000</Amt>
						</FormatCurrencyAmt>
						<DeductibleAppliesToCd>CL</DeductibleAppliesToCd>
					</Deductible>
					<Option id="O982F6C50092541CAABDE770365FBDAB8">
						<OptionCd>P</OptionCd>
					</Option>
					<CreditOrSurcharge id="CAA01B402DCC04B028A652B9DCAB7630D">
						<CreditSurchargeCd>LFREE</CreditSurchargeCd>
						<SecondaryCd>CFAEST</SecondaryCd>
						<WBRatingAppliedInd>0</WBRatingAppliedInd>
					</CreditOrSurcharge>
					<EffectiveDt>2019-10-03</EffectiveDt>
					<ExpirationDt>2020-10-03</ExpirationDt>
					<ProRateFactor>0.8361</ProRateFactor>
					<CoverageSupplement id="C64713524D3174DB2BA035D01965C31F7">
						<CoverageSubCd>PIPWKLOSS</CoverageSubCd>
					</CoverageSupplement>
					<CoverageExt id="C77B95EF96A0D422B94112C4F663E4B95">
						<WBOnsetOffsetPremiumInfo id="W32220C7372314AB58E3DE524BAD42CF9">
							<WBCurrentTermOnsetAmt id="WF089343762804546AF26D547D0AC78AD">
								<Amt>64</Amt>
							</WBCurrentTermOnsetAmt>
							<WBCurrentTermOffsetAmt id="W09CB797A3A0548A9943E23C5C4718FB7">
								<Amt>64</Amt>
							</WBCurrentTermOffsetAmt>
						</WBOnsetOffsetPremiumInfo>
						<WBPremiumInfo id="W20085E7FA23A4E89B93DAD0E17B50AF8">
							<WBCurrentTermAmt id="W97FDBCABD9664B6E897126B5BCC1E016">
								<Amt>76</Amt>
							</WBCurrentTermAmt>
							<WBNetChangeAmt id="WC9BF6AC541F24FD19654B9F5D8238949">
								<Amt>0</Amt>
							</WBNetChangeAmt>
							<WBWrittenAmt id="W6CD91C6AFD904F6AB8A9039ACA9E5073">
								<Amt>76</Amt>
							</WBWrittenAmt>
							<WBPriorCurrentTermAmt id="W28BBD6012A044EFB88F180CB5B7872AF">
								<Amt>76</Amt>
							</WBPriorCurrentTermAmt>
							<WBPriorWrittenAmt id="W5924B48B3ADE40D88C95749CB02F78FC">
								<Amt>76</Amt>
							</WBPriorWrittenAmt>
							<WBCancelAmt id="W83A15A744E0D49DB99CE2AB52D5B9AF5">
								<Amt>0</Amt>
							</WBCancelAmt>
						</WBPremiumInfo>
					</CoverageExt>
				</Coverage>
				<Coverage id="CC47E6C17BA31432FA53DDD899A2F8EC8">
					<CoverageCd>UM</CoverageCd>
					<Limit id="L545D07BFF3F34757B94F344A05E7DAFE">
						<FormatCurrencyAmt id="F29D826BAFB80490C96D098642624A80B">
							<Amt>100000</Amt>
						</FormatCurrencyAmt>
						<LimitAppliesToCd>EachClaim</LimitAppliesToCd>
					</Limit>
					<Limit id="L01292386A5A34FF9B4EBB1D98F9BC97D">
						<FormatCurrencyAmt id="F895E27DA9C284F87A2411050461EDED6">
							<Amt>300000</Amt>
						</FormatCurrencyAmt>
						<LimitAppliesToCd>PerAcc</LimitAppliesToCd>
					</Limit>
					<CreditOrSurcharge id="C89919A3E3FE442459DCD2FFF98C2DDDC">
						<CreditSurchargeCd>LFREE</CreditSurchargeCd>
						<SecondaryCd>CFAEST</SecondaryCd>
						<WBRatingAppliedInd>0</WBRatingAppliedInd>
					</CreditOrSurcharge>
					<EffectiveDt>2019-10-03</EffectiveDt>
					<ExpirationDt>2020-10-03</ExpirationDt>
					<ProRateFactor>0.8361</ProRateFactor>
					<CoverageSupplement id="C3E0474796E254D5D9055C5AFE456949D">
						<CoverageSubCd>UMSP</CoverageSubCd>
					</CoverageSupplement>
					<CoverageExt id="C9500786665554F59B8E30113EB34ABFE">
						<WBOnsetOffsetPremiumInfo id="W1CD598F0B83F4B24BD935842E2B5A5F0">
							<WBCurrentTermOnsetAmt id="W0953034AC786443C8FB3F6E8C52E1CA3">
								<Amt>85</Amt>
							</WBCurrentTermOnsetAmt>
							<WBCurrentTermOffsetAmt id="WEBFF3A01DE984115BC826898E2298251">
								<Amt>85</Amt>
							</WBCurrentTermOffsetAmt>
						</WBOnsetOffsetPremiumInfo>
						<WBPremiumInfo id="W9641C21DED2C452BB193E3575C856AC7">
							<WBCurrentTermAmt id="W440A93DAE3A34E60A1191D6CDB5D9352">
								<Amt>102</Amt>
							</WBCurrentTermAmt>
							<WBNetChangeAmt id="WA528D61F748A47008A08D0001C72035D">
								<Amt>0</Amt>
							</WBNetChangeAmt>
							<WBWrittenAmt id="W7FD1ACD72C4C47578D8D9297273E700E">
								<Amt>102</Amt>
							</WBWrittenAmt>
							<WBPriorCurrentTermAmt id="WDC1566F173084CEF8D0082B760DFD6AD">
								<Amt>102</Amt>
							</WBPriorCurrentTermAmt>
							<WBPriorWrittenAmt id="W75AEEE530FB242F2AB5C78B6CF7177DE">
								<Amt>102</Amt>
							</WBPriorWrittenAmt>
							<WBCancelAmt id="WE68B89B7EB874891B10D25A354C4283E">
								<Amt>0</Amt>
							</WBCancelAmt>
						</WBPremiumInfo>
					</CoverageExt>
				</Coverage>
				<Coverage id="C988A378C8B2B48CEB64185F2B34C2EDC">
					<CoverageCd>UNDUM</CoverageCd>
					<Limit id="L5317C0FE154E4A36B1EC62B644780E8D">
						<FormatCurrencyAmt id="F686B9CA8F34F40DFABCC1DD761A16B02">
							<Amt>100000</Amt>
						</FormatCurrencyAmt>
						<LimitAppliesToCd>EachClaim</LimitAppliesToCd>
					</Limit>
					<Limit id="L5647F5BB818447948FBBB32B56881FA2">
						<FormatCurrencyAmt id="FFC012344D32F466495FEB84217222864">
							<Amt>300000</Amt>
						</FormatCurrencyAmt>
						<LimitAppliesToCd>PerAcc</LimitAppliesToCd>
					</Limit>
					<EffectiveDt>2019-10-03</EffectiveDt>
					<ExpirationDt>2020-10-03</ExpirationDt>
					<ProRateFactor>0.8361</ProRateFactor>
					<CoverageSupplement id="C3A273716F4AE49188075C35687C61DDC">
						<CoverageSubCd>UNDMSP</CoverageSubCd>
					</CoverageSupplement>
					<CoverageExt id="CF1623533D2A04004836E23A3921BD2B4">
						<WBOnsetOffsetPremiumInfo id="W5B8560A8D80F447D85D5B7F29E8353EE">
							<WBCurrentTermOnsetAmt id="W1BB92C77582E40358182A1E7116051A8">
								<Amt>23</Amt>
							</WBCurrentTermOnsetAmt>
							<WBCurrentTermOffsetAmt id="W2E27CE0CCAF5491BA8A20FAADAE26C2C">
								<Amt>23</Amt>
							</WBCurrentTermOffsetAmt>
						</WBOnsetOffsetPremiumInfo>
						<WBPremiumInfo id="W5F22F67FE1C84A848D268C586566E748">
							<WBCurrentTermAmt id="WB4C3351F22C846B3A2FEE5AEE3AD7BDE">
								<Amt>28</Amt>
							</WBCurrentTermAmt>
							<WBNetChangeAmt id="W8A04B9EDEEFE4757906F9F85012A73E1">
								<Amt>0</Amt>
							</WBNetChangeAmt>
							<WBWrittenAmt id="W97A132C3FF304CA98DECF6A3DD61E0F6">
								<Amt>28</Amt>
							</WBWrittenAmt>
							<WBPriorCurrentTermAmt id="WFD9E46E400584700B4CE905F611B43BB">
								<Amt>28</Amt>
							</WBPriorCurrentTermAmt>
							<WBPriorWrittenAmt id="W2915DCC1C4574C3192BB6942F66330F2">
								<Amt>28</Amt>
							</WBPriorWrittenAmt>
							<WBCancelAmt id="WA0D8C7635F294D459FF71FFB8C989C31">
								<Amt>0</Amt>
							</WBCancelAmt>
						</WBPremiumInfo>
					</CoverageExt>
				</Coverage>
				<Coverage id="C629EB869D31F450699C7E3C824FBCCDF">
					<CoverageCd>PIP</CoverageCd>
					<Deductible id="DE2DCAEA87E2B47C19670DEADA23B4E8F">
						<FormatCurrencyAmt id="FC6FB9156169B4781827A86BA8EC12E03">
							<Amt>500</Amt>
						</FormatCurrencyAmt>
						<DeductibleAppliesToCd>CL</DeductibleAppliesToCd>
					</Deductible>
					<Option id="OF5EB4BE02A244C7B8E6F348489BA8218">
						<OptionCd>P</OptionCd>
					</Option>
					<CreditOrSurcharge id="CEC1E0C3B018A41B7BF38F99E27A07983">
						<CreditSurchargeCd>LFREE</CreditSurchargeCd>
						<SecondaryCd>CFAEST</SecondaryCd>
						<WBRatingAppliedInd>0</WBRatingAppliedInd>
					</CreditOrSurcharge>
					<EffectiveDt>2019-10-03</EffectiveDt>
					<ExpirationDt>2020-10-03</ExpirationDt>
					<ProRateFactor>0.8361</ProRateFactor>
					<CoverageSupplement id="C9AFEF8D8FA9348FBA0315E3A2075033E">
						<CoverageSubCd>PIPMED</CoverageSubCd>
					</CoverageSupplement>
					<CoverageExt id="C8E1617904CB2423482813E72D6BB19E2">
						<WBOnsetOffsetPremiumInfo id="WDE749E5DE7B04BBF8421C1862A537AC5">
							<WBCurrentTermOnsetAmt id="W44524A0BBFA6453997703813B7D565EE">
								<Amt>1686</Amt>
							</WBCurrentTermOnsetAmt>
							<WBCurrentTermOffsetAmt id="WD6D13F06167E452892675D85B2C2F089">
								<Amt>1686</Amt>
							</WBCurrentTermOffsetAmt>
						</WBOnsetOffsetPremiumInfo>
						<WBPremiumInfo id="W9E15929F3F75436A9D7830FA987C4EA1">
							<WBCurrentTermAmt id="WFAE239BDC2674C8B8E5E4FC41B47142F">
								<Amt>2016</Amt>
							</WBCurrentTermAmt>
							<WBNetChangeAmt id="W6FAD2EF64B7E457B88AFA905EDE1B1ED">
								<Amt>0</Amt>
							</WBNetChangeAmt>
							<WBWrittenAmt id="W2F210509177E4242B4D2C50EB7E33B35">
								<Amt>2016</Amt>
							</WBWrittenAmt>
							<WBPriorCurrentTermAmt id="W14D7F614FFE24BF192C1F1B6DAB3D238">
								<Amt>2016</Amt>
							</WBPriorCurrentTermAmt>
							<WBPriorWrittenAmt id="WD516878C33104E06BAE2844CABE7B2C4">
								<Amt>2016</Amt>
							</WBPriorWrittenAmt>
							<WBCancelAmt id="W392C988074944033BA2E1B02F728035B">
								<Amt>0</Amt>
							</WBCancelAmt>
						</WBPremiumInfo>
					</CoverageExt>
				</Coverage>
				<Coverage id="CD3A8CE28E598421A9F28FF7E1BBC5A18">
					<CoverageCd>PIP</CoverageCd>
					<Deductible id="D3ACB495B28F742BE81BAE5B2850D4119">
						<FormatCurrencyAmt id="F4077B65A18744E50B666949AB5CED31F">
							<Amt>500</Amt>
						</FormatCurrencyAmt>
						<DeductibleAppliesToCd>CL</DeductibleAppliesToCd>
					</Deductible>
					<CreditOrSurcharge id="C150BC275E9AC47EEA3049B967818906C">
						<CreditSurchargeCd>LFREE</CreditSurchargeCd>
						<SecondaryCd>CFAEST</SecondaryCd>
						<WBRatingAppliedInd>0</WBRatingAppliedInd>
					</CreditOrSurcharge>
					<EffectiveDt>2019-10-03</EffectiveDt>
					<ExpirationDt>2020-10-03</ExpirationDt>
					<ProRateFactor>0.8361</ProRateFactor>
					<CoverageSupplement id="CF2775A0540B146E8AAD219E0950C0CC8">
						<CoverageSubCd>PIPALLOTHER</CoverageSubCd>
					</CoverageSupplement>
					<CoverageExt id="C62461A03A41347C980F85DC182058631">
						<WBOnsetOffsetPremiumInfo id="W9C839BB5C4EE4D1BAAC145F34281CC2F">
							<WBCurrentTermOnsetAmt id="W214BC3A9E42543458DBB8B9C638FD562">
								<Amt>34</Amt>
							</WBCurrentTermOnsetAmt>
							<WBCurrentTermOffsetAmt id="W6648B4F5F70B41AE87746282A480DCD6">
								<Amt>34</Amt>
							</WBCurrentTermOffsetAmt>
						</WBOnsetOffsetPremiumInfo>
						<WBPremiumInfo id="WE55941FC21D44517B586C9AC9F8856F6">
							<WBCurrentTermAmt id="WC9F1AF16E22E4ACBA9B2413325C0DD7E">
								<Amt>41</Amt>
							</WBCurrentTermAmt>
							<WBNetChangeAmt id="W382BF64566624DF1ACD14166267F1457">
								<Amt>0</Amt>
							</WBNetChangeAmt>
							<WBWrittenAmt id="W457DB35890974B7882C7B78B860608B4">
								<Amt>41</Amt>
							</WBWrittenAmt>
							<WBPriorCurrentTermAmt id="W90A81A6F75FF408B86E71F714FEC6E17">
								<Amt>41</Amt>
							</WBPriorCurrentTermAmt>
							<WBPriorWrittenAmt id="W3158C166276046DD9A76783399D3A819">
								<Amt>41</Amt>
							</WBPriorWrittenAmt>
							<WBCancelAmt id="W30C95C5D952F4264BE98852E9355805A">
								<Amt>0</Amt>
							</WBCancelAmt>
						</WBPremiumInfo>
					</CoverageExt>
				</Coverage>
				<Coverage id="C8B3528B1F5CD463899E4C273EDCD47F0">
					<CoverageCd>PPI</CoverageCd>
					<Limit id="L41B7AA163B734016B015B3E41A57D662">
						<FormatCurrencyAmt id="F3B67392E19DE484E892FDCCA36CB6F76">
							<Amt>1000000</Amt>
						</FormatCurrencyAmt>
						<LimitAppliesToCd>PerAcc</LimitAppliesToCd>
					</Limit>
					<EffectiveDt>2019-10-03</EffectiveDt>
					<ExpirationDt>2020-10-03</ExpirationDt>
					<ProRateFactor>0.8361</ProRateFactor>
					<CoverageSupplement id="C7775ED0B2E3F41BAB52DB8980205CA36">
						<CoverageSubCd>PPI</CoverageSubCd>
					</CoverageSupplement>
					<CoverageExt id="C9D8630C1A7AB46CDB29F8441DBF4FF52">
						<WBOnsetOffsetPremiumInfo id="W255E43B024074D3196D3E5C392C8859B">
							<WBCurrentTermOnsetAmt id="W49A52234158C43679E966076D7B1677C">
								<Amt>3</Amt>
							</WBCurrentTermOnsetAmt>
							<WBCurrentTermOffsetAmt id="W6FC3D5382F8C48F38D6E08ECE06582E1">
								<Amt>3</Amt>
							</WBCurrentTermOffsetAmt>
						</WBOnsetOffsetPremiumInfo>
						<WBPremiumInfo id="W7B06F173D8E74BD2BFAD217006E4A51C">
							<WBCurrentTermAmt id="W5E36C027E33140B8B5DEF64130710E72">
								<Amt>3</Amt>
							</WBCurrentTermAmt>
							<WBNetChangeAmt id="W1DB67804A3574732B11D6BE762B887A0">
								<Amt>0</Amt>
							</WBNetChangeAmt>
							<WBWrittenAmt id="W93AB7276D77F45D4AF8AE80F1A8546BC">
								<Amt>3</Amt>
							</WBWrittenAmt>
							<WBPriorCurrentTermAmt id="WAFDE5E6446654378B35754BCD344B9ED">
								<Amt>3</Amt>
							</WBPriorCurrentTermAmt>
							<WBPriorWrittenAmt id="WE9A4FD02FEE44D9295F4AF816E0E1A7B">
								<Amt>3</Amt>
							</WBPriorWrittenAmt>
							<WBCancelAmt id="W21A44C9D0F124BDD87B42EE612DA805B">
								<Amt>0</Amt>
							</WBCancelAmt>
						</WBPremiumInfo>
					</CoverageExt>
				</Coverage>
				<Coverage id="CC466FEB7589248FDABBAE89A00490F04">
					<CoverageCd>MCCA</CoverageCd>
					<CoverageTypeCd>Coverage</CoverageTypeCd>
					<EffectiveDt>2019-10-03</EffectiveDt>
					<ExpirationDt>2020-10-03</ExpirationDt>
					<ProRateFactor>0.8361</ProRateFactor>
					<CoverageSupplement id="C65A3A2002FF9488893F1AABC5C2670D0">
						<CoverageSubCd>PIPMCCA</CoverageSubCd>
					</CoverageSupplement>
					<CoverageExt id="C70910BE666E8483DB1390C3029400E47">
						<WBOnsetOffsetPremiumInfo id="W80845A501AA446A99E1FC67B2CC89432">
							<WBCurrentTermOnsetAmt id="WCA970561B9024EB0A01EF6C71AFAEE4D">
								<Amt>191</Amt>
							</WBCurrentTermOnsetAmt>
							<WBCurrentTermOffsetAmt id="WF2E6447CB35D413EB21EF14847CBD8FF">
								<Amt>191</Amt>
							</WBCurrentTermOffsetAmt>
						</WBOnsetOffsetPremiumInfo>
						<WBPremiumInfo id="W9880E575677840EA822BCFCC51D2B101">
							<WBCurrentTermAmt id="W4674B708EA6B4DBABF4F466CB7B3ECAF">
								<Amt>228.00</Amt>
							</WBCurrentTermAmt>
							<WBNetChangeAmt id="W1277E8D3579749F3B69D00391D9FE4E6">
								<Amt>0</Amt>
							</WBNetChangeAmt>
							<WBWrittenAmt id="W09BC3860F50945C294DC5D327FC201A8">
								<Amt>228</Amt>
							</WBWrittenAmt>
							<WBPriorCurrentTermAmt id="W2A53EA5BA4484EEB93D27F0460D142B3">
								<Amt>228</Amt>
							</WBPriorCurrentTermAmt>
							<WBPriorWrittenAmt id="W282F409BE38E41919822CC0736737541">
								<Amt>228</Amt>
							</WBPriorWrittenAmt>
							<WBCancelAmt id="W7214344B5FA449B1A119AB0526D2D802">
								<Amt>0</Amt>
							</WBCancelAmt>
						</WBPremiumInfo>
					</CoverageExt>
				</Coverage>
				<CreditOrSurcharge id="C105F3EC60DEF4FE9835DD141CBB001BC">
					<SecondaryCd>AHS</SecondaryCd>
					<WBRatingAppliedInd>0</WBRatingAppliedInd>
				</CreditOrSurcharge>
				<CreditOrSurcharge id="C09641E527E1546CA96ECA764CDF5C425">
					<SecondaryCd>AOM</SecondaryCd>
					<WBRatingAppliedInd>0</WBRatingAppliedInd>
				</CreditOrSurcharge>
				<CreditOrSurcharge id="CFE18A65E620B40E49174A33BCC154191">
					<SecondaryCd>BWS</SecondaryCd>
					<WBRatingAppliedInd>0</WBRatingAppliedInd>
				</CreditOrSurcharge>
				<CreditOrSurcharge id="C26F2BBE105014CCC85234D9EBCF02EEF">
					<SecondaryCd>DFSS</SecondaryCd>
					<WBRatingAppliedInd>0</WBRatingAppliedInd>
				</CreditOrSurcharge>
				<CreditOrSurcharge id="CD4A230BB44E24F41AD62F02EFE5B3D54">
					<SecondaryCd>FCA</SecondaryCd>
					<WBRatingAppliedInd>0</WBRatingAppliedInd>
				</CreditOrSurcharge>
				<CreditOrSurcharge id="CD34261FDC8244A7AB9A16A8998B06AD1">
					<SecondaryCd />
					<WBRatingAppliedInd>0</WBRatingAppliedInd>
				</CreditOrSurcharge>
				<CreditOrSurcharge id="C2788B1135FBD4E8DBABA6D4A364B4238">
					<SecondaryCd>SDD</SecondaryCd>
					<WBRatingAppliedInd>0</WBRatingAppliedInd>
				</CreditOrSurcharge>
				<CreditOrSurcharge id="CFD78C75967F84A4A97087C5C496FD155">
					<SecondaryCd />
					<WBRatingAppliedInd>0</WBRatingAppliedInd>
				</CreditOrSurcharge>
				<CreditOrSurcharge id="C5E466D0D3F954FDE85BDF8B1CF545CDC">
					<SecondaryCd />
					<WBRatingAppliedInd>0</WBRatingAppliedInd>
				</CreditOrSurcharge>
				<CreditOrSurcharge id="C80A1BBC572A04FDA8B160A5483D549F2">
					<SecondaryCd />
					<WBRatingAppliedInd>0</WBRatingAppliedInd>
				</CreditOrSurcharge>
				<CreditOrSurcharge id="CBC850BE4228F41AD91A28A5FCAA99FC2">
					<SecondaryCd />
					<WBRatingAppliedInd>0</WBRatingAppliedInd>
				</CreditOrSurcharge>
				<CreditOrSurcharge id="CF1EA94E3D5ED46258FCA2D6149DEEA01">
					<SecondaryCd>PU</SecondaryCd>
					<WBRatingAppliedInd>0</WBRatingAppliedInd>
				</CreditOrSurcharge>
				<ComprehensiveOTCSymbolCd>21</ComprehensiveOTCSymbolCd>
				<CollisionSymbolCd>23</CollisionSymbolCd>
				<QuestionAnswer id="Q8C1858C513424A588C8CE3F9F9644BCA">
					<QuestionCd>VEH02</QuestionCd>
					<YesNoCd>DRV</YesNoCd>
					<Explanation>1100</Explanation>
				</QuestionAnswer>
				<QuestionAnswer id="QB55820E4EE68454DA5D740E6CAB266C9">
					<QuestionCd>VEH01</QuestionCd>
					<YesNoCd>YES</YesNoCd>
					<Explanation>dsfs</Explanation>
				</QuestionAnswer>
				<VehicleExt id="V614D6394EA734B47903649FD1C43747B">
					<WBBlindSpotLaneOrDepartureMonitoringCd />
					<WBForwardCrashAvoidanceCd />
					<WBBackupWarningSystemInd>0</WBBackupWarningSystemInd>
					<WBAutonomousOperationsModeInd>0</WBAutonomousOperationsModeInd>
					<WBAdaptiveHeadlightSystemInd>0</WBAdaptiveHeadlightSystemInd>
					<WBDriverFatigueSensingSystemInd>0</WBDriverFatigueSensingSystemInd>
					<ClassCode>1133</ClassCode>
					<WBMileage id="WB61F1F1C1B9F43E6A284A5691BEEA48A">
						<WBRatedAnnualMileage>13679</WBRatedAnnualMileage>
						<WBAnnualMileageMAMCd>E</WBAnnualMileageMAMCd>
					</WBMileage>
					<WBISOBodyStyleDesc>Utility Vehicle - Two-Wheel Drive 4-Door</WBISOBodyStyleDesc>
					<WBFinancialResponsibilityCnt>0</WBFinancialResponsibilityCnt>
					<WBRiskTerm id="W18F3EFF1111D4B20A89B0E119848AE9B">
						<WBRiskEffectiveDt>2019-10-03</WBRiskEffectiveDt>
						<WBRiskExpirationDt>2020-10-03</WBRiskExpirationDt>
					</WBRiskTerm>
					<WBSubtotalInfo id="W958AAB1F65074ABCB22EC1D54902E51A">
						<WBSubtotalInfoTypeCd>CFA</WBSubtotalInfoTypeCd>
						<WBCurrentTermAmt id="WDAD35F39EF4844548439E47018D1B727">
							<Amt>82</Amt>
						</WBCurrentTermAmt>
					</WBSubtotalInfo>
					<WBSubtotalInfo id="W7217B0F74C3F4C329DE539BDC02815AA">
						<WBSubtotalInfoTypeCd>VEH</WBSubtotalInfoTypeCd>
						<WBCurrentTermAmt id="W6547C158566F4EC4836176B9533CD954">
							<Amt>2770</Amt>
						</WBCurrentTermAmt>
					</WBSubtotalInfo>
					<WBVehicleAge>0</WBVehicleAge>
					<WBThirdPartyReport id="W9FE0538118F24A5280B44919764FF689">
						<WBReportTypeCd>VINMASTER</WBReportTypeCd>
						<WBReportOrderStatus>Returned</WBReportOrderStatus>
					</WBThirdPartyReport>
					<WBOnsetOffsetPremiumInfo id="W7BAF3CCAE0404521883AA9C666986590">
						<WBCurrentTermOnsetAmt id="W8AB33A2046444CE2A27C6FF6014B631B">
							<Amt />
						</WBCurrentTermOnsetAmt>
						<WBCurrentTermOffsetAmt id="W2912820553924CBF80CC9037554FC877">
							<Amt />
						</WBCurrentTermOffsetAmt>
					</WBOnsetOffsetPremiumInfo>
					<WBPremiumInfo id="WF6FEB2FC2DD540048F18450FF3B928CF">
						<WBCurrentTermAmt id="WB8275E380D3E451F9952EA1B4683CDA6">
							<Amt>2992</Amt>
						</WBCurrentTermAmt>
						<WBNetChangeAmt id="WB2E73ACD002D44DB8EF51CB370FD4294">
							<Amt>2992</Amt>
						</WBNetChangeAmt>
						<WBWrittenAmt id="W561F4ADF84BC4C7CBE0894EF329E6A7A">
							<Amt>2992</Amt>
						</WBWrittenAmt>
					</WBPremiumInfo>
					<WBOverrideInfo id="WE315C8D591A841A7BFB7D1E49C6D892B">
						<WBOverrideType>P</WBOverrideType>
						<WBOverrideCategory>Symbol</WBOverrideCategory>
						<WBOverrideCd>BIPD</WBOverrideCd>
						<WBOverrideValue>false</WBOverrideValue>
					</WBOverrideInfo>
					<WBOverrideInfo id="WA904540116B047698628B95E107269C1">
						<WBOverrideType>T</WBOverrideType>
						<WBOverrideCategory>Symbol</WBOverrideCategory>
						<WBOverrideCd>BIPD</WBOverrideCd>
						<WBOverrideValue>false</WBOverrideValue>
					</WBOverrideInfo>
					<WBOverrideInfo id="WE5AA0F219E3A4FCABBFA47A1552EA6BB">
						<WBOverrideType>P</WBOverrideType>
						<WBOverrideCategory>Symbol</WBOverrideCategory>
						<WBOverrideCd>MedPIP</WBOverrideCd>
						<WBOverrideValue>false</WBOverrideValue>
					</WBOverrideInfo>
					<WBOverrideInfo id="W8162F11873864026B1D006E354718D1A">
						<WBOverrideType>T</WBOverrideType>
						<WBOverrideCategory>Symbol</WBOverrideCategory>
						<WBOverrideCd>MedPIP</WBOverrideCd>
						<WBOverrideValue>false</WBOverrideValue>
					</WBOverrideInfo>
					<WBOverrideInfo id="W09A70D5AE4044968A37405A8D332A1D8">
						<WBOverrideType>P</WBOverrideType>
						<WBOverrideCategory>Symbol</WBOverrideCategory>
						<WBOverrideCd>COLL</WBOverrideCd>
						<WBOverrideValue>false</WBOverrideValue>
					</WBOverrideInfo>
					<WBOverrideInfo id="WF307B846849548F48CAC989B72816E0A">
						<WBOverrideType>T</WBOverrideType>
						<WBOverrideCategory>Symbol</WBOverrideCategory>
						<WBOverrideCd>COLL</WBOverrideCd>
						<WBOverrideValue>false</WBOverrideValue>
					</WBOverrideInfo>
					<WBOverrideInfo id="WD84CB1DE15EE4795A82A3D721CAC1BC6">
						<WBOverrideType>P</WBOverrideType>
						<WBOverrideCategory>Symbol</WBOverrideCategory>
						<WBOverrideCd>OTC</WBOverrideCd>
						<WBOverrideValue>false</WBOverrideValue>
					</WBOverrideInfo>
					<WBOverrideInfo id="W9A44B43ABBD342AC833689B8908C2326">
						<WBOverrideType>T</WBOverrideType>
						<WBOverrideCategory>Symbol</WBOverrideCategory>
						<WBOverrideCd>OTC</WBOverrideCd>
						<WBOverrideValue>false</WBOverrideValue>
					</WBOverrideInfo>
					<Form id="FD32DB4CEBB5A4B42AF48601491D6C1DC">
						<FormNumber>PP0001Q</FormNumber>
						<EditionDt>2019-01-01</EditionDt>
						<FormName>Personal Auto Policy</FormName>
						<EffectiveDt>2019-12-02</EffectiveDt>
					</Form>
					<Form id="F9FBCB9808F314FC580FB904B32CC437C">
						<FormNumber>PP0180Q</FormNumber>
						<EditionDt>2019-01-01</EditionDt>
						<FormName>Amendment of Policy Provisions - Michigan</FormName>
						<EffectiveDt>2019-12-02</EffectiveDt>
					</Form>
					<Form id="FA18BC09582E74F069E7696F9F962DDD8">
						<FormNumber>PP0280Q</FormNumber>
						<EditionDt>2019-01-01</EditionDt>
						<FormName>Termination Provisions - Michigan</FormName>
						<EffectiveDt>2019-12-02</EffectiveDt>
					</Form>
					<Form id="F69464FD334B24D0A97EC594451D7ACC3">
						<FormNumber>PP0401Q</FormNumber>
						<EditionDt>2019-01-01</EditionDt>
						<FormName>Uninsured Motorists Limits</FormName>
						<EffectiveDt>2019-12-02</EffectiveDt>
					</Form>
					<Form id="F2369F0F387404F5CB8B225E5191DA331">
						<FormNumber>PP0402Q</FormNumber>
						<EditionDt>2019-01-01</EditionDt>
						<FormName>Underinsured Motorists Limit</FormName>
						<EffectiveDt>2019-12-02</EffectiveDt>
					</Form>
					<Form id="F8F835F196EB14797885120AD22EAC230">
						<FormNumber>PP0590Q</FormNumber>
						<EditionDt>2019-01-01</EditionDt>
						<FormName>Personal Injury Protection Coverage - Michigan</FormName>
						<EffectiveDt>2019-12-02</EffectiveDt>
					</Form>
					<Form id="F5BAB4FEFB7874986AF43EA0E2EFC9263">
						<FormNumber>PP0591Q</FormNumber>
						<EditionDt>2019-01-01</EditionDt>
						<FormName>Property Protection Coverage - Michigan</FormName>
						<EffectiveDt>2019-12-02</EffectiveDt>
					</Form>
				</VehicleExt>
			</Vehicle>
			<Vehicle id="v2" RatedDriverRef="d2" xmlno="">
				<ItemIdInfo id="IAAECAD7EFFE64DAAB94B94C647A89EEA">
					<InsurerId>2000</InsurerId>
				</ItemIdInfo>
				<Manufacturer>Hyundai</Manufacturer>
				<Model>Sonata</Model>
				<ModelYear>2018</ModelYear>
				<VehBodyTypeCd>PP</VehBodyTypeCd>
				<VehTypeCd>PP</VehTypeCd>
				<EstimatedAnnualDistance id="E7A9EFCC908F24C0EB53E476F156D6496">
					<NumUnits>1000</NumUnits>
					<UnitMeasurementCd>MILES</UnitMeasurementCd>
				</EstimatedAnnualDistance>
				<AntiLockBrakeCd>N</AntiLockBrakeCd>
				<DistanceOneWay id="D14EA80CAF5D048F594C9AB6464158A70">
					<NumUnits>15</NumUnits>
					<UnitMeasurementCd>MILES</UnitMeasurementCd>
				</DistanceOneWay>
				<MultiCarDiscountInd>1</MultiCarDiscountInd>
				<NonOwnedVehInd>1</NonOwnedVehInd>
				<VehUseCd>OT</VehUseCd>
				<TierCd>Elite</TierCd>
				<BIPDSymbolCd>98</BIPDSymbolCd>
				<MedPayPIPLiabilitySymbolCd>98</MedPayPIPLiabilitySymbolCd>
				<Addr id="AC953A6186E654092A9BE2A313291F1CF">
					<AddrExt id="AB091946AE66948679878086A64FBE702">
						<WBRatedZipCd>48001</WBRatedZipCd>
						<WBRatedVehicleStateProvCd>MI</WBRatedVehicleStateProvCd>
					</AddrExt>
				</Addr>
				<EmployeeOperatedInd>0</EmployeeOperatedInd>
				<LengthTimeVehInUse id="L476308F74E10423DB3D8BFF6E33DB2BB">
					<NumUnits>5</NumUnits>
					<UnitMeasurementCd>DAY</UnitMeasurementCd>
				</LengthTimeVehInUse>
				<Coverage id="CB27F11D06186466DAB93E289A5FE4B1E">
					<CoverageCd SourceSystemRef="v2" id="C929119EF01B24230B2E9EED90630FDD2">BI</CoverageCd>
					<CoverageTypeCd>Coverage</CoverageTypeCd>
					<CoverageDesc>Bodily Injury</CoverageDesc>
					<Limit id="LEB651F21608047BEAF2938DE99A2AA1D">
						<FormatCurrencyAmt id="FBAF26EAAABD147B3A4D6F05607A8A74A">
							<Amt>100000</Amt>
						</FormatCurrencyAmt>
						<ValuationCd>ACV</ValuationCd>
						<LimitAppliesToCd>BIEachPers</LimitAppliesToCd>
					</Limit>
					<Limit id="LDF24C89FBBD64796BBB6E6DB564ED46E">
						<FormatCurrencyAmt id="F6D01748335B048A4BC413E6EC5A34B89">
							<Amt>300000</Amt>
						</FormatCurrencyAmt>
						<ValuationCd>ACV</ValuationCd>
						<LimitAppliesToCd>PerAcc</LimitAppliesToCd>
					</Limit>
					<CreditOrSurcharge id="CD48AB9107F3B4D07AFCAA5B3A621489A">
						<CreditSurchargeCd>LFREE</CreditSurchargeCd>
						<NumericValue />
						<SecondaryCd>CFAEST</SecondaryCd>
						<WBRatingAppliedInd>0</WBRatingAppliedInd>
					</CreditOrSurcharge>
					<EffectiveDt>2019-12-02</EffectiveDt>
					<ExpirationDt>2020-10-03</ExpirationDt>
					<ProRateFactor>0.8361</ProRateFactor>
					<CoverageSupplement id="CC53EAC1C14D947838195003EE9371ACC">
						<CoverageSubCd>BI</CoverageSubCd>
					</CoverageSupplement>
					<CoverageExt id="C04CA962EB593477DAA115DA30A5AC69B">
						<WBOnsetOffsetPremiumInfo id="W3DDE96E804E44F88A2D7977E70A88915">
							<WBCurrentTermOnsetAmt id="W44482995DB08416F96471281542CD783">
								<Amt>107</Amt>
							</WBCurrentTermOnsetAmt>
							<WBCurrentTermOffsetAmt id="W86ABAAD040584916AB2236D523F72155">
								<Amt>0</Amt>
							</WBCurrentTermOffsetAmt>
						</WBOnsetOffsetPremiumInfo>
						<WBPremiumInfo id="WC0ED11A214884C43A7B7D917AD13080B">
							<WBCurrentTermAmt id="WB9A4995E029B4FC49C0FA15CE6F96FC9">
								<Amt>128</Amt>
							</WBCurrentTermAmt>
							<WBNetChangeAmt id="W84EFA279F3EB4F9E886851B58FA7BF38">
								<Amt>107</Amt>
							</WBNetChangeAmt>
							<WBWrittenAmt id="W41ABD080565E47F19B835A17E69DE243">
								<Amt>107</Amt>
							</WBWrittenAmt>
							<WBPriorCurrentTermAmt id="W0D4C2A4DFAAA4203998A2B42E34D871F">
								<Amt>0</Amt>
							</WBPriorCurrentTermAmt>
							<WBPriorWrittenAmt id="WCE3766C0552247088117ED5AF4E3D4EB">
								<Amt>0</Amt>
							</WBPriorWrittenAmt>
							<WBCancelAmt id="W7859595387764D94B26D3026F18D5EFA">
								<Amt>0</Amt>
							</WBCancelAmt>
						</WBPremiumInfo>
					</CoverageExt>
				</Coverage>
				<Coverage id="CB1C4924F4D2A44CF8811BADDC8615D5B">
					<CoverageCd SourceSystemRef="v2" id="CBA8A620C6CEC4CB0939694F878B399DE">PD</CoverageCd>
					<CoverageTypeCd>Coverage</CoverageTypeCd>
					<CoverageDesc>Property Damage</CoverageDesc>
					<Limit id="L8185BC014FF54C0095527E455C39C48C">
						<FormatCurrencyAmt id="FF4C56CFDADC74DE18C2764D6E66D3DDB">
							<Amt>100000</Amt>
						</FormatCurrencyAmt>
						<LimitAppliesToCd>PerAcc</LimitAppliesToCd>
					</Limit>
					<EffectiveDt>2019-12-02</EffectiveDt>
					<ExpirationDt>2020-10-03</ExpirationDt>
					<ProRateFactor>0.8361</ProRateFactor>
					<CoverageSupplement id="CF8A90E05A3A64A1695E38DA8DD2016E3">
						<CoverageSubCd>PD</CoverageSubCd>
					</CoverageSupplement>
					<CoverageExt id="CE4AF7FC1555D46A8A0A11EDAB0CDC66E">
						<WBOnsetOffsetPremiumInfo id="W2864996D819C4164A8054C5A7384541B">
							<WBCurrentTermOnsetAmt id="W64567319987345ADBAC93DAB48C291E1">
								<Amt>8</Amt>
							</WBCurrentTermOnsetAmt>
							<WBCurrentTermOffsetAmt id="W2F7C5A837EC84746B02F686906B218A1">
								<Amt>0</Amt>
							</WBCurrentTermOffsetAmt>
						</WBOnsetOffsetPremiumInfo>
						<WBPremiumInfo id="WE2C3E9BAB3AC474DA40614DBC85C6A9E">
							<WBCurrentTermAmt id="WD6B480EC04AE42AEA0493817911CE920">
								<Amt>9</Amt>
							</WBCurrentTermAmt>
							<WBNetChangeAmt id="W2212A682FA914457BB26A04D1E24DC5B">
								<Amt>8</Amt>
							</WBNetChangeAmt>
							<WBWrittenAmt id="W5A80B6D67E424992BC1A8AB5FECD1EC0">
								<Amt>8</Amt>
							</WBWrittenAmt>
							<WBPriorCurrentTermAmt id="W8671A455F44344E7B9B1785B5FCB9049">
								<Amt>0</Amt>
							</WBPriorCurrentTermAmt>
							<WBPriorWrittenAmt id="WBC6F0B46AB104AD0AC265F359739B7A3">
								<Amt>0</Amt>
							</WBPriorWrittenAmt>
							<WBCancelAmt id="W559B12680BF74796A65D748EA8FCC060">
								<Amt>0</Amt>
							</WBCancelAmt>
						</WBPremiumInfo>
					</CoverageExt>
				</Coverage>
				<Coverage id="C7125AF5508854A338AFD0C6BC1880AA0">
					<CoverageCd SourceSystemRef="v2" id="C020D6E16103D4ACD927C359FBD84F8AC">UM</CoverageCd>
					<CoverageTypeCd>Coverage</CoverageTypeCd>
					<CoverageDesc>Uninsured Motorist Bodily Injury</CoverageDesc>
					<Limit id="L943B7CDF9ED340828E96A61756422D8D">
						<FormatCurrencyAmt id="F7FBC4B078BD74E7A996F0390CC775AE9">
							<Amt>100000</Amt>
						</FormatCurrencyAmt>
						<ValuationCd>ACV</ValuationCd>
						<LimitAppliesToCd>EachClaim</LimitAppliesToCd>
					</Limit>
					<Limit id="L0E663479EA754502B780222BA2198FD2">
						<FormatCurrencyAmt id="F381263C8FFE54AAFB3E3813C8A024936">
							<Amt>300000</Amt>
						</FormatCurrencyAmt>
						<ValuationCd>ACV</ValuationCd>
						<LimitAppliesToCd>PerAcc</LimitAppliesToCd>
					</Limit>
					<CreditOrSurcharge id="CCCFF038943684124B07DCB4031D90768">
						<CreditSurchargeCd>LFREE</CreditSurchargeCd>
						<NumericValue />
						<SecondaryCd>CFAEST</SecondaryCd>
						<WBRatingAppliedInd>0</WBRatingAppliedInd>
					</CreditOrSurcharge>
					<EffectiveDt>2019-12-02</EffectiveDt>
					<ExpirationDt>2020-10-03</ExpirationDt>
					<ProRateFactor>0.8361</ProRateFactor>
					<CoverageSupplement id="C9AC73BEAABDD434EB006FECF96F3DC8C">
						<CoverageSubCd>UMSP</CoverageSubCd>
					</CoverageSupplement>
					<CoverageExt id="CF70F28BE94714841A34EE5720E6DA952">
						<WBOnsetOffsetPremiumInfo id="WF8D9A4163E3F4306963AC1F67093065D">
							<WBCurrentTermOnsetAmt id="W920EA2315C7C4471845A6E773F3E4CEA">
								<Amt>24</Amt>
							</WBCurrentTermOnsetAmt>
							<WBCurrentTermOffsetAmt id="W9273E82E149349829CC2C8AAE0330D8C">
								<Amt>0</Amt>
							</WBCurrentTermOffsetAmt>
						</WBOnsetOffsetPremiumInfo>
						<WBPremiumInfo id="W84B8CD7296B04A45BBB79DC4A6AE856F">
							<WBCurrentTermAmt id="WFC0D9A9F3D414CE8A0EACC6F3D12AEEB">
								<Amt>29</Amt>
							</WBCurrentTermAmt>
							<WBNetChangeAmt id="WE94B109DAA064A4085EA3B5D63409DEE">
								<Amt>24</Amt>
							</WBNetChangeAmt>
							<WBWrittenAmt id="W598582703A9B41EB8A070256D9363087">
								<Amt>24</Amt>
							</WBWrittenAmt>
							<WBPriorCurrentTermAmt id="WB3F0FD00716F4E49931A51A3BB2ACD4B">
								<Amt>0</Amt>
							</WBPriorCurrentTermAmt>
							<WBPriorWrittenAmt id="W620BA6C188E5425E843A45E3917B2EE0">
								<Amt>0</Amt>
							</WBPriorWrittenAmt>
							<WBCancelAmt id="W32D6A4DC7EDE4C0C8A0A26725D3C909A">
								<Amt>0</Amt>
							</WBCancelAmt>
						</WBPremiumInfo>
					</CoverageExt>
				</Coverage>
				<Coverage id="CB312CC06C1814221928719F50EE79163">
					<CoverageCd SourceSystemRef="v2" id="CC8830769E74C44CCACD039F3E615379D">PIP</CoverageCd>
					<CoverageTypeCd>Coverage</CoverageTypeCd>
					<CoverageDesc>Personal Injury Protection - MED</CoverageDesc>
					<Deductible id="DC9E5DF78155646F7B0F89F7F1FC33823">
						<FormatCurrencyAmt id="F9E0438ECDFF647B587A4FEF909C4606C">
							<Amt>5000</Amt>
						</FormatCurrencyAmt>
					</Deductible>
					<Option id="OE61A7067B7EB4B9588A8452021E71401">
						<OptionCd>P</OptionCd>
					</Option>
					<CreditOrSurcharge id="C3774F9EBCF6E429D8BB1E1B088919FB3">
						<CreditSurchargeCd>LFREE</CreditSurchargeCd>
						<NumericValue />
						<SecondaryCd>CFAEST</SecondaryCd>
						<WBRatingAppliedInd>0</WBRatingAppliedInd>
					</CreditOrSurcharge>
					<EffectiveDt>2019-12-02</EffectiveDt>
					<ExpirationDt>2020-10-03</ExpirationDt>
					<ProRateFactor>0.8361</ProRateFactor>
					<CoverageSupplement id="C95B614E5471344E09FDAF99BFDD3BB23">
						<CoverageSubCd>PIPMED</CoverageSubCd>
					</CoverageSupplement>
					<CoverageExt id="CE7A9D7176DD245499DEF8A6BC454BB7E">
						<WBOnsetOffsetPremiumInfo id="WC2D66A044B8C4FA8B5A0AF7E65C6CCC0">
							<WBCurrentTermOnsetAmt id="W602E6ED8ADFE4E9981CA8C6A942E286F">
								<Amt>429</Amt>
							</WBCurrentTermOnsetAmt>
							<WBCurrentTermOffsetAmt id="W9927BD3B98FA477EAEF337513C723281">
								<Amt>0</Amt>
							</WBCurrentTermOffsetAmt>
						</WBOnsetOffsetPremiumInfo>
						<WBPremiumInfo id="W19F2FA1672634779817E8DD4C2471E00">
							<WBCurrentTermAmt id="WDADCA08B4E0F46AF81612ACE3AADFF1C">
								<Amt>513</Amt>
							</WBCurrentTermAmt>
							<WBNetChangeAmt id="W43FC606F72C74B9A9063639A496C630C">
								<Amt>429</Amt>
							</WBNetChangeAmt>
							<WBWrittenAmt id="W8BBC112E2DB0449A857EB25DAE70E80C">
								<Amt>429</Amt>
							</WBWrittenAmt>
							<WBPriorCurrentTermAmt id="W796BBAE3E6D94BD2A2E074018907B85A">
								<Amt>0</Amt>
							</WBPriorCurrentTermAmt>
							<WBPriorWrittenAmt id="W946B82AFCB1E44B898917B4BF9BE34F3">
								<Amt>0</Amt>
							</WBPriorWrittenAmt>
							<WBCancelAmt id="WDB52B3545DDA48558B67437C9A51F7FF">
								<Amt>0</Amt>
							</WBCancelAmt>
						</WBPremiumInfo>
					</CoverageExt>
				</Coverage>
				<Coverage id="C6FF417685DBF485DA816CCA46301CB3D">
					<CoverageCd SourceSystemRef="v2" id="C10A6D9D8C24C4787A0780C614D04B6C5">COMP</CoverageCd>
					<CoverageTypeCd>Coverage</CoverageTypeCd>
					<CoverageDesc>Comprehensive</CoverageDesc>
					<Deductible id="DE9FC2C0FA7D8490BBCEAF80201D47997">
						<FormatCurrencyAmt id="F20050B179E494121BEA82898D02B94AA">
							<Amt>1000</Amt>
						</FormatCurrencyAmt>
					</Deductible>
					<CreditOrSurcharge id="C0F6F16BF6E8F4E65BF1788A51EFDEBF6">
						<CreditSurchargeCd>LFREE</CreditSurchargeCd>
						<NumericValue />
						<SecondaryCd>CFAEST</SecondaryCd>
						<WBRatingAppliedInd>0</WBRatingAppliedInd>
					</CreditOrSurcharge>
					<EffectiveDt>2019-12-02</EffectiveDt>
					<ExpirationDt>2020-10-03</ExpirationDt>
					<ProRateFactor>0.8361</ProRateFactor>
					<CoverageSupplement id="CF7CB9BCCB8AE451B993317B0752C200D">
						<CoverageSubCd>OTC</CoverageSubCd>
					</CoverageSupplement>
					<CoverageExt id="C191AD8F38374434E9958ABEB809BD1C8">
						<WBOnsetOffsetPremiumInfo id="W7BC045F3ACBE406DAEBD356D94E88AD1">
							<WBCurrentTermOnsetAmt id="W21B09A98C7224574B4B1062DF275D64C">
								<Amt>25</Amt>
							</WBCurrentTermOnsetAmt>
							<WBCurrentTermOffsetAmt id="WD1C5738BFABF4574A28C4ED96BF0D420">
								<Amt>0</Amt>
							</WBCurrentTermOffsetAmt>
						</WBOnsetOffsetPremiumInfo>
						<WBPremiumInfo id="W6C65460230814823913F1590F5063C5E">
							<WBCurrentTermAmt id="WC718643238704A34AFBCC89049FEA951">
								<Amt>30</Amt>
							</WBCurrentTermAmt>
							<WBNetChangeAmt id="W03246EB1E52441F78181B517FB45F033">
								<Amt>25</Amt>
							</WBNetChangeAmt>
							<WBWrittenAmt id="W8BA675687DA3483CA465CD17CDD7E650">
								<Amt>25</Amt>
							</WBWrittenAmt>
							<WBPriorCurrentTermAmt id="WA3E25F0DEC034CE0B8BC14536DA6CE47">
								<Amt>0</Amt>
							</WBPriorCurrentTermAmt>
							<WBPriorWrittenAmt id="WE35B9F7FCFBC4D769750F6E7DB67013A">
								<Amt>0</Amt>
							</WBPriorWrittenAmt>
							<WBCancelAmt id="W7094C693DAB44A449FD74FB175598B6F">
								<Amt>0</Amt>
							</WBCancelAmt>
						</WBPremiumInfo>
					</CoverageExt>
				</Coverage>
				<Coverage id="CD426A324A9AE47D9858EB7EE30514D32">
					<CoverageCd SourceSystemRef="v2" id="CC7912ED00BE340DBBF06F6071A02FB8E">COLL</CoverageCd>
					<CoverageTypeCd>Coverage</CoverageTypeCd>
					<CoverageDesc>Collision</CoverageDesc>
					<Deductible id="D44BA8475886643D3BAEF3C8375860082">
						<FormatCurrencyAmt id="F9D5144F642E345EBAB90D2B7A51EE0C1">
							<Amt>1000</Amt>
						</FormatCurrencyAmt>
					</Deductible>
					<CreditOrSurcharge id="C9751DFAD25B442FA82080ACF36F26585">
						<CreditSurchargeCd>LFREE</CreditSurchargeCd>
						<NumericValue />
						<SecondaryCd>CFAEST</SecondaryCd>
						<WBRatingAppliedInd>0</WBRatingAppliedInd>
					</CreditOrSurcharge>
					<EffectiveDt>2019-12-02</EffectiveDt>
					<ExpirationDt>2020-10-03</ExpirationDt>
					<ProRateFactor>0.8361</ProRateFactor>
					<CoverageSupplement id="C59CE359CA9AD4E8BB027F1D7D1258E75">
						<CoverageSubCd>COLL</CoverageSubCd>
					</CoverageSupplement>
					<CoverageExt id="C2BCD428B3D93437CB68BF7C94EA6754E">
						<WBOnsetOffsetPremiumInfo id="WDB5ECB57570F4E89861C75D1F3DD0908">
							<WBCurrentTermOnsetAmt id="WA7A50B33AA624CEDA1420E515D8716CC">
								<Amt>237</Amt>
							</WBCurrentTermOnsetAmt>
							<WBCurrentTermOffsetAmt id="W0DAA9CCFC27048D0B4DF5F119DD4FD70">
								<Amt>0</Amt>
							</WBCurrentTermOffsetAmt>
						</WBOnsetOffsetPremiumInfo>
						<WBPremiumInfo id="W5C3840F8AEF84211826B0F05B2445409">
							<WBCurrentTermAmt id="W751CD6ED7BBF43D1AE6126CB02B4A26E">
								<Amt>283</Amt>
							</WBCurrentTermAmt>
							<WBNetChangeAmt id="W73F3A42D59B44667B6A5FF7A7E0C6054">
								<Amt>237</Amt>
							</WBNetChangeAmt>
							<WBWrittenAmt id="WF595325792CE4B7998A220C2991A8129">
								<Amt>237</Amt>
							</WBWrittenAmt>
							<WBPriorCurrentTermAmt id="W3143FE94EA0149F095B8E96D19FACE96">
								<Amt>0</Amt>
							</WBPriorCurrentTermAmt>
							<WBPriorWrittenAmt id="WFF391BC92D3641D4A0EE34DC02E66FFD">
								<Amt>0</Amt>
							</WBPriorWrittenAmt>
							<WBCancelAmt id="W77461F93C5304F009F710D2EFBF40D77">
								<Amt>0</Amt>
							</WBCancelAmt>
						</WBPremiumInfo>
					</CoverageExt>
				</Coverage>
				<Coverage id="C801E72DDC7FD4A2595AA8BEC4DB81C5F">
					<CoverageCd>PPI</CoverageCd>
					<Limit id="L8DC33F3D7C2F49169DE738B70FA09433">
						<FormatCurrencyAmt id="F969534C0F9F0473CA260270B60D9498A">
							<Amt>1000000</Amt>
						</FormatCurrencyAmt>
						<LimitAppliesToCd>PerAcc</LimitAppliesToCd>
					</Limit>
					<EffectiveDt>2019-12-02</EffectiveDt>
					<ExpirationDt>2020-10-03</ExpirationDt>
					<ProRateFactor>0.8361</ProRateFactor>
					<CoverageSupplement id="C55F1D25C57CC4E209BBC1082FF8FC39D">
						<CoverageSubCd>PPI</CoverageSubCd>
					</CoverageSupplement>
					<CoverageExt id="CA3CC9AD9486C443586734AE72EF25F4A">
						<WBOnsetOffsetPremiumInfo id="WBD5477117A544B13A00FA3A054BFF86B">
							<WBCurrentTermOnsetAmt id="W315E833876A74952AD1211B4C6C58AF1">
								<Amt>2</Amt>
							</WBCurrentTermOnsetAmt>
							<WBCurrentTermOffsetAmt id="W5CFC2AB563E746D09ED121679E407328">
								<Amt>0</Amt>
							</WBCurrentTermOffsetAmt>
						</WBOnsetOffsetPremiumInfo>
						<WBPremiumInfo id="W174EA7F94109425FA6A29BC24DC44770">
							<WBCurrentTermAmt id="WBD8F32164CF94C4D8E87A4F5C868E3F1">
								<Amt>2</Amt>
							</WBCurrentTermAmt>
							<WBNetChangeAmt id="WAA7100462D974971B653E518F8054A4E">
								<Amt>2</Amt>
							</WBNetChangeAmt>
							<WBWrittenAmt id="W1D1303C1DACF4E31ABE58EA950A32487">
								<Amt>2</Amt>
							</WBWrittenAmt>
							<WBPriorCurrentTermAmt id="WB1401A4B98F4487CB6C5C953FB89AEFD">
								<Amt>0</Amt>
							</WBPriorCurrentTermAmt>
							<WBPriorWrittenAmt id="W71C18409229F4F3E92D79BF6DA03D614">
								<Amt>0</Amt>
							</WBPriorWrittenAmt>
							<WBCancelAmt id="WA640A91AAB21496BA884B6075835A171">
								<Amt>0</Amt>
							</WBCancelAmt>
						</WBPremiumInfo>
					</CoverageExt>
				</Coverage>
				<Coverage id="C6D225EFDFC75446ABBE2CFD0221DEBF2">
					<CoverageCd>PIP</CoverageCd>
					<EffectiveDt>2019-12-02</EffectiveDt>
					<ExpirationDt>2020-10-03</ExpirationDt>
					<ProRateFactor>0.8361</ProRateFactor>
					<CoverageSupplement id="C3CEBA6AFB0814242AE8B130F523FB468">
						<CoverageSubCd>PIPALLOTHER</CoverageSubCd>
					</CoverageSupplement>
					<CoverageExt id="C8FEEE49BDC544ED2A4B9E578D6A266CD">
						<WBOnsetOffsetPremiumInfo id="W376BA9DE195C4C88B1C48D0F7B296F53">
							<WBCurrentTermOnsetAmt id="W76C254B4DF1E4AFB92604A7A57B40C0C">
								<Amt>10</Amt>
							</WBCurrentTermOnsetAmt>
							<WBCurrentTermOffsetAmt id="WDA4B5558184C4BDCA9C33D4D6E16C338">
								<Amt>0</Amt>
							</WBCurrentTermOffsetAmt>
						</WBOnsetOffsetPremiumInfo>
						<WBPremiumInfo id="W36D5F789ABB44D7F8BB23EC43DC7C970">
							<WBCurrentTermAmt id="W98674E9125654FEE8CBB7F6ED2F0EB77">
								<Amt>12</Amt>
							</WBCurrentTermAmt>
							<WBNetChangeAmt id="W7141646F65A34D159AB0EE3103AFA178">
								<Amt>10</Amt>
							</WBNetChangeAmt>
							<WBWrittenAmt id="W6956431E96794192AE29995E58B36AAF">
								<Amt>10</Amt>
							</WBWrittenAmt>
							<WBPriorCurrentTermAmt id="WBC2EAC8BD3A44AE49768C7D477E49B6F">
								<Amt>0</Amt>
							</WBPriorCurrentTermAmt>
							<WBPriorWrittenAmt id="W4DF9E31EA6604281866965BD8164A67C">
								<Amt>0</Amt>
							</WBPriorWrittenAmt>
							<WBCancelAmt id="WD6AC1B957B364CEEAA4E6D4012A11F1C">
								<Amt>0</Amt>
							</WBCancelAmt>
						</WBPremiumInfo>
					</CoverageExt>
				</Coverage>
				<Coverage id="C88412BB075344E32A05A4C4AFDD111E5">
					<CoverageCd>MCCA</CoverageCd>
					<CoverageTypeCd>Coverage</CoverageTypeCd>
					<EffectiveDt>2019-12-02</EffectiveDt>
					<ExpirationDt>2020-10-03</ExpirationDt>
					<ProRateFactor>0.8361</ProRateFactor>
					<CoverageSupplement id="C322F75C3B1A440A7A5941BAF330876CC">
						<CoverageSubCd>PIPMCCA</CoverageSubCd>
					</CoverageSupplement>
					<CoverageExt id="CCEC53A4D9277484498596E2B48D15CB0">
						<WBOnsetOffsetPremiumInfo id="WC9117A409B084E458F304DA74C2352CB">
							<WBCurrentTermOnsetAmt id="WA2E263E0732C4465A4C5EE8FA5AF4E39">
								<Amt>191</Amt>
							</WBCurrentTermOnsetAmt>
							<WBCurrentTermOffsetAmt id="W777AA5A4E6314915B49FBA162AEDEE44">
								<Amt>0</Amt>
							</WBCurrentTermOffsetAmt>
						</WBOnsetOffsetPremiumInfo>
						<WBPremiumInfo id="WBDF5A3634093420F87291BB13A6C2455">
							<WBCurrentTermAmt id="W4644A46248774701981BE5F16C8426BA">
								<Amt>228.00</Amt>
							</WBCurrentTermAmt>
							<WBNetChangeAmt id="W841E3AA60D364D78BED37ED9D6662A7B">
								<Amt>191</Amt>
							</WBNetChangeAmt>
							<WBWrittenAmt id="W182AC90D9171439C8F298EF5792763ED">
								<Amt>191</Amt>
							</WBWrittenAmt>
							<WBPriorCurrentTermAmt id="W8F4D2A7D29784B4EB0BE777AE49E05B5">
								<Amt>0</Amt>
							</WBPriorCurrentTermAmt>
							<WBPriorWrittenAmt id="W170A086EFD944E7B95B41DB479D8E2DE">
								<Amt>0</Amt>
							</WBPriorWrittenAmt>
							<WBCancelAmt id="W0B5E0FBC9252400CB5FC17C3DD196120">
								<Amt>0</Amt>
							</WBCancelAmt>
						</WBPremiumInfo>
					</CoverageExt>
				</Coverage>
				<CreditOrSurcharge id="CACB30E954AA844ADAD576C9B270093F7">
					<SecondaryCd>AHS</SecondaryCd>
					<WBRatingAppliedInd>0</WBRatingAppliedInd>
				</CreditOrSurcharge>
				<CreditOrSurcharge id="C0517F84BD53648838F9B214D309A2B52">
					<SecondaryCd>AOM</SecondaryCd>
					<WBRatingAppliedInd>0</WBRatingAppliedInd>
				</CreditOrSurcharge>
				<CreditOrSurcharge id="C1CBCAFFF05F74205BE33ECFCAB4D397B">
					<SecondaryCd>BWS</SecondaryCd>
					<WBRatingAppliedInd>0</WBRatingAppliedInd>
				</CreditOrSurcharge>
				<CreditOrSurcharge id="C2A33548F091245BDA81267B1B70BBEAE">
					<SecondaryCd>DFSS</SecondaryCd>
					<WBRatingAppliedInd>0</WBRatingAppliedInd>
				</CreditOrSurcharge>
				<CreditOrSurcharge id="C8F58271E221F4F66AF5BD5136F7A1283">
					<SecondaryCd>FCA</SecondaryCd>
					<WBRatingAppliedInd>0</WBRatingAppliedInd>
				</CreditOrSurcharge>
				<CreditOrSurcharge id="C8F7BB24987EE43F4B3DF79973CACBD78">
					<SecondaryCd>BSMD</SecondaryCd>
					<WBRatingAppliedInd>0</WBRatingAppliedInd>
				</CreditOrSurcharge>
				<CreditOrSurcharge id="C6BDB0EA4F7D845D19CDB1A463235009F">
					<SecondaryCd>SDD</SecondaryCd>
					<WBRatingAppliedInd>0</WBRatingAppliedInd>
				</CreditOrSurcharge>
				<CreditOrSurcharge id="C1D39C866ABB04187A771E6FE70597FA2">
					<SecondaryCd>GSD</SecondaryCd>
					<WBRatingAppliedInd>0</WBRatingAppliedInd>
				</CreditOrSurcharge>
				<CreditOrSurcharge id="C8838C9536A7D4A9B852B59080E99EB3B">
					<SecondaryCd>GRSD</SecondaryCd>
					<WBRatingAppliedInd>0</WBRatingAppliedInd>
				</CreditOrSurcharge>
				<CreditOrSurcharge id="CAF7FB78877FB4AE2BEACB405A3D0F0A2">
					<SecondaryCd>RSD</SecondaryCd>
					<WBRatingAppliedInd>0</WBRatingAppliedInd>
				</CreditOrSurcharge>
				<CreditOrSurcharge id="C821DC48A44064FCA9C92B282918694F9">
					<SecondaryCd>MD</SecondaryCd>
					<WBRatingAppliedInd>0</WBRatingAppliedInd>
				</CreditOrSurcharge>
				<CreditOrSurcharge id="C464A2775353646D3B88E69E3AE610FD1">
					<SecondaryCd>PU</SecondaryCd>
					<WBRatingAppliedInd>0</WBRatingAppliedInd>
				</CreditOrSurcharge>
				<ComprehensiveOTCSymbolCd>2</ComprehensiveOTCSymbolCd>
				<CollisionSymbolCd>2</CollisionSymbolCd>
				<QuestionAnswer id="Q0B5643FF8B6347419DAAB3948E817A40">
					<QuestionCd>VEH01</QuestionCd>
					<YesNoCd>NO</YesNoCd>
				</QuestionAnswer>
				<VehicleExt id="V81AE61FFB22443EF97E1587F608ADF81">
					<WBVehicleUse id="W5CDAA77D8767499CA13B676E7E3C5FF6">
						<WBVehicleTitledCd>3000</WBVehicleTitledCd>
						<WBVehicleTitledDescription>Company Driver</WBVehicleTitledDescription>
						<WBVehicleBusinessDescription>Company Description</WBVehicleBusinessDescription>
					</WBVehicleUse>
					<ClassCode>1129</ClassCode>
					<WBMileage id="W40428F0C1CC941F2A149C630E740B83A">
						<WBRatedAnnualMileage>14144</WBRatedAnnualMileage>
						<WBAnnualMileageMAMCd>E</WBAnnualMileageMAMCd>
					</WBMileage>
					<WBFinancialResponsibilityCnt>0</WBFinancialResponsibilityCnt>
					<WBRiskTerm id="WF0A5BA3C305942F697CF820ED1B5C8CA">
						<WBRiskEffectiveDt>2019-12-02</WBRiskEffectiveDt>
						<WBRiskExpirationDt>2020-10-03</WBRiskExpirationDt>
					</WBRiskTerm>
					<WBSubtotalInfo id="W34AFEB2E31BE40D48FEEBBB0C57F91EF">
						<WBSubtotalInfoTypeCd>CFA</WBSubtotalInfoTypeCd>
						<WBCurrentTermAmt id="W75C61507D76B409398A4AA5680497FCA">
							<Amt>29</Amt>
						</WBCurrentTermAmt>
					</WBSubtotalInfo>
					<WBSubtotalInfo id="W2ED5476525B043D2A5A5BB2387AB7114">
						<WBSubtotalInfoTypeCd>VEH</WBSubtotalInfoTypeCd>
						<WBCurrentTermAmt id="W684EFCF1EB6748028D9FDA236FE57659">
							<Amt>1008</Amt>
						</WBCurrentTermAmt>
					</WBSubtotalInfo>
					<WBVehicleAge>2</WBVehicleAge>
					<WBThirdPartyReport id="WC6C48126D0BB4389B89EAFBFEE19AB2F">
						<WBReportTypeCd>VINMASTER</WBReportTypeCd>
						<WBReportOrderStatus>Returned</WBReportOrderStatus>
					</WBThirdPartyReport>
					<WBOnsetOffsetPremiumInfo id="W0EDA357F89CB46FF8695093D2C83871A">
						<WBCurrentTermOnsetAmt id="WA355A769D2B04DA495B7114A79F99FB0">
							<Amt />
						</WBCurrentTermOnsetAmt>
						<WBCurrentTermOffsetAmt id="WDF9A8E6CFF4F4C5BB99D878F2119DCE4">
							<Amt />
						</WBCurrentTermOffsetAmt>
					</WBOnsetOffsetPremiumInfo>
					<WBPremiumInfo id="W397423936AD648A78D012479A0191A54">
						<WBCurrentTermAmt id="W75B90F060ED84347A30752715739E0AA">
							<Amt>1234</Amt>
						</WBCurrentTermAmt>
						<WBNetChangeAmt id="WDEF70B61BA0A494FA221605C00265232">
							<Amt>924</Amt>
						</WBNetChangeAmt>
						<WBWrittenAmt id="WBF1BA0D6ED9F43309CCF0A635D9C085A">
							<Amt>1033</Amt>
						</WBWrittenAmt>
					</WBPremiumInfo>
					<Form id="FE762D1E059924C9E9D203B0B8A37C617">
						<FormNumber>PP0001Q</FormNumber>
						<EditionDt>2019-01-01</EditionDt>
						<FormName>Personal Auto Policy</FormName>
						<EffectiveDt>2019-12-02</EffectiveDt>
					</Form>
					<Form id="FF370CA171F5D4744B6EFFE3553DEB212">
						<FormNumber>PP0180Q</FormNumber>
						<EditionDt>2019-01-01</EditionDt>
						<FormName>Amendment of Policy Provisions - Michigan</FormName>
						<EffectiveDt>2019-12-02</EffectiveDt>
					</Form>
					<Form id="F2FA4D8C13AAF493BA0FAAEAC38C1F64A">
						<FormNumber>PP0280Q</FormNumber>
						<EditionDt>2019-01-01</EditionDt>
						<FormName>Termination Provisions - Michigan</FormName>
						<EffectiveDt>2019-12-02</EffectiveDt>
					</Form>
					<Form id="F746E8CA28F274F5FB6329E81BA304D34">
						<FormNumber>PP0401Q</FormNumber>
						<EditionDt>2019-01-01</EditionDt>
						<FormName>Uninsured Motorists Limits</FormName>
						<EffectiveDt>2019-12-02</EffectiveDt>
					</Form>
					<Form id="F99B5FA24C8194F4DB0197D5DA78C68A9">
						<FormNumber>PP0590Q</FormNumber>
						<EditionDt>2019-01-01</EditionDt>
						<FormName>Personal Injury Protection Coverage - Michigan</FormName>
						<EffectiveDt>2019-12-02</EffectiveDt>
					</Form>
					<Form id="F303274604B0848F8A6B1DF6BDFF4893B">
						<FormNumber>PP0591Q</FormNumber>
						<EditionDt>2019-01-01</EditionDt>
						<FormName>Property Protection Coverage - Michigan</FormName>
						<EffectiveDt>2019-12-02</EffectiveDt>
					</Form>
				</VehicleExt>
			</Vehicle>
			<QuestionAnswer id="QE741B4A5444E4273BFA5FA1C86342AD5">
				<QuestionCd>AUTOP03</QuestionCd>
				<YesNoCd>NO</YesNoCd>
			</QuestionAnswer>
			<QuestionAnswer id="QD9855495B24541F999A6C1B1AD4DF277">
				<QuestionCd>VEH03</QuestionCd>
				<YesNoCd>NO</YesNoCd>
			</QuestionAnswer>
			<QuestionAnswer id="Q51BDBF25945E4920911F2E22F1828392">
				<QuestionCd>VEH04</QuestionCd>
				<YesNoCd>NO</YesNoCd>
			</QuestionAnswer>
			<PersAutoLineBusinessExt id="PA1886010296343A38AF15CEF20F056B7">
				<WBSubtotalInfo id="W493593AF0F494008A8D12F5BAEAD4BDC">
					<WBSubtotalInfoTypeCd>CFA</WBSubtotalInfoTypeCd>
					<WBCurrentTermAmt id="WA07E973B4B2E4FFB9A37D25006B344BA">
						<Amt>82</Amt>
					</WBCurrentTermAmt>
				</WBSubtotalInfo>
				<WBOnsetOffsetPremiumInfo id="W5B80454C5AF94C4BB3377E112A407368">
					<WBCurrentTermOnsetAmt id="W338187FF87C648BE9F09D2646700D188">
						<Amt />
					</WBCurrentTermOnsetAmt>
					<WBCurrentTermOffsetAmt id="WE48FAC8589BF4C09A3CA1B55B46076E8">
						<Amt />
					</WBCurrentTermOffsetAmt>
				</WBOnsetOffsetPremiumInfo>
				<WBPermissiveUseCnt>0</WBPermissiveUseCnt>
				<WBPremiumInfo id="W851C54021E8249E6AB4A2F193EF61DB4">
					<WBCurrentTermAmt id="WF86B8DF75239477B98BBA64AFE2DCF60">
						<Amt>4226</Amt>
					</WBCurrentTermAmt>
					<WBNetChangeAmt id="WCD08283566A4491CA5F44741DAEEA18A">
						<Amt>2992</Amt>
					</WBNetChangeAmt>
					<WBWrittenAmt id="W5A5EF23096254AFE8610FD7594D45820">
						<Amt>4025</Amt>
					</WBWrittenAmt>
				</WBPremiumInfo>
				<WBWorkLossDeclineIndicator>0</WBWorkLossDeclineIndicator>
			</PersAutoLineBusinessExt>
		</PersAutoLineBusiness>
		<PolicyExt id="P0937F722DB564F719D9259F40CC46E0B">
			<AutoCompositionFactorCd>P</AutoCompositionFactorCd>
			<WBTransactionStatusDesc>Committed</WBTransactionStatusDesc>
			<WBQuoteStatusDesc>Issued</WBQuoteStatusDesc>
			<CreditOrSurcharge id="C74603E1CE63A4C79BE7B4CF97DAF5037">
				<SecondaryCd>HCD</SecondaryCd>
				<WBRatingAppliedInd>1</WBRatingAppliedInd>
			</CreditOrSurcharge>
			<CreditOrSurcharge id="CC4F20C93360244138B2CF1DD8700749C">
				<SecondaryCd />
				<WBRatingAppliedInd>1</WBRatingAppliedInd>
			</CreditOrSurcharge>
			<WBHouseholdCompositionInd>0</WBHouseholdCompositionInd>
			<WBSubtotalInfo id="WA5B554E749FF439AB5C35186610C41D3">
				<WBSubtotalInfoTypeCd>CFA</WBSubtotalInfoTypeCd>
				<WBCurrentTermAmt id="W6016BAEDF0674E6796B4B43DAB44F5F6">
					<Amt>773.72</Amt>
				</WBCurrentTermAmt>
			</WBSubtotalInfo>
			<WBPolicyAge>0</WBPolicyAge>
			<WBAssocGroupType />
			<WBOnsetOffsetPremiumInfo id="W175472C70FD848C88BD1F428BA6F3A10">
				<WBCurrentTermOnsetAmt id="W3C3CFC8E78DF45A0969EA04F5D92DA65">
					<Amt />
				</WBCurrentTermOnsetAmt>
				<WBCurrentTermOffsetAmt id="W4FCE07857DDA447E99CFC231C2D25FD4">
					<Amt />
				</WBCurrentTermOffsetAmt>
			</WBOnsetOffsetPremiumInfo>
			<WBPremiumInfo id="WE93B40F2A8C44F29A496D88BC6399CC5">
				<WBCurrentTermAmt id="W6F384C8F6C2D4540992484DEBD47A9FA">
					<Amt>4226</Amt>
				</WBCurrentTermAmt>
				<WBNetChangeAmt id="W6F9F866A76484C6E8E549292A10F2D10">
					<Amt>2992</Amt>
				</WBNetChangeAmt>
				<WBWrittenAmt id="W7CC1652A6F0945B7907A0064BE99DE10">
					<Amt>4025</Amt>
				</WBWrittenAmt>
			</WBPremiumInfo>
		</PolicyExt>
		<Form id="FEF37CC1FC7764AB3B6E74F009C13D9E0">
			<FormNumber>DC2177</FormNumber>
			<EditionDt>2019-01-01</EditionDt>
			<FormName>Membership and Voting Rights Notice</FormName>
			<EffectiveDt>2019-12-02</EffectiveDt>
		</Form>
		<Form id="F8EEA26A620B341A5968446841B9792C6">
			<FormNumber>DC249</FormNumber>
			<EditionDt>2019-01-01</EditionDt>
			<FormName>Coordination of Deductible Clause</FormName>
			<EffectiveDt>2019-12-02</EffectiveDt>
		</Form>
		<Form id="F0A643B9DC1C74CE6821DAB610516DF34">
			<FormNumber>DC1188</FormNumber>
			<EditionDt>2019-01-01</EditionDt>
			<FormName>West Bend Privacy Statement</FormName>
			<EffectiveDt>2019-12-02</EffectiveDt>
		</Form>
		<Form id="F1093EDB407F74C588130C983BB6F987D">
			<FormNumber>DC1491</FormNumber>
			<EditionDt>2019-01-01</EditionDt>
			<FormName>Payment Plan Options</FormName>
			<EffectiveDt>2019-12-02</EffectiveDt>
		</Form>
	</Policy>
</PolicyRs>