﻿<PolicyRs xmlns="http://www.acord.org/schema/PC/xml/2">
	<BusinessPurposeTypeCd>NBQ</BusinessPurposeTypeCd>
	<TransactionEffectiveDt>2019-10-03T00:00:00.000</TransactionEffectiveDt>
	<TransactionSeqNumber>1</TransactionSeqNumber>
	<Policy id="P44732C637CA94EA28780746E6AF8C3D3">
		<PolicyNumber>A750685</PolicyNumber>
		<PolicyVersion>00</PolicyVersion>
		<CompanyProductCd>801</CompanyProductCd>
		<BroadLOBCd>1</BroadLOBCd>
		<NAICCd>15350</NAICCd>
		<ControllingStateProvCd>MI</ControllingStateProvCd>
		<ContractTerm id="C9443894B0CE0495E91C1ACD882FB0AE6">
			<EffectiveDt>2019-10-03</EffectiveDt>
			<ExpirationDt>2020-10-03</ExpirationDt>
		</ContractTerm>
		<CustomerServicingCd>AGY</CustomerServicingCd>
		<NumLosses>0</NumLosses>
		<OtherOrPriorPolicy id="O053220C64D0C4FE99B5991888B95AFF5" DriverRef="DE5D3649C2A3D434981BFEB1070CC1E8B">
			<PolicyCd>RecentWb</PolicyCd>
			<ContractTerm id="C7663C4D7A93A496EA30D3F505147FED8">
				<ExpirationDt>2019-10-01</ExpirationDt>
			</ContractTerm>
			<LengthTimeWithPreviousInsurer id="LE5F2BA2A542E484FB5BC04A644BCFFF0">
				<NumUnits>45</NumUnits>
			</LengthTimeWithPreviousInsurer>
			<Coverage id="CE42A7AD8CE214B96B6AC5A66D120517A">
				<CoverageCd>CSL</CoverageCd>
				<Limit id="LBDF678CE69BF47C3B188EF255ADFDB48">
					<FormatCurrencyAmt id="F20FE0F698253445BA252E571235361CD">
						<Amt>25000</Amt>
					</FormatCurrencyAmt>
					<LimitAppliesToCd>PerAcc</LimitAppliesToCd>
				</Limit>
				<ProRateFactor>1</ProRateFactor>
				<CoverageSupplement id="C245D8B6BFD9D484596223E5909DB7C6C">
					<CoverageSubCd>CSL</CoverageSubCd>
				</CoverageSupplement>
			</Coverage>
			<OtherOrPriorPolicyExt id="O1B43880525CE43D2A81292F002007E5E">
				<WBPriorCarrierInceptionDt>2016-01-01</WBPriorCarrierInceptionDt>
				<WBRecordInfo id="W9F69002A55C241F3A7430EFA505BF5AC">
					<WBRecordModifyInd>0</WBRecordModifyInd>
					<WBRecordModifyType>O</WBRecordModifyType>
					<WBRecordSource>MANUAL</WBRecordSource>
				</WBRecordInfo>
				<WBPriorCarrierGroupName>Affirmative Insurance Group</WBPriorCarrierGroupName>
				<WBInsLapseCheckInd>1</WBInsLapseCheckInd>
				<WBPriorBIRatingRange>Low</WBPriorBIRatingRange>
				<WBPriorCarrierGroupCode>0004</WBPriorCarrierGroupCode>
			</OtherOrPriorPolicyExt>
		</OtherOrPriorPolicy>
		<PaymentOption id="PD3392B6A7CC44686B36425F6D48D243F">
			<PaymentPlanCd>FL</PaymentPlanCd>
		</PaymentOption>
		<QuoteInfo id="QCC7F2711B9EE4258B51B9A370E1C1488">
			<InitialQuoteRequestDt>2019-10-02</InitialQuoteRequestDt>
		</QuoteInfo>
		<CreditScoreInfo id="C211D3B06687E463AB8B835CE2D1F0C59">
			<CreditScore>0</CreditScore>
			<CreditScoreDt>2019-10-02</CreditScoreDt>
			<CSPolicyTypeCd>Lowest</CSPolicyTypeCd>
		</CreditScoreInfo>
		<PolicyStatusCd>InForce</PolicyStatusCd>
		<UnderwritingDecisionInfo id="U24FF2FCC712A4406929C27C5253D3932">
			<SystemUnderwritingDecisionDt>2019-10-02</SystemUnderwritingDecisionDt>
			<UnderwritingScoreNumber>3120</UnderwritingScoreNumber>
			<UnderwritingRuleInfo id="U05569598A5F5493D8AD8081402087CEA">
				<UnderwritingDecisionCd>Refer</UnderwritingDecisionCd>
				<UnderwritingScoreNumber>120</UnderwritingScoreNumber>
				<UnderwritingRuleInfoExt id="U5C776D77395A427391B1C16E95FF5D42">
					<WBRuleIDDesc>RX4448</WBRuleIDDesc>
					<WBRuleMessageDesc>Refer to Underwriting - Due to Prior Carrier/App Prefill information has been changed. Proof of prior insurance is required.</WBRuleMessageDesc>
					<WBRuleSeverityCd>3</WBRuleSeverityCd>
					<WBOverrideInd>1</WBOverrideInd>
					<WBRemark id="W4FDB952AAD5D47E4A3B4604D5D5555FA">
						<WBMessage>adsfadsf</WBMessage>
						<WBMessageDt>2019-10-02T16:00:20.182</WBMessageDt>
						<WBUserId>Michael Collins</WBUserId>
						<WBMessageTypeCd>LUCI</WBMessageTypeCd>
					</WBRemark>
				</UnderwritingRuleInfoExt>
			</UnderwritingRuleInfo>
			<UnderwritingRuleInfo id="UF062C96D1E3643B2BE7A9F2988551CCF">
				<UnderwritingDecisionCd>Refer</UnderwritingDecisionCd>
				<UnderwritingScoreNumber>3000</UnderwritingScoreNumber>
				<UnderwritingRuleInfoExt id="U7F82C4C06E5F409BA3C3E97E0761A5C4">
					<WBRuleIDDesc>RX4487</WBRuleIDDesc>
					<WBRuleMessageDesc>Refer to Underwriting - Due to  Reports have not been ordered. To assure the quote and eligibility decision we provide are most accurate and reliable, reports should be ordered at this time.</WBRuleMessageDesc>
					<WBRuleSeverityCd>1</WBRuleSeverityCd>
					<WBOverrideInd>1</WBOverrideInd>
					<WBRemark id="WA0E7071F008E4840A808CA02FFF19CBB">
						<WBMessage>adsfdsaf</WBMessage>
						<WBMessageDt>2019-10-02T16:00:20.182</WBMessageDt>
						<WBUserId>Michael Collins</WBUserId>
						<WBMessageTypeCd>LUCI</WBMessageTypeCd>
					</WBRemark>
				</UnderwritingRuleInfoExt>
			</UnderwritingRuleInfo>
			<UnderwritingDecisionInfoExt id="U8648C80BB29E40FCAF7B8405E0D7CC22">
				<WBUpdatedCumulativeScore>0</WBUpdatedCumulativeScore>
			</UnderwritingDecisionInfoExt>
		</UnderwritingDecisionInfo>
		<PaidInFullInd>1</PaidInFullInd>
		<Producer id="PFD1B495A15864355AE0BE981A00E9F50" />
		<Producer id="PFAEA0F7C1BD7459E97AEA5AB53D7D526">
			<Relationship id="REAA333464A92488B9A81CEBA8D15441D">
				<RelationshipToCd>Agency</RelationshipToCd>
			</Relationship>
			<Name>A &amp; J PETERSBURG AGENCY-14004 DECORAH, IA (14004)</Name>
			<Addr id="A95B311D731D346988154794CDE276309">
				<AddrTypeCd>MailingAddress</AddrTypeCd>
				<Addr1>1900 S 18TH AVE</Addr1>
				<StateProvCd>WI</StateProvCd>
				<CountryCd>USA</CountryCd>
				<County>US</County>
				<Addr2 />
				<City />
				<PostalCode />
			</Addr>
			<ContractNumber>14004</ContractNumber>
			<ProducerSubCode />
		</Producer>
		<Producer id="P13F32D6D8C7747E49B24126C0F889975">
			<Relationship id="R48135408C3254A75898655634B7C3400">
				<RelationshipToCd>USERIN</RelationshipToCd>
			</Relationship>
			<Name>Michael Collins</Name>
			<ProducerSubCode>99999</ProducerSubCode>
		</Producer>
		<Producer id="PDD81FC5DA70A40DBB8E58E8A18A71B63">
			<Relationship id="R48176ED865234588B80DA3B4B56B624B">
				<RelationshipToCd>PROD</RelationshipToCd>
			</Relationship>
			<Name>Andrea Martin</Name>
			<ProducerSubCode>10937</ProducerSubCode>
		</Producer>
		<InsuredOrPrincipal id="I34332FB288B94EC4AD9B7CBC519F3CA1">
			<ItemIdInfo id="I32A91270EA5949F997B67F231A9E5C6C">
				<InsurerId>1000344441</InsurerId>
			</ItemIdInfo>
			<Relationship id="RE6A73CCE0F074631A421E30428B12E31" RelationshipToRef="P44732C637CA94EA28780746E6AF8C3D3">
				<RelationshipToCd>FNI</RelationshipToCd>
			</Relationship>
			<Name>Primary Holder</Name>
			<Addr id="A46E2E934BEF74A0AB150BE23FEF0A537">
				<AddrTypeCd>InsuredsAddress</AddrTypeCd>
				<Addr1>123 Main St</Addr1>
				<City>Allenton</City>
				<StateProvCd>MI</StateProvCd>
				<PostalCode>48002</PostalCode>
				<CountryCd>USA</CountryCd>
				<Latitude>42.9374</Latitude>
				<Longitude>-82.9224</Longitude>
				<County>St. Clair County</County>
				<AddrExt id="ABA1E3D0047894A48ACE3DA41347C1836">
					<WBAddressStandardization id="WFC0CEA84FDEF4B46A0294CFF8828D803">
						<WBAddrStandardizeStreetName>Main</WBAddrStandardizeStreetName>
						<WBAddrStandardizeStreetTypeCd>St</WBAddrStandardizeStreetTypeCd>
						<WBAddrStandardizeStreetNumber>123</WBAddrStandardizeStreetNumber>
						<WBConfidence>50</WBConfidence>
						<WBAddrStandardizeStatus>No Hit</WBAddrStandardizeStatus>
					</WBAddressStandardization>
				</AddrExt>
				<Addr2 />
				<Addr3 />
				<Addr4 />
			</Addr>
			<Addr id="A1353C49EC22F46F4BBB258D2503AB0C6">
				<AddrTypeCd>MailingAddress</AddrTypeCd>
				<Addr1>123 Main St</Addr1>
				<City>Allenton</City>
				<StateProvCd>MI</StateProvCd>
				<PostalCode>48002</PostalCode>
				<CountryCd>USA</CountryCd>
				<Latitude>42.9374</Latitude>
				<Longitude>-82.9224</Longitude>
				<County>St. Clair County</County>
				<AddrExt id="A28116113F3D7452FA45678939E5C26A0">
					<WBAddressStandardization id="W319B8F98EA50414E94B0BFF2E5733D22">
						<WBAddrStandardizeStreetName>Main</WBAddrStandardizeStreetName>
						<WBAddrStandardizeStreetTypeCd>St</WBAddrStandardizeStreetTypeCd>
						<WBAddrStandardizeStreetNumber>123</WBAddrStandardizeStreetNumber>
						<WBConfidence>50</WBConfidence>
						<WBAddrStandardizeStatus>No Hit</WBAddrStandardizeStatus>
					</WBAddressStandardization>
				</AddrExt>
				<Addr2 />
			</Addr>
			<Addr id="AB10C83F23FB8447BA66DA5EC439E935A">
				<AddrTypeCd>BillingAddress</AddrTypeCd>
			</Addr>
			<Communications id="C53DDB8BB615843FCB68D1D536F6262EC" />
			<Communications id="C43E23E29C6E142FB9F4EAD0DC7AB11C7">
				<CommunicationUseCd>Alternate</CommunicationUseCd>
				<PhoneTypeCd>Cell</PhoneTypeCd>
				<PhoneNumber>2625551234</PhoneNumber>
			</Communications>
			<Surname>Holder</Surname>
			<GivenName>Primary</GivenName>
			<GenderCd>M</GenderCd>
			<BirthDt>1980-01-01</BirthDt>
			<MaritalStatusCd>M</MaritalStatusCd>
			<TitlePrefix />
			<NameSuffix />
		</InsuredOrPrincipal>
		<InsuredOrPrincipal id="IE4B935F89BDB463B8A93FCCE2EFA447F">
			<Relationship id="R17B3D7ED88294EBEB4D7BB738CC7B8FF" RelationshipToRef="P44732C637CA94EA28780746E6AF8C3D3">
				<RelationshipToCd>CN</RelationshipToCd>
			</Relationship>
			<Relationship id="RD0AD4869514E49FCB6F8854796903F03" RelationshipToRef="P44732C637CA94EA28780746E6AF8C3D3">
				<RelationshipToCd>DRV</RelationshipToCd>
			</Relationship>
			<Relationship id="R86016B384E6F48AC88074AAE1E6CD36E" RelationshipToRef="I34332FB288B94EC4AD9B7CBC519F3CA1">
				<RelationshipToCd>SP</RelationshipToCd>
			</Relationship>
			<Name>Second Holder</Name>
			<Surname>Holder</Surname>
			<GivenName>Second</GivenName>
			<GenderCd>F</GenderCd>
			<BirthDt>1980-01-01</BirthDt>
			<MaritalStatusCd>M</MaritalStatusCd>
			<TitlePrefix />
			<NameSuffix />
		</InsuredOrPrincipal>
		<PersAutoLineBusiness id="P6C8EFC7E91234C07893B89C25F4CBCEC">
			<CompanyProductCd>850</CompanyProductCd>
			<Driver id="DE5D3649C2A3D434981BFEB1070CC1E8B">
				<ItemIdInfo id="I8D467B2AA3B04E349E35670C94F34825">
					<InsurerId>101</InsurerId>
				</ItemIdInfo>
				<Relationship id="RDEC351EBF2684B9599096140EE2C1D0C" RelationshipToRef="I34332FB288B94EC4AD9B7CBC519F3CA1">
					<RelationshipToCd>IN</RelationshipToCd>
				</Relationship>
				<Relationship id="RB079478A6D3947FC9A2C76F404B2D0C1" RelationshipToRef="VECE56AA6537E4B6789258DF3FF1B075D">
					<RelationshipToCd>DRV</RelationshipToCd>
					<RelationshipDesc>PRINCIPAL</RelationshipDesc>
				</Relationship>
				<License id="LC0CF3C1097944BD68E7748A9AC2E17A9">
					<LicenseTypeCd>Driver</LicenseTypeCd>
					<LicenseStatusCd>VALID</LicenseStatusCd>
					<LicensePermitNumber>B7OELO1321</LicensePermitNumber>
					<StateProvCd>MI</StateProvCd>
				</License>
				<Addr id="A46E2E934BEF74A0AB150BE23FEF0A537">
					<AddrTypeCd>InsuredsAddress</AddrTypeCd>
					<Addr1>123 Main St</Addr1>
					<City>Allenton</City>
					<StateProvCd>MI</StateProvCd>
					<PostalCode>48002</PostalCode>
					<CountryCd>USA</CountryCd>
					<Latitude>42.9374</Latitude>
					<Longitude>-82.9224</Longitude>
					<County>St. Clair County</County>
					<AddrExt id="A1D13C35215E24CD8B1DCDAA3FFACEB30">
						<WBAddressStandardization id="W76B56324828145E39E9AC4A1672F10F0">
							<WBAddrStandardizeStreetName>Main</WBAddrStandardizeStreetName>
							<WBAddrStandardizeStreetTypeCd>St</WBAddrStandardizeStreetTypeCd>
							<WBAddrStandardizeStreetNumber>123</WBAddrStandardizeStreetNumber>
							<WBConfidence>50</WBConfidence>
							<WBAddrStandardizeStatus>No Hit</WBAddrStandardizeStatus>
						</WBAddressStandardization>
					</AddrExt>
				</Addr>
				<Surname>Holder</Surname>
				<GivenName>Primary</GivenName>
				<GenderCd>M</GenderCd>
				<BirthDt>1980-01-01</BirthDt>
				<MaritalStatusCd>M</MaritalStatusCd>
				<OccupationClassCd>BMG</OccupationClassCd>
				<QuestionAnswer id="Q1BE5B7E669EE4E3DA8C96ADDE344F548">
					<QuestionCd>DRV04</QuestionCd>
					<YesNoCd>YES</YesNoCd>
					<QuestionText>licensedLastFive</QuestionText>
				</QuestionAnswer>
				<QuestionAnswer id="QF2CED99F15C842A7AB49DF9700EF54A0">
					<QuestionCd>DRV05</QuestionCd>
					<YesNoCd>YES</YesNoCd>
					<QuestionText>isIndiviualLicensed</QuestionText>
				</QuestionAnswer>
				<QuestionAnswer id="QA9C035228E0245D5BE1A1CE1C895F091">
					<QuestionCd>DRV06</QuestionCd>
					<YesNoCd>NO</YesNoCd>
				</QuestionAnswer>
				<ContinuousInsuranceCd>Continuous6To11Months</ContinuousInsuranceCd>
				<DriverExt id="D8A7D47934D484675B25702488EDDBB57">
					<YouthfulInd>0</YouthfulInd>
					<WBIsMinor>0</WBIsMinor>
					<WBRiskTerm id="W1C4ED88077D84F588DFA609AC7AB03C2">
						<WBRiskEffectiveDt>2019-10-03</WBRiskEffectiveDt>
						<WBRiskExpirationDt>2020-10-03</WBRiskExpirationDt>
					</WBRiskTerm>
					<WBDriverAge>39</WBDriverAge>
					<WBInexperiencedOperatorInd>0</WBInexperiencedOperatorInd>
					<WBAdvantageDriverInd>0</WBAdvantageDriverInd>
				</DriverExt>
				<DriverTypeCd />
				<TitlePrefix />
				<NameSuffix />
				<OtherGivenName />
			</Driver>
			<Driver id="D13888CBF64EF4ED09ED3CB443C6D629A">
				<ItemIdInfo id="I50A2201E63094B30B0A5D906FE4CFF17">
					<InsurerId>102</InsurerId>
				</ItemIdInfo>
				<Relationship id="RC8C41C593F234C758CAF48808BE05CF8" RelationshipToRef="IE4B935F89BDB463B8A93FCCE2EFA447F">
					<RelationshipToCd>IN</RelationshipToCd>
				</Relationship>
				<Relationship id="RE685AFFA8FD642989FA14CEEA64F2D52" RelationshipToRef="VECE56AA6537E4B6789258DF3FF1B075D">
					<RelationshipToCd>DOC</RelationshipToCd>
					<RelationshipDesc>OCCASIONAL</RelationshipDesc>
				</Relationship>
				<License id="LCFB75F073D7E43E58769D91ABC60B38B">
					<LicenseTypeCd>Driver</LicenseTypeCd>
					<LicenseStatusCd>VALID</LicenseStatusCd>
					<LicensePermitNumber>5IEF5G3132</LicensePermitNumber>
					<StateProvCd>MI</StateProvCd>
				</License>
				<Addr id="A7430F11A07B24766A1FA046971EC0647">
					<AddrTypeCd>InsuredsAddress</AddrTypeCd>
					<Addr1>123 Main St</Addr1>
					<City>Allenton</City>
					<StateProvCd>MI</StateProvCd>
					<PostalCode>48002</PostalCode>
					<CountryCd>USA</CountryCd>
					<Latitude>42.9374</Latitude>
					<Longitude>-82.9224</Longitude>
					<County>St. Clair County</County>
					<AddrExt id="A5DFF260768FB4143A960A5F75F18F420">
						<WBAddressStandardization id="W99CECFBDA51A4CB386978DF33036A1C8">
							<WBAddrStandardizeStreetName>Main</WBAddrStandardizeStreetName>
							<WBAddrStandardizeStreetTypeCd>St</WBAddrStandardizeStreetTypeCd>
							<WBAddrStandardizeStreetNumber>123</WBAddrStandardizeStreetNumber>
							<WBConfidence>50</WBConfidence>
							<WBAddrStandardizeStatus>No Hit</WBAddrStandardizeStatus>
						</WBAddressStandardization>
					</AddrExt>
				</Addr>
				<Surname>Holder</Surname>
				<GivenName>Second</GivenName>
				<GenderCd>F</GenderCd>
				<BirthDt>1980-01-01</BirthDt>
				<MaritalStatusCd>M</MaritalStatusCd>
				<OccupationClassCd>Chiropractor</OccupationClassCd>
				<QuestionAnswer id="Q3E6E9963893F4433813028544C577BAB">
					<QuestionCd>DRV04</QuestionCd>
					<YesNoCd>YES</YesNoCd>
					<QuestionText>licensedLastFive</QuestionText>
				</QuestionAnswer>
				<QuestionAnswer id="Q18681B95D49840C39C8AB1AB14715FAE">
					<QuestionCd>DRV05</QuestionCd>
					<YesNoCd>YES</YesNoCd>
					<QuestionText>isIndiviualLicensed</QuestionText>
				</QuestionAnswer>
				<DriverExt id="DC9DCF9956290410F9276E077D2F5B3E6">
					<YouthfulInd>0</YouthfulInd>
					<WBIsMinor>0</WBIsMinor>
					<WBRiskTerm id="W21F05BF0A2CD4588AD07CD9EAE5E7FCF">
						<WBRiskEffectiveDt>2019-10-03</WBRiskEffectiveDt>
						<WBRiskExpirationDt>2020-10-03</WBRiskExpirationDt>
					</WBRiskTerm>
					<WBDriverAge>39</WBDriverAge>
					<WBInexperiencedOperatorInd>0</WBInexperiencedOperatorInd>
					<WBAdvantageDriverInd>0</WBAdvantageDriverInd>
				</DriverExt>
				<DriverTypeCd />
				<TitlePrefix />
				<NameSuffix />
				<OtherGivenName />
			</Driver>
			<Vehicle id="VECE56AA6537E4B6789258DF3FF1B075D" RatedDriverRef="DE5D3649C2A3D434981BFEB1070CC1E8B">
				<ItemIdInfo id="I64B887AD0092466794B51E8B430A4AB2">
					<InsurerId>101</InsurerId>
				</ItemIdInfo>
				<Manufacturer>MAZDA</Manufacturer>
				<ManufacturerCd>MAZD</ManufacturerCd>
				<Model>MAZDA3 GRAND TOURING</Model>
				<ModelCd>MAZDA3</ModelCd>
				<ModelYear>2017</ModelYear>
				<VehBodyTypeCd>PP</VehBodyTypeCd>
				<Registration id="RA351807202A64574BAD9576F98344BC9">
					<StateProvCd>MI</StateProvCd>
				</Registration>
				<Horsepower id="H010AE329F46843DA8A12EB0488A1B481">
					<NumUnits>2.5</NumUnits>
				</Horsepower>
				<LeasedVehInd>0</LeasedVehInd>
				<VehIdentificationNumber>JM1BN1M33H1151442</VehIdentificationNumber>
				<GrossVehWeight id="G52CB446D085E4FADB88996B3C3D5A36C">
					<NumUnits>9999</NumUnits>
				</GrossVehWeight>
				<InspectionInfo id="I5EFD2656CAD24849884392480B475F3A">
					<VehInspectionInfo id="V07A37DDA25B9440082DDC8B7A91E572A">
						<VehEquipment id="V4CCE5C0D6AF64C23B7A85CE1AD41CC47">
							<VehEquipmentCd>AdaptiveHeadlights</VehEquipmentCd>
						</VehEquipment>
						<VehEquipment id="V514E62C9FADF424C8ACBAF4FDF927861">
							<VehEquipmentCd>BackupWarning</VehEquipmentCd>
						</VehEquipment>
					</VehInspectionInfo>
				</InspectionInfo>
				<ItemModificationInfo id="IBAF55DDD3CB64B9F832A04E8879DCB7F">
					<ItemModificationInfoExt id="I80EEAE584167473BA72897FBF60C800E">
						<WBHandicapInd>0</WBHandicapInd>
						<WBCustomEquipInd>0</WBCustomEquipInd>
					</ItemModificationInfoExt>
					<ModificationDesc />
				</ItemModificationInfo>
				<BIPDSymbolCd>290</BIPDSymbolCd>
				<MedPayPIPLiabilitySymbolCd>490</MedPayPIPLiabilitySymbolCd>
				<Addr id="A46E2E934BEF74A0AB150BE23FEF0A537">
					<AddrTypeCd>GaragingAddress</AddrTypeCd>
					<Addr1>123 Main St</Addr1>
					<City>Allenton</City>
					<StateProvCd>MI</StateProvCd>
					<PostalCode>48002</PostalCode>
					<CountryCd>USA</CountryCd>
					<Latitude>42.9374</Latitude>
					<Longitude>-82.9224</Longitude>
					<County>St. Clair County</County>
					<Region>62</Region>
					<AddrExt id="A72AC09068C924A0E8BEE33F3105F7A0C">
						<WBRatedZipCd>48002</WBRatedZipCd>
						<WBRatedVehicleStateProvCd>MI</WBRatedVehicleStateProvCd>
						<WBAddressStandardization id="W02A0890A68F24910937D6BBD02BD81BF">
							<WBAddrStandardizeStreetName>Main</WBAddrStandardizeStreetName>
							<WBAddrStandardizeStreetTypeCd>St</WBAddrStandardizeStreetTypeCd>
							<WBAddrStandardizeStreetNumber>123</WBAddrStandardizeStreetNumber>
							<WBConfidence>50</WBConfidence>
							<WBAddrStandardizeStatus>No Hit</WBAddrStandardizeStatus>
						</WBAddressStandardization>
					</AddrExt>
					<Addr2 />
				</Addr>
				<Coverage id="CCE1B6EF5D94649F3A5819FE45781395F">
					<CoverageCd>COMP</CoverageCd>
					<Deductible id="DCE356BE80CA5492F8F2B14638902FFF3">
						<FormatCurrencyAmt id="F4CDB1F8AEEE544B8BFC8F1C5B662F675">
							<Amt>1000</Amt>
						</FormatCurrencyAmt>
						<DeductibleAppliesToCd>ACC</DeductibleAppliesToCd>
					</Deductible>
					<Option id="O772581C2659E4AD08979809138340643">
						<OptionCd>FG</OptionCd>
					</Option>
					<CreditOrSurcharge id="C34B0745755F64792A5674597D3033BC3">
						<CreditSurchargeCd>LFREE</CreditSurchargeCd>
						<SecondaryCd>CFAEST</SecondaryCd>
						<WBRatingAppliedInd>0</WBRatingAppliedInd>
					</CreditOrSurcharge>
					<EffectiveDt>2019-10-03</EffectiveDt>
					<ExpirationDt>2020-10-03</ExpirationDt>
					<ProRateFactor>1</ProRateFactor>
					<CoverageSupplement id="C22BDA54489DE462D9629B841B898BDC8">
						<CoverageSubCd>OTC</CoverageSubCd>
					</CoverageSupplement>
					<CoverageExt id="CF88D667487674DCBA0BF61C97F43A959">
						<WBOnsetOffsetPremiumInfo id="W97BD114FB0614966983288D103BA86CF">
							<WBCurrentTermOnsetAmt id="WA3ECB2A7807D4A6DAD4976CC9BB2CBEF">
								<Amt>429</Amt>
							</WBCurrentTermOnsetAmt>
							<WBCurrentTermOffsetAmt id="W60D574322CA743F2BEFEB725B588EA7E">
								<Amt>0</Amt>
							</WBCurrentTermOffsetAmt>
						</WBOnsetOffsetPremiumInfo>
						<WBPremiumInfo id="W654B82B8AA7F4ED6B85F6055C0712C72">
							<WBCurrentTermAmt id="W01410AA4AED74BD98063C76F472DB8CD">
								<Amt>429</Amt>
								<offset>0</offset>
								<onset>429</onset>
							</WBCurrentTermAmt>
							<WBNetChangeAmt id="WB2FC9298E2724BB29E8B71E4CD71C372">
								<Amt>429</Amt>
							</WBNetChangeAmt>
							<WBWrittenAmt id="W4CD2350FD82D41929E7C172EABC5E613">
								<Amt>429</Amt>
							</WBWrittenAmt>
							<WBPriorCurrentTermAmt id="WBAF713F122964ACC913BF196E7B31D43">
								<Amt>0</Amt>
							</WBPriorCurrentTermAmt>
							<WBPriorWrittenAmt id="WD0209D1E9D1040319444958623C121F3">
								<Amt>0</Amt>
							</WBPriorWrittenAmt>
							<WBCancelAmt id="W7FC9C1B4FABB41D0AEE0872B2C675BA1">
								<Amt>0</Amt>
							</WBCancelAmt>
						</WBPremiumInfo>
					</CoverageExt>
				</Coverage>
				<Coverage id="C7E859A37A1E248EC97F1FA1107CF8581">
					<CoverageCd>COLL</CoverageCd>
					<Deductible id="DFADCE6097A514D619EAAC2EF5E12C4D7">
						<FormatCurrencyAmt id="F8464A103099F4961A9A5311992403038">
							<Amt>1500</Amt>
						</FormatCurrencyAmt>
						<DeductibleAppliesToCd>ACC</DeductibleAppliesToCd>
					</Deductible>
					<Option id="OD4501C8DEF9849B3B594272E888AE20E">
						<OptionCd>COL</OptionCd>
					</Option>
					<CreditOrSurcharge id="CF27DDF04FB614290B6993034B0271543">
						<CreditSurchargeCd>LFREE</CreditSurchargeCd>
						<SecondaryCd>CFAEST</SecondaryCd>
						<WBRatingAppliedInd>0</WBRatingAppliedInd>
					</CreditOrSurcharge>
					<EffectiveDt>2019-10-03</EffectiveDt>
					<ExpirationDt>2020-10-03</ExpirationDt>
					<ProRateFactor>1</ProRateFactor>
					<CoverageSupplement id="C91A3D2D56DEE43649193596D122494B4">
						<CoverageSubCd>COLL</CoverageSubCd>
					</CoverageSupplement>
					<CoverageExt id="C7B2852C8ACD743449D3F2737AEEE6828">
						<WBOnsetOffsetPremiumInfo id="W219CA2C48977459897D79901691312A9">
							<WBCurrentTermOnsetAmt id="W076A809C8AAA4696A2CED1CD30398C48">
								<Amt>1115</Amt>
							</WBCurrentTermOnsetAmt>
							<WBCurrentTermOffsetAmt id="W55F7146A32504386A0AD3C0F70C7A9F1">
								<Amt>0</Amt>
							</WBCurrentTermOffsetAmt>
						</WBOnsetOffsetPremiumInfo>
						<WBPremiumInfo id="W82D5F7E2F00641AA8EAF372B143F5B9F">
							<WBCurrentTermAmt id="W1DC406AC22464A48AE5D7816A294DA22">
								<Amt>1115</Amt>
								<offset>0</offset>
								<onset>1115</onset>
							</WBCurrentTermAmt>
							<WBNetChangeAmt id="WE652A7122C6843D68876746809F9C3A9">
								<Amt>1115</Amt>
							</WBNetChangeAmt>
							<WBWrittenAmt id="W5A87AEBAAC4C47C684BC7FAB8554DED8">
								<Amt>1115</Amt>
							</WBWrittenAmt>
							<WBPriorCurrentTermAmt id="WDC4F37C9295D48BFA414092F5F18052B">
								<Amt>0</Amt>
							</WBPriorCurrentTermAmt>
							<WBPriorWrittenAmt id="WB1108F34517F4247819934F31D1DFCB3">
								<Amt>0</Amt>
							</WBPriorWrittenAmt>
							<WBCancelAmt id="W010AEE0F44304245906BF77D9CBFF701">
								<Amt>0</Amt>
							</WBCancelAmt>
						</WBPremiumInfo>
					</CoverageExt>
				</Coverage>
				<Coverage id="CB8D0972A0FE14269B2A97FA04E4CCF1C">
					<CoverageCd>BI</CoverageCd>
					<Limit id="LF107C28FBA6E4D88BC184DCD092990F0">
						<FormatCurrencyAmt id="FB7E69D73F6804925B570FEBED04EFF59">
							<Amt>20000</Amt>
						</FormatCurrencyAmt>
						<LimitAppliesToCd>BIEachPers</LimitAppliesToCd>
					</Limit>
					<Limit id="LF3C0EA7CA51E4C8E9EACCF48BDBE4106">
						<FormatCurrencyAmt id="F4A06DE3724B5427295DD7A5CFDD45BA8">
							<Amt>40000</Amt>
						</FormatCurrencyAmt>
						<LimitAppliesToCd>PerAcc</LimitAppliesToCd>
					</Limit>
					<CreditOrSurcharge id="CC50DD18449F84CC990BD7B614A9E9FAB">
						<CreditSurchargeCd>LFREE</CreditSurchargeCd>
						<SecondaryCd>CFAEST</SecondaryCd>
						<WBRatingAppliedInd>0</WBRatingAppliedInd>
					</CreditOrSurcharge>
					<EffectiveDt>2019-10-03</EffectiveDt>
					<ExpirationDt>2020-10-03</ExpirationDt>
					<ProRateFactor>1</ProRateFactor>
					<CoverageSupplement id="C9CE1DB2FCBB849D0875099C1101C0105">
						<CoverageSubCd>BI</CoverageSubCd>
					</CoverageSupplement>
					<CoverageExt id="C919A6AB2BA1F42D284A73E7670428715">
						<WBOnsetOffsetPremiumInfo id="WBD5DA901A63541F8AB5D9A28675DC10E">
							<WBCurrentTermOnsetAmt id="W69079A71F5DE4D5FB6D226D9B85BD291">
								<Amt>120</Amt>
							</WBCurrentTermOnsetAmt>
							<WBCurrentTermOffsetAmt id="W0564F353E35346C68BB4F0C598F00DC3">
								<Amt>0</Amt>
							</WBCurrentTermOffsetAmt>
						</WBOnsetOffsetPremiumInfo>
						<WBPremiumInfo id="W7D7226F2B4BA40C9869BB83E18C422DC">
							<WBCurrentTermAmt id="W1E28B346BF084DF59E5D03FD06DA0739">
								<Amt>120</Amt>
								<offset>0</offset>
								<onset>120</onset>
							</WBCurrentTermAmt>
							<WBNetChangeAmt id="W49838FE3E37F46E5A56EAE93E7D8E969">
								<Amt>120</Amt>
							</WBNetChangeAmt>
							<WBWrittenAmt id="W061FAA337BC8433EAE296B9D289B0C20">
								<Amt>120</Amt>
							</WBWrittenAmt>
							<WBPriorCurrentTermAmt id="W8FD5D0ABFB704C7DB3F11A16C1477018">
								<Amt>0</Amt>
							</WBPriorCurrentTermAmt>
							<WBPriorWrittenAmt id="W67A4E8CC205045C0931F9BF810AD6272">
								<Amt>0</Amt>
							</WBPriorWrittenAmt>
							<WBCancelAmt id="W0945D2DF9B0A4225854417CF6C89A490">
								<Amt>0</Amt>
							</WBCancelAmt>
						</WBPremiumInfo>
					</CoverageExt>
				</Coverage>
				<Coverage id="C4106E00FA7364CDEAD618917DD72288C">
					<CoverageCd>PD</CoverageCd>
					<Limit id="L338782568BD745FF85813EBF8188E34E">
						<FormatCurrencyAmt id="FA910BAC0F182422CB036FA7A131D671C">
							<Amt>10000</Amt>
						</FormatCurrencyAmt>
						<LimitAppliesToCd>CSL</LimitAppliesToCd>
					</Limit>
					<EffectiveDt>2019-10-03</EffectiveDt>
					<ExpirationDt>2020-10-03</ExpirationDt>
					<ProRateFactor>1</ProRateFactor>
					<CoverageSupplement id="CC0A98023FA354D51B123BAF8B638D69B">
						<CoverageSubCd>PD</CoverageSubCd>
					</CoverageSupplement>
					<CoverageExt id="CCA69CA98F1E442E084C2A130BB878610">
						<WBOnsetOffsetPremiumInfo id="WE48E4851A94C46E58E40B8647A7CEE65">
							<WBCurrentTermOnsetAmt id="W38F7B9E0E6E04BA9A73828E011357357">
								<Amt>10</Amt>
							</WBCurrentTermOnsetAmt>
							<WBCurrentTermOffsetAmt id="W5D771BB58B944B9EA3106A2CA883E5D3">
								<Amt>0</Amt>
							</WBCurrentTermOffsetAmt>
						</WBOnsetOffsetPremiumInfo>
						<WBPremiumInfo id="W0CB3166AE1AB4CB99E29ABC67F607BA9">
							<WBCurrentTermAmt id="W4963852D643D4D42AA064888D9930F0B">
								<Amt>10</Amt>
								<offset>0</offset>
								<onset>10</onset>
							</WBCurrentTermAmt>
							<WBNetChangeAmt id="WC3DCF69556D94FFDB536AE1079FB7D97">
								<Amt>10</Amt>
							</WBNetChangeAmt>
							<WBWrittenAmt id="W48AF089D0391410C92699300F1AD8BA4">
								<Amt>10</Amt>
							</WBWrittenAmt>
							<WBPriorCurrentTermAmt id="W48071C969D00437A8A89AA2D642708C4">
								<Amt>0</Amt>
							</WBPriorCurrentTermAmt>
							<WBPriorWrittenAmt id="W99AB901E12AB41289745F2D94598C74C">
								<Amt>0</Amt>
							</WBPriorWrittenAmt>
							<WBCancelAmt id="WF5A2C4669DC2440A89C30F92EC122840">
								<Amt>0</Amt>
							</WBCancelAmt>
						</WBPremiumInfo>
					</CoverageExt>
				</Coverage>
				<Coverage id="C0E9010560BC34004B8C8C02D0A3C0930">
					<CoverageCd>LPD</CoverageCd>
					<Limit id="LD5FBC2D4DE0B4A7EA03C300DA3995D86">
						<FormatCurrencyAmt id="F6B613C696C6B4F3D914386B402829E26">
							<Amt>1000</Amt>
						</FormatCurrencyAmt>
						<LimitAppliesToCd>EachClaim</LimitAppliesToCd>
					</Limit>
					<EffectiveDt>2019-10-03</EffectiveDt>
					<ExpirationDt>2020-10-03</ExpirationDt>
					<ProRateFactor>1</ProRateFactor>
					<CoverageSupplement id="C81370095520644E6BEBF19057D22F720">
						<CoverageSubCd>APD</CoverageSubCd>
					</CoverageSupplement>
					<CoverageExt id="C3943DF8C81AE4CEC8EA135047AB06693">
						<WBOnsetOffsetPremiumInfo id="WDE2094EF4FE342BDB31F0B554C85D997">
							<WBCurrentTermOnsetAmt id="W7A3ECD9E49B64BDBB301A8604DC6052C">
								<Amt>3</Amt>
							</WBCurrentTermOnsetAmt>
							<WBCurrentTermOffsetAmt id="WABB6A2DDDA854AA183B690D89F63273D">
								<Amt>0</Amt>
							</WBCurrentTermOffsetAmt>
						</WBOnsetOffsetPremiumInfo>
						<WBPremiumInfo id="WEA29FCCFA54A4394B6A99AB3AD376C2E">
							<WBCurrentTermAmt id="W9A72989C75A048EEBB506E7B983FA2AA">
								<Amt>3</Amt>
								<offset>0</offset>
								<onset>3</onset>
							</WBCurrentTermAmt>
							<WBNetChangeAmt id="W4C0392E39AEE4D1C8A61C67BC77425AA">
								<Amt>3</Amt>
							</WBNetChangeAmt>
							<WBWrittenAmt id="W378202AE91B84426A2E79ACED8011B49">
								<Amt>3</Amt>
							</WBWrittenAmt>
							<WBPriorCurrentTermAmt id="W4F388F9A98CD44AC87DB6716B53FDEBF">
								<Amt>0</Amt>
							</WBPriorCurrentTermAmt>
							<WBPriorWrittenAmt id="WFE3580AF4C394E13BFAAA9E463486B66">
								<Amt>0</Amt>
							</WBPriorWrittenAmt>
							<WBCancelAmt id="W70EBB95DC0CB42C18F4FBA0F25DD1928">
								<Amt>0</Amt>
							</WBCancelAmt>
						</WBPremiumInfo>
					</CoverageExt>
				</Coverage>
				<Coverage id="C71151E557D3D4436A12541926FF4DB36">
					<CoverageCd>WLB</CoverageCd>
					<Deductible id="DEDC4392105BF44DAAC0B8B0EBF13BCD5">
						<FormatCurrencyAmt id="F0C9A3F5B584A4F5393A118BB0F1ADB23">
							<Amt>1000</Amt>
						</FormatCurrencyAmt>
						<DeductibleAppliesToCd>CL</DeductibleAppliesToCd>
					</Deductible>
					<Option id="O082BC5CBD49749159BA677835DEE4B4B">
						<OptionCd>P</OptionCd>
					</Option>
					<CreditOrSurcharge id="C8656C200A1494CDDA6DFAD11EE784758">
						<CreditSurchargeCd>LFREE</CreditSurchargeCd>
						<SecondaryCd>CFAEST</SecondaryCd>
						<WBRatingAppliedInd>0</WBRatingAppliedInd>
					</CreditOrSurcharge>
					<EffectiveDt>2019-10-03</EffectiveDt>
					<ExpirationDt>2020-10-03</ExpirationDt>
					<ProRateFactor>1</ProRateFactor>
					<CoverageSupplement id="C441CC268CD274FA6B0CAAC3BBF558EF0">
						<CoverageSubCd>PIPWKLOSS</CoverageSubCd>
					</CoverageSupplement>
					<CoverageExt id="C6D8E51E624D343119D955A36F12EFFFC">
						<WBOnsetOffsetPremiumInfo id="W4B2B756EDBCE43B2A557075816BC2B8D">
							<WBCurrentTermOnsetAmt id="WEA1633E9147F4913894FEC15DA428272">
								<Amt>34</Amt>
							</WBCurrentTermOnsetAmt>
							<WBCurrentTermOffsetAmt id="W8142E833F3B54E9DAC9F7E394115C6DD">
								<Amt>0</Amt>
							</WBCurrentTermOffsetAmt>
						</WBOnsetOffsetPremiumInfo>
						<WBPremiumInfo id="W46ECF2B0C92A421D870378940D206A95">
							<WBCurrentTermAmt id="WFFDD5EF12A434642966002FB7400DE2E">
								<Amt>34</Amt>
								<offset>0</offset>
								<onset>34</onset>
							</WBCurrentTermAmt>
							<WBNetChangeAmt id="WA19C6F19F6244164A062D5F0DE908DCD">
								<Amt>34</Amt>
							</WBNetChangeAmt>
							<WBWrittenAmt id="W14D6A101A28944B8B4D15A3B922454ED">
								<Amt>34</Amt>
							</WBWrittenAmt>
							<WBPriorCurrentTermAmt id="W70FBDAE7E9AA47B3B89976786109F2BB">
								<Amt>0</Amt>
							</WBPriorCurrentTermAmt>
							<WBPriorWrittenAmt id="WCAFB57152E4645B8BBB83DF632A83244">
								<Amt>0</Amt>
							</WBPriorWrittenAmt>
							<WBCancelAmt id="WE57C5956E09F49618C73A6D6BA6EAE07">
								<Amt>0</Amt>
							</WBCancelAmt>
						</WBPremiumInfo>
					</CoverageExt>
				</Coverage>
				<Coverage id="C34818054EC784DD08B4A26FBF769FBFF">
					<CoverageCd>UM</CoverageCd>
					<Limit id="L9DF037304C3F4A6187925255859BAA22">
						<FormatCurrencyAmt id="FE5ABCB41ADBF470A9644498177DD4C3B">
							<Amt>20000</Amt>
						</FormatCurrencyAmt>
						<LimitAppliesToCd>EachClaim</LimitAppliesToCd>
					</Limit>
					<Limit id="L98CD3DC58A27403F86A45185962A07A1">
						<FormatCurrencyAmt id="FA63F72D5CB3D4BEE968D555D5BF038DA">
							<Amt>40000</Amt>
						</FormatCurrencyAmt>
						<LimitAppliesToCd>PerAcc</LimitAppliesToCd>
					</Limit>
					<CreditOrSurcharge id="C4640497446114C0EADE04CDAFB2A10FF">
						<CreditSurchargeCd>LFREE</CreditSurchargeCd>
						<SecondaryCd>CFAEST</SecondaryCd>
						<WBRatingAppliedInd>0</WBRatingAppliedInd>
					</CreditOrSurcharge>
					<EffectiveDt>2019-10-03</EffectiveDt>
					<ExpirationDt>2020-10-03</ExpirationDt>
					<ProRateFactor>1</ProRateFactor>
					<CoverageSupplement id="C24D78E779F934857958A5E6A16AD7CE7">
						<CoverageSubCd>UMSP</CoverageSubCd>
					</CoverageSupplement>
					<CoverageExt id="C718140DC4FA04F10ABF214EC3B5B79CD">
						<WBOnsetOffsetPremiumInfo id="W23B5EE27E8464111A300E0E879485558">
							<WBCurrentTermOnsetAmt id="W2BAD0D7C70304A32A71B5EFFE694E76D">
								<Amt>20</Amt>
							</WBCurrentTermOnsetAmt>
							<WBCurrentTermOffsetAmt id="WF566F34C2EC346F1B11A54170F642B99">
								<Amt>0</Amt>
							</WBCurrentTermOffsetAmt>
						</WBOnsetOffsetPremiumInfo>
						<WBPremiumInfo id="W5B8CC93BE6424541A7561462A3D8BE3E">
							<WBCurrentTermAmt id="W11CBD8BC8B2D44D79BAC3816596F6897">
								<Amt>20</Amt>
								<offset>0</offset>
								<onset>20</onset>
							</WBCurrentTermAmt>
							<WBNetChangeAmt id="W070AA1D4499A4E069033506D92B2D561">
								<Amt>20</Amt>
							</WBNetChangeAmt>
							<WBWrittenAmt id="WC39DC9BC69EC4DFDB2841AB65DCA2D93">
								<Amt>20</Amt>
							</WBWrittenAmt>
							<WBPriorCurrentTermAmt id="W31A6C6845A574F0FA9C5D4815F8FDBFD">
								<Amt>0</Amt>
							</WBPriorCurrentTermAmt>
							<WBPriorWrittenAmt id="W5FBB01CB8C82409C8135AC9BDCF14BA9">
								<Amt>0</Amt>
							</WBPriorWrittenAmt>
							<WBCancelAmt id="WF82A628F42274152B63B9FF3DC6F66E0">
								<Amt>0</Amt>
							</WBCancelAmt>
						</WBPremiumInfo>
					</CoverageExt>
				</Coverage>
				<Coverage id="CA12C7EFEB7304B57AF1F7E218C02CB60">
					<CoverageCd>UNDUM</CoverageCd>
					<Limit id="LF36D0E1097984A66B2D6E8723FE1395C">
						<FormatCurrencyAmt id="F2DE231CAA2DF4A6DB4AD11DC1841C7EF">
							<Amt>50000</Amt>
						</FormatCurrencyAmt>
						<LimitAppliesToCd>EachClaim</LimitAppliesToCd>
					</Limit>
					<Limit id="LA1C1DEADEA6D4FFDBB2CD972A0564C2F">
						<FormatCurrencyAmt id="FA0219DDD7E3E4737A8993B0E4BDD175C">
							<Amt>100000</Amt>
						</FormatCurrencyAmt>
						<LimitAppliesToCd>PerAcc</LimitAppliesToCd>
					</Limit>
					<EffectiveDt>2019-10-03</EffectiveDt>
					<ExpirationDt>2020-10-03</ExpirationDt>
					<ProRateFactor>1</ProRateFactor>
					<CoverageSupplement id="C42ABFB82DB3D41F293E74458CC9F9C55">
						<CoverageSubCd>UNDMSP</CoverageSubCd>
					</CoverageSupplement>
					<CoverageExt id="C2277E45D7473442AAF63F6658E6A0458">
						<WBOnsetOffsetPremiumInfo id="W2F19BB99936E4291AE7389947E9F5B07">
							<WBCurrentTermOnsetAmt id="W0C2FFDF0EF9E4B028F3D29BF53EEEE77">
								<Amt>8</Amt>
							</WBCurrentTermOnsetAmt>
							<WBCurrentTermOffsetAmt id="WEB9B1584F12A4CCE9E096067719E0F01">
								<Amt>0</Amt>
							</WBCurrentTermOffsetAmt>
						</WBOnsetOffsetPremiumInfo>
						<WBPremiumInfo id="W01E1C44F885C4DA5BC534C12E99D7B70">
							<WBCurrentTermAmt id="WA0DA855C94A94C3A805264A551F6A4BB">
								<Amt>8</Amt>
								<offset>0</offset>
								<onset>8</onset>
							</WBCurrentTermAmt>
							<WBNetChangeAmt id="WD985A925E5AB4796B63A65CD9E3074C7">
								<Amt>8</Amt>
							</WBNetChangeAmt>
							<WBWrittenAmt id="W3C67A748B2484D24B9FD70A19B437B60">
								<Amt>8</Amt>
							</WBWrittenAmt>
							<WBPriorCurrentTermAmt id="WB09B27E01FB9423C9790DAD874EC0050">
								<Amt>0</Amt>
							</WBPriorCurrentTermAmt>
							<WBPriorWrittenAmt id="WFE211DA4E07C4B9AB6C06395B2B75A73">
								<Amt>0</Amt>
							</WBPriorWrittenAmt>
							<WBCancelAmt id="WBD0E78CC63A54D45B86B7EAE66FA0AF7">
								<Amt>0</Amt>
							</WBCancelAmt>
						</WBPremiumInfo>
					</CoverageExt>
				</Coverage>
				<Coverage id="C4BFA45D5179C4A049B72384C87D65945">
					<CoverageCd>TRNEX</CoverageCd>
					<Limit id="LA32C5058520D49A2897EBE7A9336C544">
						<FormatCurrencyAmt id="F4BC887760A1847048D35B90FDE34A336">
							<Amt>30</Amt>
						</FormatCurrencyAmt>
						<LimitAppliesToCd>PerDay</LimitAppliesToCd>
					</Limit>
					<Limit id="LE273A698879A456BBAF557027C449726">
						<FormatCurrencyAmt id="FCF711D28354A433B84F479619C63F6A1">
							<Amt>900</Amt>
						</FormatCurrencyAmt>
						<LimitAppliesToCd>EachClaim</LimitAppliesToCd>
					</Limit>
					<EffectiveDt>2019-10-03</EffectiveDt>
					<ExpirationDt>2020-10-03</ExpirationDt>
					<ProRateFactor>1</ProRateFactor>
					<CoverageSupplement id="CAFBD024136E34CE4AAC1659B686B77B0">
						<CoverageSubCd>TRNSEXP</CoverageSubCd>
					</CoverageSupplement>
					<CoverageExt id="C9F5EDB5AE4C74F019A839D5FC9E72DF5">
						<WBOnsetOffsetPremiumInfo id="W08C86C0413D04CEAAC7346CAEC520276">
							<WBCurrentTermOnsetAmt id="WEF44789438A9436285B1F6D5D06127F9">
								<Amt>2</Amt>
							</WBCurrentTermOnsetAmt>
							<WBCurrentTermOffsetAmt id="WD17933BE6FBD4ED881165890153F89A1">
								<Amt>0</Amt>
							</WBCurrentTermOffsetAmt>
						</WBOnsetOffsetPremiumInfo>
						<WBPremiumInfo id="W6279FD7C98D74DEBAE3F68C3B28F1236">
							<WBCurrentTermAmt id="W27D2F1915E7F435B9EB9648C7C4C902E">
								<Amt>2</Amt>
								<offset>0</offset>
								<onset>2</onset>
							</WBCurrentTermAmt>
							<WBNetChangeAmt id="WBC2DB08FB26049AFAA5C1FC80E2E928F">
								<Amt>2</Amt>
							</WBNetChangeAmt>
							<WBWrittenAmt id="WBCBC006D56A948A08053992B9ADD7090">
								<Amt>2</Amt>
							</WBWrittenAmt>
							<WBPriorCurrentTermAmt id="WCA1B9B5349F04822B34E9CD905851331">
								<Amt>0</Amt>
							</WBPriorCurrentTermAmt>
							<WBPriorWrittenAmt id="W41678E2B25614F098DE6411E78830790">
								<Amt>0</Amt>
							</WBPriorWrittenAmt>
							<WBCancelAmt id="WEB84D19F93214A54B99826730FBB44DC">
								<Amt>0</Amt>
							</WBCancelAmt>
						</WBPremiumInfo>
					</CoverageExt>
				</Coverage>
				<Coverage id="C1E506FC8A0834E0A99BC64D9C3D55DF8">
					<CoverageCd>RRGAP</CoverageCd>
					<Option id="OCAF29A3D37594959ABFE9978D7FD3323">
						<OptionCd>RCP</OptionCd>
					</Option>
					<EffectiveDt>2019-10-03</EffectiveDt>
					<ExpirationDt>2020-10-03</ExpirationDt>
					<ProRateFactor>1</ProRateFactor>
					<CoverageSupplement id="C7700556B0B7D448FBDA4E0D481B9E7B4">
						<CoverageSubCd>CDRCOLL</CoverageSubCd>
					</CoverageSupplement>
					<CoverageExt id="C0E8ECCC8B79C43428541E92CE40479AD">
						<WBOnsetOffsetPremiumInfo id="WE97E4114046E4E3F95E8CF4B9034F39F">
							<WBCurrentTermOnsetAmt id="WA187C96EED4D4637A58A313EC8E2134F">
								<Amt>263</Amt>
							</WBCurrentTermOnsetAmt>
							<WBCurrentTermOffsetAmt id="W534781B3D42B417CB7ADCA95CDC6DA5F">
								<Amt>0</Amt>
							</WBCurrentTermOffsetAmt>
						</WBOnsetOffsetPremiumInfo>
						<WBPremiumInfo id="WB4026A5AE9C4437795A7C5E56730B42F">
							<WBCurrentTermAmt id="W3DC08F3664824B8C8029FEF192DD5B05">
								<Amt>263</Amt>
								<offset>0</offset>
								<onset>263</onset>
							</WBCurrentTermAmt>
							<WBNetChangeAmt id="W1AE07B592D1242AA846409B4201C71D0">
								<Amt>263</Amt>
							</WBNetChangeAmt>
							<WBWrittenAmt id="WC925FE5BB7BF46ACB6C8F164A0011C23">
								<Amt>263</Amt>
							</WBWrittenAmt>
							<WBPriorCurrentTermAmt id="W26F2D932454B488E8F3FF54232EC9DCF">
								<Amt>0</Amt>
							</WBPriorCurrentTermAmt>
							<WBPriorWrittenAmt id="W81EC6909F6FC478EA59FF80FA6F9EF2D">
								<Amt>0</Amt>
							</WBPriorWrittenAmt>
							<WBCancelAmt id="WD68B45BFDDE04096869837478D4F7AB8">
								<Amt>0</Amt>
							</WBCancelAmt>
						</WBPremiumInfo>
					</CoverageExt>
				</Coverage>
				<Coverage id="CE574139E9AD74A1FA33A542587FBFFBE">
					<CoverageCd>PIP</CoverageCd>
					<Deductible id="DC3A8AD8311024D7897E7C7901A0CF128">
						<FormatCurrencyAmt id="FFCEE3D440B6542CBBE4E6C651758519C">
							<Amt>500</Amt>
						</FormatCurrencyAmt>
						<DeductibleAppliesToCd>CL</DeductibleAppliesToCd>
					</Deductible>
					<Option id="O3D33CE335D0349789267FEFEEC8C5DEE">
						<OptionCd>P</OptionCd>
					</Option>
					<CreditOrSurcharge id="C3631C82414574A3E88D168E4B56CECEC">
						<CreditSurchargeCd>LFREE</CreditSurchargeCd>
						<SecondaryCd>CFAEST</SecondaryCd>
						<WBRatingAppliedInd>0</WBRatingAppliedInd>
					</CreditOrSurcharge>
					<EffectiveDt>2019-10-03</EffectiveDt>
					<ExpirationDt>2020-10-03</ExpirationDt>
					<ProRateFactor>1</ProRateFactor>
					<CoverageSupplement id="C09E96BD1D06B4BC6BC75753011979BCB">
						<CoverageSubCd>PIPMED</CoverageSubCd>
					</CoverageSupplement>
					<CoverageExt id="CBF0541AAA0AD4352BEBE4FE625C6EE38">
						<WBOnsetOffsetPremiumInfo id="W248D2A7BE1CD4B79BBD7F495780B7F01">
							<WBCurrentTermOnsetAmt id="WD1E29CD117AD4394A81E055882A45129">
								<Amt>755</Amt>
							</WBCurrentTermOnsetAmt>
							<WBCurrentTermOffsetAmt id="W4AC4C902DCC24E579DAB1E9C4364CD25">
								<Amt>0</Amt>
							</WBCurrentTermOffsetAmt>
						</WBOnsetOffsetPremiumInfo>
						<WBPremiumInfo id="WA1B462A806AF4051B24584085AF311D4">
							<WBCurrentTermAmt id="W0ECD58FA1D634F2D8DEE88D56AF8150D">
								<Amt>755</Amt>
								<offset>0</offset>
								<onset>755</onset>
							</WBCurrentTermAmt>
							<WBNetChangeAmt id="W99EFB593DC624A039D808A4E48B3A2F4">
								<Amt>755</Amt>
							</WBNetChangeAmt>
							<WBWrittenAmt id="W928CBDD7DC0B428C8FA76EE20B93B5B5">
								<Amt>755</Amt>
							</WBWrittenAmt>
							<WBPriorCurrentTermAmt id="WC58F88878B11473492DEDFDEADB09955">
								<Amt>0</Amt>
							</WBPriorCurrentTermAmt>
							<WBPriorWrittenAmt id="W9B31FED8E02B4F6CBD78E661437A2CB2">
								<Amt>0</Amt>
							</WBPriorWrittenAmt>
							<WBCancelAmt id="W006139083D51413FA1E7CB838EFEB948">
								<Amt>0</Amt>
							</WBCancelAmt>
						</WBPremiumInfo>
					</CoverageExt>
				</Coverage>
				<Coverage id="CFB55EFC642174870AA8A0D25608A1D51">
					<CoverageCd>PIP</CoverageCd>
					<Deductible id="D50ADE5D6F73D4994B3B150CD6247830D">
						<FormatCurrencyAmt id="FD936718C4C2443CB8388E26B6C2E8FD5">
							<Amt>500</Amt>
						</FormatCurrencyAmt>
						<DeductibleAppliesToCd>CL</DeductibleAppliesToCd>
					</Deductible>
					<EffectiveDt>2019-10-03</EffectiveDt>
					<ExpirationDt>2020-10-03</ExpirationDt>
					<ProRateFactor>1</ProRateFactor>
					<CoverageSupplement id="C0F4AB3A703144B20AA750D5DFDACDC53">
						<CoverageSubCd>PIPALLOTHER</CoverageSubCd>
					</CoverageSupplement>
					<CoverageExt id="C0661D06BBF3F4D24A599AFA5EEABEBE6">
						<WBOnsetOffsetPremiumInfo id="W42C51132C9D6478F8449E12083D0CD81">
							<WBCurrentTermOnsetAmt id="WBBD61BA7726E4C2CA9B1949DF10C8D52">
								<Amt>15</Amt>
							</WBCurrentTermOnsetAmt>
							<WBCurrentTermOffsetAmt id="WBC387A20807A4E5C8263F079C1E2DD7A">
								<Amt>0</Amt>
							</WBCurrentTermOffsetAmt>
						</WBOnsetOffsetPremiumInfo>
						<WBPremiumInfo id="W11E46566D9664DA7B536A6CC496CEFEE">
							<WBCurrentTermAmt id="WE2B706258B53434CB7E88B605E5D86B8">
								<Amt>15</Amt>
							</WBCurrentTermAmt>
							<WBNetChangeAmt id="WA81F378775784BA784DC05A99F93EE42">
								<Amt>15</Amt>
							</WBNetChangeAmt>
							<WBWrittenAmt id="WC947EF762EAC483EA666445ACD1BFE3E">
								<Amt>15</Amt>
							</WBWrittenAmt>
							<WBPriorCurrentTermAmt id="W486325253CCE4334B11E608A89EBC387">
								<Amt>0</Amt>
							</WBPriorCurrentTermAmt>
							<WBPriorWrittenAmt id="WEBD750D2397D492886E8301B6918C9CD">
								<Amt>0</Amt>
							</WBPriorWrittenAmt>
							<WBCancelAmt id="WC5BC31234DD64B2DA4FF29E9881768EA">
								<Amt>0</Amt>
							</WBCancelAmt>
						</WBPremiumInfo>
					</CoverageExt>
				</Coverage>
				<Coverage id="CA111F2909F754332831C16538DEDF2F3">
					<CoverageCd>RRGAP</CoverageCd>
					<Option id="OFA502AAC9C2F4827B9D6132A615CF8FA">
						<OptionCd>RCP</OptionCd>
					</Option>
					<EffectiveDt>2019-10-03</EffectiveDt>
					<ExpirationDt>2020-10-03</ExpirationDt>
					<ProRateFactor>1</ProRateFactor>
					<CoverageSupplement id="C41E8909CB97F43DCAD6C32D0CE21D9DB">
						<CoverageSubCd>CDROTC</CoverageSubCd>
					</CoverageSupplement>
					<CoverageExt id="C01A7EBD98D6A41ABA04930075AAAD8A3">
						<WBOnsetOffsetPremiumInfo id="W9CF3B463B4DD4B35AB1CB39CFD922960">
							<WBCurrentTermOnsetAmt id="WA052DF2ECCFE4B9BA5B1379C88B3B50C">
								<Amt>101</Amt>
							</WBCurrentTermOnsetAmt>
							<WBCurrentTermOffsetAmt id="W1333C5BF2CFA4BF98FFFC766A9F603CA">
								<Amt>0</Amt>
							</WBCurrentTermOffsetAmt>
						</WBOnsetOffsetPremiumInfo>
						<WBPremiumInfo id="W2589014A20B445AC84B737CA4AC36535">
							<WBCurrentTermAmt id="WD5FC3BD0E9114A25BE140F6CD4FE26D1">
								<Amt>101</Amt>
								<offset>0</offset>
								<onset>101</onset>
							</WBCurrentTermAmt>
							<WBNetChangeAmt id="WD04F46A80FB94082AE28ADF122811E0D">
								<Amt>101</Amt>
							</WBNetChangeAmt>
							<WBWrittenAmt id="W2CC69A0DED5A4E4293233456D32B9910">
								<Amt>101</Amt>
							</WBWrittenAmt>
							<WBPriorCurrentTermAmt id="WCB44021DC02E412FBD6DBD5760C81E09">
								<Amt>0</Amt>
							</WBPriorCurrentTermAmt>
							<WBPriorWrittenAmt id="W15907444A4C44BFEB5C142B1795A6283">
								<Amt>0</Amt>
							</WBPriorWrittenAmt>
							<WBCancelAmt id="W79F565F4E8E84FE3BA7BD2ECA492A6CB">
								<Amt>0</Amt>
							</WBCancelAmt>
						</WBPremiumInfo>
					</CoverageExt>
				</Coverage>
				<Coverage id="CA957877CA320463D808C387F11AB9EA6">
					<CoverageCd>PPI</CoverageCd>
					<Limit id="LB10EB98630A34FDD8C7EA88B7D7CFC3A">
						<FormatCurrencyAmt id="FC4F40A1282C845D3B40308527E4A25A8">
							<Amt>1000000</Amt>
						</FormatCurrencyAmt>
						<LimitAppliesToCd>PerAcc</LimitAppliesToCd>
					</Limit>
					<EffectiveDt>2019-10-03</EffectiveDt>
					<ExpirationDt>2020-10-03</ExpirationDt>
					<ProRateFactor>1</ProRateFactor>
					<CoverageSupplement id="CD7EB87BA0E354375B0410ECC02418EE3">
						<CoverageSubCd>PPI</CoverageSubCd>
					</CoverageSupplement>
					<CoverageExt id="C2ADF8B08CB3B4574936678C0332C0288">
						<WBOnsetOffsetPremiumInfo id="WCC90C418301D46BD819844541184B05F">
							<WBCurrentTermOnsetAmt id="WC21AB115661A4F14A0D41E837D695A4C">
								<Amt>3</Amt>
							</WBCurrentTermOnsetAmt>
							<WBCurrentTermOffsetAmt id="WEDC2E4E269574F7A93A23C704F89FA95">
								<Amt>0</Amt>
							</WBCurrentTermOffsetAmt>
						</WBOnsetOffsetPremiumInfo>
						<WBPremiumInfo id="W3C73D80F4B21461FBDAB4520F721C52C">
							<WBCurrentTermAmt id="W2CF8A3F106C543B399FD641EE8C9766E">
								<Amt>3</Amt>
								<offset>0</offset>
								<onset>3</onset>
							</WBCurrentTermAmt>
							<WBNetChangeAmt id="WADEA1669432D4DB28DC00756D9DF4F3C">
								<Amt>3</Amt>
							</WBNetChangeAmt>
							<WBWrittenAmt id="WE5D22AD5CA9C432F96D9A7657296DD97">
								<Amt>3</Amt>
							</WBWrittenAmt>
							<WBPriorCurrentTermAmt id="WD4CA4BD495434913866A81EF8ECAD3AB">
								<Amt>0</Amt>
							</WBPriorCurrentTermAmt>
							<WBPriorWrittenAmt id="WBE0BBA77982940A6923C373501A5FECB">
								<Amt>0</Amt>
							</WBPriorWrittenAmt>
							<WBCancelAmt id="WA73A845094794312BFB76E87DD584E92">
								<Amt>0</Amt>
							</WBCancelAmt>
						</WBPremiumInfo>
					</CoverageExt>
				</Coverage>
				<Coverage id="C5F23E86265E84C8197CEDC4083E05030">
					<CoverageCd>MCCA</CoverageCd>
					<CoverageTypeCd>Coverage</CoverageTypeCd>
					<EffectiveDt>2019-10-03</EffectiveDt>
					<ExpirationDt>2020-10-03</ExpirationDt>
					<ProRateFactor>1</ProRateFactor>
					<CoverageSupplement id="C190BEF53E127476ABFBDD7791F327917">
						<CoverageSubCd>PIPMCCA</CoverageSubCd>
					</CoverageSupplement>
					<CoverageExt id="CF6C3B4973CD749918AC63E45EA86896E">
						<WBOnsetOffsetPremiumInfo id="W50BA9DE78CBF4F6580013EAADCED5EA8">
							<WBCurrentTermOnsetAmt id="WD93144B97C6E4A4C867D08668CF1726C">
								<Amt>228</Amt>
							</WBCurrentTermOnsetAmt>
							<WBCurrentTermOffsetAmt id="WC08A99FAE0B34B7D86DEE6702CE2B9C3">
								<Amt>0</Amt>
							</WBCurrentTermOffsetAmt>
						</WBOnsetOffsetPremiumInfo>
						<WBPremiumInfo id="W016AE360B92E48D49A4125AE237B952A">
							<WBCurrentTermAmt id="WD86DA513DC8C42958F802E46C07AAB66">
								<Amt>228.00</Amt>
								<offset>0</offset>
								<onset>228</onset>
							</WBCurrentTermAmt>
							<WBNetChangeAmt id="W84EE578C79D84C07A8D21795BFDD365B">
								<Amt>228</Amt>
							</WBNetChangeAmt>
							<WBWrittenAmt id="W7EA92A01D9804034AC42AB6E009C1DAE">
								<Amt>228</Amt>
							</WBWrittenAmt>
							<WBPriorCurrentTermAmt id="W67EA54CB26E74402AA40B97523B17845">
								<Amt>0</Amt>
							</WBPriorCurrentTermAmt>
							<WBPriorWrittenAmt id="WC92CA3A36E02467AAB08BDF48BEC0C7B">
								<Amt>0</Amt>
							</WBPriorWrittenAmt>
							<WBCancelAmt id="W4D1C3C7E890B43159EF88D3014631DE7">
								<Amt>0</Amt>
							</WBCancelAmt>
						</WBPremiumInfo>
					</CoverageExt>
				</Coverage>
				<CreditOrSurcharge id="CF1DF51CA7E23488F93D49D292D7422D2">
					<SecondaryCd>AHS</SecondaryCd>
					<WBRatingAppliedInd>1</WBRatingAppliedInd>
				</CreditOrSurcharge>
				<CreditOrSurcharge id="C95660C6182B746ABAC93352AD1366528">
					<SecondaryCd>AOM</SecondaryCd>
					<WBRatingAppliedInd>0</WBRatingAppliedInd>
				</CreditOrSurcharge>
				<CreditOrSurcharge id="C97D39AD246A84B469C942C5BACE0954D">
					<SecondaryCd>BWS</SecondaryCd>
					<WBRatingAppliedInd>1</WBRatingAppliedInd>
				</CreditOrSurcharge>
				<CreditOrSurcharge id="CE31AC1FAEDF44AC6973B9A9045362516">
					<SecondaryCd>DFSS</SecondaryCd>
					<WBRatingAppliedInd>0</WBRatingAppliedInd>
				</CreditOrSurcharge>
				<CreditOrSurcharge id="C55368217BD164A1E8F1807F4C13F5C98">
					<SecondaryCd>FCA</SecondaryCd>
					<WBRatingAppliedInd>0</WBRatingAppliedInd>
				</CreditOrSurcharge>
				<CreditOrSurcharge id="C63D94683B85844968ACDFBE95C36395E">
					<WBRatingAppliedInd>0</WBRatingAppliedInd>
					<SecondaryCd />
				</CreditOrSurcharge>
				<CreditOrSurcharge id="CF9D36868E21942C584BED309913BA5C4">
					<SecondaryCd>SDD</SecondaryCd>
					<WBRatingAppliedInd>0</WBRatingAppliedInd>
				</CreditOrSurcharge>
				<CreditOrSurcharge id="C52D4455FD14946EFBF11E845247E9961">
					<WBRatingAppliedInd>0</WBRatingAppliedInd>
					<SecondaryCd />
				</CreditOrSurcharge>
				<CreditOrSurcharge id="C591EC095C4134CBB92C1B1FBF72072E0">
					<WBRatingAppliedInd>0</WBRatingAppliedInd>
					<SecondaryCd />
				</CreditOrSurcharge>
				<CreditOrSurcharge id="CA32395B806F743F483C68A11C882A4C3">
					<WBRatingAppliedInd>0</WBRatingAppliedInd>
					<SecondaryCd />
				</CreditOrSurcharge>
				<CreditOrSurcharge id="CC874E74BDD8C406F81FF77878FD46F14">
					<WBRatingAppliedInd>0</WBRatingAppliedInd>
					<SecondaryCd />
				</CreditOrSurcharge>
				<CreditOrSurcharge id="C42AF12F949DC45909ACF6F18C676B8EB">
					<SecondaryCd>PU</SecondaryCd>
					<WBRatingAppliedInd>0</WBRatingAppliedInd>
				</CreditOrSurcharge>
				<ComprehensiveOTCSymbolCd>31</ComprehensiveOTCSymbolCd>
				<CollisionSymbolCd>33</CollisionSymbolCd>
				<QuestionAnswer id="Q61201AE212244384B844FC8CD6A0785C">
					<QuestionCd>VEH01</QuestionCd>
					<YesNoCd>NO</YesNoCd>
				</QuestionAnswer>
				<QuestionAnswer id="QB2EA021A8FFD4F52A289514BDEF1FF66">
					<QuestionCd>VEH02</QuestionCd>
					<YesNoCd>DRV</YesNoCd>
					<Explanation>101</Explanation>
				</QuestionAnswer>
				<VehicleExt id="VA222B20C5E314148952C4CF73B3249BF">
					<ClassCode>1239</ClassCode>
					<WBMileage id="WC60F5013B96F470FBABAC4BBC9365D2B">
						<WBReportDtTime>2019-10-02T10:53:46.000</WBReportDtTime>
						<WBRecentAverageMileage>56960</WBRecentAverageMileage>
						<WBRatedAnnualMileage>56960</WBRatedAnnualMileage>
						<WBAnnualMileageMAMCd>X</WBAnnualMileageMAMCd>
						<WBAnnualMileageSource>Carfax</WBAnnualMileageSource>
					</WBMileage>
					<WBISOBodyStyleDesc>4-Door Hatchback</WBISOBodyStyleDesc>
					<WBFinancialResponsibilityCnt>0</WBFinancialResponsibilityCnt>
					<WBRiskTerm id="W7E8ED284B4274C9AA39AF294CD00D87A">
						<WBRiskEffectiveDt>2019-10-03</WBRiskEffectiveDt>
						<WBRiskExpirationDt>2020-10-03</WBRiskExpirationDt>
					</WBRiskTerm>
					<WBSubtotalInfo id="WD098E04090D441EDAB0FF63909D357D5">
						<WBSubtotalInfoTypeCd>CFA</WBSubtotalInfoTypeCd>
						<WBCurrentTermAmt id="W612B73928F64410A9517EC0B098D7246">
							<Amt>75</Amt>
						</WBCurrentTermAmt>
					</WBSubtotalInfo>
					<WBSubtotalInfo id="W2FED38DB7B6D4961B5A8F056CA24A416">
						<WBSubtotalInfoTypeCd>VEH</WBSubtotalInfoTypeCd>
						<WBCurrentTermAmt id="WCB5EE032F7F440FEBBFE5FFACB082DC1">
							<Amt>2514</Amt>
						</WBCurrentTermAmt>
					</WBSubtotalInfo>
					<WBVehicleAge>3</WBVehicleAge>
					<WBThirdPartyReport id="WB509991D03024168B1ACEA8EF276F3B5">
						<WBReportTypeCd>VINMASTER</WBReportTypeCd>
						<WBReportOrderStatus>Returned</WBReportOrderStatus>
					</WBThirdPartyReport>
					<WBOnsetOffsetPremiumInfo id="W479B29E7258640318B8D5FADA70FEC34">
						<WBCurrentTermOnsetAmt id="W200AB9756DA342DEBC4128B2A2D3A539" />
						<WBCurrentTermOffsetAmt id="W30F52B69FBB740CFA90D720FB84CA57F" />
					</WBOnsetOffsetPremiumInfo>
					<WBPremiumInfo id="W9090DF6001E1491880F1B942ABDBF938">
						<WBCurrentTermAmt id="WA1A87141573F459BB5A12544DA7CE17C">
							<Amt>3106</Amt>
						</WBCurrentTermAmt>
						<WBNetChangeAmt id="W6DCFE93B7B114DC7B037570F020BC723">
							<Amt>3106</Amt>
						</WBNetChangeAmt>
						<WBWrittenAmt id="W8C2FCF463A8441D3902B7DBAEEA9DB9B">
							<Amt>3106</Amt>
						</WBWrittenAmt>
					</WBPremiumInfo>
					<WBAdaptiveHeadlightSystemInd>0</WBAdaptiveHeadlightSystemInd>
					<WBAutonomousOperationsModeInd>0</WBAutonomousOperationsModeInd>
					<WBBackupWarningSystemInd>0</WBBackupWarningSystemInd>
					<WBBlindSpotLaneOrDepartureMonitoringCd />
					<WBDriverFatigueSensingSystemInd>0</WBDriverFatigueSensingSystemInd>
					<WBForwardCrashAvoidanceCd />
					<Form id="F20DC1F3C1E1641C2B52E0991702A657B">
						<FormNumber>PP0001Q</FormNumber>
						<EditionDt>2019-01-01</EditionDt>
						<FormName>Personal Auto Policy</FormName>
						<EffectiveDt>2019-10-03</EffectiveDt>
					</Form>
					<Form id="F1FF72081EF414082BEBF90656441D7AB">
						<FormNumber>PP0180Q</FormNumber>
						<EditionDt>2019-01-01</EditionDt>
						<FormName>Amendment of Policy Provisions - Michigan</FormName>
						<EffectiveDt>2019-10-03</EffectiveDt>
					</Form>
					<Form id="F0C0C4DB866B348F29EED181316BFF75A">
						<FormNumber>PP0280Q</FormNumber>
						<EditionDt>2019-01-01</EditionDt>
						<FormName>Termination Provisions - Michigan</FormName>
						<EffectiveDt>2019-10-03</EffectiveDt>
					</Form>
					<Form id="F550DD520FC584527AF9CB479413F095D">
						<FormNumber>DC0009</FormNumber>
						<EditionDt>2019-01-01</EditionDt>
						<FormName>Transportation Expenses</FormName>
						<EffectiveDt>2019-10-03</EffectiveDt>
					</Form>
					<Form id="F08D6AFFD3C344BE59D85F5E7A098AFE3">
						<FormNumber>PP0401Q</FormNumber>
						<EditionDt>2019-01-01</EditionDt>
						<FormName>Uninsured Motorists Limits</FormName>
						<EffectiveDt>2019-10-03</EffectiveDt>
					</Form>
					<Form id="F9CF982B6817B4D43B1B034CFDC0BD1CD">
						<FormNumber>PP0402Q</FormNumber>
						<EditionDt>2019-01-01</EditionDt>
						<FormName>Underinsured Motorists Limit</FormName>
						<EffectiveDt>2019-10-03</EffectiveDt>
					</Form>
					<Form id="F13525B379C70497CAC2A5FCF187B2AD9">
						<FormNumber>PP0590Q</FormNumber>
						<EditionDt>2019-01-01</EditionDt>
						<FormName>Personal Injury Protection Coverage - Michigan</FormName>
						<EffectiveDt>2019-10-03</EffectiveDt>
					</Form>
					<Form id="FAE73E40AA920435C99C054ACA9D176B3">
						<FormNumber>PP0591Q</FormNumber>
						<EditionDt>2019-01-01</EditionDt>
						<FormName>Property Protection Coverage - Michigan</FormName>
						<EffectiveDt>2019-10-03</EffectiveDt>
					</Form>
					<Form id="FCFBB881DF0034923A1ADFF41A42BDB05">
						<FormNumber>DC0001</FormNumber>
						<EditionDt>2019-01-01</EditionDt>
					</Form>
					<Form id="F07CD18A4395548D18B275AD5575AB09F">
						<FormNumber>PP3305Q</FormNumber>
						<EditionDt>2019-01-01</EditionDt>
						<FormName>Full Safety Glass Coverage</FormName>
						<EffectiveDt>2019-10-03</EffectiveDt>
					</Form>
				</VehicleExt>
			</Vehicle>
			<QuestionAnswer id="Q3E588BEB76EC4D0F8CCE767F053C480A">
				<QuestionCd>AUTOP03</QuestionCd>
				<YesNoCd>NO</YesNoCd>
			</QuestionAnswer>
			<QuestionAnswer id="QC73F6F8C53CB4B0D82D4006A1D0C37A6">
				<QuestionCd>VEH03</QuestionCd>
				<YesNoCd>NO</YesNoCd>
			</QuestionAnswer>
			<QuestionAnswer id="QD0122C8510EA49D19009524B3664EB83">
				<QuestionCd>VEH04</QuestionCd>
				<YesNoCd>NO</YesNoCd>
			</QuestionAnswer>
			<PersAutoLineBusinessExt id="PDAE2676309724CD9A3A6E40A8BDDC9FE">
				<WBSubtotalInfo id="WAF7C2F8695814CA2A8504310476DC761">
					<WBSubtotalInfoTypeCd>CFA</WBSubtotalInfoTypeCd>
					<WBCurrentTermAmt id="W642A22B032A64143AF9B9BB9E14A3BBA">
						<Amt>75</Amt>
					</WBCurrentTermAmt>
				</WBSubtotalInfo>
				<WBOnsetOffsetPremiumInfo id="W43A86D2662B346818ACB31059B3A416C">
					<WBCurrentTermOnsetAmt id="WD11D6D65879B47C1B2341622479EF849" />
					<WBCurrentTermOffsetAmt id="W59E049DDF4D84DAA8E1C38C7C5D37DA4" />
				</WBOnsetOffsetPremiumInfo>
				<WBPermissiveUseCnt>0</WBPermissiveUseCnt>
				<WBPremiumInfo id="WBFC5D43997314461A5A463C8EA9796E9">
					<WBCurrentTermAmt id="W3D3CC07856704298AA6E3C9B0F677789">
						<Amt>3106</Amt>
					</WBCurrentTermAmt>
					<WBNetChangeAmt id="W7CB433C9F14B4886BE5043A6B4D209C6">
						<Amt>3106</Amt>
					</WBNetChangeAmt>
					<WBWrittenAmt id="W0F457F2873B54797A7B2A94D1F9E5EDC">
						<Amt>3106</Amt>
					</WBWrittenAmt>
				</WBPremiumInfo>
				<WBWorkLossDeclineIndicator>0</WBWorkLossDeclineIndicator>
			</PersAutoLineBusinessExt>
		</PersAutoLineBusiness>
		<PolicyExt id="PD935F138FC0745FD90143B78C7B79959">
			<AutoCompositionFactorCd>F</AutoCompositionFactorCd>
			<WBTransactionStatusDesc>Committed</WBTransactionStatusDesc>
			<WBQuoteStatusDesc>Issued</WBQuoteStatusDesc>
			<CreditOrSurcharge id="C5B9D3E154336446FA9ABA6032DFC18C7">
				<SecondaryCd>PIF</SecondaryCd>
				<WBRatingAppliedInd>1</WBRatingAppliedInd>
			</CreditOrSurcharge>
			<CreditOrSurcharge id="CF63133C36B9A4DDA8A89B7168F3E6003">
				<SecondaryCd>HCD</SecondaryCd>
				<WBRatingAppliedInd>1</WBRatingAppliedInd>
			</CreditOrSurcharge>
			<CreditOrSurcharge id="C32AABE69FE034E5B997478D7074ED60A">
				<WBRatingAppliedInd>1</WBRatingAppliedInd>
				<SecondaryCd />
			</CreditOrSurcharge>
			<WBHouseholdCompositionInd>0</WBHouseholdCompositionInd>
			<WBSubtotalInfo id="WB5C1257C63D34D0DAF8DD6F708ED69EC">
				<WBSubtotalInfoTypeCd>CFA</WBSubtotalInfoTypeCd>
				<WBCurrentTermAmt id="WD242445779DD448DA1D5868ED9D8E285">
					<Amt>75</Amt>
				</WBCurrentTermAmt>
			</WBSubtotalInfo>
			<WBPolicyAge>0</WBPolicyAge>
			<WBOnsetOffsetPremiumInfo id="W81AD207D0B724098A4ACFD940AFE36C0">
				<WBCurrentTermOnsetAmt id="W29C91EB83FA44D478ABE810B5322205A" />
				<WBCurrentTermOffsetAmt id="WF27FFD65FAFE4ACA98987A80EE4AF780" />
			</WBOnsetOffsetPremiumInfo>
			<WBPremiumInfo id="WD4A3E155E7A54842928647AA340B7BCB">
				<WBCurrentTermAmt id="W7EC3652C0ABB4220B0BAC9545B5EB438">
					<Amt>3106</Amt>
				</WBCurrentTermAmt>
				<WBNetChangeAmt id="W3BC97B3B68B84D72B8140CE21DBF3B2C">
					<Amt>3106</Amt>
				</WBNetChangeAmt>
				<WBWrittenAmt id="WD97EA50074CB497299EB4754EB4B37A3">
					<Amt>3106</Amt>
				</WBWrittenAmt>
			</WBPremiumInfo>
			<WBPriorPolicyCnt>1</WBPriorPolicyCnt>
			<WBPolicyIssue id="W028E5AD221274964BF61A280F60495D7">
				<WBPolicyIssueCd>N</WBPolicyIssueCd>
			</WBPolicyIssue>
		</PolicyExt>
		<Form id="F632BDF3EE7DA4AC1B552BCA6FF70C608">
			<FormNumber>DC877B</FormNumber>
			<EditionDt>2019-01-01</EditionDt>
			<FormName>Consumer Report Disclosure Notice</FormName>
			<EffectiveDt>2019-10-03</EffectiveDt>
		</Form>
		<Form id="F0EE355FCCAB8490B933BF38F97CB26F9">
			<FormNumber>DC2177</FormNumber>
			<EditionDt>2019-01-01</EditionDt>
			<FormName>Membership and Voting Rights Notice</FormName>
			<EffectiveDt>2019-10-03</EffectiveDt>
		</Form>
		<Form id="F2C47F18F2C654F64A2778917F765D5FA">
			<FormNumber>DC249</FormNumber>
			<EditionDt>2019-01-01</EditionDt>
			<FormName>Coordination of Deductible Clause</FormName>
			<EffectiveDt>2019-10-03</EffectiveDt>
		</Form>
		<Form id="FD7948C987ED644BC8878621E345F2D84">
			<FormNumber>DC1188</FormNumber>
			<EditionDt>2019-01-01</EditionDt>
			<FormName>West Bend Privacy Statement</FormName>
			<EffectiveDt>2019-10-03</EffectiveDt>
		</Form>
		<Form id="F0F1D932DD18D4FEC8256083C11D9E799">
			<FormNumber>DC1491</FormNumber>
			<EditionDt>2019-01-01</EditionDt>
			<FormName>Payment Plan Options</FormName>
			<EffectiveDt>2019-10-03</EffectiveDt>
		</Form>
	</Policy>
</PolicyRs>