<PolicyRs xmlns="http://www.acord.org/schema/PC/xml/2">
  <BusinessPurposeTypeCd>RIX</BusinessPurposeTypeCd>
  <TransactionEffectiveDt>2019-09-24</TransactionEffectiveDt>
  <TransactionSeqNumber>1</TransactionSeqNumber>
  <Policy id="P6DCA394755204B6FA9B5FE1C4009FAE9">
    <PolicyNumber>A734721</PolicyNumber>
    <PolicyVersion>01</PolicyVersion>
    <CompanyProductCd>801</CompanyProductCd>
    <BroadLOBCd>1</BroadLOBCd>
    <NAICCd>15350</NAICCd>
    <ControllingStateProvCd>MI</ControllingStateProvCd>
    <ContractTerm id="C5A5C9D80A89B48BE8F51383F812A5E5F">
      <EffectiveDt>2019-09-24</EffectiveDt>
      <ExpirationDt>2020-09-24</ExpirationDt>
    </ContractTerm>
    <CustomerServicingCd>AGY</CustomerServicingCd>
    <Form id="FFFA2C22282714E1BAF3BE59C9DA0D7ED">
      <FormNumber>DC877B</FormNumber>
      <FormName>Consumer Report Disclosure Notice</FormName>
      <EditionDt>2019-01-01</EditionDt>
      <EffectiveDt>2019-09-24</EffectiveDt>
    </Form>
    <Form id="FC71C7FCDAD7E420E93212523A509222F">
      <FormNumber>DC2177</FormNumber>
      <FormName>Membership and Voting Rights Notice</FormName>
      <EditionDt>2019-01-01</EditionDt>
      <EffectiveDt>2019-09-24</EffectiveDt>
    </Form>
    <Form id="F06CC7A9A1E9E4563AC3C15985B8E1FEA">
      <FormNumber>DC249</FormNumber>
      <FormName>Coordination of Deductible Clause</FormName>
      <EditionDt>2019-01-01</EditionDt>
      <EffectiveDt>2019-09-24</EffectiveDt>
    </Form>
    <Form id="F008DD2D463D54C6996BE5FE70BC1D3E1">
      <FormNumber>DC1188</FormNumber>
      <FormName>West Bend Privacy Statement</FormName>
      <EditionDt>2019-01-01</EditionDt>
      <EffectiveDt>2019-09-24</EffectiveDt>
    </Form>
    <Form id="F4C497C6C34214051A5AF9F21BB1827D5">
      <FormNumber>DC1491</FormNumber>
      <FormName>Payment Plan Options</FormName>
      <EditionDt>2019-01-01</EditionDt>
      <EffectiveDt>2019-09-24</EffectiveDt>
    </Form>
    <NumLosses>0</NumLosses>
    <OtherOrPriorPolicy id="OCA4018E5CC384434B085DD432F2C8DF5" DriverRef="D3ED936B69298448DB9EF75BBBFA44407">
      <PolicyCd>RecentWb</PolicyCd>
      <ContractTerm id="CCB12B1FF241D450D852671B3B1745FD6" />
    </OtherOrPriorPolicy>
    <PaymentOption id="PBBCCC19CE7334627850F041197344B43">
      <PaymentPlanCd>FL</PaymentPlanCd>
    </PaymentOption>
    <QuoteInfo id="QE71F756266904034941B9E15E8F84425">
      <InitialQuoteRequestDt>2019-09-24</InitialQuoteRequestDt>
    </QuoteInfo>
    <CreditScoreInfo id="C181CD33750A74574B828C238C4FFEF2B">
      <CreditScore>0</CreditScore>
      <CreditScoreDt>2019-09-23</CreditScoreDt>
      <CSPolicyTypeCd>Lowest</CSPolicyTypeCd>
    </CreditScoreInfo>
    <PolicyStatusCd>InForce</PolicyStatusCd>
    <PaidInFullInd>1</PaidInFullInd>
    <CancellationDt>2019-09-24</CancellationDt>
    <OriginalPolicyInceptionDt>2019-09-24</OriginalPolicyInceptionDt>
    <Producer id="P8B4A7DD9FAB94B6FBEC9709F9108229C" />
    <Producer id="P3C3AA5D757C44259B896F3C69F6F6E30">
      <Relationship id="R2CCC6500294141E2BCC726E0E75B0AD5">
        <RelationshipToCd>Agency</RelationshipToCd>
      </Relationship>
      <Name>COLDBROOK INSURANCE GROUP LLC</Name>
      <Addr id="A13ECA40DDF04432FBD6D6F278F6E2821">
        <AddrTypeCd>MailingAddress</AddrTypeCd>
        <Addr1>45 COLDBROOK STREET NW</Addr1>
        <Addr2 />
        <City>GRAND RAPIDS</City>
        <StateProvCd>MI</StateProvCd>
        <PostalCode>49503</PostalCode>
        <CountryCd>USA</CountryCd>
        <County>US</County>
      </Addr>
      <ContractNumber>21112</ContractNumber>
      <ProducerSubCode />
    </Producer>
    <Producer id="P531F324012FD48B691D38968F79408E3">
      <Relationship id="REF1B2104BE5B4290806B28DDEF729AF0">
        <RelationshipToCd>USERIN</RelationshipToCd>
      </Relationship>
      <Name>SUSIE AGENT</Name>
      <ProducerSubCode>21112</ProducerSubCode>
    </Producer>
    <Producer id="P80D0F73DA3D64CFAB9AF7D1485947864">
      <Relationship id="RB4FB9CFA47394EDBA733F05D5A948BB8">
        <RelationshipToCd>PROD</RelationshipToCd>
      </Relationship>
      <Name>Amy Producer</Name>
      <ProducerSubCode>20194</ProducerSubCode>
    </Producer>
    <InsuredOrPrincipal id="I7D892313C028458DA67ACE01A46EB0A2">
      <ItemIdInfo id="IB8E85716CAC84176A5D20947663D9B7A">
        <InsurerId>1000337386</InsurerId>
      </ItemIdInfo>
      <Relationship id="RAE5D866B41A4432388D693F91B934F2F" RelationshipToRef="P6DCA394755204B6FA9B5FE1C4009FAE9">
        <RelationshipToCd>FNI</RelationshipToCd>
      </Relationship>
      <Name>MARKEIA COVACEVICH</Name>
      <Addr id="A67CA1FBDBBAC4F988F531AAFC08B689A">
        <AddrTypeCd>InsuredsAddress</AddrTypeCd>
        <Addr1>3535 Ringle Rd</Addr1>
        <Addr2 />
        <Addr3 />
        <Addr4 />
        <City>Akron</City>
        <StateProvCd>MI</StateProvCd>
        <PostalCode>48701-9607</PostalCode>
        <CountryCd>USA</CountryCd>
        <Latitude>43.56727</Latitude>
        <Longitude>-83.524329</Longitude>
        <County>Tuscola County</County>
        <AddrExt id="AA653A92D843847C5B198F36B3C50BBB9">
          <WBAddressStandardization id="WE1FA671597934638AB2699B20603C220">
            <WBAddrStandardizeStreetName>Ringle</WBAddrStandardizeStreetName>
            <WBAddrStandardizeStreetTypeCd>Rd</WBAddrStandardizeStreetTypeCd>
            <WBAddrStandardizeStreetNumber>3535</WBAddrStandardizeStreetNumber>
            <WBConfidence>100</WBConfidence>
            <WBAddrStandardizeStatus>Accepted</WBAddrStandardizeStatus>
          </WBAddressStandardization>
        </AddrExt>
      </Addr>
      <Addr id="AE8A01C576FBE495AA531F9B8739BDC7A">
        <AddrTypeCd>MailingAddress</AddrTypeCd>
        <Addr1>3535 Ringle Rd</Addr1>
        <Addr2 />
        <City>Akron</City>
        <StateProvCd>MI</StateProvCd>
        <PostalCode>48701-9607</PostalCode>
        <CountryCd>USA</CountryCd>
        <Latitude>43.56727</Latitude>
        <Longitude>-83.524329</Longitude>
        <County>Tuscola County</County>
        <AddrExt id="A7EE0702B72544610A5336B48E226E1EC">
          <WBAddressStandardization id="WF48087EFF7744209B7C5768F9E7F752F">
            <WBAddrStandardizeStreetName>Ringle</WBAddrStandardizeStreetName>
            <WBAddrStandardizeStreetTypeCd>Rd</WBAddrStandardizeStreetTypeCd>
            <WBAddrStandardizeStreetNumber>3535</WBAddrStandardizeStreetNumber>
            <WBConfidence>100</WBConfidence>
            <WBAddrStandardizeStatus>Accepted</WBAddrStandardizeStatus>
          </WBAddressStandardization>
        </AddrExt>
      </Addr>
      <Addr id="A1AD881071CB0444EAA2D0ABACF2F2C5D">
        <AddrTypeCd>BillingAddress</AddrTypeCd>
      </Addr>
      <Communications id="CB818E7B5B1A2475FADF06370E5FBFD92">
        <CommunicationUseCd>Alternate</CommunicationUseCd>
        <PhoneTypeCd>Cell</PhoneTypeCd>
        <PhoneNumber>5174894563</PhoneNumber>
      </Communications>
      <Surname>COVACEVICH</Surname>
      <GivenName>MARKEIA</GivenName>
      <TitlePrefix />
      <NameSuffix />
      <GenderCd>F</GenderCd>
      <BirthDt>1975-08-18</BirthDt>
      <MaritalStatusCd>S</MaritalStatusCd>
    </InsuredOrPrincipal>
    <PersAutoLineBusiness id="PDD5E725D2D91429E895FC9316E7D94B5">
      <CompanyProductCd>850</CompanyProductCd>
      <Driver id="D3ED936B69298448DB9EF75BBBFA44407">
        <ItemIdInfo id="I436764C5A1C843A29306D8749B5E6B09">
          <InsurerId>101</InsurerId>
        </ItemIdInfo>
        <Relationship id="RE231BA4D66F342DC96D76C2798369C61" RelationshipToRef="I7D892313C028458DA67ACE01A46EB0A2">
          <RelationshipToCd>IN</RelationshipToCd>
        </Relationship>
        <Relationship id="R86377BFD3CE749179715094A27A3D5DA" RelationshipToRef="V50C9C63E47784A23859A6FC1AB99B412">
          <RelationshipToCd>DRV</RelationshipToCd>
          <RelationshipDesc>PRINCIPAL</RelationshipDesc>
        </Relationship>
        <License id="LC056A3FEC7724CE69A5AB8C2AF832BC7">
          <LicenseTypeCd>Driver</LicenseTypeCd>
          <LicenseStatusCd>VALID</LicenseStatusCd>
          <LicensePermitNumber>73VMWEZWO2861</LicensePermitNumber>
          <StateProvCd>MI</StateProvCd>
        </License>
        <Addr id="ABB7AB994F03B4C51B51AE1EA69523DDC">
          <AddrTypeCd>InsuredsAddress</AddrTypeCd>
          <Addr1>3535 Ringle Rd</Addr1>
          <City>Akron</City>
          <StateProvCd>MI</StateProvCd>
          <PostalCode>48701-9607</PostalCode>
          <CountryCd>USA</CountryCd>
          <Latitude>43.56727</Latitude>
          <Longitude>-83.524329</Longitude>
          <County>Tuscola County</County>
          <AddrExt id="AD5ED6F0FCB4E4ACB93C26D2134903C36">
            <WBAddressStandardization id="W352A529599F242CDB426CAAA0DA01F61">
              <WBAddrStandardizeStreetName>Ringle</WBAddrStandardizeStreetName>
              <WBAddrStandardizeStreetTypeCd>Rd</WBAddrStandardizeStreetTypeCd>
              <WBAddrStandardizeStreetNumber>3535</WBAddrStandardizeStreetNumber>
              <WBConfidence>100</WBConfidence>
              <WBAddrStandardizeStatus>Accepted</WBAddrStandardizeStatus>
            </WBAddressStandardization>
          </AddrExt>
        </Addr>
        <Surname>COVACEVICH</Surname>
        <GivenName>MARKEIA</GivenName>
        <OtherGivenName />
        <TitlePrefix />
        <NameSuffix />
        <GenderCd>F</GenderCd>
        <BirthDt>1975-08-18</BirthDt>
        <MaritalStatusCd>S</MaritalStatusCd>
        <OccupationClassCd>AIR</OccupationClassCd>
        <QuestionAnswer id="QD06547DD3D4A49FC917C3C88A702C5E1">
          <QuestionCd>DRV04</QuestionCd>
          <YesNoCd>YES</YesNoCd>
          <QuestionText>licensedLastFive</QuestionText>
        </QuestionAnswer>
        <QuestionAnswer id="QFD7E7969507441498529ABD65CF3DBC3">
          <QuestionCd>DRV05</QuestionCd>
          <YesNoCd>YES</YesNoCd>
          <QuestionText>isIndiviualLicensed</QuestionText>
        </QuestionAnswer>
        <QuestionAnswer id="Q110CF5359F464E3C880C52896DE4CDBA">
          <QuestionCd>DRV06</QuestionCd>
          <YesNoCd>NO</YesNoCd>
        </QuestionAnswer>
        <DriverTypeCd />
        <ContinuousInsuranceCd>ContinuousLessThan6Months</ContinuousInsuranceCd>
        <DriverExt id="D448C42A18D3948FE877F811E48C433B8">
          <YouthfulInd>0</YouthfulInd>
          <WBIsMinor>0</WBIsMinor>
          <WBRiskTerm id="W2D33672826D14350A8F977E13565E7AF">
            <WBRiskEffectiveDt>2019-09-24</WBRiskEffectiveDt>
            <WBRiskExpirationDt>2020-09-24</WBRiskExpirationDt>
          </WBRiskTerm>
          <WBDriverAge>44</WBDriverAge>
          <WBInexperiencedOperatorInd>0</WBInexperiencedOperatorInd>
          <WBAdvantageDriverInd>1</WBAdvantageDriverInd>
        </DriverExt>
      </Driver>
      <Driver id="D67E740CC049B471483C6E5C64E5284E3">
        <ItemIdInfo id="IAD6B975377994C53B58402BCDDB4806E">
          <InsurerId>102</InsurerId>
        </ItemIdInfo>
        <Relationship id="R109FD25BBC934C7E9F2772BABCEEE618" RelationshipToRef="I7D892313C028458DA67ACE01A46EB0A2">
          <RelationshipToCd>RE</RelationshipToCd>
        </Relationship>
        <Relationship id="R906214C28E294840970BDE161C880B83" RelationshipToRef="VC66BA64DE7EF49A4A78878FF88A1C852">
          <RelationshipToCd>DRV</RelationshipToCd>
          <RelationshipDesc>PRINCIPAL</RelationshipDesc>
        </Relationship>
        <License id="LDDC91EFD4A414C4EB61522B948BE0378">
          <LicenseTypeCd>Driver</LicenseTypeCd>
          <LicenseStatusCd>VALID</LicenseStatusCd>
          <LicensePermitNumber>1MTCPRJDJ1067</LicensePermitNumber>
          <StateProvCd>MI</StateProvCd>
        </License>
        <Addr id="AE2B0DD70A5AA4FFDBFD8632056098EFA">
          <AddrTypeCd>InsuredsAddress</AddrTypeCd>
          <Addr1>3535 Ringle Rd</Addr1>
          <City>Akron</City>
          <StateProvCd>MI</StateProvCd>
          <PostalCode>48701-9607</PostalCode>
          <CountryCd>USA</CountryCd>
          <Latitude>43.56727</Latitude>
          <Longitude>-83.524329</Longitude>
          <County>Tuscola County</County>
          <AddrExt id="A8D8C8706FA7742D88E2DDB312F503673">
            <WBAddressStandardization id="W533641EC424B4B889EA7DDD465E833CF">
              <WBAddrStandardizeStreetName>Ringle</WBAddrStandardizeStreetName>
              <WBAddrStandardizeStreetTypeCd>Rd</WBAddrStandardizeStreetTypeCd>
              <WBAddrStandardizeStreetNumber>3535</WBAddrStandardizeStreetNumber>
              <WBConfidence>100</WBConfidence>
              <WBAddrStandardizeStatus>Accepted</WBAddrStandardizeStatus>
            </WBAddressStandardization>
          </AddrExt>
        </Addr>
        <Surname>COVACEVICH</Surname>
        <GivenName>NADINE</GivenName>
        <OtherGivenName>K</OtherGivenName>
        <TitlePrefix />
        <NameSuffix />
        <GenderCd>F</GenderCd>
        <BirthDt>1980-03-25</BirthDt>
        <MaritalStatusCd>M</MaritalStatusCd>
        <OccupationClassCd>ATY</OccupationClassCd>
        <QuestionAnswer id="QDB4362D55B4849B0846AF63C079C9A12">
          <QuestionCd>DRV04</QuestionCd>
          <YesNoCd>YES</YesNoCd>
          <QuestionText>licensedLastFive</QuestionText>
        </QuestionAnswer>
        <QuestionAnswer id="Q6ACEE62E3DA24DE2A8ADFFD8F91F52DF">
          <QuestionCd>DRV05</QuestionCd>
          <YesNoCd>YES</YesNoCd>
          <QuestionText>isIndiviualLicensed</QuestionText>
        </QuestionAnswer>
        <DriverTypeCd />
        <DriverExt id="D6E54ECE2F83C454DAE0951D56FA35E2A">
          <YouthfulInd>0</YouthfulInd>
          <WBIsMinor>0</WBIsMinor>
          <WBRiskTerm id="WA1D4BB75F40744DC96F3797AEB6CDA05">
            <WBRiskEffectiveDt>2019-09-24</WBRiskEffectiveDt>
            <WBRiskExpirationDt>2020-09-24</WBRiskExpirationDt>
          </WBRiskTerm>
          <WBDriverAge>39</WBDriverAge>
          <WBInexperiencedOperatorInd>0</WBInexperiencedOperatorInd>
          <WBAdvantageDriverInd>0</WBAdvantageDriverInd>
        </DriverExt>
      </Driver>
      <Vehicle id="V50C9C63E47784A23859A6FC1AB99B412" RatedDriverRef="D3ED936B69298448DB9EF75BBBFA44407">
        <ItemIdInfo id="ID7C3372812F647B398B798BDBEA899A8">
          <InsurerId>101</InsurerId>
        </ItemIdInfo>
        <Manufacturer>TOYOTA</Manufacturer>
        <ManufacturerCd>TYTA</ManufacturerCd>
        <Model>CAMRY CE/CAMRY LE/CAMRY XLE</Model>
        <ModelCd>CAMRY</ModelCd>
        <ModelYear>1998</ModelYear>
        <VehBodyTypeCd>PP</VehBodyTypeCd>
        <Registration id="RB08A4F898835448D9972A1E26E7640E9">
          <StateProvCd>MI</StateProvCd>
        </Registration>
        <CostNewAmt id="C4C84A30DF433446A8231B1B46A8223FB">
          <Amt>16938.00</Amt>
        </CostNewAmt>
        <Horsepower id="H4B6F5F3FCD0C47E69B593979122F559B">
          <NumUnits>2.2</NumUnits>
        </Horsepower>
        <VehIdentificationNumber>4T1BG22KXWU858863</VehIdentificationNumber>
        <GrossVehWeight id="GCAB2E343F7E64F01BCB1649F17A30989">
          <NumUnits>9999</NumUnits>
        </GrossVehWeight>
        <BIPDSymbolCd>300</BIPDSymbolCd>
        <MedPayPIPLiabilitySymbolCd>520</MedPayPIPLiabilitySymbolCd>
        <Addr id="A9FF3B7B0A511478293E2D365E3931ECE">
          <AddrTypeCd>GaragingAddress</AddrTypeCd>
          <Addr1>3535 Ringle Rd</Addr1>
          <Addr2 />
          <City>Akron</City>
          <StateProvCd>MI</StateProvCd>
          <PostalCode>48701-9607</PostalCode>
          <CountryCd>USA</CountryCd>
          <Latitude>43.56727</Latitude>
          <Longitude>-83.524329</Longitude>
          <County>Tuscola County</County>
          <Region>63</Region>
          <AddrExt id="AE74D47A5231242609CE390A8A707B476">
            <WBRatedZipCd>48701</WBRatedZipCd>
            <WBRatedVehicleStateProvCd>MI</WBRatedVehicleStateProvCd>
            <WBAddressStandardization id="W3C470FBF85EA4577B668B153809C5A91">
              <WBAddrStandardizeStreetName>Ringle</WBAddrStandardizeStreetName>
              <WBAddrStandardizeStreetTypeCd>Rd</WBAddrStandardizeStreetTypeCd>
              <WBAddrStandardizeStreetNumber>3535</WBAddrStandardizeStreetNumber>
              <WBConfidence>100</WBConfidence>
              <WBAddrStandardizeStatus>Accepted</WBAddrStandardizeStatus>
            </WBAddressStandardization>
          </AddrExt>
        </Addr>
        <Coverage id="C3881626F64B8419BB8B4949FE174A800">
          <CoverageCd>BI</CoverageCd>
          <Limit id="L7526C478775B4DD79E26181C0FA08A97">
            <FormatCurrencyAmt id="F3E6771ED2017462FBAE8A2FD3DA6F669">
              <Amt>100000</Amt>
            </FormatCurrencyAmt>
            <LimitAppliesToCd>BIEachPers</LimitAppliesToCd>
          </Limit>
          <Limit id="LE0E0E00F0D4F4588AECE37EDFFA4947A">
            <FormatCurrencyAmt id="FF3875878D0FC4427B3C48C6023352555">
              <Amt>300000</Amt>
            </FormatCurrencyAmt>
            <LimitAppliesToCd>PerAcc</LimitAppliesToCd>
          </Limit>
          <CreditOrSurcharge id="C82BAC681E06347D098500B76508734A4">
            <CreditSurchargeCd>LFREE</CreditSurchargeCd>
            <SecondaryCd>CFAEST</SecondaryCd>
            <WBRatingAppliedInd>0</WBRatingAppliedInd>
          </CreditOrSurcharge>
          <EffectiveDt>2019-09-24</EffectiveDt>
          <ExpirationDt>2020-09-24</ExpirationDt>
          <ProRateFactor>1</ProRateFactor>
          <CoverageSupplement id="C7EA0152CF46047DF9EF764C48E2C9788">
            <CoverageSubCd>BI</CoverageSubCd>
          </CoverageSupplement>
          <CoverageExt id="C9119CA79FCF148C4A9173ADCB1289103">
            <WBOnsetOffsetPremiumInfo id="WCC06114B9E874AF2B1C9578B76BA403B">
              <WBCurrentTermOnsetAmt id="W78D17138E0534CEB830F67C994C6CB77">
                <Amt>136</Amt>
              </WBCurrentTermOnsetAmt>
              <WBCurrentTermOffsetAmt id="W6F8D12C8FA534679B72413FB4CD708BD">
                <Amt>0</Amt>
              </WBCurrentTermOffsetAmt>
            </WBOnsetOffsetPremiumInfo>
            <WBPremiumInfo id="W42ED3F12BE844FC0BDB70BBD6749D95C">
              <WBCurrentTermAmt id="W8DF93EB5828247E2937CAD013C06DEAF">
                <Amt>136</Amt>
              </WBCurrentTermAmt>
              <WBNetChangeAmt id="W69AEDFDCD8694017AE275C6D966DFAC8">
                <Amt>136</Amt>
              </WBNetChangeAmt>
              <WBWrittenAmt id="W06AD08B21A854536822550F209585C65">
                <Amt>136</Amt>
              </WBWrittenAmt>
              <WBPriorCurrentTermAmt id="WA3E380D19F084C30BA8E9E6FCB6D311D">
                <Amt>0</Amt>
              </WBPriorCurrentTermAmt>
              <WBPriorWrittenAmt id="W190C3C4D27B640CE9C8B12E4AECF593B">
                <Amt>0</Amt>
              </WBPriorWrittenAmt>
              <WBCancelAmt id="W0B400CAF1F104133AA907D9AB5BF8269">
                <Amt>0</Amt>
              </WBCancelAmt>
            </WBPremiumInfo>
          </CoverageExt>
        </Coverage>
        <Coverage id="C0D9567A16B384CC083A94C7B9A6A9956">
          <CoverageCd>PD</CoverageCd>
          <Limit id="L26501387258F48AAB150C83FC437188B">
            <FormatCurrencyAmt id="F7A87BF3D8B834ADDB0625568A8447917">
              <Amt>50000</Amt>
            </FormatCurrencyAmt>
            <LimitAppliesToCd>PerAcc</LimitAppliesToCd>
          </Limit>
          <EffectiveDt>2019-09-24</EffectiveDt>
          <ExpirationDt>2020-09-24</ExpirationDt>
          <ProRateFactor>1</ProRateFactor>
          <CoverageSupplement id="CDB5B6E34252940FF936C66E55236F112">
            <CoverageSubCd>PD</CoverageSubCd>
          </CoverageSupplement>
          <CoverageExt id="C70948AF3DD1F41A0A682C2BA05AABC08">
            <WBOnsetOffsetPremiumInfo id="W3BFA60F1932B4A15AA54C41190B5F1EB">
              <WBCurrentTermOnsetAmt id="W2A160D73C80346DB86ABDD0E945A698A">
                <Amt>9</Amt>
              </WBCurrentTermOnsetAmt>
              <WBCurrentTermOffsetAmt id="W9B61E4CE815743F799C3208C1EB821F0">
                <Amt>0</Amt>
              </WBCurrentTermOffsetAmt>
            </WBOnsetOffsetPremiumInfo>
            <WBPremiumInfo id="W0F19528869F14D59B187AEEE7084119F">
              <WBCurrentTermAmt id="WCA50A308F9C84A05B257D17497F363C3">
                <Amt>9</Amt>
              </WBCurrentTermAmt>
              <WBNetChangeAmt id="WCA39DF6D8F324E129DB045F087B3C2A1">
                <Amt>9</Amt>
              </WBNetChangeAmt>
              <WBWrittenAmt id="W94E37EBB1BF54176A90EA19253D58369">
                <Amt>9</Amt>
              </WBWrittenAmt>
              <WBPriorCurrentTermAmt id="WD84C5FCB75424F619ECC1FE6CE3367BA">
                <Amt>0</Amt>
              </WBPriorCurrentTermAmt>
              <WBPriorWrittenAmt id="W71075AA5508B4BB78A52AC2265975396">
                <Amt>0</Amt>
              </WBPriorWrittenAmt>
              <WBCancelAmt id="WE9A47D8885524BAE8482502FA1CDDA11">
                <Amt>0</Amt>
              </WBCancelAmt>
            </WBPremiumInfo>
          </CoverageExt>
        </Coverage>
        <Coverage id="CDD75A0ED72EA4C68A0F38CBDDE9FEA24">
          <CoverageCd>WLB</CoverageCd>
          <Deductible id="D3B3752E8F2AC4E87B8C931E27F6E50EB">
            <FormatCurrencyAmt id="F720F6BD905F040089E985F1D4D91331D">
              <Amt>1000</Amt>
            </FormatCurrencyAmt>
            <DeductibleAppliesToCd>CL</DeductibleAppliesToCd>
          </Deductible>
          <Option id="O2A714DC067A4438789ABCF3726E64AF4">
            <OptionCd>P</OptionCd>
          </Option>
          <CreditOrSurcharge id="C9F5F3D5A01354B3294E571FDD1FA3B80">
            <CreditSurchargeCd>LFREE</CreditSurchargeCd>
            <SecondaryCd>CFAEST</SecondaryCd>
            <WBRatingAppliedInd>0</WBRatingAppliedInd>
          </CreditOrSurcharge>
          <EffectiveDt>2019-09-24</EffectiveDt>
          <ExpirationDt>2020-09-24</ExpirationDt>
          <ProRateFactor>1</ProRateFactor>
          <CoverageSupplement id="CBB0D7331F7F24E2B82C8BF4702160C08">
            <CoverageSubCd>PIPWKLOSS</CoverageSubCd>
          </CoverageSupplement>
          <CoverageExt id="CD216EF0B0D1A46D2B3A2601CB1F3676B">
            <WBOnsetOffsetPremiumInfo id="W759B38D3B8BD48C297ECEE04DBE44C48">
              <WBCurrentTermOnsetAmt id="WFDCCCAC7CB9A4EA4AE503E65E1103626">
                <Amt>31</Amt>
              </WBCurrentTermOnsetAmt>
              <WBCurrentTermOffsetAmt id="W1449C23EE77E4A699D2C46134F00C8E5">
                <Amt>0</Amt>
              </WBCurrentTermOffsetAmt>
            </WBOnsetOffsetPremiumInfo>
            <WBPremiumInfo id="W3B526FB50CEF473FBD03B72D9EAEEE7A">
              <WBCurrentTermAmt id="WF9C964AF0D8C4F3BBDDF1FFBB5510E02">
                <Amt>31</Amt>
              </WBCurrentTermAmt>
              <WBNetChangeAmt id="WB77D9BD698C8441587818F301DC29BAC">
                <Amt>31</Amt>
              </WBNetChangeAmt>
              <WBWrittenAmt id="W367267B40E6946C8BD006BD9DCE1CFAA">
                <Amt>31</Amt>
              </WBWrittenAmt>
              <WBPriorCurrentTermAmt id="W3EE0CFC57E444CD5B5375EEA7509345F">
                <Amt>0</Amt>
              </WBPriorCurrentTermAmt>
              <WBPriorWrittenAmt id="WE7AC1829934F49CFA23D6E92D9EFE348">
                <Amt>0</Amt>
              </WBPriorWrittenAmt>
              <WBCancelAmt id="W0750D847A78D4DC6BF0BBA3A6C9F189F">
                <Amt>0</Amt>
              </WBCancelAmt>
            </WBPremiumInfo>
          </CoverageExt>
        </Coverage>
        <Coverage id="CCA5251559438412FB871E558F3001ED8">
          <CoverageCd>PIP</CoverageCd>
          <Deductible id="D4EBF5D1101434CC7B432CE1B583050D2">
            <FormatCurrencyAmt id="F33F023FF73F845EA93A3C9C33EBB85A5">
              <Amt>0</Amt>
            </FormatCurrencyAmt>
            <DeductibleAppliesToCd>CL</DeductibleAppliesToCd>
          </Deductible>
          <Option id="ODC6BCD97E3774FDF9A1A4052BA78A279">
            <OptionCd>P</OptionCd>
          </Option>
          <CreditOrSurcharge id="C4D14959869734C879F277D35219B298D">
            <CreditSurchargeCd>LFREE</CreditSurchargeCd>
            <SecondaryCd>CFAEST</SecondaryCd>
            <WBRatingAppliedInd>0</WBRatingAppliedInd>
          </CreditOrSurcharge>
          <EffectiveDt>2019-09-24</EffectiveDt>
          <ExpirationDt>2020-09-24</ExpirationDt>
          <ProRateFactor>1</ProRateFactor>
          <CoverageSupplement id="CD1AB0EDA59DB4B5BA0885B443719AF89">
            <CoverageSubCd>PIPMED</CoverageSubCd>
          </CoverageSupplement>
          <CoverageExt id="C7FF9B6D559434AF9B8CE98683C68BCB4">
            <WBOnsetOffsetPremiumInfo id="WDB624F0C8BB04CFE86C19D43EC53C0D1">
              <WBCurrentTermOnsetAmt id="WD6EDD7C969A0444A9BD235BA478B226E">
                <Amt>706</Amt>
              </WBCurrentTermOnsetAmt>
              <WBCurrentTermOffsetAmt id="W4FF94CFDEAB64E7297B59B874F23A5C1">
                <Amt>0</Amt>
              </WBCurrentTermOffsetAmt>
            </WBOnsetOffsetPremiumInfo>
            <WBPremiumInfo id="WF11FD7E9D6A344BB8A72815101FB4B8D">
              <WBCurrentTermAmt id="WD0A9C33D82AA46619C8402646151D0FE">
                <Amt>706</Amt>
              </WBCurrentTermAmt>
              <WBNetChangeAmt id="W76A9306A10ED4251807D63B455992759">
                <Amt>706</Amt>
              </WBNetChangeAmt>
              <WBWrittenAmt id="W4232148650414853A3798D4E21931456">
                <Amt>706</Amt>
              </WBWrittenAmt>
              <WBPriorCurrentTermAmt id="W9CF8E4EDE3A04E7E903ADFE139F47ABD">
                <Amt>0</Amt>
              </WBPriorCurrentTermAmt>
              <WBPriorWrittenAmt id="WEAF2E92701AB41BB9B5A824248A47048">
                <Amt>0</Amt>
              </WBPriorWrittenAmt>
              <WBCancelAmt id="WD146D4D816CD47BE8FCC96772723BF2D">
                <Amt>0</Amt>
              </WBCancelAmt>
            </WBPremiumInfo>
          </CoverageExt>
        </Coverage>
        <Coverage id="CC905036B885B4E7F80C10A3918F08A85">
          <CoverageCd>PIP</CoverageCd>
          <Deductible id="D1EE275F1ABED4D5F9D23A1714CDD8C3F">
            <FormatCurrencyAmt id="FA9AE54E1E60B47BE84D39DEDB84EBFAA">
              <Amt>0</Amt>
            </FormatCurrencyAmt>
            <DeductibleAppliesToCd>CL</DeductibleAppliesToCd>
          </Deductible>
          <EffectiveDt>2019-09-24</EffectiveDt>
          <ExpirationDt>2020-09-24</ExpirationDt>
          <ProRateFactor>1</ProRateFactor>
          <CoverageSupplement id="C693B2DBFA0AA4AF7A94E915DA7E15896">
            <CoverageSubCd>PIPALLOTHER</CoverageSubCd>
          </CoverageSupplement>
          <CoverageExt id="CA288FDA0D02847E4B8223CEBE177FA77">
            <WBOnsetOffsetPremiumInfo id="WE772C4D63853491A868FBF8912C72360">
              <WBCurrentTermOnsetAmt id="W09136B4A7BC64F89B59EFFB7321BF00B">
                <Amt>14</Amt>
              </WBCurrentTermOnsetAmt>
              <WBCurrentTermOffsetAmt id="WFCFF09FD510B4F9F902E3E0CD72D4C63">
                <Amt>0</Amt>
              </WBCurrentTermOffsetAmt>
            </WBOnsetOffsetPremiumInfo>
            <WBPremiumInfo id="W1ED5FB2E0D5341A088BB4F10BF8A79EE">
              <WBCurrentTermAmt id="W10B099D55E5C43C8BAE33307E83C06F7">
                <Amt>14</Amt>
              </WBCurrentTermAmt>
              <WBNetChangeAmt id="WE05F3C4C7E3846B49AD7D7646D3562F1">
                <Amt>14</Amt>
              </WBNetChangeAmt>
              <WBWrittenAmt id="W495AFAD9043D4FC5B6FC249920E6D99F">
                <Amt>14</Amt>
              </WBWrittenAmt>
              <WBPriorCurrentTermAmt id="WEE338E659EF544AE9B6D032FD433B348">
                <Amt>0</Amt>
              </WBPriorCurrentTermAmt>
              <WBPriorWrittenAmt id="WD380D681420D4DA387FBDDB39EE70E45">
                <Amt>0</Amt>
              </WBPriorWrittenAmt>
              <WBCancelAmt id="W92184F5EDFC14DE8A8C011CD9DF7B93E">
                <Amt>0</Amt>
              </WBCancelAmt>
            </WBPremiumInfo>
          </CoverageExt>
        </Coverage>
        <Coverage id="C3836507F2B6D4E4FABB6A27B6CD1BF80">
          <CoverageCd>PPI</CoverageCd>
          <Limit id="LC6BDB53149D34DEF98F07A37D6D83C8C">
            <FormatCurrencyAmt id="FD79FEE4453964F66BDAF090E62AA643F">
              <Amt>1000000</Amt>
            </FormatCurrencyAmt>
            <LimitAppliesToCd>PerAcc</LimitAppliesToCd>
          </Limit>
          <EffectiveDt>2019-09-24</EffectiveDt>
          <ExpirationDt>2020-09-24</ExpirationDt>
          <ProRateFactor>1</ProRateFactor>
          <CoverageSupplement id="C90C87F29278C47A0BA300721CC073E8A">
            <CoverageSubCd>PPI</CoverageSubCd>
          </CoverageSupplement>
          <CoverageExt id="C2B25156FDC9D4F4EA2D7A77C95F47A48">
            <WBOnsetOffsetPremiumInfo id="WF1512779F76949D08755953FD215CD06">
              <WBCurrentTermOnsetAmt id="W1F0930EE0F7D47EB93EACE4DC35D5EF5">
                <Amt>3</Amt>
              </WBCurrentTermOnsetAmt>
              <WBCurrentTermOffsetAmt id="W7BBD282DD3D641C6A4A93BD602208DD3">
                <Amt>0</Amt>
              </WBCurrentTermOffsetAmt>
            </WBOnsetOffsetPremiumInfo>
            <WBPremiumInfo id="W46D5FDB000054765AEEDC093264A6F8A">
              <WBCurrentTermAmt id="W63945EFB718E48BCBF8F1ACF768B2B30">
                <Amt>3</Amt>
              </WBCurrentTermAmt>
              <WBNetChangeAmt id="W9927D879C75A42EB9EDB040F3C397A26">
                <Amt>3</Amt>
              </WBNetChangeAmt>
              <WBWrittenAmt id="WFF6532679416422DA8D9F772689960C4">
                <Amt>3</Amt>
              </WBWrittenAmt>
              <WBPriorCurrentTermAmt id="W07708D75AEF742E3B9C4E54DF141D3D6">
                <Amt>0</Amt>
              </WBPriorCurrentTermAmt>
              <WBPriorWrittenAmt id="W8513A033F63E4296817CFD3E9A1475D4">
                <Amt>0</Amt>
              </WBPriorWrittenAmt>
              <WBCancelAmt id="W8F21EFBA92224AF88D6919FB41781625">
                <Amt>0</Amt>
              </WBCancelAmt>
            </WBPremiumInfo>
          </CoverageExt>
        </Coverage>
        <Coverage id="CF6F13CCD350E49A28552F1B7577A6572">
          <CoverageCd>MCCA</CoverageCd>
          <CoverageTypeCd>Coverage</CoverageTypeCd>
          <EffectiveDt>2019-09-24</EffectiveDt>
          <ExpirationDt>2020-09-24</ExpirationDt>
          <ProRateFactor>1</ProRateFactor>
          <CoverageSupplement id="C8E637E4ED6A046C0AAF059A1DC168627">
            <CoverageSubCd>PIPMCCA</CoverageSubCd>
          </CoverageSupplement>
          <CoverageExt id="CD70DA9D784094781BA71EE3012640BF6">
            <WBOnsetOffsetPremiumInfo id="W7ED1FCC4343A45D0A4AE19B8E9C43FC7">
              <WBCurrentTermOnsetAmt id="WEEB55298DD73441CA04789EC0AF0779F">
                <Amt>0</Amt>
              </WBCurrentTermOnsetAmt>
              <WBCurrentTermOffsetAmt id="W8B51C5226B104A6DA84D6DD6557D1DBD">
                <Amt>0</Amt>
              </WBCurrentTermOffsetAmt>
            </WBOnsetOffsetPremiumInfo>
            <WBPremiumInfo id="W0B7C2862650E4C71BE457F3590A67304">
              <WBCurrentTermAmt id="W85B91D3F527A433D874662CA68207ADD">
                <Amt>0</Amt>
              </WBCurrentTermAmt>
              <WBNetChangeAmt id="W7861F022096C4213B4D95F5AA036014B">
                <Amt>0</Amt>
              </WBNetChangeAmt>
              <WBWrittenAmt id="W6A5601E46C7040FAA7B211C71288D3FD">
                <Amt>0</Amt>
              </WBWrittenAmt>
              <WBPriorCurrentTermAmt id="W739FF48DD91140BFAE709D70D6221BC2">
                <Amt>0</Amt>
              </WBPriorCurrentTermAmt>
              <WBPriorWrittenAmt id="W1D44B98F2F9843149522EE3D407A4245">
                <Amt>0</Amt>
              </WBPriorWrittenAmt>
              <WBCancelAmt id="W6A5328E8F78743188AD9FD8290B341E5">
                <Amt>0</Amt>
              </WBCancelAmt>
            </WBPremiumInfo>
          </CoverageExt>
        </Coverage>
        <CreditOrSurcharge id="CD912CC08141B48028E8046B697213C48">
          <SecondaryCd>AHS</SecondaryCd>
          <WBRatingAppliedInd>0</WBRatingAppliedInd>
        </CreditOrSurcharge>
        <CreditOrSurcharge id="C9B6EDA571CAF4B59A1F6DF472AA9C705">
          <SecondaryCd>AOM</SecondaryCd>
          <WBRatingAppliedInd>0</WBRatingAppliedInd>
        </CreditOrSurcharge>
        <CreditOrSurcharge id="C19913C2103BC46FEB5C7C873508E0107">
          <SecondaryCd>BWS</SecondaryCd>
          <WBRatingAppliedInd>0</WBRatingAppliedInd>
        </CreditOrSurcharge>
        <CreditOrSurcharge id="CC181BB39C2954127B2CBCE8DC5323AF6">
          <SecondaryCd>DFSS</SecondaryCd>
          <WBRatingAppliedInd>0</WBRatingAppliedInd>
        </CreditOrSurcharge>
        <CreditOrSurcharge id="C8D3E5BF1BC884A88ADFBF56445297001">
          <SecondaryCd>FCA</SecondaryCd>
          <WBRatingAppliedInd>0</WBRatingAppliedInd>
        </CreditOrSurcharge>
        <CreditOrSurcharge id="C9095B06483694038A65E23F885D20E86">
          <SecondaryCd />
          <WBRatingAppliedInd>0</WBRatingAppliedInd>
        </CreditOrSurcharge>
        <CreditOrSurcharge id="C748156D4D463490C9842C09A579F5C50">
          <SecondaryCd>SDD</SecondaryCd>
          <WBRatingAppliedInd>0</WBRatingAppliedInd>
        </CreditOrSurcharge>
        <CreditOrSurcharge id="CEE3D4E9D01A745A197B0E8443359B6A5">
          <SecondaryCd />
          <WBRatingAppliedInd>0</WBRatingAppliedInd>
        </CreditOrSurcharge>
        <CreditOrSurcharge id="CEBA35D9E88294D2DA49F80D185309D0A">
          <SecondaryCd />
          <WBRatingAppliedInd>0</WBRatingAppliedInd>
        </CreditOrSurcharge>
        <CreditOrSurcharge id="CF1C17DF218A343CA9638612687D6E03A">
          <SecondaryCd />
          <WBRatingAppliedInd>0</WBRatingAppliedInd>
        </CreditOrSurcharge>
        <CreditOrSurcharge id="CC4BB9524A1B6437BA07CA6C91BA6485C">
          <SecondaryCd />
          <WBRatingAppliedInd>0</WBRatingAppliedInd>
        </CreditOrSurcharge>
        <CreditOrSurcharge id="C0571BC73ADC84446BA0495F5E7FFC3B8">
          <SecondaryCd>PU</SecondaryCd>
          <WBRatingAppliedInd>0</WBRatingAppliedInd>
        </CreditOrSurcharge>
        <ComprehensiveOTCSymbolCd>12</ComprehensiveOTCSymbolCd>
        <CollisionSymbolCd>12</CollisionSymbolCd>
        <QuestionAnswer id="QC95123F9CC5F49178B8E03B7B56FE6BE">
          <QuestionCd>VEH01</QuestionCd>
          <YesNoCd>NO</YesNoCd>
        </QuestionAnswer>
        <QuestionAnswer id="Q98F5837CD91843698DC045EB1EE7A226">
          <QuestionCd>VEH02</QuestionCd>
          <YesNoCd>DRV</YesNoCd>
          <Explanation>101</Explanation>
        </QuestionAnswer>
        <VehicleExt id="V94FD997DC8C141A8A63FC65957D3BA1F">
          <WBBlindSpotLaneOrDepartureMonitoringCd />
          <WBForwardCrashAvoidanceCd />
          <WBBackupWarningSystemInd>0</WBBackupWarningSystemInd>
          <WBAutonomousOperationsModeInd>0</WBAutonomousOperationsModeInd>
          <WBAdaptiveHeadlightSystemInd>0</WBAdaptiveHeadlightSystemInd>
          <WBDriverFatigueSensingSystemInd>0</WBDriverFatigueSensingSystemInd>
          <ClassCode>2144</ClassCode>
          <WBMileage id="W798951832827497F93F1853251EC37FB">
            <WBRatedAnnualMileage>16019</WBRatedAnnualMileage>
            <WBAnnualMileageMAMCd>E</WBAnnualMileageMAMCd>
          </WBMileage>
          <WBISOBodyStyleDesc>4-Door Sedan</WBISOBodyStyleDesc>
          <WBFinancialResponsibilityCnt>0</WBFinancialResponsibilityCnt>
          <WBRiskTerm id="W9FF5518C341C4965BA2247176959A881">
            <WBRiskEffectiveDt>2019-09-24</WBRiskEffectiveDt>
            <WBRiskExpirationDt>2020-09-24</WBRiskExpirationDt>
          </WBRiskTerm>
          <WBSubtotalInfo id="W593A4CB19E8F477B8C850157346FA7B8">
            <WBSubtotalInfoTypeCd>CFA</WBSubtotalInfoTypeCd>
            <WBCurrentTermAmt id="W3ED126FEA95A42FEBC212131174F85E2">
              <Amt>26</Amt>
            </WBCurrentTermAmt>
          </WBSubtotalInfo>
          <WBSubtotalInfo id="W3D44C8E1C28B4E379B11E279933E3795">
            <WBSubtotalInfoTypeCd>VEH</WBSubtotalInfoTypeCd>
            <WBCurrentTermAmt id="W496EFA8FC60E46D7B990430602604041">
              <Amt>899</Amt>
            </WBCurrentTermAmt>
          </WBSubtotalInfo>
          <WBVehicleAge>21</WBVehicleAge>
          <WBThirdPartyReport id="W09D74D90CBB5443BAABF0A1624D2F740">
            <WBReportTypeCd>VINMASTER</WBReportTypeCd>
            <WBReportOrderStatus>Returned</WBReportOrderStatus>
          </WBThirdPartyReport>
          <WBOnsetOffsetPremiumInfo id="WE33D9579519B45E0A5390FA0777919C1">
            <WBCurrentTermOnsetAmt id="W248D4407FF774F2CB86F2328CCB98FCE" />
            <WBCurrentTermOffsetAmt id="WBEA24A66802F4044B4DD7AFE8417765D" />
          </WBOnsetOffsetPremiumInfo>
          <WBPremiumInfo id="W897A41419AEF47E78087DE50D423DF92">
            <WBCurrentTermAmt id="W90301829CBC14A078BE1FB81A314FE60">
              <Amt>899</Amt>
            </WBCurrentTermAmt>
            <WBNetChangeAmt id="W0DC5DF1FA30544A28DCBF1F68B3E305E">
              <Amt>899</Amt>
            </WBNetChangeAmt>
            <WBWrittenAmt id="WEFC7A3650C644C4CA3FFF720A5901975">
              <Amt>899</Amt>
            </WBWrittenAmt>
          </WBPremiumInfo>
          <Form id="F8EE81DD21F4C4680A5C3C688B0DA3C5C">
            <FormNumber>PP0001Q</FormNumber>
            <FormName>Personal Auto Policy</FormName>
            <EditionDt>2019-01-01</EditionDt>
            <EffectiveDt>2019-09-24</EffectiveDt>
          </Form>
          <Form id="F99835BE882B948929C782F3D8E72CCB5">
            <FormNumber>PP0180Q</FormNumber>
            <FormName>Amendment of Policy Provisions - Michigan</FormName>
            <EditionDt>2019-01-01</EditionDt>
            <EffectiveDt>2019-09-24</EffectiveDt>
          </Form>
          <Form id="F5810D216E47348B7AF77F34360473BE6">
            <FormNumber>PP0280Q</FormNumber>
            <FormName>Termination Provisions - Michigan</FormName>
            <EditionDt>2019-01-01</EditionDt>
            <EffectiveDt>2019-09-24</EffectiveDt>
          </Form>
          <Form id="F07249121CAE846A7A855EA0B28239D38">
            <FormNumber>PP0590Q</FormNumber>
            <FormName>Personal Injury Protection Coverage - Michigan</FormName>
            <EditionDt>2019-01-01</EditionDt>
            <EffectiveDt>2019-09-24</EffectiveDt>
          </Form>
          <Form id="FAB67A251B5244FFB9DD1BD93EBDB2030">
            <FormNumber>PP0591Q</FormNumber>
            <FormName>Property Protection Coverage - Michigan</FormName>
            <EditionDt>2019-01-01</EditionDt>
            <EffectiveDt>2019-09-24</EffectiveDt>
          </Form>
        </VehicleExt>
      </Vehicle>
      <Vehicle id="VC66BA64DE7EF49A4A78878FF88A1C852" RatedDriverRef="D67E740CC049B471483C6E5C64E5284E3">
        <ItemIdInfo id="IEB69B843983841FEB0967FDC2744C492">
          <InsurerId>102</InsurerId>
        </ItemIdInfo>
        <Manufacturer>MITSUBISHI</Manufacturer>
        <ManufacturerCd>MITS</ManufacturerCd>
        <Model>MONTERO LS</Model>
        <ModelCd>MONTERO LS</ModelCd>
        <ModelYear>1994</ModelYear>
        <VehBodyTypeCd>PU</VehBodyTypeCd>
        <Registration id="RA21E11815D9A4E148C9E40EEF33C77EE">
          <StateProvCd>MI</StateProvCd>
        </Registration>
        <CostNewAmt id="C8F8BC83F2B724EA081CEDECFEC26452B">
          <Amt>23975.00</Amt>
        </CostNewAmt>
        <Horsepower id="HE7E808EA77374A75AF46D53544986E97">
          <NumUnits>3.0</NumUnits>
        </Horsepower>
        <VehIdentificationNumber>JA4MR41H8RJ002406</VehIdentificationNumber>
        <GrossVehWeight id="G3017039F63C7438182676CC43534A655">
          <NumUnits>9999</NumUnits>
        </GrossVehWeight>
        <BIPDSymbolCd>300</BIPDSymbolCd>
        <MedPayPIPLiabilitySymbolCd>500</MedPayPIPLiabilitySymbolCd>
        <Addr id="A8E6A4DD855AD494483ACB82C1A1F4139">
          <AddrTypeCd>GaragingAddress</AddrTypeCd>
          <Addr1>3535 Ringle Rd</Addr1>
          <Addr2 />
          <City>Akron</City>
          <StateProvCd>MI</StateProvCd>
          <PostalCode>48701-9607</PostalCode>
          <CountryCd>USA</CountryCd>
          <Latitude>43.56727</Latitude>
          <Longitude>-83.524329</Longitude>
          <County>Tuscola County</County>
          <Region>63</Region>
          <AddrExt id="A51FC08E4167E4D7B8983F1C5DEA2F9B3">
            <WBRatedZipCd>48701</WBRatedZipCd>
            <WBRatedVehicleStateProvCd>MI</WBRatedVehicleStateProvCd>
            <WBAddressStandardization id="W2C37F897483F459C9BD30EE01846525F">
              <WBAddrStandardizeStreetName>Ringle</WBAddrStandardizeStreetName>
              <WBAddrStandardizeStreetTypeCd>Rd</WBAddrStandardizeStreetTypeCd>
              <WBAddrStandardizeStreetNumber>3535</WBAddrStandardizeStreetNumber>
              <WBConfidence>100</WBConfidence>
              <WBAddrStandardizeStatus>Accepted</WBAddrStandardizeStatus>
            </WBAddressStandardization>
          </AddrExt>
        </Addr>
        <Coverage id="CEF57699461A3418DA531FCC89B60D7C6">
          <CoverageCd>BI</CoverageCd>
          <Limit id="LDC2E99E22ED94180A1BB4F322066FF12">
            <FormatCurrencyAmt id="FB025CAD21EDC46C9B72C0EC426440D20">
              <Amt>100000</Amt>
            </FormatCurrencyAmt>
            <LimitAppliesToCd>BIEachPers</LimitAppliesToCd>
          </Limit>
          <Limit id="LB052A5EA5E4E4031A926F9090F60C702">
            <FormatCurrencyAmt id="FB757EB5824BE471094578F5AF11D45F4">
              <Amt>300000</Amt>
            </FormatCurrencyAmt>
            <LimitAppliesToCd>PerAcc</LimitAppliesToCd>
          </Limit>
          <CreditOrSurcharge id="C5389C9063A614316ABA669ACA288EF2B">
            <CreditSurchargeCd>LFREE</CreditSurchargeCd>
            <SecondaryCd>CFAEST</SecondaryCd>
            <WBRatingAppliedInd>0</WBRatingAppliedInd>
          </CreditOrSurcharge>
          <EffectiveDt>2019-09-24</EffectiveDt>
          <ExpirationDt>2020-09-24</ExpirationDt>
          <ProRateFactor>1</ProRateFactor>
          <CoverageSupplement id="C3626483BE275404F834D2BC7F207DE1E">
            <CoverageSubCd>BI</CoverageSubCd>
          </CoverageSupplement>
          <CoverageExt id="C500DD6FB02194196B1584A5782E02EAB">
            <WBOnsetOffsetPremiumInfo id="W4C9941562B234612824341094F0A013F">
              <WBCurrentTermOnsetAmt id="WB70A76BA4A1949EC805BAC33165ADD4E">
                <Amt>136</Amt>
              </WBCurrentTermOnsetAmt>
              <WBCurrentTermOffsetAmt id="W47FB63F4534144AB972CCD62274937EA">
                <Amt>0</Amt>
              </WBCurrentTermOffsetAmt>
            </WBOnsetOffsetPremiumInfo>
            <WBPremiumInfo id="W1B506F657E1C47E080A9BDD6A762CE62">
              <WBCurrentTermAmt id="W43D9FCC0CD6E48AB8B374CCDE0B7FA0B">
                <Amt>136</Amt>
              </WBCurrentTermAmt>
              <WBNetChangeAmt id="WA639FC6AE757470CAC78DCB1FB2C1DFF">
                <Amt>136</Amt>
              </WBNetChangeAmt>
              <WBWrittenAmt id="W9D19A2DF20064532B987A77F2095DA0E">
                <Amt>136</Amt>
              </WBWrittenAmt>
              <WBPriorCurrentTermAmt id="W1890A9D9E00641DDA312B0E15C443F2E">
                <Amt>0</Amt>
              </WBPriorCurrentTermAmt>
              <WBPriorWrittenAmt id="W511244F5AC4C43B4B8AD91B7BB4F23D8">
                <Amt>0</Amt>
              </WBPriorWrittenAmt>
              <WBCancelAmt id="WFC77740CC6A2420F8D4C5718378CF72B">
                <Amt>0</Amt>
              </WBCancelAmt>
            </WBPremiumInfo>
          </CoverageExt>
        </Coverage>
        <Coverage id="C2E19AE26FBD34DB29E237955D27A4F20">
          <CoverageCd>PD</CoverageCd>
          <Limit id="LB3A044678F2A4369BCA97D96AA78F335">
            <FormatCurrencyAmt id="F7FF21925C37C4E11A0ECE7B6FFBA4365">
              <Amt>50000</Amt>
            </FormatCurrencyAmt>
            <LimitAppliesToCd>PerAcc</LimitAppliesToCd>
          </Limit>
          <EffectiveDt>2019-09-24</EffectiveDt>
          <ExpirationDt>2020-09-24</ExpirationDt>
          <ProRateFactor>1</ProRateFactor>
          <CoverageSupplement id="C66345BDBF2DD40D49A382005DB1A4A0E">
            <CoverageSubCd>PD</CoverageSubCd>
          </CoverageSupplement>
          <CoverageExt id="CC88111FF4A74441BB3022C0F16E421FF">
            <WBOnsetOffsetPremiumInfo id="W100DE759AC014B35BA93DFDDB353837D">
              <WBCurrentTermOnsetAmt id="W13D5AC34609442D9B2A3F784011B47C7">
                <Amt>9</Amt>
              </WBCurrentTermOnsetAmt>
              <WBCurrentTermOffsetAmt id="W4EC1E628619E4F2D8F077DE84ED70FD5">
                <Amt>0</Amt>
              </WBCurrentTermOffsetAmt>
            </WBOnsetOffsetPremiumInfo>
            <WBPremiumInfo id="W7B884BF463954FCDB720C6A5B8B79642">
              <WBCurrentTermAmt id="W9280277C17C84958ACE96334EC06955A">
                <Amt>9</Amt>
              </WBCurrentTermAmt>
              <WBNetChangeAmt id="W69104E3609C24DA4AA6C294F05A85AAC">
                <Amt>9</Amt>
              </WBNetChangeAmt>
              <WBWrittenAmt id="W42E3A9C2DB234A55B8DBBE74E8E78B79">
                <Amt>9</Amt>
              </WBWrittenAmt>
              <WBPriorCurrentTermAmt id="WD96988C1D071440FB68F53F8F1314868">
                <Amt>0</Amt>
              </WBPriorCurrentTermAmt>
              <WBPriorWrittenAmt id="W6ECAC2A0ECE34C5E96125A06F67DE3FE">
                <Amt>0</Amt>
              </WBPriorWrittenAmt>
              <WBCancelAmt id="W8F7B5A5972B14EB7BDAD514AE719271E">
                <Amt>0</Amt>
              </WBCancelAmt>
            </WBPremiumInfo>
          </CoverageExt>
        </Coverage>
        <Coverage id="C416329FAEA0249AFAB9522C708827C0A">
          <CoverageCd>WLB</CoverageCd>
          <Deductible id="D949BBD8BAEC741CFB68E6EB165588398">
            <FormatCurrencyAmt id="FBA4981515FB445CF8E937CFBBE2BE0B4">
              <Amt>1000</Amt>
            </FormatCurrencyAmt>
            <DeductibleAppliesToCd>CL</DeductibleAppliesToCd>
          </Deductible>
          <Option id="O4FF88E4CE1894EA7985E01391432A549">
            <OptionCd>P</OptionCd>
          </Option>
          <CreditOrSurcharge id="CEB7CEEDBCD714F4094872E97EEDBB79D">
            <CreditSurchargeCd>LFREE</CreditSurchargeCd>
            <SecondaryCd>CFAEST</SecondaryCd>
            <WBRatingAppliedInd>0</WBRatingAppliedInd>
          </CreditOrSurcharge>
          <EffectiveDt>2019-09-24</EffectiveDt>
          <ExpirationDt>2020-09-24</ExpirationDt>
          <ProRateFactor>1</ProRateFactor>
          <CoverageSupplement id="CDA85E9BD8F9748BF9FD5F7A585D20BEE">
            <CoverageSubCd>PIPWKLOSS</CoverageSubCd>
          </CoverageSupplement>
          <CoverageExt id="C3EBF580563214876A1D3CA9DED988233">
            <WBOnsetOffsetPremiumInfo id="W2C388C98F7684405AB7C77D9F4503091">
              <WBCurrentTermOnsetAmt id="W0E2ED6CC517341C6815CF3A65405BFCF">
                <Amt>30</Amt>
              </WBCurrentTermOnsetAmt>
              <WBCurrentTermOffsetAmt id="WC319C8E17DED43848EC16224F3B4E70A">
                <Amt>0</Amt>
              </WBCurrentTermOffsetAmt>
            </WBOnsetOffsetPremiumInfo>
            <WBPremiumInfo id="WF78FC58803434C6194DA607FE6EB776F">
              <WBCurrentTermAmt id="W1947DC7397EE46A6846A513E8E0D8FA0">
                <Amt>30</Amt>
              </WBCurrentTermAmt>
              <WBNetChangeAmt id="W2247DF66A74548E4B2E317AB69774F92">
                <Amt>30</Amt>
              </WBNetChangeAmt>
              <WBWrittenAmt id="WA79FDA4AB33D4FCE9EF353F521AA3279">
                <Amt>30</Amt>
              </WBWrittenAmt>
              <WBPriorCurrentTermAmt id="WB3E06A5A95004034B7FD0DFE2D921F43">
                <Amt>0</Amt>
              </WBPriorCurrentTermAmt>
              <WBPriorWrittenAmt id="W0E6AE51F7E33498AB1D70248D9CA9FA4">
                <Amt>0</Amt>
              </WBPriorWrittenAmt>
              <WBCancelAmt id="W9A76DBA72CED421C835DC3731BFD43BD">
                <Amt>0</Amt>
              </WBCancelAmt>
            </WBPremiumInfo>
          </CoverageExt>
        </Coverage>
        <Coverage id="C8CC11EC9D918406EA2AD0350D8AD3E97">
          <CoverageCd>PIP</CoverageCd>
          <Deductible id="DE4DDB3F17F324A6BB85B9B0FC7B20A4A">
            <FormatCurrencyAmt id="FAB9668880FFC4E6B873E9E59585AF318">
              <Amt>0</Amt>
            </FormatCurrencyAmt>
            <DeductibleAppliesToCd>CL</DeductibleAppliesToCd>
          </Deductible>
          <Option id="OAAB47056207D4F94A878DC5AB437BF98">
            <OptionCd>P</OptionCd>
          </Option>
          <CreditOrSurcharge id="C44457B1546464217992FB1BACBA84BD2">
            <CreditSurchargeCd>LFREE</CreditSurchargeCd>
            <SecondaryCd>CFAEST</SecondaryCd>
            <WBRatingAppliedInd>0</WBRatingAppliedInd>
          </CreditOrSurcharge>
          <EffectiveDt>2019-09-24</EffectiveDt>
          <ExpirationDt>2020-09-24</ExpirationDt>
          <ProRateFactor>1</ProRateFactor>
          <CoverageSupplement id="C4F9DEE1C3FE747A08B5E6446D570D62A">
            <CoverageSubCd>PIPMED</CoverageSubCd>
          </CoverageSupplement>
          <CoverageExt id="CD75CDB2E652E449FAB38F4C47AD265A7">
            <WBOnsetOffsetPremiumInfo id="WAF167BC5C71D40DB8582A364E071071A">
              <WBCurrentTermOnsetAmt id="WCFA3ED560BA845B0B3747ED85481760F">
                <Amt>686</Amt>
              </WBCurrentTermOnsetAmt>
              <WBCurrentTermOffsetAmt id="WDC32B6A9DC3B46EEB8074A6587B67969">
                <Amt>0</Amt>
              </WBCurrentTermOffsetAmt>
            </WBOnsetOffsetPremiumInfo>
            <WBPremiumInfo id="W5A81B7A958A94DB0B2F2319A78F15746">
              <WBCurrentTermAmt id="W1C3015A052204423B44A7DB3886E1496">
                <Amt>686</Amt>
              </WBCurrentTermAmt>
              <WBNetChangeAmt id="WB974B69D475740EFA66BA51D97178377">
                <Amt>686</Amt>
              </WBNetChangeAmt>
              <WBWrittenAmt id="WD27CBC6591F94230805661AC5078479C">
                <Amt>686</Amt>
              </WBWrittenAmt>
              <WBPriorCurrentTermAmt id="W5027DB0A03FF4B6EA2704951D9544D8C">
                <Amt>0</Amt>
              </WBPriorCurrentTermAmt>
              <WBPriorWrittenAmt id="W0A8B30872FCF4FFF9703775993E081D9">
                <Amt>0</Amt>
              </WBPriorWrittenAmt>
              <WBCancelAmt id="WACA0DA04090E4A7D859D58587A7B84B8">
                <Amt>0</Amt>
              </WBCancelAmt>
            </WBPremiumInfo>
          </CoverageExt>
        </Coverage>
        <Coverage id="C982564457A2141BC96E623FBA8FA08CE">
          <CoverageCd>PIP</CoverageCd>
          <Deductible id="DA661AC8D5E064D06A31A8C9C80770167">
            <FormatCurrencyAmt id="F9E90B388B0D64CFB96A54BEBF511B449">
              <Amt>0</Amt>
            </FormatCurrencyAmt>
            <DeductibleAppliesToCd>CL</DeductibleAppliesToCd>
          </Deductible>
          <EffectiveDt>2019-09-24</EffectiveDt>
          <ExpirationDt>2020-09-24</ExpirationDt>
          <ProRateFactor>1</ProRateFactor>
          <CoverageSupplement id="CFF5436F1148E43C38C15E204FB812083">
            <CoverageSubCd>PIPALLOTHER</CoverageSubCd>
          </CoverageSupplement>
          <CoverageExt id="CA3016E0383434FC094BE692264CB692D">
            <WBOnsetOffsetPremiumInfo id="WC745234F21394AC0A5E6A3BAED61689D">
              <WBCurrentTermOnsetAmt id="W7166BD8A92624ACDAD504EF78CB7BC3C">
                <Amt>14</Amt>
              </WBCurrentTermOnsetAmt>
              <WBCurrentTermOffsetAmt id="WE8F2309C65244F54B9716823B8573DE7">
                <Amt>0</Amt>
              </WBCurrentTermOffsetAmt>
            </WBOnsetOffsetPremiumInfo>
            <WBPremiumInfo id="WF1677EC978654286AF2865807654FCF3">
              <WBCurrentTermAmt id="WD6FED59B36514ABCB52377D50F7A2025">
                <Amt>14</Amt>
              </WBCurrentTermAmt>
              <WBNetChangeAmt id="WFF1864E7176749F88CC71B931CA13B9C">
                <Amt>14</Amt>
              </WBNetChangeAmt>
              <WBWrittenAmt id="W2E40FC73BEB94E05A7ADDF2121031E5E">
                <Amt>14</Amt>
              </WBWrittenAmt>
              <WBPriorCurrentTermAmt id="W70B1C55D68994960B56151D22FD56EF8">
                <Amt>0</Amt>
              </WBPriorCurrentTermAmt>
              <WBPriorWrittenAmt id="WDCA92F3E6DB845E3A96879D305937302">
                <Amt>0</Amt>
              </WBPriorWrittenAmt>
              <WBCancelAmt id="W631C312F5C8F41CB9D686CC3A70A80A4">
                <Amt>0</Amt>
              </WBCancelAmt>
            </WBPremiumInfo>
          </CoverageExt>
        </Coverage>
        <Coverage id="C4E12E7B9C13648A5A5377E3003CBFDAD">
          <CoverageCd>PPI</CoverageCd>
          <Limit id="LA9EA0D80C0CD43A1A17F638CFFACD594">
            <FormatCurrencyAmt id="F3603F17950B045D1809CDE95F2BFEB6C">
              <Amt>1000000</Amt>
            </FormatCurrencyAmt>
            <LimitAppliesToCd>PerAcc</LimitAppliesToCd>
          </Limit>
          <EffectiveDt>2019-09-24</EffectiveDt>
          <ExpirationDt>2020-09-24</ExpirationDt>
          <ProRateFactor>1</ProRateFactor>
          <CoverageSupplement id="C787973DFE21747088CA65CAF32CC82A1">
            <CoverageSubCd>PPI</CoverageSubCd>
          </CoverageSupplement>
          <CoverageExt id="C16B325B9B30145B8972B38F1B16E2E1E">
            <WBOnsetOffsetPremiumInfo id="W0D2819E530FF48F5923BCB6BD18CCB1E">
              <WBCurrentTermOnsetAmt id="W5C8A5B17562A4A12B7C636802F1C8302">
                <Amt>3</Amt>
              </WBCurrentTermOnsetAmt>
              <WBCurrentTermOffsetAmt id="WA3FD3A12E7AD4D2891E3400B0483A1AE">
                <Amt>0</Amt>
              </WBCurrentTermOffsetAmt>
            </WBOnsetOffsetPremiumInfo>
            <WBPremiumInfo id="W0A229B2790A24CFA999E47B03F17D95D">
              <WBCurrentTermAmt id="W7C42F7F8C74146A5BA513652FBE6F66A">
                <Amt>3</Amt>
              </WBCurrentTermAmt>
              <WBNetChangeAmt id="W59B930F0BBB442A9BE62AAB1E0FAF7C0">
                <Amt>3</Amt>
              </WBNetChangeAmt>
              <WBWrittenAmt id="W6DB48194D6094D839A031BB0EE1AF496">
                <Amt>3</Amt>
              </WBWrittenAmt>
              <WBPriorCurrentTermAmt id="WFCF846DA31B14CB8A30B80930A34A280">
                <Amt>0</Amt>
              </WBPriorCurrentTermAmt>
              <WBPriorWrittenAmt id="W3137E78F17E444589BEBDA501493DFD6">
                <Amt>0</Amt>
              </WBPriorWrittenAmt>
              <WBCancelAmt id="W6A4B1911B45541308EF8197FB774A453">
                <Amt>0</Amt>
              </WBCancelAmt>
            </WBPremiumInfo>
          </CoverageExt>
        </Coverage>
        <Coverage id="C9905114A64094B5EA54809775ECBB9F1">
          <CoverageCd>MCCA</CoverageCd>
          <CoverageTypeCd>Coverage</CoverageTypeCd>
          <EffectiveDt>2019-09-24</EffectiveDt>
          <ExpirationDt>2020-09-24</ExpirationDt>
          <ProRateFactor>1</ProRateFactor>
          <CoverageSupplement id="C607BA4FC98834DDE977F8E8428C32AB9">
            <CoverageSubCd>PIPMCCA</CoverageSubCd>
          </CoverageSupplement>
          <CoverageExt id="CA3F7AA413DBC49F7830A5530CE8E17E7">
            <WBOnsetOffsetPremiumInfo id="W6DC2DB1BE33F4DC1931154AB16C31417">
              <WBCurrentTermOnsetAmt id="WC6C8B7F8B7E2496FADED8945E0C2D772">
                <Amt>0</Amt>
              </WBCurrentTermOnsetAmt>
              <WBCurrentTermOffsetAmt id="W3E8EDCB26B124E2FA6C9C2FEB0EA6A7C">
                <Amt>0</Amt>
              </WBCurrentTermOffsetAmt>
            </WBOnsetOffsetPremiumInfo>
            <WBPremiumInfo id="W4ECE27E201744F4D878821D2271E4735">
              <WBCurrentTermAmt id="W90416994B1E7424780DAA112E94A2EA3">
                <Amt>0</Amt>
              </WBCurrentTermAmt>
              <WBNetChangeAmt id="W92C090F8894F48A59B44FDF4F0083567">
                <Amt>0</Amt>
              </WBNetChangeAmt>
              <WBWrittenAmt id="W7621916F32AF404D9E3A36D3B3D19B89">
                <Amt>0</Amt>
              </WBWrittenAmt>
              <WBPriorCurrentTermAmt id="W5DC2B9FF130E4A06B6C07785D4F9CAA6">
                <Amt>0</Amt>
              </WBPriorCurrentTermAmt>
              <WBPriorWrittenAmt id="W664E6BC162114356B7AA50F27C0F36CB">
                <Amt>0</Amt>
              </WBPriorWrittenAmt>
              <WBCancelAmt id="WA45AF10D4EAA4F38BA41EB6AC6E07618">
                <Amt>0</Amt>
              </WBCancelAmt>
            </WBPremiumInfo>
          </CoverageExt>
        </Coverage>
        <CreditOrSurcharge id="CD54E7825A24E4515AC7BE07DD8DC62F2">
          <SecondaryCd>AHS</SecondaryCd>
          <WBRatingAppliedInd>0</WBRatingAppliedInd>
        </CreditOrSurcharge>
        <CreditOrSurcharge id="C067DB22F353943DCB35E3DB3FD0A6991">
          <SecondaryCd>AOM</SecondaryCd>
          <WBRatingAppliedInd>0</WBRatingAppliedInd>
        </CreditOrSurcharge>
        <CreditOrSurcharge id="C547CC78BF05245528BB384602F71C3DE">
          <SecondaryCd>BWS</SecondaryCd>
          <WBRatingAppliedInd>0</WBRatingAppliedInd>
        </CreditOrSurcharge>
        <CreditOrSurcharge id="C85ED35FB4C184E58A159E32B0F9EE620">
          <SecondaryCd>DFSS</SecondaryCd>
          <WBRatingAppliedInd>0</WBRatingAppliedInd>
        </CreditOrSurcharge>
        <CreditOrSurcharge id="CF3B2D9BA4A364DD8BCE745D351CE72D7">
          <SecondaryCd>FCA</SecondaryCd>
          <WBRatingAppliedInd>0</WBRatingAppliedInd>
        </CreditOrSurcharge>
        <CreditOrSurcharge id="C89AC89E1036D42D296FDF429E662BE5F">
          <SecondaryCd />
          <WBRatingAppliedInd>0</WBRatingAppliedInd>
        </CreditOrSurcharge>
        <CreditOrSurcharge id="C967E2BCE70B446F9ACD958A3A961FC61">
          <SecondaryCd>SDD</SecondaryCd>
          <WBRatingAppliedInd>0</WBRatingAppliedInd>
        </CreditOrSurcharge>
        <CreditOrSurcharge id="CE8613234B4F040CBAA72274187BC998D">
          <SecondaryCd />
          <WBRatingAppliedInd>0</WBRatingAppliedInd>
        </CreditOrSurcharge>
        <CreditOrSurcharge id="C8015EA729CF1406B916770FF034F5B58">
          <SecondaryCd />
          <WBRatingAppliedInd>0</WBRatingAppliedInd>
        </CreditOrSurcharge>
        <CreditOrSurcharge id="C89254EDBC8A1497780CD5B7BB819763F">
          <SecondaryCd />
          <WBRatingAppliedInd>0</WBRatingAppliedInd>
        </CreditOrSurcharge>
        <CreditOrSurcharge id="CDB0AFEC672984CEDB7275FD1A8E808A5">
          <SecondaryCd />
          <WBRatingAppliedInd>0</WBRatingAppliedInd>
        </CreditOrSurcharge>
        <CreditOrSurcharge id="CCDB466C34FAA41228AA2493B22141C91">
          <SecondaryCd>PU</SecondaryCd>
          <WBRatingAppliedInd>0</WBRatingAppliedInd>
        </CreditOrSurcharge>
        <ComprehensiveOTCSymbolCd>20</ComprehensiveOTCSymbolCd>
        <CollisionSymbolCd>20</CollisionSymbolCd>
        <QuestionAnswer id="QC0730E4D8FE04E09B5B2027FAB2411AD">
          <QuestionCd>VEH01</QuestionCd>
          <YesNoCd>NO</YesNoCd>
        </QuestionAnswer>
        <QuestionAnswer id="Q7ECB7647AF7E4AE28C27C20E409DA928">
          <QuestionCd>VEH02</QuestionCd>
          <YesNoCd>DRV</YesNoCd>
          <Explanation>102</Explanation>
        </QuestionAnswer>
        <VehicleExt id="V48784A4F483640ACA1747660FE0BACB9">
          <WBBlindSpotLaneOrDepartureMonitoringCd />
          <WBForwardCrashAvoidanceCd />
          <WBBackupWarningSystemInd>0</WBBackupWarningSystemInd>
          <WBAutonomousOperationsModeInd>0</WBAutonomousOperationsModeInd>
          <WBAdaptiveHeadlightSystemInd>0</WBAdaptiveHeadlightSystemInd>
          <WBDriverFatigueSensingSystemInd>0</WBDriverFatigueSensingSystemInd>
          <ClassCode>2239</ClassCode>
          <WBMileage id="WDE762F568AEF4F0FBE049FF710009C17">
            <WBRatedAnnualMileage>16346</WBRatedAnnualMileage>
            <WBAnnualMileageMAMCd>E</WBAnnualMileageMAMCd>
          </WBMileage>
          <WBISOBodyStyleDesc>Utility Vehicle - Four-Wheel Drive</WBISOBodyStyleDesc>
          <WBFinancialResponsibilityCnt>0</WBFinancialResponsibilityCnt>
          <WBRiskTerm id="W8B3FBD96B69A45288AB4C99CDF37D190">
            <WBRiskEffectiveDt>2019-09-24</WBRiskEffectiveDt>
            <WBRiskExpirationDt>2020-09-24</WBRiskExpirationDt>
          </WBRiskTerm>
          <WBSubtotalInfo id="WDBC80D11DC6C464CAE9A9AB4D9CDF3B9">
            <WBSubtotalInfoTypeCd>CFA</WBSubtotalInfoTypeCd>
            <WBCurrentTermAmt id="WB9046AFB4ED94A03B2B4082ECB67EB56">
              <Amt>26</Amt>
            </WBCurrentTermAmt>
          </WBSubtotalInfo>
          <WBSubtotalInfo id="WDBD0837926C0462D8DCC378CE7B24255">
            <WBSubtotalInfoTypeCd>VEH</WBSubtotalInfoTypeCd>
            <WBCurrentTermAmt id="W5B9EEFBADBF947629B2D7405664D7B57">
              <Amt>878</Amt>
            </WBCurrentTermAmt>
          </WBSubtotalInfo>
          <WBVehicleAge>25</WBVehicleAge>
          <WBThirdPartyReport id="W0BF23B80399546F19DB1D83D2F2EE4FF">
            <WBReportTypeCd>VINMASTER</WBReportTypeCd>
            <WBReportOrderStatus>Returned</WBReportOrderStatus>
          </WBThirdPartyReport>
          <WBOnsetOffsetPremiumInfo id="W365209B464F041649B44E7B06A7E6AE5">
            <WBCurrentTermOnsetAmt id="WEB6114EE5BB241A7A5689F49E00715AB" />
            <WBCurrentTermOffsetAmt id="WBA9D58F81C46478ABF9DD2EF569FD653" />
          </WBOnsetOffsetPremiumInfo>
          <WBPremiumInfo id="W3D9FB68E14BA44D181F426B38EA18838">
            <WBCurrentTermAmt id="WD54503383D874121A13606CF556ED32B">
              <Amt>878</Amt>
            </WBCurrentTermAmt>
            <WBNetChangeAmt id="W4CAEF32719A34517AEF5B04F29E4FC50">
              <Amt>878</Amt>
            </WBNetChangeAmt>
            <WBWrittenAmt id="W28F16F75DC2E4C3BA7EA3D3FDD98BC34">
              <Amt>878</Amt>
            </WBWrittenAmt>
          </WBPremiumInfo>
          <Form id="FFE4BB4CA3CA44E1E8E951F8E9DEE9229">
            <FormNumber>PP0001Q</FormNumber>
            <FormName>Personal Auto Policy</FormName>
            <EditionDt>2019-01-01</EditionDt>
            <EffectiveDt>2019-09-24</EffectiveDt>
          </Form>
          <Form id="FC81434FB3F4A483DA2693D6E09FEBB38">
            <FormNumber>PP0180Q</FormNumber>
            <FormName>Amendment of Policy Provisions - Michigan</FormName>
            <EditionDt>2019-01-01</EditionDt>
            <EffectiveDt>2019-09-24</EffectiveDt>
          </Form>
          <Form id="FAA8F11BC6DD54C4F8632033B041F11F2">
            <FormNumber>PP0280Q</FormNumber>
            <FormName>Termination Provisions - Michigan</FormName>
            <EditionDt>2019-01-01</EditionDt>
            <EffectiveDt>2019-09-24</EffectiveDt>
          </Form>
          <Form id="FDDBC65CD864944C6992B0B226CD0C520">
            <FormNumber>PP0590Q</FormNumber>
            <FormName>Personal Injury Protection Coverage - Michigan</FormName>
            <EditionDt>2019-01-01</EditionDt>
            <EffectiveDt>2019-09-24</EffectiveDt>
          </Form>
          <Form id="F60CB0ADCA37847AB8D81A966DE5F1F82">
            <FormNumber>PP0591Q</FormNumber>
            <FormName>Property Protection Coverage - Michigan</FormName>
            <EditionDt>2019-01-01</EditionDt>
            <EffectiveDt>2019-09-24</EffectiveDt>
          </Form>
          <WBOverrideInfo id="WB6A339A59FF74B3483907E90208C7F1D">
            <WBOverrideType>T</WBOverrideType>
            <WBOverrideCategory>Symbol</WBOverrideCategory>
            <WBOverrideCd>BIPD</WBOverrideCd>
            <WBOverrideValue>300</WBOverrideValue>
          </WBOverrideInfo>
          <WBOverrideInfo id="W94D2CC88AA264BCBA43E1A4BE08BEC34">
            <WBOverrideType>T</WBOverrideType>
            <WBOverrideCategory>Symbol</WBOverrideCategory>
            <WBOverrideCd>MedPIP</WBOverrideCd>
            <WBOverrideValue>500</WBOverrideValue>
          </WBOverrideInfo>
        </VehicleExt>
      </Vehicle>
      <QuestionAnswer id="Q098AAF8E1BBB416783ACF68F210FC521">
        <QuestionCd>AUTOP03</QuestionCd>
        <YesNoCd>NO</YesNoCd>
      </QuestionAnswer>
      <QuestionAnswer id="Q8517600A92CC46F5A3765A56665C23D8">
        <QuestionCd>VEH03</QuestionCd>
        <YesNoCd>NO</YesNoCd>
      </QuestionAnswer>
      <QuestionAnswer id="Q578AEB08984A47EEA2C3E262E1E24802">
        <QuestionCd>VEH04</QuestionCd>
        <YesNoCd>NO</YesNoCd>
      </QuestionAnswer>
      <PersAutoLineBusinessExt id="PE9190A8C16BE4CCB9868F48B38A3D6A6">
        <WBSubtotalInfo id="W307839C1488949719EAF4F37CE75E1AC">
          <WBSubtotalInfoTypeCd>CFA</WBSubtotalInfoTypeCd>
          <WBCurrentTermAmt id="W9B3AE0330C50418DBBFC7374274F1450">
            <Amt>53</Amt>
          </WBCurrentTermAmt>
        </WBSubtotalInfo>
        <WBOnsetOffsetPremiumInfo id="WFFD4AF4F08A04DFF9B443DDEC48E3394">
          <WBCurrentTermOnsetAmt id="W495B101477DA4E57BE7C20D39DD7B877" />
          <WBCurrentTermOffsetAmt id="W32F5239A00424D0EA1ED78601C4E679B" />
        </WBOnsetOffsetPremiumInfo>
        <WBPermissiveUseCnt>0</WBPermissiveUseCnt>
        <WBPremiumInfo id="W31B7EA3A047E4CB6A5E863138DAF769C">
          <WBCurrentTermAmt id="W278C893F81844CC4A9FA7D0ED5885BBB">
            <Amt>1777</Amt>
          </WBCurrentTermAmt>
          <WBNetChangeAmt id="WA3B45D321978453883BF5B196996A8EE">
            <Amt>1777</Amt>
          </WBNetChangeAmt>
          <WBWrittenAmt id="W77EACAC3455B46D7BB013CAD78DD87C5">
            <Amt>1777</Amt>
          </WBWrittenAmt>
        </WBPremiumInfo>
        <WBWorkLossDeclineIndicator>0</WBWorkLossDeclineIndicator>
      </PersAutoLineBusinessExt>
    </PersAutoLineBusiness>
    <PolicyExt id="PD75616A63C6041908DCA2D83B1F1E60D">
      <AutoCompositionFactorCd>P</AutoCompositionFactorCd>
      <WBTransactionStatusDesc>Committed</WBTransactionStatusDesc>
      <WBQuoteStatusDesc>Issued</WBQuoteStatusDesc>
      <CreditOrSurcharge id="C244992087305440EBD68747546D3A1C8">
        <SecondaryCd>PIF</SecondaryCd>
        <WBRatingAppliedInd>1</WBRatingAppliedInd>
      </CreditOrSurcharge>
      <CreditOrSurcharge id="C7D25FDC6BD164C97BD636DBE58C24C74">
        <SecondaryCd>HCD</SecondaryCd>
        <WBRatingAppliedInd>1</WBRatingAppliedInd>
      </CreditOrSurcharge>
      <CreditOrSurcharge id="C18EB82A76FFB4A7FABEE3AF7E8925261">
        <SecondaryCd />
        <WBRatingAppliedInd>1</WBRatingAppliedInd>
      </CreditOrSurcharge>
      <WBHouseholdCompositionInd>0</WBHouseholdCompositionInd>
      <WBSubtotalInfo id="WC6C2B54D2B504AAD8A7C6104F05D3F75">
        <WBSubtotalInfoTypeCd>CFA</WBSubtotalInfoTypeCd>
        <WBCurrentTermAmt id="WAF2EEA4E8C5647ABAC08DECD34AF2A4C">
          <Amt>53</Amt>
        </WBCurrentTermAmt>
      </WBSubtotalInfo>
      <WBThirdPartyReport id="WFB70F4881DEA4156BE66E867F9CCE6FB">
        <WBReportTypeCd>APD</WBReportTypeCd>
        <WBReportOrderDt>2019-09-23</WBReportOrderDt>
        <WBReportOrderStatus>Returned</WBReportOrderStatus>
        <WBReportExpirationDt>2019-12-22</WBReportExpirationDt>
      </WBThirdPartyReport>
      <WBPolicyAge>0</WBPolicyAge>
      <WBOnsetOffsetPremiumInfo id="W450A4F9C1B624897B888CBCFF4C193C9">
        <WBCurrentTermOnsetAmt id="W94BAB460501049E0B8EF53597E21E64B" />
        <WBCurrentTermOffsetAmt id="W68BDED4F6E8E41168CDB1ABA7B600170" />
      </WBOnsetOffsetPremiumInfo>
      <WBPremiumInfo id="WDC24D27E7372444CAD240C8FB106AD0C">
        <WBCurrentTermAmt id="W022BE0EFD0624F28A4BA24112CD0BE91">
          <Amt>1777</Amt>
        </WBCurrentTermAmt>
        <WBNetChangeAmt id="W4F2D077B45184F56B0D32C9DF04E293D">
          <Amt>1777</Amt>
        </WBNetChangeAmt>
        <WBWrittenAmt id="W91056AF60BF44A3482DC955D0CB36F77">
          <Amt>1777</Amt>
        </WBWrittenAmt>
      </WBPremiumInfo>
      <WBPriorPolicyCnt>0</WBPriorPolicyCnt>
      <WBPolicyEventInfo id="W95555A0514654B58BD5033F582DCE9F9">
        <WBPolicyEventType>RIX</WBPolicyEventType>
        <WBPolicyEventReasonCd />
        <WBPolicyEventReasonDesc />
        <WBFee id="W69FF1DB00E8F4102BB53810047C45727">
          <WBFeeCd>RIX</WBFeeCd>
          <WBFeeWaiveInd>0</WBFeeWaiveInd>
        </WBFee>
      </WBPolicyEventInfo>
    </PolicyExt>
  </Policy>
</PolicyRs>