<?xml version="1.0" encoding="utf-8" ?>
<data>
<!-- Scenario #P5-->
<!--Scenario Descriptionred LUCI - adv driver-->
<!--Transaction TypeNew Business-->
<Insured>
<ID>101</ID>
<Prefix></Prefix>
<FirstName>Martha</FirstName>
<MiddleName></MiddleName>
<LastName>Ford</LastName>
<Suffix></Suffix>
<Gender>NB</Gender>
<DOB>09/16/1925</DOB>
<MaritalStatus>Widowed</MaritalStatus>
<StreetAddress>2000 Brush St</StreetAddress>
<StreetAddress2></StreetAddress2>
<City>Detroit</City>
<County></County>
<State>MI</State>
<Zip>48226</Zip>
<RelationShipToFNI>FNI</RelationShipToFNI>
<IsLicensed>true</IsLicensed>
<Licensed5Yrs>true</Licensed5Yrs>
<DateLicensed></DateLicensed>
<LicensedState>MI</LicensedState>
<LicenseNum>S123456789098</LicenseNum>
<DriverType>RATED</DriverType>
<FinancialRespFiling>false</FinancialRespFiling>
<Group>None</Group>
</Insured>
<!--repeat newvehicle as needed-->
<newvehicle>
<ID>101</ID>
<VehicleType>Private Passenger</VehicleType>
<ModelYear>2010</ModelYear>
<VIN>5N3ZA0NE1A1111111</VIN>
<Make>Infiniti</Make>
<Model>QX56</Model>
<StyleEngine>Utility Vehicle - Four-Wheel Drive 4-Door</StyleEngine>
<Weight></Weight>

<BusinessVehicle>true</BusinessVehicle>
<TitledType>Martha Ford</TitledType>
<TitledinNameof></TitledinNameof>
<GaragedAtPrimary>true</GaragedAtPrimary>
<!-- Adaptive Headlights - TBD -->
<!-- backup warning - TBD -->
<!-- Forward Crash - TBD -->
<ForwardCrashSelect></ForwardCrashSelect>
<!-- Autonomous at - TBD -->
<!-- driver fatigue - TBD -->
<!-- Land Departure - blind spot- TBD -->
<LaneDepartureSelect></LaneDepartureSelect>
<BICSL>$250,000 / $500,000</BICSL>
<PD>$100,000</PD>
<UMUIM>$250,000 / $500,000</UMUIM>
<APDL>$1,000</APDL>
<PIP>Primary Medical - $1,000 deductible</PIP>
<WorkLossWaiver>No</WorkLossWaiver>
<WorkLossWaiverDeductible>$500</WorkLossWaiverDeductible>
<COMPOTC>$2,000</COMPOTC>
<FCG>No</FCG>
<COLL>Standard</COLL>
<COLLDeductible>$1,500</COLLDeductible>
<AutoLL>Yes</AutoLL>
<TransExpense>$40 / $1,200</TransExpense>
<CustomEquip>false</CustomEquip>
<CustomEquipOther>false</CustomEquipOther>
				<!-- options:
				true, false	-->
<RowId>0</RowId>
<CustomEquipValue>5000</CustomEquipValue>	
<CustomEquipDesc>added handicap drop gate</CustomEquipDesc>	
<OEMSelection>false</OEMSelection>
		<!-- options:
			true
			false	-->	
<CDR>No</CDR>
		<!-- options:  
			Yes			
			No
			-->
<Leased>false</Leased>
 </newvehicle>
<newvehicle>
<ID>102</ID>
<VehicleType>Private Passenger</VehicleType>
<ModelYear>2019</ModelYear>
<VIN>3GK1LMEV1K1111111</VIN>
<Make>GMC</Make>
<Model>Terrain SLE</Model>
<StyleEngine>Utility Vehicle - Two-Wheel Drive 4-Door</StyleEngine>
<Weight></Weight>
<BusinessVehicle>false</BusinessVehicle>
<TitledType>Martha Ford</TitledType>
<TitledinNameof></TitledinNameof>
<GaragedAtPrimary>true</GaragedAtPrimary>
<!-- Adaptive Headlights - TBD -->
<!-- backup warning - TBD -->
<!-- Forward Crash - TBD -->
<ForwardCrashSelect></ForwardCrashSelect>
<!-- Autonomous at - TBD -->
<!-- driver fatigue - TBD -->
<!-- Land Departure - blind spot- TBD -->
<LaneDepartureSelect></LaneDepartureSelect>
<BICSL></BICSL>
<PD></PD>
<UMUIM></UMUIM>
<APDL></APDL>
<PIP></PIP>
<WorkLossWaiver></WorkLossWaiver>
<WorkLossWaiverDeductible></WorkLossWaiverDeductible>
<COMPOTC>$500</COMPOTC>
<FCG>No</FCG>
<COLL></COLL>
<COLLDeductible></COLLDeductible>
<AutoLL>No</AutoLL>
<TransExpense>$30 / $900 Included</TransExpense>
<CustomEquip>false</CustomEquip>
<CustomEquipOther>false</CustomEquipOther>
				<!-- options:
				true, false	-->
<RowId>0</RowId>
<CustomEquipValue>5000</CustomEquipValue>	
<CustomEquipDesc>added handicap drop gate</CustomEquipDesc>	
<OEMSelection>false</OEMSelection>
		<!-- options:
			true
			false	-->	
<CDR>No</CDR>
		<!-- options:  
			Yes			
			No
			-->
<Leased></Leased>
 </newvehicle>
<newvehicle>
<ID>103</ID>
<VehicleType>Van</VehicleType>
<ModelYear>2000</ModelYear>
<VIN>1GC1M19W1Y1111111</VIN>
<Make>Chevrolet</Make>
<Model>Astro Base/LS/LT</Model>
<StyleEngine>Van - Two-Wheel Drive 2-Door</StyleEngine>
<Weight></Weight>
<BusinessVehicle>false</BusinessVehicle>
<TitledType>Martha Ford</TitledType>
<TitledinNameof></TitledinNameof>
<GaragedAtPrimary>true</GaragedAtPrimary>
<!-- Adaptive Headlights - TBD -->
<!-- backup warning - TBD -->
<!-- Forward Crash - TBD -->
<ForwardCrashSelect></ForwardCrashSelect>
<!-- Autonomous at - TBD -->
<!-- driver fatigue - TBD -->
<!-- Land Departure - blind spot- TBD -->
<LaneDepartureSelect></LaneDepartureSelect>
<BICSL>$250,000 / $500,000</BICSL>
<PD>$100,000</PD>
<UMUIM>$250,000 / $500,000</UMUIM>
<APDL>$1,000</APDL>
<PIP>Primary Medical - $1,000 deductible</PIP>
<WorkLossWaiver>No</WorkLossWaiver>
<WorkLossWaiverDeductible>$500</WorkLossWaiverDeductible>
<COMPOTC></COMPOTC>
<FCG></FCG>
<COLL></COLL>
<COLLDeductible></COLLDeductible>
<AutoLL>No</AutoLL>
<TransExpense>$30 / $900 Included</TransExpense>
<CustomEquip>false</CustomEquip>
<CustomEquipOther>false</CustomEquipOther>
<RowId>0</RowId>
<CustomEquipValue></CustomEquipValue>
<CustomEquipDesc></CustomEquipDesc>
<OEMSelection></OEMSelection>
<CDR></CDR>
<Leased></Leased>
 </newvehicle>
<VehGenCovQues>
<!-- repeat AssignDriver for each vehicle on policy-->
<AssignDriver>
<VehicleID>101</VehicleID>
<PrincipalDriverID>101</PrincipalDriverID>
<!--repeat OccasionalDriver as needed-->
<OccasionalDriver>
<VehicleID></VehicleID>
<OccasionalDriverID></OccasionalDriverID>
</OccasionalDriver>
</AssignDriver>
  <AssignDriver>
<VehicleID>102</VehicleID>
<PrincipalDriverID>101</PrincipalDriverID>
<!--repeat OccasionalDriver as needed-->
<OccasionalDriver>
<VehicleID></VehicleID>
<OccasionalDriverID></OccasionalDriverID>
</OccasionalDriver>
</AssignDriver>
  <AssignDriver>
<VehicleID>103</VehicleID>
<PrincipalDriverID>101</PrincipalDriverID>
<!--repeat OccasionalDriver as needed-->
<OccasionalDriver>
<VehicleID></VehicleID>
<OccasionalDriverID></OccasionalDriverID>
</OccasionalDriver>
</AssignDriver>
<TravelNet>$100</TravelNet>
<OtherAutoInsurance>false</OtherAutoInsurance>
</VehGenCovQues>
<PolicyGeneralInfo>
<PayInFull>false</PayInFull>
<ContinuouslyInsured>NO</ContinuouslyInsured>
<NotNeededReason></NotNeededReason>
<TwoOrMoreCarriers>false</TwoOrMoreCarriers>
<PriorCarrier></PriorCarrier>
<PolicyInception></PolicyInception>
<PolicyExpiration></PolicyExpiration>
<BILimit></BILimit>
<CSL></CSL>
<PerPerson></PerPerson>
<PerAccident></PerAccident>
</PolicyGeneralInfo>
 <CA_PolicyGeneral>
      <PaymentOption>Semi - Annually</PaymentOption>
 <MailingSameAsPrimary>Yes</MailingSameAsPrimary>
  <!-- if no, then use the following address fields-->
 <StreetAddress></StreetAddress>
<StreetAddress2></StreetAddress2>
<City></City>
<State></State>
<ZipCode></ZipCode>
<EMail>TestingPolicy@WBMI.com</EMail>
<AgencyName>R &amp; R INSURANCE SERVICES INC-48508 WEST BEND, WI (48508)</AgencyName>
<Producer>Joyner Producer</Producer>
<RequestedBy>Joyner Producer</RequestedBy>
<Phone>
<PhoneID>0</PhoneID>
<PhoneNumberType>Mobile</PhoneNumberType>
<PhoneNumber>248-365-8160</PhoneNumber>
</Phone>
</CA_PolicyGeneral>
 <CA_Driver>
<ID>101</ID>
<Occupation>Accountant</Occupation>
 </CA_Driver>
 <CA_VehicleGeneral>
   <Uber>false</Uber>
   <CarSharing>false</CarSharing>
 </CA_VehicleGeneral>
<!-- repeat CA_Vehicle for each vehicle on the policy -->
 <CA_Vehicle>
<ID>101</ID>
<TypeOfBusiness>Just driving around to take pictures</TypeOfBusiness>
<EmployeeOperatesVehicle>false</EmployeeOperatesVehicle>
<DateOfLease>01/11/2018</DateOfLease>
<CarryOverBalance>false</CarryOverBalance>
<PriorLoanLeaseCoverage>true</PriorLoanLeaseCoverage>
 </CA_Vehicle>
</data>