<?xml version="1.0" encoding="utf-8" ?>
<data>
<!-- Scenario #P1-->
<!--Scenario DescriptionComp only vehicle. Driver 2 assigned to 2 vehicles because 1 is comp only. AI on a vehicle. -->
<!--Transaction TypeNew Business-->
<Insured>
	<ID>1</ID>
	<Prefix>Dr.</Prefix>
	<FirstName>Automated</FirstName>
	<MiddleName>S01</MiddleName>
	<LastName>Regression</LastName>
	<Suffix></Suffix>
	<Gender>F</Gender>
	<DOB>02/02/1988</DOB>
	<MaritalStatus>Married</MaritalStatus>
	<StreetAddress>7350 N Dobson Rd Suite 120</StreetAddress>
	<StreetAddress2></StreetAddress2>
	<City>Scottsdale</City>
	<County></County>
	<State>AZ</State>
	<Zip>85256</Zip>
	<RelationShipToFNI></RelationShipToFNI>
	<IsLicensed>true</IsLicensed>
	<Licensed5Yrs>true</Licensed5Yrs>
	<DateLicensed></DateLicensed>
	<LicensedState>AZ</LicensedState>
	<LicenseNum>S12541254124</LicenseNum>
	<DriverType>RATED</DriverType>
	<!--<FinancialRespFiling>false</FinancialRespFiling>-->
	<Group></Group>
	<ACV>
		<DateOfOccurance></DateOfOccurance>
		<IncidentDescription></IncidentDescription>
		<ClaimStatus></ClaimStatus>
		<AmountOfDamage></AmountOfDamage> 
		<RatingStatus>-- Select --</RatingStatus>
		<WBClaims></WBClaims>
	</ACV>
</Insured>
<!-- repeat AddDriver as needed-->
<AddDriver>
	<ID>2</ID>
	<Prefix></Prefix>
	<FirstName>Second</FirstName>
	<MiddleName></MiddleName>
	<LastName>Driver</LastName>
	<Suffix>1st</Suffix>
	<Gender>M</Gender>
	<DOB>08/12/1978</DOB>
	<MaritalStatus>Married</MaritalStatus>
	<StreetAddress>7350 N Dobson Rd Suite 120</StreetAddress>
	<StreetAddress2></StreetAddress2>
	<City>Scottsdale</City>
	<County></County>
	<State>AZ</State>
	<Zip>85256</Zip>
	<RelationShipToFNI>Spouse</RelationShipToFNI>
	<IsLicensed>true</IsLicensed>
	<Licensed5Yrs>false</Licensed5Yrs>
	<DateLicensed>11/11/2017</DateLicensed>
	<LicensedState>IL</LicensedState>
	<LicenseNum>S12541253333</LicenseNum>
	<DriverType>RATED</DriverType>
	<!--<FinancialRespFiling>false</FinancialRespFiling>-->
	<Group></Group>
	<ACV>
		<DateOfOccurance></DateOfOccurance>
		<IncidentDescription></IncidentDescription>
		<ClaimStatus></ClaimStatus>
		<AmountOfDamage></AmountOfDamage> 
		<RatingStatus>-- Select --</RatingStatus>
		<WBClaims></WBClaims>
	</ACV>
</AddDriver>
<!--repeat newvehicle as needed-->
<newvehicle>
	<ID>3</ID>
	<VehicleType>Pickup</VehicleType>
	<ModelYear>2007</ModelYear>
	<VIN>1GC1K29U171111111</VIN>
	<Make>Chevrolet</Make>
	<Model>Silverado Classic 2500HD Extended</Model>
	<StyleEngine>Pickup Truck - Four-Wheel Drive 4-Door</StyleEngine>
	<Weight></Weight>
	<Over10k></Over10k>
	<CostNew></CostNew>
	<BusinessVehicle>false</BusinessVehicle>
	<TitledType>Automated Regression - 02/02/1988</TitledType>
	<TitledinNameof></TitledinNameof>
	<GaragedAtPrimary>true</GaragedAtPrimary>
	<!-- Adaptive Headlights - TBD -->
	<!-- backup warning - TBD -->
	<!-- Forward Crash - TBD -->
	<ForwardCrashSelect></ForwardCrashSelect>
	<!-- Autonomous at - TBD -->
	<!-- driver fatigue - TBD -->
	<!-- Land Departure - blind spot- TBD -->
	<LaneDepartureSelect></LaneDepartureSelect>
	<BICSL></BICSL>
	<PD></PD>
	<UM></UM>
	<UIM></UIM>
	<APDL></APDL>
	<PIP></PIP>
	<WorkLossWaiver></WorkLossWaiver>
	<WorkLossWaiverDeductible></WorkLossWaiverDeductible>
	<COMPOTC>$2,500</COMPOTC>
	<FCG>No</FCG>
	<COLL></COLL>
	<COLLDeductible>$1,000</COLLDeductible>
	<AutoLL>No</AutoLL>
	<TransExpense>$30 / $900 Included</TransExpense>
	<CustomEquip>false</CustomEquip>
  <CustomEquipment>
	  <RowId>0</RowId>
	  <CustomEquipValue>2000</CustomEquipValue>
	  <CustomEquipDesc>test2</CustomEquipDesc>
	  <OEMSelection>false</OEMSelection>
		<!-- options:
		true, false	-->
  </CustomEquipment>
	<CDR>No</CDR>
		<!-- options:  
			Yes			
			No
			-->
	<Leased></Leased>
</newvehicle>
<newvehicle>
	<ID>4</ID>
	<VehicleType>Private Passenger</VehicleType>
	<ModelYear>2013</ModelYear>
	<VIN>WAUDGAFL1D1111111</VIN>
	<Make>Audi</Make>
	<Model>S4 Quattro Premium Plus</Model>
	<StyleEngine>4-Door Sedan - 3.0</StyleEngine>
	<Weight></Weight>
	<Over10k>false</Over10k>
	<CostNew></CostNew>
	<BusinessVehicle>false</BusinessVehicle>
	<TitledType>Second Driver - 08/12/1978</TitledType>
	<TitledinNameof></TitledinNameof>
	<GaragedAtPrimary>true</GaragedAtPrimary>
		<!-- Adaptive Headlights - TBD -->
		<!-- backup warning - TBD -->
		<!-- Forward Crash - TBD -->
	<ForwardCrashSelect>With Auto-Braking</ForwardCrashSelect>
		<!-- Autonomous at - TBD -->
		<!-- driver fatigue - TBD -->
		<!-- Land Departure - blind spot- TBD -->
	<LaneDepartureSelect></LaneDepartureSelect>
	<BICSL>$50,000 / $100,000</BICSL>
	<PD>$25,000</PD>
	<UM>$25,000 / $50,000</UM>
	<UIM>$50,000 / $100,000</UIM>
	<MedPay>$2,000</MedPay>
	<APDL></APDL>
	<PIP></PIP>
	<WorkLossWaiver></WorkLossWaiver>
	<WorkLossWaiverDeductible></WorkLossWaiverDeductible>
	<COMPOTC>$500</COMPOTC>
	<FCG>Yes</FCG>
	<COLL></COLL>
	<COLLDeductible></COLLDeductible>
	<AutoLL>Yes</AutoLL>
	<TransExpense>$30 / $900 Included</TransExpense>
	<CustomEquip>false</CustomEquip>
  <CustomEquipment>
	  <RowId>0</RowId>
	  <CustomEquipValue>1000</CustomEquipValue>
	  <CustomEquipDesc>snorkelling</CustomEquipDesc>
	  <OEMSelection>false</OEMSelection>
  </CustomEquipment>
	<CDR></CDR>
		<!-- options:  
			Yes			
			No
			-->
	<Leased></Leased>
</newvehicle>
<VehGenCovQues>
<!-- repeat AssignDriver for each vehicle on policy-->
	<AssignDriver>
		<VehicleID>4</VehicleID>
		<PrincipalDriverID>2</PrincipalDriverID>
		<PrincipalDriver>Automated Regression - 02/02/1988</PrincipalDriver>
		<!--repeat OccasionalDriver as needed-->
		<OccasionalDriver>
			<VehicleID>4</VehicleID>
			<OccasionalDriverID>1</OccasionalDriverID>
			<OccasionalDriverName>Second Driver - 08/12/1978</OccasionalDriverName>
		</OccasionalDriver>
	</AssignDriver>
	<TravelNet>$250</TravelNet>
	<OtherAutoInsurance>false</OtherAutoInsurance>
</VehGenCovQues>
  <HomePremiumBreakdown>
    <LOB>Home</LOB>
    <OverrideReason>Other</OverrideReason>
    <!--
  Consent to Rate
  Quoted prior to rates loaded into system
  Agent entry error caused premium difference
  West Bend entry error caused premium difference
  System error caused premium difference
  Other
  -->
    <Details>Premium Adjustments</Details>
    <CoverageAdjustments>
      <CoverageSubID>0</CoverageSubID>
      <!-- CoverageID starting from 0-->
      <CovAID>3</CovAID>
      <!-- 1st location starts from 3-->
      <CovBID>9</CovBID>
      <CovCID>15</CovCID>
      <CovDID>21</CovDID>
      <CovEID>0</CovEID>
      <CovFID>0</CovFID>
      <Fire>20</Fire>
      <Weather>20</Weather>
      <Water>5</Water>
      <Theft>5</Theft>
      <Other>5</Other>
      <EPremiumOverride>20</EPremiumOverride>
      <FPremiumOverride>20</FPremiumOverride>
    </CoverageAdjustments>
    <!--  <CoverageAdjustments>
      <CoverageSubID>1</CoverageSubID>-->
    <!-- CoverageID starting from 0-->
    <!-- <CovAID>31</CovAID>-->
    <!-- 2nd location starts from 31-->
    <!-- <CovBID>37</CovBID>
      <CovCID>43</CovCID>
      <CovDID>49</CovDID>
      <CovEID>1</CovEID>
      <CovFID>1</CovFID>
      <Fire>20</Fire>
      <Weather>20</Weather>
      <Water>5</Water>
      <Theft>5</Theft>
      <Other>5</Other>
      <EPremiumOverride>30</EPremiumOverride>
      <FPremiumOverride>30</FPremiumOverride>
    </CoverageAdjustments>-->
  </HomePremiumBreakdown>
  <PremiumBreakdown>
    <OverrideReason>Other</OverrideReason>
    <!--
  Consent to Rate
  Quoted prior to rates loaded into system
  Agent entry error caused premium difference
  West Bend entry error caused premium difference
  System error caused premium difference
  Other
  -->
    <Details>Premium Adjustments</Details>
    <LOB>Auto</LOB>
    <CoverageAdjustments>
      <CoverageID>0</CoverageID>
      <BI>100</BI>
      <PD>100</PD>
      <MP>100</MP>
      <UM>100</UM>
      <UIM>100</UIM>
      <OTC>100</OTC>
      <Collision>100</Collision>
      <!--<BIRowID>3</BIRowID>
      <PDRowID>4</PDRowID>
      <MPRowID>5</MPRowID>
      <UMRowID>6</UMRowID>
      <UIMRowID>7</UIMRowID>-->
      <OTCRowID>3</OTCRowID>
      <CollisionRowID>4</CollisionRowID>
      <TransportationExpense>100</TransportationExpense>
      <TheftAuthorityFee>100</TheftAuthorityFee>
    </CoverageAdjustments>
    <CoverageAdjustments>
      <CoverageID>1</CoverageID>
      <BI>100</BI>
      <PD>100</PD>
      <MP>100</MP>
      <UM>100</UM>
      <UIM>100</UIM>
      <OTC>100</OTC>
      <BIRowID>8</BIRowID>
      <PDRowID>9</PDRowID>
      <MPRowID>10</MPRowID>
      <UMRowID>11</UMRowID>
      <UIMRowID>12</UIMRowID>
      <OTCRowID>13</OTCRowID>
      <CollisionRowID>14</CollisionRowID>
      <TransportationExpense>100</TransportationExpense>
      <TheftAuthorityFee>100</TheftAuthorityFee>
    </CoverageAdjustments>
    <TravelNet>100</TravelNet>
  </PremiumBreakdown>
<PolicyGeneralInfo>
  <AssociationPlus>Dentists</AssociationPlus>
  <PayInFull>true</PayInFull>
  <TwoOrMoreCarriers>true</TwoOrMoreCarriers>
  <PriorCarrier></PriorCarrier>
  <OtherPriorCarrierName></OtherPriorCarrierName>
  <ReasonNewQuote></ReasonNewQuote>
  <OtherReason></OtherReason>
  <PolicyInception></PolicyInception>
  <PolicyExpiration></PolicyExpiration>
  <NoInsuranceReason>Other</NoInsuranceReason>
  <NoInsuranceReasonDes>No License</NoInsuranceReasonDes>
  <LiabilityType></LiabilityType>
  <CSL></CSL>
  <PerPerson></PerPerson>
  <PerAccident></PerAccident>
  
	<AssociationPlus>Dentists</AssociationPlus>
	<PayInFull>true</PayInFull>
	<ContinuouslyInsured>NO</ContinuouslyInsured>
	<NotNeededReason>Other</NotNeededReason>
  <NoInsuranceReason>Other</NoInsuranceReason>
  <NoInsuranceReasonDes>No License</NoInsuranceReasonDes>
	<TwoOrMoreCarriers>true</TwoOrMoreCarriers>
	<PriorCarrier></PriorCarrier>
  <PriorCarrierName></PriorCarrierName>
  <ReasonNewQuote></ReasonNewQuote>
  <OtherReason></OtherReason>
	<PolicyInception></PolicyInception>
	<PolicyExpiration></PolicyExpiration>
	<BILimit></BILimit>
	<CSL></CSL>
	<PerPerson></PerPerson>
	<PerAccident></PerAccident>
	<DataSource>Manually Entered</DataSource>
</PolicyGeneralInfo>
<CA_PolicyGeneral>
  <PaymentOption>Quarterly</PaymentOption>
	<DayOfMonth>20</DayOfMonth>
  <DepositAmt>1000</DepositAmt>
	<MailingSameAsPrimary>yes</MailingSameAsPrimary>
	<!-- if no, then use the following address fields-->
	<StreetAddress></StreetAddress>
	<StreetAddress2></StreetAddress2>
	<City></City>
	<State></State>
	<Zip></Zip>
	<EMail>TestingPolicy@WBMI.com</EMail>
	<AgencyName>R &amp; R INSURANCE SERVICES INC-48508 WEST BEND, WI (48508)</AgencyName>
	<Producer>Joyner Producer</Producer>
	<RequestedBy>Joyner Producer</RequestedBy>
	<Phone>
		<PhoneID>0</PhoneID>
		<PhoneNumberType>Mobile</PhoneNumberType>
		<PhoneNumber>248-365-8160</PhoneNumber>
	</Phone>
</CA_PolicyGeneral>
<CA_Driver>
	<ID>1</ID>
	<Occupation>Accountant</Occupation>
	<WhyNotLicensed></WhyNotLicensed>
	<HouseholdMember></HouseholdMember>
	<DriverHaveOwnCar></DriverHaveOwnCar>
	<OwnAutoInsurance></OwnAutoInsurance>
	<InsuranceCompanyName></InsuranceCompanyName>
</CA_Driver>
<CA_Driver>
	<ID>2</ID>
	<Occupation>Accountant</Occupation>
	<WhyNotLicensed></WhyNotLicensed>
	<HouseholdMember></HouseholdMember>
	<DriverHaveOwnCar></DriverHaveOwnCar>
	<OwnAutoInsurance></OwnAutoInsurance>
	<InsuranceCompanyName></InsuranceCompanyName>
</CA_Driver>
<CA_VehicleGeneral>
	<Uber>false</Uber>
	<CarSharing>false</CarSharing>
</CA_VehicleGeneral>
<!-- repeat CA_Vehicle for each vehicle on the policy -->
<CA_Vehicle>
	<ID>3</ID>
	<TypeOfBusiness></TypeOfBusiness>
	<EmployeeOperatesVehicle></EmployeeOperatesVehicle>
	<DateOfLease></DateOfLease>
	<CarryOverBalance></CarryOverBalance>
	<PriorLoanLeaseCoverage></PriorLoanLeaseCoverage>
	<AdditInterest>
        <VehicleID>3</VehicleID>
        <InterestType>Loss Payee</InterestType>
        <!--  options
				Loss Payee
				Additional Insured
				Additional Interest
				Additional Interest-Lessor  -->
        <LoanNumber>1234567890</LoanNumber>
        <Name1>ABC Bank</Name1>
        <Name2>Attn:  dept A</Name2>
        <StreetAddr>236 N 1st st</StreetAddr>
        <StreetAddr2></StreetAddr2>
        <City>ann arbor</City>
        <County></County>
        <State>MI</State>
        <ZipCode>48104</ZipCode>
    </AdditInterest>
</CA_Vehicle>
<CA_Vehicle>
	<ID>4</ID>
	<TypeOfBusiness></TypeOfBusiness>
	<EmployeeOperatesVehicle></EmployeeOperatesVehicle>
	<DateOfLease>08/22/2018</DateOfLease>
	<CarryOverBalance>false</CarryOverBalance>
	<PriorLoanLeaseCoverage>false</PriorLoanLeaseCoverage>
	<AdditInterest>
        <VehicleID>4</VehicleID>
        <InterestType>Loss Payee</InterestType>
        <!--  options
				Loss Payee
				Additional Insured
				Additional Interest
				Additional Interest-Lessor  -->
        <LoanNumber>1234567890</LoanNumber>
        <Name1>ABC Bank</Name1>
        <Name2>Attn:  dept A</Name2>
        <StreetAddr>236 N 1st st</StreetAddr>
        <StreetAddr2></StreetAddr2>
        <City>ann arbor</City>
        <County></County>
        <State>MI</State>
        <ZipCode>48104</ZipCode>
    </AdditInterest>
</CA_Vehicle>
<LUCI>
	<Score>6000</Score>     
	<LUCIApproval>
		<Rule>RX4487</Rule>
		<Comment>Ok! Approve</Comment>
	</LUCIApproval>
  <LUCIApproval>
    <Rule>RX4562</Rule>
    <Comment>No liability reason accepted</Comment>
  </LUCIApproval>
</LUCI>
<Policy>
	<SearchPolicy>
		<PolicyNumber>ScriptVar(PolicyNumber)</PolicyNumber>
		<expectedType>New</expectedType>
		<expectedChange>Pending</expectedChange>
		<expectedPolicyStatus>PendingQuote</expectedPolicyStatus>
	</SearchPolicy>		
</Policy>
<PolicyHistory>
	<TransactionRow>
		<Row>2</Row>
		<TransactionType>New</TransactionType>
		<TransactionStatus>Issued</TransactionStatus>
		<PremiumChange>$2,187</PremiumChange>
		<AnualPremium>$2,187</AnualPremium>
		<UserID>wbmi\TESTPL</UserID>
		<EffectiveDate>Date(0,0,0,MM/dd/yyyy)</EffectiveDate>
		<ViewSummaryChange></ViewSummaryChange>
	</TransactionRow>
</PolicyHistory>
<ThirdPartyDB>
  <policy>ScriptVar(PolicyNumber)</policy>
  <payPlan>QT</payPlan>
  <totalPremium>2187</totalPremium>
  <agencyCd>48508</agencyCd>
</ThirdPartyDB>
<ExampleDB>
  <policy>ScriptVar(PolicyNumber)</policy>
  <policyStatus>Inforce</policyStatus>
  <transactionStatus>Committed</transactionStatus>
  <writtenPremium>2187.0000</writtenPremium>
  <changePremium>2187.0000</changePremium>
</ExampleDB>
</data>