<?xml version="1.0" encoding="utf-8" ?>
<data>
<!-- Scenario #P3-->
<!--Scenario DescriptionAI - Lessor-->
<!--Transaction TypeNew business-->
<Insured>
<ID>101</ID>
<Prefix></Prefix>
<FirstName>Patrick</FirstName>
<MiddleName>Joseph</MiddleName>
<LastName>Buck</LastName>
<Suffix>2nd</Suffix>
<Gender>M</Gender>
<DOB>10/10/1978</DOB>
<MaritalStatus>Divorced</MaritalStatus>
<StreetAddress>513 Michigan Ave</StreetAddress>
<StreetAddress2></StreetAddress2>
<City>Baldwin</City>
<County></County>
<State>MI</State>
<Zip>49304</Zip>
<RelationShipToFNI></RelationShipToFNI>
<IsLicensed>true</IsLicensed>
<Licensed5Yrs>true</Licensed5Yrs>
<DateLicensed></DateLicensed>
<LicensedState>AZ</LicensedState>
<LicenseNum>AD12345678</LicenseNum>
<DriverType>RATED</DriverType>
<FinancialRespFiling>false</FinancialRespFiling>
<Group>MEA</Group>
</Insured>
<!-- repeat AddDriver as needed-->
<AddDriver>
<ID>102</ID>
<Prefix></Prefix>
<FirstName>Kelly</FirstName>
<MiddleName>Ann</MiddleName>
<LastName>Buck</LastName>
<Suffix></Suffix>
<Gender>NB</Gender>
<DOB>05/18/1972</DOB>
<MaritalStatus>Separated</MaritalStatus>
<StreetAddress>11381 Keller Dr</StreetAddress>
<Address2></Address2>
<City>Fenton</City>
<County></County>
<State>MI</State>
<ZipCode>48430</ZipCode>
<RelationShipToFNI>Not Related</RelationShipToFNI>
<IsLicensed>true</IsLicensed>
<Licensed5Yrs>true</Licensed5Yrs>
<DateLicensed></DateLicensed>
<LicensedState>AZ</LicensedState>
<LicenseNum>D87654321</LicenseNum>
<DriverType>RATED</DriverType>
<FinancialRespFiling>false</FinancialRespFiling>
<Group>None</Group>
</AddDriver>
<!-- repeat AddDriver as needed-->
<AddDriver>
<ID>103</ID>
<Prefix></Prefix>
<FirstName>Joe</FirstName>
<MiddleName></MiddleName>
<LastName>Buck</LastName>
<Suffix></Suffix>
<Gender>M</Gender>
<DOB>03/10/1974</DOB>
<MaritalStatus>Single</MaritalStatus>
<StreetAddress>11381 Keller Dr</StreetAddress>
<Address2></Address2>
<City>Fenton</City>
<County></County>
<State>MI</State>
<ZipCode>48430</ZipCode>
<RelationShipToFNI>Relative</RelationShipToFNI>
<IsLicensed>true</IsLicensed>
<Licensed5Yrs>true</Licensed5Yrs>
<DateLicensed></DateLicensed>
<LicensedState>MN</LicensedState>
<LicenseNum>B145236985478</LicenseNum>
<DriverType>EXCLUDED</DriverType>
<FinancialRespFiling>false</FinancialRespFiling>
<Group>None</Group>
</AddDriver>
<!--repeat newvehicle as needed-->
<newvehicle>
<ID>101</ID>
<VehicleType>Pickup</VehicleType>
<ModelYear>2020</ModelYear>
<VIN>1C61JTFG1L1111111</VIN>
<Make>Jeep</Make>
<Model>Gladiator Overland</Model>
<StyleEngine>Pickup Truck - Four-Wheel Drive 4-Door - 3.6</StyleEngine>
<Weight></Weight>
<Over10k></Over10k>
<CostNew></CostNew>
<BusinessVehicle>false</BusinessVehicle>
<TitledType>KELLY BUCK</TitledType>
<TitledinNameof></TitledinNameof>
<GaragedAtPrimary>true</GaragedAtPrimary>
<!-- Adaptive Headlights - TBD -->
<!-- backup warning - TBD -->
<!-- Forward Crash - TBD -->
<ForwardCrashSelect></ForwardCrashSelect>
<!-- Autonomous at - TBD -->
<!-- driver fatigue - TBD -->
<!-- Land Departure - blind spot- TBD -->
<LaneDepartureSelect></LaneDepartureSelect>
<BICSL>$500,000 / $500,000</BICSL>
<PD>$250,000</PD>
<UMUIM>$500,000 / $500,000</UMUIM>
<APDL>$1,000</APDL>
<PIP>Primary Medical - $0 deductible</PIP>
<WorkLossWaiver>No</WorkLossWaiver>
<WorkLossWaiverDeductible>$0</WorkLossWaiverDeductible>
<COMPOTC>$2,500</COMPOTC>
<FCG>Yes</FCG>
<COLL>Broad</COLL>
<COLLDeductible>$2,000</COLLDeductible>
<AutoLL>Yes</AutoLL>
<TransExpense>$50 / $1,500</TransExpense>
<CustomEquip>true</CustomEquip>
<CustomEquipOther>false</CustomEquipOther>
<RowId>0</RowId>
<CustomEquipValue>2500</CustomEquipValue>
<CustomEquipDesc>just a test</CustomEquipDesc>
<OEMSelection>false</OEMSelection>
		<!-- options:
		true
		 false	-->	
<CDR>No</CDR>
		<!-- options:  
			Yes			
			No
			-->
<Leased></Leased>
 </newvehicle>
<VehGenCovQues>
<!-- repeat AssignDriver for each vehicle on policy-->
  <AssignDriver>
	<VehicleID>101</VehicleID>
	<PrincipalDriverID>101</PrincipalDriverID>
	<PrincipalDriver>Patrick Buck</PrincipalDriver>
<!--repeat OccasionalDriver as needed-->
	<OccasionalDriver>
		<VehicleID>101</VehicleID>
		<OccasionalDriverID>102</OccasionalDriverID>
		<OccasionalDriverName>Kelly Buck</OccasionalDriverName>
	</OccasionalDriver>
</AssignDriver>
<TravelNet></TravelNet>
<OtherAutoInsurance>false</OtherAutoInsurance>
</VehGenCovQues>
<PolicyGeneralInfo>
<PayInFull>false</PayInFull>
<ContinuouslyInsured>NO</ContinuouslyInsured>
<NotNeededReason></NotNeededReason>
<TwoOrMoreCarriers>false</TwoOrMoreCarriers>
<PriorCarrier></PriorCarrier>
<PolicyInception></PolicyInception>
<PolicyExpiration></PolicyExpiration>
<BILimit></BILimit>
<CSL></CSL>
<PerPerson></PerPerson>
<PerAccident></PerAccident>
</PolicyGeneralInfo>
 <CA_PolicyGeneral>
      <PaymentOption>Quarterly</PaymentOption>
	 <DayOfMonth>20</DayOfMonth>
	 <MailingSameAsPrimary>yes</MailingSameAsPrimary>
   <!-- if no, then use the following address fields-->
 <StreetAddress></StreetAddress>
<StreetAddress2></StreetAddress2>
<City></City>
<State></State>
<ZipCode></ZipCode>
<EMail>TestingPolicy@WBMI.com</EMail>
<AgencyName>R &amp; R INSURANCE SERVICES INC-48508 WEST BEND, WI (48508)</AgencyName>
<Producer>Joyner Producer</Producer>
<RequestedBy>Joyner Producer</RequestedBy>
<Phone>
<PhoneID>0</PhoneID>
<PhoneNumberType>Mobile</PhoneNumberType>
<PhoneNumber>248-365-8160</PhoneNumber>
</Phone>
</CA_PolicyGeneral>
 <CA_Driver>
<ID>101</ID>
<Occupation>Accountant</Occupation>
 </CA_Driver>
 <CA_Driver>
<ID>102</ID>
<Occupation>Accountant</Occupation>
 </CA_Driver>
 <CA_Driver>
<ID>103</ID>
<Occupation>Accountant</Occupation>
 </CA_Driver>
 <CA_VehicleGeneral>
   <Uber>false</Uber>
   <CarSharing>false</CarSharing>
 </CA_VehicleGeneral>
<!-- repeat CA_Vehicle for each vehicle on the policy -->
 <CA_Vehicle>
	<ID>101</ID>
	<TypeOfBusiness>Just driving around to take pictures</TypeOfBusiness>
	<EmployeeOperatesVehicle>false</EmployeeOperatesVehicle>
	<DateOfLease>07/03/2017</DateOfLease>
	<CarryOverBalance>false</CarryOverBalance>
	<PriorLoanLeaseCoverage>true</PriorLoanLeaseCoverage>
	 <AdditInterest>
        <VehicleID>101</VehicleID>
        <InterestType>Loss Payee</InterestType>
        <!--  options
				Loss Payee
				Additional Insured
				Additional Interest
				Additional Interest-Lessor  -->
        <LoanNumber>1234567890</LoanNumber>
        <Name1>ABC Bank</Name1>
        <Name2>Attn:  dept A</Name2>
        <StreetAddr>236 N 1st st</StreetAddr>
        <StreetAddr2></StreetAddr2>
        <City>ann arbor</City>
        <County></County>
        <State>MI</State>
        <ZipCode>48104</ZipCode>
      </AdditInterest>
 </CA_Vehicle>
</data>