<?xml version="1.0" encoding="utf-8" ?>
<data>
<!-- Scenario #P3-->
<!--Scenario DescriptionAI - Lessor-->
<!--Transaction TypeNew business-->
<Insured>
	<ID>1</ID>
	<Prefix></Prefix>
	<FirstName>Automated</FirstName>
	<MiddleName>S03</MiddleName>
	<LastName>Regression</LastName>
	<Suffix>2nd</Suffix>
	<Gender>M</Gender>
	<DOB>10/10/1978</DOB>
	<MaritalStatus>Divorced</MaritalStatus>
	<StreetAddress>7350 N Dobson Rd Suite 120</StreetAddress>
	<StreetAddress2></StreetAddress2>
	<City>Scottsdale</City>
	<County></County>
	<State>AZ</State>
	<Zip>85256</Zip>
	<RelationShipToFNI></RelationShipToFNI>
	<IsLicensed>true</IsLicensed>
	<Licensed5Yrs>true</Licensed5Yrs>
	<DateLicensed></DateLicensed>
	<LicensedState>AZ</LicensedState> 
	<LicenseNum>AD12345678</LicenseNum>
	<DriverType>RATED</DriverType>
	<!--<FinancialRespFiling>false</FinancialRespFiling>-->
	<Group></Group>
</Insured>
<!-- repeat AddDriver as needed-->
<AddDriver>
	<ID>2</ID>
	<Prefix></Prefix>
	<FirstName>Kelly</FirstName>
	<MiddleName>Ann</MiddleName>
	<LastName>Buck</LastName>
	<Suffix></Suffix>
	<Gender>NB</Gender>
	<DOB>05/18/1972</DOB>
	<MaritalStatus>Separated</MaritalStatus>
	<StreetAddress>7350 N Dobson Rd Suite 120</StreetAddress>
	<StreetAddress2></StreetAddress2>
	<City>Scottsdale</City>
	<County></County>
	<State>AZ</State>
	<Zip>85256</Zip>
	<RelationShipToFNI>Not Related</RelationShipToFNI>
	<IsLicensed>true</IsLicensed>
	<Licensed5Yrs>true</Licensed5Yrs>
	<DateLicensed></DateLicensed>
	<LicensedState>AZ</LicensedState>
	<LicenseNum>D87654321</LicenseNum>
	<DriverType>RATED</DriverType>
	<!--<FinancialRespFiling>false</FinancialRespFiling>-->
	<Group></Group>
</AddDriver>
<!-- repeat AddDriver as needed-->
<AddDriver>
	<ID>3</ID>
	<Prefix></Prefix>
	<FirstName>Joe</FirstName>
	<MiddleName></MiddleName>
	<LastName>Buck</LastName>
	<Suffix></Suffix>
	<Gender>M</Gender>
	<DOB>03/10/1974</DOB>
	<MaritalStatus>Single</MaritalStatus>
	<StreetAddress>7350 N Dobson Rd Suite 120</StreetAddress>
	<StreetAddress2></StreetAddress2>
	<City>Scottsdale</City>
	<County></County>
	<State>AZ</State>
	<Zip>85256</Zip>
	<RelationShipToFNI>Relative</RelationShipToFNI>
	<IsLicensed>true</IsLicensed>
	<Licensed5Yrs>true</Licensed5Yrs>
	<DateLicensed></DateLicensed>
	<LicensedState>MN</LicensedState>
	<LicenseNum>B145236985478</LicenseNum>
	<DriverType>NON_RATED</DriverType>
	<!--<FinancialRespFiling>false</FinancialRespFiling>-->
	<Group></Group>
</AddDriver>
<!--repeat newvehicle as needed-->
<newvehicle>
	<ID>4</ID>
	<VehicleType>Pickup</VehicleType>
	<ModelYear>2020</ModelYear>
	<VIN>1C61JTFG1L1111111</VIN>
	<Make>Jeep</Make>
	<Model>Gladiator Overland</Model>
	<StyleEngine>Pickup Truck - Four-Wheel Drive 4-Door - 3.6</StyleEngine>
	<Weight></Weight>
	<Over10k></Over10k>
	<CostNew></CostNew>
	<BusinessVehicle>false</BusinessVehicle>
	<TitledType>Kelly Buck - 05/18/1972</TitledType>
	<TitledinNameof></TitledinNameof>
	<GaragedAtPrimary>true</GaragedAtPrimary>
<!-- Adaptive Headlights - TBD -->
<!-- backup warning - TBD -->
<!-- Forward Crash - TBD -->
	<ForwardCrashSelect></ForwardCrashSelect>
<!-- Autonomous at - TBD -->
<!-- driver fatigue - TBD -->
<!-- Land Departure - blind spot- TBD -->
	<LaneDepartureSelect></LaneDepartureSelect>
	<BICSL>$25,000 / $50,000</BICSL>
	<PD>$15,000</PD>
	<UM>$25,000 / $50,000</UM>
	<UIM>$25,000 / $50,000</UIM>
	<MedPay>$1,000</MedPay>
	<APDL></APDL>
	<PIP></PIP>
	<WorkLossWaiver></WorkLossWaiver>
	<WorkLossWaiverDeductible></WorkLossWaiverDeductible>
	<COMPOTC></COMPOTC>
	<FCG></FCG>
	<COLL></COLL>
	<COLLDeductible></COLLDeductible>
	<AutoLL>Yes</AutoLL>
	<TransExpense>$50 / $1,500</TransExpense>
	<CustomEquip>true</CustomEquip>
	<CustomEquipment>
		<RowId>0</RowId>
		<CustomEquipValue>2500</CustomEquipValue>
		<CustomEquipDesc>just a test</CustomEquipDesc>
		<OEMSelection>false</OEMSelection>
	</CustomEquipment>
	<!--<CustomEquipment>
		<CustomEquipmentAdd>
		</CustomEquipmentAdd>
			<RowId>1</RowId>
			<CustomEquipValue>5001</CustomEquipValue>	
			<CustomEquipDesc>added handicap drop gate</CustomEquipDesc>	
			<OEMSelection>false</OEMSelection>
	</CustomEquipment>
	<CustomEquipment>
			<CustomEquipmentAdd>
			</CustomEquipmentAdd>
			<RowId>2</RowId>
			<CustomEquipValue>5002</CustomEquipValue>	
			<CustomEquipDesc>added handicap drop gate</CustomEquipDesc>	
			<OEMSelection>false</OEMSelection>
	</CustomEquipment>
	<CustomEquipmentDelete>
			<DeleteRow>2</DeleteRow>
	</CustomEquipmentDelete>
	<CustomEquipmentDelete>
			<DeleteRow>2</DeleteRow>
	</CustomEquipmentDelete>-->
		<!-- options:
		true
		 false	-->
	<CDR></CDR>
		<!-- options:  
			Yes			
			No
			-->
	<Leased></Leased>
</newvehicle>
<VehGenCovQues>
<!-- repeat AssignDriver for each vehicle on policy-->
	<AssignDriver>
		<VehicleID>4</VehicleID>
		<PrincipalDriverID>1</PrincipalDriverID>
		<PrincipalDriver>Automated Regression - 10/10/1978</PrincipalDriver>
<!--repeat OccasionalDriver as needed-->
		<OccasionalDriver>
			<VehicleID>4</VehicleID>
			<OccasionalDriverID>2</OccasionalDriverID>
			<OccasionalDriverName>Kelly Buck - 05/18/1972</OccasionalDriverName>
		</OccasionalDriver>
	<!--<OccasionalDriver>
		<VehicleID>101</VehicleID>
		<OccasionalDriverID>102</OccasionalDriverID>
		<OccasionalDriverName>Joe Buck</OccasionalDriverName>
	</OccasionalDriver>-->
	</AssignDriver>
	<TravelNet></TravelNet>
	<OtherAutoInsurance>false</OtherAutoInsurance>
</VehGenCovQues>
<PolicyGeneralInfo>
  <AssociationPlus>Bankers</AssociationPlus>
  <PayInFull>false</PayInFull>
  <TwoOrMoreCarriers>true</TwoOrMoreCarriers>
  <PriorCarrier>West Bend Mutual</PriorCarrier>
  <OtherPriorCarrierName></OtherPriorCarrierName>
  <ReasonNewQuote>Moved to different state</ReasonNewQuote>
  <OtherReason></OtherReason>
  <PolicyInception>01/01/2018</PolicyInception>
  <PolicyExpiration>01/01/2021</PolicyExpiration>
  <NoInsuranceReason></NoInsuranceReason>
  <NoInsuranceReasonDes></NoInsuranceReasonDes>
  <LiabilityType>Combined single limits</LiabilityType>
  <CSL>$10,000</CSL>
  <PerPerson></PerPerson>
  <PerAccident></PerAccident>
</PolicyGeneralInfo>
<CA_PolicyGeneral>
  <PaymentOption>Monthly (EFT Only)</PaymentOption>
  <DayOfMonth>20</DayOfMonth>
  <DepositAmt>1000</DepositAmt>
	<RoutingNumber>963963123</RoutingNumber>
	<AccountNumber>963852741</AccountNumber>
	<AccountNumberConfirmation>963852741</AccountNumberConfirmation>
	<AccountType>Checking</AccountType>
	<MailingSameAsPrimary>yes</MailingSameAsPrimary>
   <!-- if no, then use the following address fields-->
	<StreetAddress></StreetAddress>
	<StreetAddress2></StreetAddress2>
	<City></City>
	<State></State>
	<ZipCode></ZipCode>
	<EMail>TestingPolicy@WBMI.com</EMail>
	<AgencyName>R &amp; R INSURANCE SERVICES INC-48508 WEST BEND, WI (48508)</AgencyName>
	<Producer>Joyner Producer</Producer>
	<RequestedBy>Joyner Producer</RequestedBy>
	<Phone>
		<PhoneID>0</PhoneID>
		<PhoneNumberType>Mobile</PhoneNumberType>
		<PhoneNumber>248-365-8160</PhoneNumber>
	</Phone>
</CA_PolicyGeneral>
<CA_Driver>
	<ID>1</ID>
	<Occupation>Accountant</Occupation>
	<WhyNotLicensed></WhyNotLicensed>
	<HouseholdMember></HouseholdMember>
	<DriverHaveOwnCar></DriverHaveOwnCar>
	<OwnAutoInsurance></OwnAutoInsurance>
	<InsuranceCompanyName></InsuranceCompanyName>
</CA_Driver>
<CA_Driver>
	<ID>2</ID>
	<Occupation>Accountant</Occupation>
	<WhyNotLicensed></WhyNotLicensed>
	<HouseholdMember></HouseholdMember>
	<DriverHaveOwnCar></DriverHaveOwnCar>
	<OwnAutoInsurance></OwnAutoInsurance>
	<InsuranceCompanyName></InsuranceCompanyName>
</CA_Driver>
<CA_Driver>
	<ID>3</ID>
	<Occupation>Accountant</Occupation>
	<WhyNotLicensed></WhyNotLicensed>
	<HouseholdMember>true</HouseholdMember>
	<DriverHaveOwnCar>true</DriverHaveOwnCar>
	<OwnAutoInsurance>false</OwnAutoInsurance>
	<InsuranceCompanyName></InsuranceCompanyName>
</CA_Driver>
<CA_VehicleGeneral>
	<Uber>false</Uber>
	<CarSharing>false</CarSharing>
</CA_VehicleGeneral>
<!-- repeat CA_Vehicle for each vehicle on the policy -->
<CA_Vehicle>
	<ID>4</ID>
	<TypeOfBusiness>Just driving around to take pictures</TypeOfBusiness>
	<EmployeeOperatesVehicle>false</EmployeeOperatesVehicle>
	<DateOfLease>07/03/2017</DateOfLease>
	<CarryOverBalance>false</CarryOverBalance>
	<PriorLoanLeaseCoverage>true</PriorLoanLeaseCoverage>
	<AdditInterest>
        <VehicleID></VehicleID>
        <InterestType>-- Select --</InterestType>
        <!--  options
				Loss Payee
				Additional Insured
				Additional Interest
				Additional Interest-Lessor  -->
        <LoanNumber></LoanNumber>
        <Name1></Name1>
        <Name2></Name2>
        <StreetAddr></StreetAddr>
        <StreetAddr2></StreetAddr2>
        <City></City>
        <County></County>
        <State>-- Select --</State>
        <ZipCode></ZipCode>
    </AdditInterest>
</CA_Vehicle>
<LUCI>
	<Score>3360</Score>     
	<LUCIApproval>
		<Rule>RX4487</Rule>
		<Comment>Ok! Approve</Comment>
	</LUCIApproval>
</LUCI>
<PolicyHistory>
	<TransactionRow>
		<Row>2</Row>
		<TransactionType>New</TransactionType>
		<TransactionStatus>Issued</TransactionStatus>
		<PremiumChange>$413</PremiumChange>
		<AnualPremium>$413</AnualPremium>
		<UserID>wbmi\TESTPL</UserID>
		<EffectiveDate>Date(0,0,0,MM/dd/yyyy)</EffectiveDate>
		<ViewSummaryChange></ViewSummaryChange>
	</TransactionRow>
</PolicyHistory>
<ThirdPartyDB>
  <policy>ScriptVar(PolicyNumber)</policy>
  <payPlan>MO</payPlan>
  <totalPremium>413</totalPremium>
  <agencyCd>48508</agencyCd>
</ThirdPartyDB>
 <ExampleDB>
    <policy>ScriptVar(PolicyNumber)</policy>
    <policyStatus>Inforce</policyStatus>
    <transactionStatus>Committed</transactionStatus>
    <writtenPremium>413.0000</writtenPremium>
    <changePremium>413.0000</changePremium>
  </ExampleDB>
</data>