<?xml version="1.0" encoding="utf-8" ?>
<data>
<!-- Scenario #P5-->
<!--Scenario Descriptionred LUCI - adv driver-->
<!--Transaction TypeNew Business-->
<Insured>
	<ID>1</ID>
	<Prefix></Prefix>
	<FirstName>Automated</FirstName>
	<MiddleName>S05</MiddleName>
	<LastName>Regression</LastName>
	<Suffix>Sr.</Suffix>
	<Gender>NB</Gender>
	<DOB>09/16/1925</DOB>
	<MaritalStatus>Widowed</MaritalStatus>
	<StreetAddress>7350 N Dobson Rd Suite 120</StreetAddress>
	<StreetAddress2></StreetAddress2>
	<City>Scottsdale</City>
	<County></County>
	<State>AZ</State>
	<Zip>85256</Zip>
	<RelationShipToFNI>FNI</RelationShipToFNI>
	<IsLicensed>true</IsLicensed>
	<Licensed5Yrs>true</Licensed5Yrs>
	<DateLicensed></DateLicensed>
	<LicensedState>AZ</LicensedState>
	<LicenseNum>S123456789098</LicenseNum>
	<DriverType>RATED</DriverType>
	<!--<FinancialRespFiling>false</FinancialRespFiling>-->
	<Group></Group>
</Insured>
<!--repeat newvehicle as needed-->
<newvehicle>
	<ID>2</ID>
	<VehicleType>Private Passenger</VehicleType>
	<ModelYear>2010</ModelYear>
	<VIN>5N3ZA0NE1A1111111</VIN>
	<Make>Infiniti</Make>
	<Model>QX56</Model>
	<StyleEngine>Utility Vehicle - Four-Wheel Drive 4-Door</StyleEngine>
	<Weight></Weight>
	<BusinessVehicle>true</BusinessVehicle>
	<TitledType>Automated Regression - 09/16/1925</TitledType>
	<TitledinNameof></TitledinNameof>
	<GaragedAtPrimary>true</GaragedAtPrimary>
	<!-- Adaptive Headlights - TBD -->
	<!-- backup warning - TBD -->
	<!-- Forward Crash - TBD -->
	<ForwardCrashSelect></ForwardCrashSelect>
	<!-- Autonomous at - TBD -->
	<!-- driver fatigue - TBD -->
	<!-- Land Departure - blind spot- TBD -->
	<LaneDepartureSelect></LaneDepartureSelect>
	<BICSL>$500,000 / $500,000</BICSL>
	<PD>$500,000</PD>
	<MedPay>$25,000</MedPay>
	<UM>$500,000 / $500,000</UM>
	<UIM>Rejected</UIM>
	<APDL></APDL>
	<WorkLossWaiver></WorkLossWaiver>
	<WorkLossWaiverDeductible></WorkLossWaiverDeductible>
	<COMPOTC></COMPOTC>
	<FCG></FCG>
	<COLL></COLL>
	<COLLDeductible></COLLDeductible>
	<AutoLL>Yes</AutoLL>
	<TransExpense>$40 / $1,200</TransExpense>
	<CustomEquip>false</CustomEquip>
  <CustomEquipment>
	  <RowId>0</RowId>
	  <CustomEquipValue>1000</CustomEquipValue>
	  <CustomEquipDesc>Testing</CustomEquipDesc>
	  <OEMSelection>false</OEMSelection>
  </CustomEquipment>
	<CDR></CDR>
			<!-- options:  
				Yes			
				No
				-->
	<Leased></Leased>
</newvehicle>
<newvehicle>
	<ID>3</ID>
	<VehicleType>Private Passenger</VehicleType>
	<ModelYear>2019</ModelYear>
	<VIN>3GK1LMEV1K1111111</VIN>
	<Make>GMC</Make>
	<Model>Terrain SLE</Model>
	<StyleEngine>Utility Vehicle - Two-Wheel Drive 4-Door</StyleEngine>
	<Weight></Weight>
	<BusinessVehicle>false</BusinessVehicle>
	<TitledType>Automated Regression - 09/16/1925</TitledType>
	<TitledinNameof></TitledinNameof>
	<GaragedAtPrimary>true</GaragedAtPrimary>
	<!-- Adaptive Headlights - TBD -->
	<!-- backup warning - TBD -->
	<!-- Forward Crash - TBD -->
	<ForwardCrashSelect></ForwardCrashSelect>
	<!-- Autonomous at - TBD -->
	<!-- driver fatigue - TBD -->
	<!-- Land Departure - blind spot- TBD -->
	<LaneDepartureSelect></LaneDepartureSelect>
	<BICSL></BICSL>
	<PD></PD>
	<UM></UM>
	<UIM></UIM>
	<APDL></APDL>
	<PIP></PIP>
	<WorkLossWaiver></WorkLossWaiver>
	<WorkLossWaiverDeductible></WorkLossWaiverDeductible>
	<COMPOTC>$3,000</COMPOTC>
	<FCG>Yes</FCG>
	<COLL></COLL>
	<COLLDeductible>$1,500</COLLDeductible>
	<AutoLL>No</AutoLL>
	<TransExpense>$30 / $900 Included</TransExpense>
	<CustomEquip>false</CustomEquip>
  <CustomEquipment>
	  <RowId>0</RowId>
	  <CustomEquipValue>2000</CustomEquipValue>
	  <CustomEquipDesc>test1</CustomEquipDesc>
	  <OEMSelection>false</OEMSelection>
  </CustomEquipment>
  <CDR>No</CDR>
			<!-- options:  
				Yes			
				No
				-->
	<Leased></Leased>
</newvehicle>
<newvehicle>
	<ID>4</ID>
	<VehicleType>Van</VehicleType>
	<ModelYear>2000</ModelYear>
	<VIN>1GC1M19W1Y1111111</VIN>
	<Make>Chevrolet</Make>
	<Model>Astro Base/LS/LT</Model>
	<StyleEngine>Van - Two-Wheel Drive 2-Door</StyleEngine>
	<Weight></Weight>
	<BusinessVehicle>false</BusinessVehicle>
	<TitledType>Automated Regression - 09/16/1925</TitledType>
	<TitledinNameof></TitledinNameof>
	<GaragedAtPrimary>true</GaragedAtPrimary>
	<!-- Adaptive Headlights - TBD -->
	<!-- backup warning - TBD -->
	<!-- Forward Crash - TBD -->
	<ForwardCrashSelect></ForwardCrashSelect>
	<!-- Autonomous at - TBD -->
	<!-- driver fatigue - TBD -->
	<!-- Land Departure - blind spot- TBD -->
	<LaneDepartureSelect></LaneDepartureSelect>
	<BICSL>$500,000 / $1,000,000</BICSL>
	<PD>$350,000</PD>
	<UM>Rejected</UM>
	<UIM>$500,000 / $1,000,000</UIM>
	<MedPay>Not Requested</MedPay>
	<APDL></APDL>
	<WorkLossWaiver></WorkLossWaiver>
	<WorkLossWaiverDeductible></WorkLossWaiverDeductible>
	<COMPOTC>$5,000</COMPOTC>
	<FCG>Yes</FCG>
	<COLL></COLL>
	<COLLDeductible>$3,000</COLLDeductible>
	<AutoLL>No</AutoLL>
	<TransExpense>$30 / $900 Included</TransExpense>
	<CustomEquip>false</CustomEquip>
  <CustomEquipment>
	  <RowId>0</RowId>
	  <CustomEquipValue>3000</CustomEquipValue>
	  <CustomEquipDesc>Test</CustomEquipDesc>
	  <OEMSelection>false</OEMSelection>
  </CustomEquipment>
	<CDR>Yes</CDR>
			<!-- options:  
				Yes			
				No
				-->
	<Leased>false</Leased>
</newvehicle>
<VehGenCovQues>
	<!-- repeat AssignDriver for each vehicle on policy-->
	<AssignDriver>
	<VehicleID>2</VehicleID>
	<PrincipalDriverID>1</PrincipalDriverID>
	<PrincipalDriver></PrincipalDriver>
	<!--repeat OccasionalDriver as needed-->
		<OccasionalDriver>
			<VehicleID></VehicleID>
			<OccasionalDriverID></OccasionalDriverID>
		</OccasionalDriver>
	</AssignDriver>
	<AssignDriver>
		<VehicleID>3</VehicleID>
		<PrincipalDriverID>1</PrincipalDriverID>
		<!--repeat OccasionalDriver as needed-->
		<OccasionalDriver>
		<VehicleID></VehicleID>
		<OccasionalDriverID></OccasionalDriverID>
		</OccasionalDriver>
	</AssignDriver>
	<AssignDriver>
		<VehicleID>4</VehicleID>
		<PrincipalDriverID>1</PrincipalDriverID>
		<!--repeat OccasionalDriver as needed-->
		<OccasionalDriver>
		<VehicleID></VehicleID>
		<OccasionalDriverID></OccasionalDriverID>
		</OccasionalDriver>
	</AssignDriver>
	<TravelNet>$100</TravelNet>
	<OtherAutoInsurance>false</OtherAutoInsurance>
</VehGenCovQues>
<PolicyGeneralInfo>
  <AssociationPlus>West Bend Mutual Insurance Co. - Associates</AssociationPlus>
  <PayInFull>false</PayInFull>
  <TwoOrMoreCarriers>true</TwoOrMoreCarriers>
  <PriorCarrier></PriorCarrier>
  <OtherPriorCarrierName></OtherPriorCarrierName>
  <ReasonNewQuote></ReasonNewQuote>
  <OtherReason></OtherReason>
  <PolicyInception></PolicyInception>
  <PolicyExpiration></PolicyExpiration>
  <NoInsuranceReason>First vehicle</NoInsuranceReason>
  <NoInsuranceReasonDes></NoInsuranceReasonDes>
  <LiabilityType></LiabilityType>
  <CSL></CSL>
  <PerPerson></PerPerson>
  <PerAccident></PerAccident>
</PolicyGeneralInfo>
<CA_PolicyGeneral>
	<PaymentOption>Semi - Annually</PaymentOption>
	<DayOfMonth>20</DayOfMonth>
  <DepositAmt>1000</DepositAmt>
	<MailingSameAsPrimary>Yes</MailingSameAsPrimary>
	  <!-- if no, then use the following address fields-->
	<StreetAddress></StreetAddress>
	<StreetAddress2></StreetAddress2>
	<City></City>
	<State></State>
	<ZipCode></ZipCode>
	<EMail>TestingPolicy@WBMI.com</EMail>
	<AgencyName>R &amp; R INSURANCE SERVICES INC-48508 WEST BEND, WI (48508)</AgencyName>
	<Producer>Joyner Producer</Producer>
	<RequestedBy>Joyner Producer</RequestedBy>
	<Phone>
		<PhoneID>0</PhoneID>
		<PhoneNumberType>Mobile</PhoneNumberType>
		<PhoneNumber>248-365-8160</PhoneNumber>
	</Phone>
</CA_PolicyGeneral>
<CA_Driver>
	<ID>1</ID>
	<Occupation>Accountant</Occupation>
	<WhyNotLicensed></WhyNotLicensed>
	<HouseholdMember></HouseholdMember>
	<DriverHaveOwnCar></DriverHaveOwnCar>
	<OwnAutoInsurance></OwnAutoInsurance>
	<InsuranceCompanyName></InsuranceCompanyName>
</CA_Driver>
<CA_VehicleGeneral>
   <Uber>false</Uber>
   <CarSharing>false</CarSharing>
</CA_VehicleGeneral>
<!-- repeat CA_Vehicle for each vehicle on the policy -->
<CA_Vehicle>
	<ID>2</ID>
	<TypeOfBusiness>Just driving around to take pictures</TypeOfBusiness>
	<EmployeeOperatesVehicle>false</EmployeeOperatesVehicle>
	<DateOfLease>01/11/2018</DateOfLease>
	<CarryOverBalance>false</CarryOverBalance>
	<PriorLoanLeaseCoverage>true</PriorLoanLeaseCoverage>
	<AdditInterest>
		<VehicleID></VehicleID>
		<InterestType>-- Select --</InterestType>
			<!--  options
					Loss Payee
					Additional Insured
					Additional Interest
					Additional Interest-Lessor  -->
		<LoanNumber></LoanNumber>
		<Name1></Name1>
		<Name2></Name2>
		<StreetAddr></StreetAddr>
		<StreetAddr2></StreetAddr2>
		<City></City>
		<County></County>
		<State>-- Select --</State>
		<ZipCode></ZipCode>
	</AdditInterest>
</CA_Vehicle>
<LUCI>
	<Score>3360</Score>     
	<LUCIApproval>
		<Rule>RX4487</Rule>
		<Comment>Ok! Approve</Comment>
	</LUCIApproval>
</LUCI>
<PolicyHistory>
	<TransactionRow>
		<Row>2</Row>
		<TransactionType>New</TransactionType>
		<TransactionStatus>Issued</TransactionStatus>
		<PremiumChange>$2,427</PremiumChange>
		<AnualPremium>$2,427</AnualPremium>
		<UserID>wbmi\TESTPL</UserID>
		<EffectiveDate>Date(0,0,0,MM/dd/yyyy)</EffectiveDate>
		<ViewSummaryChange></ViewSummaryChange>
	</TransactionRow>
</PolicyHistory>
<ThirdPartyDB>
  <policy>ScriptVar(PolicyNumber)</policy>
  <payPlan>SA</payPlan>
  <totalPremium>2427</totalPremium>
  <agencyCd>48508</agencyCd>
</ThirdPartyDB>
  <ExampleDB>
    <policy>ScriptVar(PolicyNumber)</policy>
    <policyStatus>Inforce</policyStatus>
    <transactionStatus>Committed</transactionStatus>
    <writtenPremium>2427.0000</writtenPremium>
    <changePremium>2427.0000</changePremium>
  </ExampleDB>
</data>