<?xml version="1.0" encoding="utf-8" ?>
<steps>
  <step>
		<caption>Add Address</caption>
		<data></data>
		<action>click</action>
		<xpath>//a[text()='Add Address']</xpath>
	  </step>
	  <!-- add address functions for add and edit -->
			 <step>
				<caption>Street Address</caption>
				<data>123 main st</data>
				<action>input</action>
				<xpath>//input[@id='address_street1']</xpath>
			  </step> 
			  <step>
				<caption>Address 2</caption>
				<data>Ste 2134</data>
				<action>input</action>
				<xpath>//input[@id='address_street2']</xpath>
			  </step>  
			  <step>
				<caption>City</caption>
				<data>Ann Arbor</data>
				<action>input</action>
				<xpath>//input[@id='address_city']</xpath>
			  </step>  
			  <step>
				<caption>County</caption>
				<data>none</data>
				<action>input</action>
				<xpath>//input[@id='address_county']</xpath>
			  </step>  
			  <step>
				<caption>State</caption>
				<data>MI</data>
				<action>select</action>
				<xpath>//select[@id='address_state']</xpath>
			  </step> 
			  <step>
				<caption>Zip Code</caption>
				<data>48001</data>
				<action>input</action>
				<xpath>//input[@id='address_zipcode']</xpath>
			  </step> 
<!-- add address standardization screen-->			  
	  <step>
		<caption>Click Done</caption>
		<data></data>
		<action>click</action>
		<xpath>//button[text()='Done']</xpath>
	  </step>  	  
<!-- end of add/edit address function-->
</steps>