<?xml version="1.0" encoding="utf-8" ?>
<steps>
 <step>
	<caption>Verify PSS screen appears and drivers have loaded</caption>
	<data>True</data>
	<action>exists</action>
	<xpath>//ul[li[text()='DOB: ']]/li/a[contains(text(), 'Edit')]</xpath>
  </step>  
  <step>
	<caption>Add driver</caption>
	<data></data>
	<action>click</action>
	<xpath>//button[@class='btn btn-primary pull-right btn-sm']</xpath> 
  </step>
  <step>
	<caption>Verify driver screen appears</caption>
	<data>True</data>
	<action>exists</action>
	<xpath>//select[@id='driver_prefix']</xpath>
  </step>  
  <step>
	<caption>wait while screen loads</caption>
	<data>8000</data>
	<action>staticwait</action>
	<xpath></xpath>
  </step>   
  <step>
	<caption>Prefix</caption>
	<data>Dr.</data>
	<action>select</action>
	<xpath>//select[@id='driver_prefix']</xpath>
  </step> 
   <step>
	<caption>First Name</caption>
    <data>Second</data>
    <action>input</action>
    <xpath>//input[@id='driver_firstName']</xpath>
  </step>
   <step>
	<caption>Middle Name</caption>
    <data>Automation</data>
    <action>input</action>
    <xpath>//input[@id='driver_middleName']</xpath>
  </step>
    <step>
	<caption>Last Name</caption>
    <data>Driver</data>
    <action>input</action>
    <xpath>//input[@id='driver_lastName']</xpath>
  </step>
   <step>
	<caption>Suffix</caption>
    <data>1st</data>
    <action>select</action>
    <xpath>//select[@id='driver_suffix']</xpath> 
	<!-- possible values
	'blank'
	'Jr.'
	'Sr.'
	'1st'
	'2nd'
	'3rd'
	'4th' -->
  </step>  
   <step>
	<caption>Gender</caption>
    <data></data>
    <action>click</action>
    <xpath>//input[@type='radio' and @value='M']</xpath>
  </step>
   <step>
	<caption>DOB</caption>
    <data>08/12/1978</data>
    <action>input</action>
    <xpath>//label[@for='driver_dob']/following-sibling::div/div/div/input[@placeholder="MM/DD/YYYY"]</xpath>
  </step>
   <step>
	<caption>Marital Status</caption>
    <data>Married</data>
    <action>select</action>
    <xpath>//select[@id='driver_maritalStatus']</xpath>
	<!-- possible values
	'Single'
	'Married'
	'Divorced'
	'Widowed'
	'Separated' -->
  </step>
   <step>
	<caption>Relationship to Insured</caption>
    <data>Spouse</data>
    <action>select</action>
    <xpath>//select[@id='driver_relationshipToInsured']</xpath>
	<!-- Possible values
	'Spouse'
	'Child'
	'Grandparent'
	'Not Related'
	'Relative' -->
  </step>
   <step>
   <!-- enable only if Co-app -->
	<caption>Check if Co-applicant</caption>
    <data></data>
    <action>click</action>
    <xpath>//input[@id='driver_coApplicant']</xpath>
  </step>
  <step>
	<caption>Is individual licensed?</caption>
    <data></data>
    <action>click</action>
    <xpath>//div[@id='driver_licensed']//span/input[@type='radio' and @value='true']</xpath>
  </step>
   <step>
	<caption>Licensed at least 5 years?</caption>
    <data></data>
    <action>click</action>
    <xpath>//div[@id='driver_licensedLastFive']//input[@type='radio' and @value='false']</xpath>
  </step>
   <step>
	<caption>Date Licensed</caption>
    <data>11/11/2017</data>
    <action>input</action>
    <xpath>//label[@for='driver_dateLicensed']/following-sibling::div/div/div/input[@placeholder="MM/DD/YYYY"]</xpath>
  </step>
   <step>
	<caption>Licensed State</caption>
    <data>IL</data>
    <action>select</action>
    <xpath>//select[@id='driver_licensedState']</xpath>
  </step>
  <step>
	<caption>Driver's License #</caption>
    <data>S12541253333</data>
    <action>input</action>
    <xpath>//input[@name='driverLicenseNumber']</xpath>
  </step>
  <step>
	<caption>Driver Type</caption>
    <data></data>
    <action>click</action>
    <xpath>//div[@id='driver_driverType']//input[@type='radio' and @value='RATED']</xpath>
	<!-- Possible values
	RATED
	NON_RATED
	EXCLUDED  -->
  </step>
   <step>
	<caption>wait</caption>
    <data>2000</data>
    <action>staticwait</action>
    <xpath></xpath>
  </step>
   <step>
   <!-- visible only if Rated is selected above -->
	<caption>Does the driver need a financial responsibility filing</caption>
    <data></data>
    <action>click</action>
    <xpath>//div[@id='driver_financialResponsibilityFiling']//input[@type='radio' and @value='false']</xpath>
  </step>
  <step>
	<caption>Group</caption>
    <data>Academy of General Dentistry</data>
    <action>select</action>
    <xpath>//select[@id='driver_group']</xpath>
	<!-- Possible values
	Academy of General Dentistry
	American Dental Association
	American Institute of Architects
	American Institute of Certified Public Accountants
	Association of Mature American Citizens
	Association of American Physicians and Surgeon
	Company Employees
	Grand Rapids Bar Association
	Lakeside Home
	Lake Michigan Credit Union
	MEA
	Michigan Dental Association
	Michigan State Bar
	Michigan Society of Professional Engineers
	National Society of Professional Engineers
	Spectrum Health Employees
	WB Appointed Agency
	None
	-->
  </step>
  <step>
	<caption>take screenshot</caption>
    <data>driver</data>
    <action>takescreenshot</action>
    <xpath></xpath>
  </step>   
  <step>
	<caption>Return to Summary</caption>
    <data></data>
    <action>click</action>
    <xpath>//button[text()='//button[text()='Return to Summary']']</xpath>
  </step> 
  <step>
	<caption>Verify PSS screen appears and drivers have loaded</caption>
	<data>True</data>
	<action>exists</action>
	<xpath>//ul[li[text()='DOB: ']]/li/a[contains(text(), 'Edit')]</xpath>
  </step>  
 </steps> 