<?xml version="1.0" encoding="utf-8" ?>
<steps>
 <step>
	<caption>wait for Add Home</caption>
	<data>True</data>
	<action>exists</action>
	<xpath>//i[@class='icon icon-home']/following-sibling::button/i[@class='icon icon-plus']</xpath>
  </step>
 
 <step>
	<caption>Add home</caption>
	<data></data>
	<action>click</action>
	<xpath>//i[@class='icon icon-home']/following-sibling::button/i[@class='icon icon-plus']</xpath>
  </step>	
  <step>
	<caption>Verify Location screen displays</caption>
	<data>True</data>
	<action>exists</action>
	<xpath>//h4[text()='Add Location']</xpath>  
  </step>
  <step optional="true">
	<caption>wait for page to load</caption>
	<data>True</data>
	<action>exists</action>
	<xpath>//select[@id='home_locationBasics_usageType']/option[text()='Secondary']</xpath>  
  </step> 
  <step>
	<caption>wait for page to load</caption>
	<data>True</data>
	<action>exists</action>
	<xpath>//select[@id='home_locationBasics_usageType']/option[text()='Secondary']</xpath>  
  </step> 
   <step>
	<caption>wait</caption>
	<data>5000</data>
	<action>staticwait</action>
	<xpath></xpath>  
  </step>  
<!--<step>
	<caption>Select Form Type</caption> 

	<data>Home (H03)</data>
	<action>select</action>
	<xpath>//select[@id='home_locationBasics_formType']</xpath> 
  </step> -->
  <step>
	<caption>Select Usage Type</caption>
	<data>Secondary</data>
	<action>select</action>
	<xpath>//select[@id='home_locationBasics_usageType']</xpath> 
		<!--Options
		Primary
		Secondary
		Seasonal
		-->
  </step>  

 <step>
    <caption>Add Address</caption>
    <data></data>
    <action>click</action>
    <xpath>//button[text()='Add Address']</xpath>
  </step>    
  <step>
    <caption>Street Address</caption>
    <data>124 N main st</data>
    <action>input</action>
    <xpath>//input[@id='address_street1']</xpath>
  </step> 
  <step>
    <caption>Address 2</caption>
    <data>Ste 2134</data>
    <action>input</action>
    <xpath>//input[@id='address_street2']</xpath>
  </step>  
  <step>
    <caption>City</caption>
    <data>Ann Arbor</data>
    <action>input</action>
    <xpath>//input[@id='address_city']</xpath>
  </step>  
  <step>
    <caption>County</caption>
    <data>none</data>
    <action>input</action>
    <xpath>//input[@id='address_county']</xpath>
  </step>  
  <step>
    <caption>State</caption>
    <data>MI</data>
    <action>select</action>
    <xpath>//select[@id='address_state']</xpath>
  </step> 
  <step>
    <caption>Zip Code</caption>
    <data>48001</data>
    <action>input</action>
    <xpath>//input[@id='address_zipcode']</xpath>
  </step> 
  <step>
    <caption>Click Done</caption>
    <data></data>
    <action>click</action>
    <xpath>//button[text()='Done']</xpath>
  </step>  
  <step>
    <caption>wait</caption>
    <data>3000</data>
    <action>staticwait</action>
    <xpath></xpath>
  </step> 
 <step>
	<caption>wait</caption>
	<data>3000</data>
	<action>staticwait</action>
	<xpath></xpath> 
  </step>    
 <step>
	<caption>Year Built</caption>
	<data>1980</data>
	<action>input</action>
	<xpath>//input[@name='yearBuilt']</xpath> 
  </step>  
  <step>
	<caption>Construction Type</caption>
	<data>Frame</data>
	<action>select</action>
	<xpath>//select[@id='home_locationInfo_constructionType']</xpath> 
  </step>  
  <step>
	<caption>Number of Families</caption>
	<data>One</data>
	<action>select</action>
	<xpath>//select[@id='home_locationInfo_numberOfFamilies']</xpath> 
  </step>   
  <step>
	<caption>Coverage A dwelling</caption>
	<data>359876</data>
	<action>input</action>
	<xpath>//input[@name='coverageALimit']</xpath> 
  </step> 
  <step>
	<caption>Coverage A Loss Settlement</caption>
	<data>Replacement Cost</data>
	<action>select</action>
	<xpath>//select[@id='home_homeCoverage_coverageALossSettlementOption']</xpath> 
	<!--options:
	Replacement Cost
	Replacement Cost + 25%
	Replacement Cost + 50%
	Guaranteed Replacement Cost
	Functional Replacement Cost
	-->
  </step> 
  <step>
	<caption>Coverage B Other Structures</caption>
	<data>10% of Coverage A</data>
	<action>select</action>
	<xpath>//select[@id='home_homeCoverage_coverageBOtherStructures']</xpath> 
	<!--options:
	10% of Coverage A
	20% of Coverage A	
	-->
  </step>   

    <step>
	<caption>Coverage C Loss Settlement</caption>
	<data>Actual Cash Value</data>
	<action>select</action>
	<xpath>//select[@id='home_homeCoverage_coverageCLossSettlementOption']</xpath> 
	<!--options:
	Actual Cash Value
	Replacement Cost	
	-->
  </step>  
    <step>
	<caption>Coverage C Property</caption>
	<data>40% of Coverage A</data>
	<action>select</action>
	<xpath>//select[@id='home_homeCoverage_coverageCPersonalProperty']</xpath> 
	<!--options:
	40% of Coverage A
	50% of Coverage A	
	60% of Coverage A
	70% of Coverage A
	80% of Coverage A
	-->
  </step>   
   <step>
	<caption>Coverage D Loss of Use</caption>
	<data>20% of Coverage A</data>
	<action>select</action>
	<xpath>//select[@id='home_homeCoverage_coverageDLossOfUse']</xpath> 
	<!--options:
	20% of Coverage A
	30% of Coverage A
	40% of Coverage A
	50% of Coverage A	
	60% of Coverage A
	70% of Coverage A
	80% of Coverage A
	90% of Coverage A
	100% of Coverage A
	-->
  </step>  
  <step>
	<caption>Deductible</caption>
	<data>$2,000</data>
	<action>select</action>
	<xpath>//select[@id='home_homeCoverage_homeCoverageDeductible']</xpath> 
	<!--options:
	$500
	$1,000
	$1,500
	$2,000
	$2,500
	$5,000
	$7,500
	$10,000
	$15,000
	$20,000
	$25,000
	$35,000
	$50,000	
	-->
  </step>  
  <step>
	<caption>Return to Summary</caption>
	<data></data>
	<action>click</action>
	<xpath>//button[text()='Return to Summary']</xpath> 
  </step>   
  
</steps>  