<?xml version="1.0" encoding="utf-8" ?>
<TestScript>
 <data>
     <newhome>
      <!-- <FormType>Home (H03)</FormType> -->
      <UsageType>Primary</UsageType>	 
		<!--  before we change this on use 1 script for primary and secondary, need to add address script call
		Options
		Primary
		Secondary
		Seasonal
		-->	
     <YearBuilt>1980</YearBuilt>			
      <ConstructionType>Frame</ConstructionType>	
		<!--  Options
		Frame
		Masonry/Brick
		Log
		Mobile Home
		Converted Commercial Structure
		-->	  
      <NumOfFamilies>One</NumOfFamilies>	
		<!-- before using Two, script will need if/then function.  or use exists as an optional check 
		Options
		One
		Two
		-->	  	
      <CovADwelling>$356,894</CovADwelling>	
      <CovALossSettlement>Replacement Cost</CovALossSettlement>	
		<!--options:  
		Replacement Cost
		Replacement Cost + 25%
		Replacement Cost + 50%
		Guaranteed Replacement Cost
		Functional Replacement Cost
		-->	  
      <CovBOtherStructures>10% of Coverage A</CovBOtherStructures>	
		<!--options:
		10% of Coverage A
		20% of Coverage A	
		-->		
      <CovCLossSettlement>Actual Cash Value</CovCLossSettlement>	
		<!--options:  must be same across all homes
		Actual Cash Value
		Replacement Cost	
		-->	
	  <CovCProperty>40% of Coverage A</CovCProperty>		
		<!--options:
		40% of Coverage A
		50% of Coverage A	
		60% of Coverage A
		70% of Coverage A
		80% of Coverage A
		-->	  
	  <CovDLossOfUse>20% of Coverage A</CovDLossOfUse>	
		<!--options:
		20% of Coverage A
		30% of Coverage A
		40% of Coverage A
		50% of Coverage A	
		60% of Coverage A
		70% of Coverage A
		80% of Coverage A
		90% of Coverage A
		100% of Coverage A
		-->	 
	  <CovE>$500,000</CovE>	
		<!--options:  must be same across all homes
		$100,000
		$300,000
		$500,000
		$1,000,000    *internal only
		-->	 
	  <CovF>$25,000</CovF>	
		<!--options:  must be same across all homes
		$5,000
		$10,000
		$25,000
		-->	 		
	  <Deductible>$2,000</Deductible>	
		<!--options:
			$500
			$1,000
			$1,500
			$2,000
			$2,500
			$5,000
			$7,500
			$10,000
			$15,000
			$20,000
			$25,000
			$35,000
			$50,000	
			-->	  		
		</newhome>	
   </data>
<steps>
  <step>
      <caption>Initiating the data set</caption>
      <data>newhome</data>
      <action>setdata</action>
      <xpath></xpath>
  </step>
  	  <step optional="true">
		<caption>Wait for PSS driver spinner to disappear</caption>
		<data>true</data>
		<action>exists</action>
		<xpath>//div[@class='col-md-6']//div[contains(@class,'Spinner__spinner_container') and not(contains(@class,'show'))]</xpath>
	  </step>
	  <step>
		<caption>Wait for PSS driver spinner to disappear</caption>
		<data>true</data>
		<action>exists</action>
		<xpath>//div[@class='col-md-6']//div[contains(@class,'Spinner__spinner_container') and not(contains(@class,'show'))]</xpath>
	  </step>	
 <step>
	<caption>wait for Add Home</caption>
	<data>true</data>
	<action>exists</action>
	<xpath>//a[text()='Add a Home']</xpath>
  </step>
 <step>
	<caption>wait</caption>
	<data>1000</data>
	<action>staticwait</action>
	<xpath></xpath>
  </step>  
 <step>
	<caption>Add home</caption>
	<data></data>
	<action>click</action>
	<xpath>//a[text()='Add a Home']</xpath>
  </step>
  <step>
	<caption>wait</caption>
	<data>1000</data>
	<action>staticwait</action>
	<xpath></xpath>
  </step>  
	  <step>
		<caption>Wait for spinner to disappear</caption>
		<data>true</data>
		<action>exists</action>
		<xpath>//div[@id='loading' and not(@class='loading show')]</xpath>
	  </step>    
 <step>
	<caption>Verify Location screen displays</caption>
	<data>true</data>
	<action>exists</action>
	<xpath>//select[@id='home_locationBasics_usageType']/option[text()='Primary']</xpath>  
  </step>  
    <step>
	<caption>wait</caption>
	<data>1000</data>
	<action>staticwait</action>
	<xpath></xpath>
  </step>  
 <!-- <step>
	<caption>Select Form Type</caption>

	<data>{FormType}</data>
	<action>select</action>
	<xpath>//select[@id='home_locationBasics_formType']</xpath> 
  </step> -->
  <step>
	<caption>Select Usage Type</caption>
	<data>{UsageType}</data>
	<action>select</action>
	<xpath>//select[@id='home_locationBasics_usageType']</xpath> 
  </step>  
<!-- see address scripts if not primary, waiting on if then else function -->
 <step>
	<caption>wait</caption>
	<data>3000</data>
	<action>staticwait</action>
	<xpath></xpath> 
  </step>   
 <step>
	<caption>Year Built</caption>
	<data>{YearBuilt}</data>
	<action>input</action>
	<xpath>//input[@name='yearBuilt']</xpath> 
  </step>  
  <step>
	<caption>Construction Type</caption>
	<data>{ConstructionType}</data>
	<action>select</action>
	<xpath>//select[@id='home_locationInfo_constructionType']</xpath> 
  </step>  
  <step>
	<caption>Number of Families</caption>
	<data>{NumOfFamilies}</data>
	<action>select</action>
	<xpath>//select[@id='home_locationInfo_numberOfFamilies']</xpath> 
  </step> 
	<step>
	<caption>screenshot</caption>
	<data>screenshot1</data>
	<action>takescreenshot</action>
	<xpath></xpath> 
  </step>   
  <step>
	<caption>Coverage A dwelling</caption>
	<data>{CovADwelling}</data>
	<action>input</action>
	<xpath>//input[@name='coverageALimit']</xpath> 
  </step> 
  <step>
	<caption>Coverage A Loss Settlement</caption>
	<data>{CovALossSettlement}</data>
	<action>select</action>
	<xpath>//select[@id='home_homeCoverage_coverageALossSettlementOption']</xpath> 
  </step> 
  <step>
	<caption>Coverage B Other Structures</caption>
	<data>{CovBOtherStructures}</data>
	<action>select</action>
	<xpath>//select[@id='home_homeCoverage_coverageBOtherStructures']</xpath> 
  </step>   
    <step>
	<caption>Coverage C Loss Settlement</caption>
	<data>{CovCLossSettlement}</data>
	<action>select</action>
	<xpath>//select[@id='home_homeCoverage_coverageCLossSettlementOption']</xpath> 
  </step>  
    <step>
	<caption>Coverage C Property</caption>
	<data>{CovCProperty}</data>
	<action>select</action>
	<xpath>//select[@id='home_homeCoverage_coverageCPersonalProperty']</xpath> 
  </step>   
   <step>
	<caption>Coverage D Loss of Use</caption>
	<data>{CovDLossOfUse}</data>
	<action>select</action>
	<xpath>//select[@id='home_homeCoverage_coverageDLossOfUse']</xpath> 
  </step> 
  <step>
	<caption>Coverage E</caption>
	<data>{CovE}</data>
	<action>select</action>
	<xpath>//select[@id='home_homeCoverage_coverageELimit']</xpath> 
  </step>
  <step>
	<caption>Coverage F</caption>
	<data>{CovF}</data>
	<action>select</action>
	<xpath>//select[@id='home_homeCoverage_coverageFLimit']</xpath> 
  </step>  
  <step>
	<caption>Deductible</caption>
	<data>{Deductible}</data>
	<action>select</action>
	<xpath>//select[@id='home_homeCoverage_homeCoverageDeductible']</xpath> 
  </step>  
  	<step>
	<caption>screenshot</caption>
	<data>screenshot2</data>
	<action>takescreenshot</action>
	<xpath></xpath> 
  </step>   
  <step>
	<caption>wait</caption>
	<data>3000</data>
	<action>staticwait</action>
	<xpath></xpath> 
  </step> 
  <step>
	<caption>Return to Summary</caption>
	<data></data>
	<action>click</action>
	<xpath>//button[text()='Return to Summary']</xpath> 
  </step> 
   <step>
      <caption>release the data set</caption>
      <data>newhome</data>
      <action>enddata</action>
      <xpath></xpath>
  </step> 
	  <step>
		<caption>Wait for spinner to disappear</caption>
		<data>true</data>
		<action>exists</action>
		<xpath>//div[@id='loading' and not(@class='loading show')]</xpath>
	  </step>   
  <step>
    <caption>wait</caption>
    <data>1000</data>
    <action>staticwait</action>
    <xpath></xpath>
  </step> 
	  <step optional="true">
		<caption>Wait for PSS spinner to disappear</caption>
		<data>true</data>
		<action>exists</action>
		<xpath>//div[contains(@class,'luciContainer')]/following-sibling::div[contains(@class,'Spinner__spinner_container') and not(contains(@class,'show'))]</xpath>
	  </step>  
	  <step>
		<caption>Wait for PSS spinner to disappear</caption>
		<data>true</data>
		<action>exists</action>
		<xpath>//div[contains(@class,'luciContainer')]/following-sibling::div[contains(@class,'Spinner__spinner_container') and not(contains(@class,'show'))]</xpath>
	  </step> 	
	<step>
	<caption>screenshot</caption>
	<data>screenshot3</data>
	<action>takescreenshot</action>
	<xpath></xpath> 
  </step>   	  
</steps>  
</TestScript>