<?xml version="1.0" encoding="utf-8" ?>
<TestScript>
 <data>
     <newhome>
      <!-- <FormType>Home (H03)</FormType> -->
      <UsageType>Secondary</UsageType>	 
		<!--  before we change this on use 1 script for primary and secondary, need to add address script call
		Options
		Primary
		Secondary
		Seasonal
		-->	
     <YearBuilt>1980</YearBuilt>			
      <ConstructionType>Frame</ConstructionType>	
		<!--  Options
		Frame
		Masonry/Brick
		Log
		Mobile Home
		Converted Commercial Structure
		-->	  
      <NumOfFamilies>One</NumOfFamilies>	
		<!-- before using Two, script will need if/then function.  or use exists as an optional check 
		Options
		One
		Two
		-->	  	
      <CovADwelling>$356,894</CovADwelling>	
      <CovALossSettlement>Replacement Cost</CovALossSettlement>	
		<!--options:
		Replacement Cost
		Replacement Cost + 25%
		Replacement Cost + 50%
		Guaranteed Replacement Cost
		Functional Replacement Cost
		-->	  
      <CovBOtherStructures>10% of Coverage A</CovBOtherStructures>	
		<!--options:
		10% of Coverage A
		20% of Coverage A	
		-->		
      <CovCLossSettlement>Actual Cash Value</CovCLossSettlement>	
		<!--options:
		Actual Cash Value
		Replacement Cost	
		-->	
	  <CovCProperty>40% of Coverage A</CovCProperty>		
		<!--options:
		40% of Coverage A
		50% of Coverage A	
		60% of Coverage A
		70% of Coverage A
		80% of Coverage A
		-->	  
	  <CovDLossOfUse>20% of Coverage A</CovDLossOfUse>	
		<!--options:
		20% of Coverage A
		30% of Coverage A
		40% of Coverage A
		50% of Coverage A	
		60% of Coverage A
		70% of Coverage A
		80% of Coverage A
		90% of Coverage A
		100% of Coverage A
		-->	 
	  <Deductible>$2,000</Deductible>	
		<!--options:
			$500
			$1,000
			$1,500
			$2,000
			$2,500
			$5,000
			$7,500
			$10,000
			$15,000
			$20,000
			$25,000
			$35,000
			$50,000	
			-->	 
		<Address1>124 N Main st</Address1>		
		<Address2>apt 362</Address2>		
		<City>Ann Arbor</City>		
		<State>MI</State>		
		<ZipCode>48000</ZipCode>				
		</newhome>	
   </data>
<steps>
 <step>
      <caption>Initiating the data set</caption>
      <data>newhome</data>
      <action>setdata</action>
      <xpath></xpath>
  </step>
 <step>
	<caption>wait for Add Home</caption>
	<data>True</data>
	<action>exists</action>
	<xpath>//i[@class='icon icon-home']/following-sibling::button/i[@class='icon icon-plus']</xpath>
  </step> 
 <step>
	<caption>Add home</caption>
	<data></data>
	<action>click</action>
	<xpath>//i[@class='icon icon-home']/following-sibling::button/i[@class='icon icon-plus']</xpath>
  </step>	
  <step>
	<caption>Verify Location screen displays</caption>
	<data>True</data>
	<action>exists</action>
	<xpath>//h4[text()='Add Location']</xpath>  
  </step>
  <step optional="true">
	<caption>wait for page to load</caption>
	<data>True</data>
	<action>exists</action>
	<xpath>//select[@id='home_locationBasics_usageType']/option[text()='Secondary']</xpath>  
  </step> 
  <step>
	<caption>wait for page to load</caption>
	<data>True</data>
	<action>exists</action>
	<xpath>//select[@id='home_locationBasics_usageType']/option[text()='Secondary']</xpath>  
  </step> 
   <step>
	<caption>wait</caption>
	<data>5000</data>
	<action>staticwait</action>
	<xpath></xpath>  
  </step>  
<!--<step>
	<caption>Select Form Type</caption> 

	<data>Home (H03)</data>
	<action>select</action>
	<xpath>//select[@id='home_locationBasics_formType']</xpath> 
  </step> -->
  <step>
	<caption>Select Usage Type</caption>
	<data>{UsageType}</data>
	<action>select</action>
	<xpath>//select[@id='home_locationBasics_usageType']</xpath> 
		<!--Options
		Primary
		Secondary
		Seasonal
		-->
  </step>  

 <step>
    <caption>Add Address</caption>
    <data></data>
    <action>click</action>
    <xpath>//button[text()='Add Address']</xpath>
  </step>    
  <step>
    <caption>Street Address</caption>
    <data>{Address1}</data>
    <action>input</action>
    <xpath>//input[@id='address_street1']</xpath>
  </step> 
  <step>
    <caption>Address 2</caption>
    <data>{Address2}</data>
    <action>input</action>
    <xpath>//input[@id='address_street2']</xpath>
  </step>  
  <step>
    <caption>City</caption>
    <data>{City}</data>
    <action>input</action>
    <xpath>//input[@id='address_city']</xpath>
  </step>  
  <step>
    <caption>County</caption>
    <data></data>
    <action>input</action>
    <xpath>//input[@id='address_county']</xpath>
  </step>  
  <step>
    <caption>State</caption>
    <data>{State}</data>
    <action>select</action>
    <xpath>//select[@id='address_state']</xpath>
  </step> 
  <step>
    <caption>Zip Code</caption>
    <data>{ZipCode}</data>
    <action>input</action>
    <xpath>//input[@id='address_zipcode']</xpath>
  </step> 
  <step>
    <caption>Click Done</caption>
    <data></data>
    <action>click</action>
    <xpath>//button[text()='Done']</xpath>
  </step>  
  <step>
    <caption>wait</caption>
    <data>3000</data>
    <action>staticwait</action>
    <xpath></xpath>
  </step> 
 <step>
	<caption>wait</caption>
	<data>3000</data>
	<action>staticwait</action>
	<xpath></xpath> 
  </step>    
 <step>
	<caption>Year Built</caption>
	<data>{YearBuilt}</data>
	<action>input</action>
	<xpath>//input[@name='yearBuilt']</xpath> 
  </step>  
  <step>
	<caption>Construction Type</caption>
	<data>{ConstructionType}</data>
	<action>select</action>
	<xpath>//select[@id='home_locationInfo_constructionType']</xpath> 
  </step>  
  <step>
	<caption>Number of Families</caption>
	<data>{NumOfFamilies}</data>
	<action>select</action>
	<xpath>//select[@id='home_locationInfo_numberOfFamilies']</xpath> 
  </step>   
  <step>
	<caption>Coverage A dwelling</caption>
	<data>{CovADwelling}</data>
	<action>input</action>
	<xpath>//input[@name='coverageALimit']</xpath> 
  </step> 
  <step>
	<caption>Coverage A Loss Settlement</caption>
	<data>{CovALossSettlement}</data>
	<action>select</action>
	<xpath>//select[@id='home_homeCoverage_coverageALossSettlementOption']</xpath> 
	<!--options:
	Replacement Cost
	Replacement Cost + 25%
	Replacement Cost + 50%
	Guaranteed Replacement Cost
	Functional Replacement Cost
	-->
  </step> 
  <step>
	<caption>Coverage B Other Structures</caption>
	<data>{CovBOtherStructures}</data>
	<action>select</action>
	<xpath>//select[@id='home_homeCoverage_coverageBOtherStructures']</xpath> 
	<!--options:
	10% of Coverage A
	20% of Coverage A	
	-->
  </step>   

    <step>
	<caption>Coverage C Loss Settlement</caption>
	<data>{CovCLossSettlement}</data>
	<action>select</action>
	<xpath>//select[@id='home_homeCoverage_coverageCLossSettlementOption']</xpath> 
	<!--options:
	Actual Cash Value
	Replacement Cost	
	-->
  </step>  
    <step>
	<caption>Coverage C Property</caption>
	<data>{CovCProperty}</data>
	<action>select</action>
	<xpath>//select[@id='home_homeCoverage_coverageCPersonalProperty']</xpath> 
	<!--options:
	40% of Coverage A
	50% of Coverage A	
	60% of Coverage A
	70% of Coverage A
	80% of Coverage A
	-->
  </step>   
   <step>
	<caption>Coverage D Loss of Use</caption>
	<data>{CovDLossOfUse}</data>
	<action>select</action>
	<xpath>//select[@id='home_homeCoverage_coverageDLossOfUse']</xpath> 
	<!--options:
	20% of Coverage A
	30% of Coverage A
	40% of Coverage A
	50% of Coverage A	
	60% of Coverage A
	70% of Coverage A
	80% of Coverage A
	90% of Coverage A
	100% of Coverage A
	-->
  </step>  
  <step>
	<caption>Deductible</caption>
	<data>{Deductible}</data>
	<action>select</action>
	<xpath>//select[@id='home_homeCoverage_homeCoverageDeductible']</xpath> 
	<!--options:
	$500
	$1,000
	$1,500
	$2,000
	$2,500
	$5,000
	$7,500
	$10,000
	$15,000
	$20,000
	$25,000
	$35,000
	$50,000	
	-->
  </step>  
 <step>
	<caption>Return to Summary</caption>
	<data></data>
	<action>click</action>
	<xpath>//button[text()='Return to Summary']</xpath> 
  </step>   
  <step>
      <caption>release the data set</caption>
      <data>newhome</data>
      <action>enddata</action>
      <xpath></xpath>
  </step> 
</steps>  
</TestScript>