<?xml version="1.0" encoding="utf-8" ?>
<TestScript>
 <data>
     <newvehicle>
	    <VehicleType>Private Passenger</VehicleType>
		<ModelYear>2017</ModelYear>
		<Make>CHEV</Make>
		<Model>CAMARO SS</Model>
		<StyleEngine>2-Door Coupe - 6.2</StyleEngine>
		<!-- vehicle usage - TBD -->
		<TitledType>Other</TitledType>
		<TitledinNameof>My Test Business</TitledinNameof>
		<!-- Adaptive Headlights - TBD -->	
		<!-- backup warning - TBD -->	
		<!-- Forward Crash - TBD -->
		<ForwardCrashSelect>With Auto-Braking</ForwardCrashSelect>
			<!-- options:  With Auto-Braking,Without Auto-Braking -->		
		<!-- Autonomous at - TBD -->	
		<!-- driver fatigue - TBD -->	
		<!-- Land Departure - blind spot- TBD -->	
		<LaneDepartureSelect>Lane Departure Only</LaneDepartureSelect>	
			<!-- options:  Lane Departure Only, Blind Spot Monitoring Only, Both Lane Departure Blind Spot Monitoring -->
		<BICSL>$50,000 / $100,000</BICSL>	
			<!-- options:  
				$20,000 / $40,000
				$50,000 / $100,000
				$100,000 / $300,000
				$250,000 / $500,000
				$500,000 / $500,000
				$500,000 / $1,000,000
				$1,000,000 / $1,000,000
				$100,000
				$300,000
				$500,000
				$1,000,000
			-->		
		<PD>$10,000</PD>
			<!-- options:  
				$10,000
				$25,000
				$50,000
				$100,000
				$250,000
				$350,000
				$500,000
			-->		
		<UMUIM>$50,000 / $100,000</UMUIM>	
			<!-- MUST BE LES THAN OR EQUAL TO BI/CSL
				options:  
				$20,000 / $40,000
				$50,000 / $100,000
				$100,000 / $300,000
				$250,000 / $500,000
				$500,000 / $500,000
				$500,000 / $1,000,000
				$1,000,000 / $1,000,000
			-->	
		<APDL>$1,000</APDL>	
			<!-- options:  		$1,000	-->
		<PIP>Primary Medical - $1,000 deductible</PIP>	
			<!-- options:  		
			Excess Medical - $0 deductible
			Primary Medical - $0 deductible
			Primary Medical - $500 deductible
			Primary Medical - $1,000 deductible
			Primary Medical - $10,000 deductible
			-->		
		<!--WorkLossWaiver - TBD -->	
			<!--options:
				//div[@id='vehicle_vehiclecoverages_workLossWaiver']//input[@value='Yes']
				//div[@id='vehicle_vehiclecoverages_workLossWaiver']//input[@value='No']
				-->
		<WorkLossWaiverDeductible>$10,000</WorkLossWaiverDeductible>		
			<!-- options:  		
				$0
				$500
				$1,000
				$5,000
				$10,000
				-->
		<COMPOTC>$5,000</COMPOTC>	
			<!-- options:  		
				$100
				$250
				$500
				$1,000
				$1,500
				$2,000
				$2,500
				$3,000
				$5,000
				-->		
		<!-- <FCG></FCG>	-->
			<!-- options:
				//div[@id='vehicle_vehiclecoverages_fullGlassCoverage']//input[@value='Yes']
				//div[@id='vehicle_vehiclecoverages_fullGlassCoverage']//input[@value='No']
				-->	
		<COLL>Broad</COLL>	
			<!-- options:  		
				Broad
				Standard
				Limited	
				-->	
		<COLLDeductible>$100</COLLDeductible>	
			<!-- options:  		
				Broad or standard:
					$100
					$250
					$500
					$1,000
					$1,500
					$2,000
					$2,500
					$3,000
					$5,000
				Limited	
					$0
					$100
				-->	
		<!--<AutoLL></AutoLL>-->
			<!-- options:
			//div[@id='vehicle_vehiclecoverages_autoLoanCoverage']//input[@value='Yes']
			//div[@id='vehicle_vehiclecoverages_autoLoanCoverage']//input[@value='No']
			-->		
		<TransExpense>$40 / $1,200</TransExpense>	
			<!-- options:  		
				$30 / $900 Included
				$40 / $1,200
				$50 / $1,500
				$75 / $2,250
				$100 / $3,000
				$150 / $4,500
				$200 / $6,000
				-->	
		<!--<CustomEquip></CustomEquip>	-->
				<!-- options:
				//div[@id='vehicle_vehiclecoverages_assistHandicapped']//input[@value='true']
				//div[@id='vehicle_vehiclecoverages_assistHandicapped']//input[@value='false']
				-->	
		<CustomEquipValue>5000</CustomEquipValue>	
		<CustomEquipDesc>added handicap drop gate</CustomEquipDesc>			
		<CDR>Car Damage Enhanced Actual Cash Value</CDR>
			<!-- options:  		
				Car Damage Replacement Coverage
				Car Damage Replacement Plus Coverage
				Car Damage Enhanced Actual Cash Value
				-->	
		<!--<Leased></Leased>-->	
			<!-- options:
			//div[@id='vehicle_vehiclecoverages_leasedVehicle']//input[@value='true']
			//div[@id='vehicle_vehiclecoverages_leasedVehicle']//input[@value='false']
			-->	
			
	 </newvehicle>
 </data>	 
<steps>
<step>
      <caption>Initiating the data set</caption>
      <data>newvehicle</data>
      <action>setdata</action>
      <xpath></xpath>
  </step>
	  <step>
		<caption>Wait for PSS LUCI spinner to disappear</caption>
		<data></data>
		<action>Wait_LUCI.xml</action>
		<xpath></xpath>
	  </step>
	 <step>
		<caption>wait for Add vehicle</caption>
		<data>True</data>
		<action>exists</action>
		<xpath>//i[@class='icon icon-truck']/following-sibling::button/i[@class='icon icon-plus']</xpath>
	  </step>
 
 <step>
	<caption>Add vehicle</caption>
	<data></data>
	<action>click</action>
	<xpath>//i[@class='icon icon-truck']/following-sibling::button/i[@class='icon icon-plus']</xpath>
  </step>	
	  <step>
		<caption>Wait for PSS driver spinner to disappear</caption>
		<data></data>
		<action>Wait_Loading-Saving.xml</action>
		<xpath></xpath>
	  </step>
  <step>
	<caption>Vehicle Type</caption>
	<data>{VehicleType}</data>
	<action>select</action>
	<xpath>//select[@id='vehicle_vehicleinfo_vehicleType']</xpath> 
  </step> 
  <step>
	<caption>Model Year</caption>
    <data>{ModelYear}</data>
    <action>input</action>
    <xpath>//div[@id='vehicle_vehicleinfo_year']//input</xpath>
  </step> 
  <step>
	<caption>wait</caption>
    <data>5000</data>
    <action>staticwait</action>
    <xpath></xpath>
  </step> 
  <step>
	<caption>Make</caption>
    <data>{Make}</data>
    <action>input</action>
    <xpath>//div[@id='vehicle_vehicleinfo_make']//input</xpath>
  </step> 
  <step>
	<caption>wait</caption>
    <data>5000</data>
    <action>staticwait</action>
    <xpath></xpath>
  </step>  
 <step>
	<caption>Model</caption>
    <data>{Model}</data>
    <action>input</action>
    <xpath>//div[@id='vehicle_vehicleinfo_model']//input</xpath>
  </step> 
  <step>
	<caption>wait</caption>
    <data>5000</data>
    <action>staticwait</action>
    <xpath></xpath>
  </step>  
  <step>
	<caption>Style Engine</caption>
    <data>{StyleEngine}</data>
    <action>input</action>
    <xpath>//div[@id='vehicle_vehicleinfo_bodyEngineStyle']//input</xpath>
  </step>
  <step>
	<caption>Click Validate Vehicle Info </caption>
    <data></data>
    <action>click</action>
    <xpath>//button[text()='Validate Vehicle Information']</xpath>
  </step>  
 <step>
	<caption>wait</caption>
    <data>1000</data>
    <action>staticwait</action>
    <xpath></xpath>
  </step>  
  <step>
	<caption>remainder of screen loads</caption>
    <data>true</data>
    <action>exists</action>
    <xpath>//div[@id='vehicle_vehicleusage_businessVehicle']//input[@value='false']</xpath>
  </step>  
    <step>
	<caption>Weight more than 10,000 lbs</caption>
    <data></data>
    <action>click</action>
    <xpath>//div[@id='vehicle_vehicleinfo_over10KPounds']//span/input[@type='radio' and @value='false']</xpath>
	<!-- 
	options
	No=<xpath>//div[@id='vehicle_vehicleinfo_over10KPounds']//span/input[@type='radio' and @value='false']</xpath>
	Yes=<xpath>//div[@id='vehicle_vehicleinfo_over10KPounds']//span/input[@type='radio' and @value='true']</xpath>
	-->
  </step> 
  <step>
	<caption>Vehicle screen shot 1</caption>
    <data>ScreenShot</data>
    <action>takescreenshot</action>
    <xpath></xpath>
  </step> 
  <step>
	<caption>Vehicle Usage</caption>
    <data></data>
    <action>click</action>
    <xpath>//div[@id='vehicle_vehicleusage_businessVehicle']//input[@value='false']</xpath>
  </step>
  <step>
	<caption>wait</caption>
    <data>2000</data>
    <action>staticwait</action>
    <xpath></xpath>
  </step>   
  <step>
	<caption>Titled Type</caption>
    <data>{TitledType}</data>
	<action>input</action>
    <xpath>//div[@id='vehicle_vehicleusage_vehicleTitle']//input</xpath>
  </step>
  <step>
	<caption>Titled in Name of</caption>
    <data>{TitledinNameof}</data>
	<action>input</action>
    <xpath>//input[@id='vehicle_vehicleusage_vehicleTitleOverride']</xpath>
  </step>  
  <step>
	<caption>Is this vehicle garaged at the address below?</caption>
    <data></data>
    <action>click</action>
    <xpath>//div[@id='vehicle_vehicleusage_vehicleGarage']//input[@value='true']</xpath>
  </step> 
  <step>
	<caption>Vehicle Features - Adaptive Headlights</caption>
    <data></data>
    <action>click</action>
    <xpath>//input[@id='vehicle_vehiclefeatures_adaptiveHeadlights']</xpath>
  </step> 
  <step>
	<caption>Vehicle Features - backup warning</caption>
    <data></data>
    <action>click</action>
    <xpath>//input[@id='vehicle_vehiclefeatures_backupWarning']</xpath>
  </step> 
  <step>
	<caption>Vehicle Features - Forward Crash</caption>
    <data></data>
    <action>click</action>
    <xpath>//input[@id='vehicle_vehiclefeatures_forwardCrashAvoidance']</xpath>
  </step> 
   <step>
	<caption>Vehicle Features - Forward Crash - select</caption>
    <data>{ForwardCrashSelect}</data>
	<!-- options:  With Auto-Braking,Without Auto-Braking --> 
    <action>select</action>
    <xpath>//select[@id='vehicle_vehiclefeatures_forwardCrashAvoidanceDropdown']</xpath>
  </step>  
  <step>
	<caption>Vehicle Features - Autonomous</caption>
    <data></data>
    <action>click</action>
    <xpath>//input[@id='vehicle_vehiclefeatures_autonomousOperationMode']</xpath>
  </step> 
  <step>
	<caption>Vehicle Features - driver fatigue</caption>
    <data></data>
    <action>click</action>
    <xpath>//input[@id='vehicle_vehiclefeatures_driverFatigueSensing']</xpath>
  </step> 
  <step>
	<caption>Vehicle Features - Lane Departure - blind spot</caption>
    <data></data>
    <action>click</action>
    <xpath>//input[@id='vehicle_vehiclefeatures_laneDepartureBlindSpotMonitoring']</xpath>
  </step> 
  <step>
	<caption>Vehicle Features - Land Departure - blind spot - select</caption>
    <data>{LaneDepartureSelect}</data>
   <action>select</action>
    <xpath>//select[@id='vehicle_vehiclefeatures_laneDepartureBlindSpotMonitoringDropdown']</xpath>
  </step>  
  <step>
	<caption>BI - CSL Coverage</caption>
    <data>{BICSL}</data>
    <action>select</action>
    <xpath>//select[@id='vehicle_vehiclecoverages_bodilyInjuryCsl']</xpath>
	</step>
  <step>
	<caption>PD - only applies to BI</caption>
    <data>{PD}</data>
    <action>select</action>
    <xpath>//select[@id='vehicle_vehiclecoverages_propertyDamage']</xpath>	
  </step>  
   <step>
	<caption>screen shot vehicle 2</caption>
    <data>screenshot2</data>
    <action>takescreenshot</action>
    <xpath></xpath>
  </step>  
  <step>
	<caption>UM/UIM</caption>
    <data>{UMUIM}</data>
    <action>select</action>
    <xpath>//select[@id='vehicle_vehiclecoverages_uninsuredMotorists']</xpath>	
  </step> 
  <step>
	<caption>Addtl Property Damage Liability</caption>
    <data>{APDL}</data>
   <action>select</action>
    <xpath>//select[@id='vehicle_vehiclecoverages_additionalPropertyDamage']</xpath>	
  </step> 
  <step>
	<caption>PIP</caption>
    <data>{PIP}</data>
    <action>select</action>
    <xpath>//select[@id='vehicle_vehiclecoverages_personalInjuryProtection']</xpath>	
  </step>  
  <step>
	<caption>Work Loss Waiver</caption>
    <data></data>
    <action>click</action>
    <xpath>//div[@id='vehicle_vehiclecoverages_workLossWaiver']//input[@value='No']</xpath>	
  </step> 
  <step>
  <!--only appears if work loss waiver is NO-->
	<caption>Work Loss Waiver - Deductible</caption>
    <data>{WorkLossWaiverDeductible}</data>
    <action>select</action>
    <xpath>//select[@id='vehicle_vehiclecoverages_workLossDeductibleOption']</xpath>	
  </step> 
  <step>
 	<caption>COMP OTC</caption>
    <data>{COMPOTC}</data>
    <action>select</action>
    <xpath>//select[@id='vehicle_vehiclecoverages_otherThanCollision']</xpath>	
  </step> 
  <step>
  <!-- only appears if OTC is selected-->
 	<caption>FCG</caption>
    <data></data>
    <action>click</action>
    <xpath>//div[@id='vehicle_vehiclecoverages_fullGlassCoverage']//input[@value='No']</xpath>
  </step> 
    <step>
  <!-- only appears if OTC is selected-->	
 	<caption>COLL</caption>
    <data>{COLL}</data>
    <action>select</action>
    <xpath>//select[@id='vehicle_vehiclecoverages_collisionType']</xpath>	
  </step> 
  <step>
  <!-- only appears if COLL is selected-->	
 	<caption>COLL deductible</caption>
    <data>{COLLDeductible}</data>
    <action>select</action>
    <xpath>//select[@id='vehicle_vehiclecoverages_collisionDeductible']</xpath>	
  </step>  
   <step>
	<caption>screen shot vehicle 3</caption>
    <data>screenshot3</data>
    <action>takescreenshot</action>
    <xpath></xpath>
  </step>  
  <step>
 	<caption>Auto Loan Lease</caption>
    <data></data>
    <action>click</action>
    <xpath>//div[@id='vehicle_vehiclecoverages_autoLoanCoverage']//input[@value='Yes']</xpath>
  </step> 
  <step>
 	<caption>Transportation Expense</caption>
    <data>{TransExpense}</data>
   <action>select</action>
    <xpath>//select[@id='vehicle_vehiclecoverages_transportationExpense']</xpath>	
  </step>   
  <step>
 	<caption>Custom Equip - handicapp</caption>
    <data></data>
    <action>click</action>
    <xpath>//div[@id='vehicle_vehiclecoverages_assistHandicapped']//input[@value='false']</xpath>
	<!-- options:
	//div[@id='vehicle_vehiclecoverages_assistHandicapped']//input[@value='true']
	//div[@id='vehicle_vehiclecoverages_assistHandicapped']//input[@value='false']
	-->	
  </step>  
  <step>
  <!-- disables AND defaults to yes when handicap is yes-->
 	<caption>Custom Equip - other custom</caption>
    <data></data>
    <action>click</action>
    <xpath>//div[@id='vehicle_vehiclecoverages_customEquipment']//input[@value='true']</xpath>
  </step>  
 <step>
 <!--enables when either custom equip is yes-->
 	<caption>Custom Equip value</caption>
    <data>{CustomEquipValue}</data>
    <action>input</action>
    <xpath>//input[@name='customizationValue']</xpath>
  </step>  
 <step>
 <!--enables when either custom equip is yes-->
 	<caption>Custom Equip description</caption>
    <data>{CustomEquipDesc}</data>
    <action>input</action>
    <xpath>//textarea[@id='vehicle_vehiclecoverages_customEquipmentDescription']</xpath>
  </step> 
   <step>
 	<caption>CDR</caption>
    <data>{CDR}</data>
   <action>select</action>
    <xpath>//select[@id='vehicle_vehiclecoverages_carDamageCoverage']</xpath>	
  </step>  
 <step>
  <!-- enables when cdr is selected-->
 	<caption>Is vehicle leased</caption>
    <data></data>
    <action>click</action>
    <xpath>//div[@id='vehicle_vehiclecoverages_leasedVehicle']//input[@value='false']</xpath>
  </step> 
  <step>
 	<caption>vehicle screen shot 4</caption>
    <data>screenshot4</data>
    <action>takescreenshot</action>
    <xpath></xpath>	
  </step> 
   <step>
      <caption>return to summary</caption>
      <data></data>
      <action>ReturnToSummary.xml</action>
      <xpath></xpath>
    </step>  
	  
	  <step>
		<caption>Wait for PSS driver spinner to disappear</caption>
		<data></data>
		<action>Wait_PSS_Driver.xml</action>
		<xpath></xpath>
	  </step>
	  
	  <step>
		<caption>Wait for PSS LUCI spinner to disappear</caption>
		<data></data>
		<action>Wait_LUCI.xml</action>
		<xpath></xpath>
	  </step>

  <step>
      <caption>release the data set</caption>
      <data>newvehicle</data>
      <action>enddata</action>
      <xpath></xpath>
  </step>  
 </steps> 
 </TestScript>