<?xml version="1.0" encoding="utf-8" ?>
<steps>
<step>
	<caption>wait</caption>
    <data>5000</data>
    <action>staticwait</action>
    <xpath></xpath>
  </step>
  <step>
	<caption>Wait for Add vehicle button</caption>
	<data>True</data>
	<action>exists</action>
	<xpath>//a[text()='Add a Vehicle']</xpath>
  </step>   
  <step>
	<caption>Add vehicle</caption>
	<data></data>
	<action>click</action>
	<xpath>//a[text()='Add a Vehicle']</xpath>
  </step> 
  <step>
	<caption>wait</caption>
    <data>5000</data>
    <action>staticwait</action>
    <xpath></xpath>
  </step>
  <step>
	<caption>Vehicle Type</caption>
	<data>Private Passenger</data>
	<action>select</action>
	<xpath>//select[@id='vehicle_vehicleinfo_vehicleType']</xpath> 
  </step> 
  <step>
	<caption>Model Year</caption>
    <data>2017</data>
    <action>input</action>
    <xpath>//div[@id='vehicle_vehicleinfo_year']//input</xpath>
  </step> 
  <step>
	<caption>wait</caption>
    <data>5000</data>
    <action>staticwait</action>
    <xpath></xpath>
  </step> 
 <!-- <step>
	<caption>Wait for Make</caption>  
    <data>True</data>
    <action>exists</action>
	<xpath>//div[@id='vehicle_vehicleinfo_year']//div[text()='2017']</xpath>-->
 <!--   <xpath>//label[text()='What is the Model of vehicle?']/span[contains(text(), '*')]</xpath>
  </step> -->
  <step>
	<caption>Make</caption>
    <data>CHEV</data>
    <action>input</action>
    <xpath>//div[@id='vehicle_vehicleinfo_make']//input</xpath>
  </step> 
  <step>
	<caption>wait</caption>
    <data>4000</data>
    <action>staticwait</action>
    <xpath></xpath>
  </step>  
 <step>
	<caption>Model</caption>
    <data>CAMARO SS</data>
    <action>input</action>
    <xpath>//div[@id='vehicle_vehicleinfo_model']//input</xpath>
  </step> 
  <step>
	<caption>wait</caption>
    <data>5000</data>
    <action>staticwait</action>
    <xpath></xpath>
  </step>  
  <step>
	<caption>Style Engine</caption>
    <data>2-Door Coupe - 6.2</data>
    <action>input</action>
    <xpath>//div[@id='vehicle_vehicleinfo_bodyEngineStyle']//input</xpath>
  </step>
  <step>
	<caption>Click Validate Vehicle Info </caption>
    <data></data>
    <action>click</action>
    <xpath>//button[text()='Validate Vehicle Information']</xpath>
  </step> 
  <step>
	<caption>wait</caption>
    <data>2000</data>
    <action>staticwait</action>
    <xpath></xpath>
  </step>  
   <step>
	<caption>Weight more than 10,000 lbs</caption>
    <data></data>
    <action>click</action>
    <xpath>//div[@id='vehicle_vehicleinfo_over10KPounds']//span/input[@type='radio' and @value='false']</xpath>
	<!-- 
	options
	No=<xpath>//div[@id='vehicle_vehicleinfo_over10KPounds']//span/input[@type='radio' and @value='false']</xpath>
	Yes=<xpath>//div[@id='vehicle_vehicleinfo_over10KPounds']//span/input[@type='radio' and @value='true']</xpath>
	-->
  </step> 
  <step>
	<caption>Vehicle screen shot 1</caption>
    <data>Vehicle</data>
    <action>takescreenshot</action>
    <xpath></xpath>
  </step> 
  <step>
	<caption>Vehicle Usage</caption>
    <data></data>
    <action>click</action>
    <xpath>//div[@id='vehicle_vehicleusage_businessVehicle']//input[@value='true']</xpath>
  </step>
  <step>
	<caption>wait</caption>
    <data>2000</data>
    <action>staticwait</action>
    <xpath></xpath>
  </step>   
 <!-- <step>
	<caption>wait for drivers to load</caption>
    <data>True</data>
	<action>exists</action>
    <xpath>//select[@id='vehicle_vehicleusage_vehicleTitle']/option[@value='Other']</xpath>
  </step>  -->
  <step>
	<caption>Titled in Name of</caption>
    <data>Other</data>
	<action>input</action>
    <xpath>//div[@id='vehicle_vehicleusage_vehicleTitle']//input</xpath>
  </step>
  <step>
	<caption>Titled in Name of</caption>
    <data>My Test Business</data>
	<action>input</action>
    <xpath>//input[@id='vehicle_vehicleusage_vehicleTitleOverride']</xpath>
  </step>  
  <step>
	<caption>Is this vehicle garaged at the address below?</caption>
    <data></data>
    <action>click</action>
    <xpath>//div[@id='vehicle_vehicleusage_vehicleGarage']//input[@value='true']</xpath>
  </step> 
  <step>
	<caption>Vehicle Features - Adaptive Headlights</caption>
    <data></data>
    <action>click</action>
    <xpath>//input[@id='vehicle_vehiclefeatures_adaptiveHeadlights']</xpath>
  </step> 
  <step>
	<caption>Vehicle Features - backup warning</caption>
    <data></data>
    <action>click</action>
    <xpath>//input[@id='vehicle_vehiclefeatures_backupWarning']</xpath>
  </step> 
  <step>
	<caption>Vehicle Features - Forward Crash</caption>
    <data></data>
    <action>click</action>
    <xpath>//input[@id='vehicle_vehiclefeatures_forwardCrashAvoidance']</xpath>
  </step> 
   <step>
	<caption>Vehicle Features - Forward Crash - select</caption>
    <data>With Auto-Braking</data>
	<!-- options:  With Auto-Braking,Without Auto-Braking --> 
    <action>select</action>
    <xpath>//select[@id='vehicle_vehiclefeatures_forwardCrashAvoidanceDropdown']</xpath>
  </step>  
  <step>
	<caption>Vehicle Features - Autonomous</caption>
    <data></data>
    <action>click</action>
    <xpath>//input[@id='vehicle_vehiclefeatures_autonomousOperationMode']</xpath>
  </step> 
  <step>
	<caption>Vehicle Features - driver fatigue</caption>
    <data></data>
    <action>click</action>
    <xpath>//input[@id='vehicle_vehiclefeatures_driverFatigueSensing']</xpath>
  </step> 
  <step>
	<caption>Vehicle Features - Land Departure - blind spot</caption>
    <data></data>
    <action>click</action>
    <xpath>//input[@id='vehicle_vehiclefeatures_laneDepartureBlindSpotMonitoring']</xpath>
  </step> 
  <step>
	<caption>Vehicle Features - Land Departure - blind spot - select</caption>
    <data>Both Lane Departure Blind Spot Monitoring</data>
	<!-- options:  Lane Departure Only, Blind Spot Monitoring Only, Both Lane Departure Blind Spot Monitoring -->
    <action>select</action>
    <xpath>//select[@id='vehicle_vehiclefeatures_laneDepartureBlindSpotMonitoringDropdown']</xpath>
  </step>  
  <step>
	<caption>BI - CSL Coverage</caption>
    <data>$50,000 / $100,000</data>
	<!-- options:  
		$20,000 / $40,000
		$50,000 / $100,000
		$100,000 / $300,000
		$250,000 / $500,000
		$500,000 / $500,000
		$500,000 / $1,000,000
		$1,000,000 / $1,000,000
		$100,000
		$300,000
		$500,000
		$1,000,000
	-->
    <action>select</action>
    <xpath>//select[@id='vehicle_vehiclecoverages_bodilyInjuryCsl']</xpath>
	</step>
  <step>
	<caption>PD - only applies to BI</caption>
    <data>$10,000</data>
	<!-- options:  
		$10,000
		$25,000
		$50,000
		$100,000
		$250,000
		$350,000
		$500,000
	-->
    <action>select</action>
    <xpath>//select[@id='vehicle_vehiclecoverages_propertyDamage']</xpath>	
  </step>  
   <step>
	<caption>screen shot vehicle 2</caption>
    <data>vehicle2</data>
    <action>takescreenshot</action>
    <xpath></xpath>
  </step>  
  <step>
	<caption>UM/UIM</caption>
    <data>$50,000 / $100,000</data>
	<!-- MUST BE LES THAN OR EQUAL TO BI/CSL
		options:  
		$20,000 / $40,000
		$50,000 / $100,000
		$100,000 / $300,000
		$250,000 / $500,000
		$500,000 / $500,000
		$500,000 / $1,000,000
		$1,000,000 / $1,000,000
	-->
    <action>select</action>
    <xpath>//select[@id='vehicle_vehiclecoverages_uninsuredMotorists']</xpath>	
  </step> 
  <step>
	<caption>Addtl Property Damage Liability</caption>
    <data>$1,000</data>
	<!-- options:  		$1,000	-->
    <action>select</action>
    <xpath>//select[@id='vehicle_vehiclecoverages_additionalPropertyDamage']</xpath>	
  </step> 
  <step>
	<caption>PIP</caption>
    <data>Primary Medical - $1,000 deductible</data>
	<!-- options:  		
	Excess Medical - $0 deductible
	Primary Medical - $0 deductible
	Primary Medical - $500 deductible
	Primary Medical - $1,000 deductible
	Primary Medical - $10,000 deductible
	-->
    <action>select</action>
    <xpath>//select[@id='vehicle_vehiclecoverages_personalInjuryProtection']</xpath>	
  </step>  
  <step>
	<caption>Work Loss Waiver</caption>
    <data></data>
    <action>click</action>
    <xpath>//div[@id='vehicle_vehiclecoverages_workLossWaiver']//input[@value='No']</xpath>	
	<!--options:
	//div[@id='vehicle_vehiclecoverages_workLossWaiver']//input[@value='Yes']
	//div[@id='vehicle_vehiclecoverages_workLossWaiver']//input[@value='No']
	-->
  </step> 
  <step>
  <!--only appears if work loss waiver is NO-->
	<caption>Work Loss Waiver - Deductible</caption>
    <data>$10,000</data>
	<!-- options:  		
	$0
	$500
	$1,000
	$5,000
	$10,000
	-->
    <action>select</action>
    <xpath>//select[@id='vehicle_vehiclecoverages_workLossDeductibleOption']</xpath>	
  </step> 
  <step>
 	<caption>COMP OTC</caption>
    <data>$5,000</data>
	<!-- options:  		
	$100
	$250
	$500
	$1,000
	$1,500
	$2,000
	$2,500
	$3,000
	$5,000
	-->
    <action>select</action>
    <xpath>//select[@id='vehicle_vehiclecoverages_otherThanCollision']</xpath>	
  </step> 
  <step>
  <!-- only appears if OTC is selected-->
 	<caption>FCG</caption>
    <data></data>
    <action>click</action>
    <xpath>//div[@id='vehicle_vehiclecoverages_fullGlassCoverage']//input[@value='No']</xpath>
	<!-- options:
	//div[@id='vehicle_vehiclecoverages_fullGlassCoverage']//input[@value='Yes']
	//div[@id='vehicle_vehiclecoverages_fullGlassCoverage']//input[@value='No']
	-->	
  </step> 
    <step>
  <!-- only appears if OTC is selected-->	
 	<caption>COLL</caption>
    <data>Broad</data>
	<!-- options:  		
	Broad
	Standard
	Limited	
	-->
    <action>select</action>
    <xpath>//select[@id='vehicle_vehiclecoverages_collisionType']</xpath>	
  </step> 
  <step>
  <!-- only appears if COLL is selected-->	
 	<caption>COLL</caption>
    <data>$100</data>
	<!-- options:  		
	Broad or standard:
		$100
		$250
		$500
		$1,000
		$1,500
		$2,000
		$2,500
		$3,000
		$5,000
	Limited	
		$0
		$100
	-->
    <action>select</action>
    <xpath>//select[@id='vehicle_vehiclecoverages_collisionDeductible']</xpath>	
  </step>  
   <step>
	<caption>screen shot vehicle 3</caption>
    <data>vehicle3</data>
    <action>takescreenshot</action>
    <xpath></xpath>
  </step>  
  <step>
 	<caption>Auto Loan Lease</caption>
    <data></data>
    <action>click</action>
    <xpath>//div[@id='vehicle_vehiclecoverages_autoLoanCoverage']//input[@value='Yes']</xpath>
	<!-- options:
	//div[@id='vehicle_vehiclecoverages_autoLoanCoverage']//input[@value='Yes']
	//div[@id='vehicle_vehiclecoverages_autoLoanCoverage']//input[@value='No']
	-->	
  </step> 
  <step>
 	<caption>Transportation Expense</caption>
    <data>$40 / $1,200</data>
	<!-- options:  		
	$30 / $900 Included
	$40 / $1,200
	$50 / $1,500
	$75 / $2,250
	$100 / $3,000
	$150 / $4,500
	$200 / $6,000
	-->	
   <action>select</action>
    <xpath>//select[@id='vehicle_vehiclecoverages_transportationExpense']</xpath>	
  </step>   
  <step>
 	<caption>Custom Equip - handicapp</caption>
    <data></data>
    <action>click</action>
    <xpath>//div[@id='vehicle_vehiclecoverages_assistHandicapped']//input[@value='false']</xpath>
	<!-- options:
	//div[@id='vehicle_vehiclecoverages_assistHandicapped']//input[@value='true']
	//div[@id='vehicle_vehiclecoverages_assistHandicapped']//input[@value='false']
	-->	
  </step>  
  <step>
  <!-- disables AND defaults to yes when handicap is yes-->
 	<caption>Custom Equip - other custom</caption>
    <data></data>
    <action>click</action>
    <xpath>//div[@id='vehicle_vehiclecoverages_customEquipment']//input[@value='true']</xpath>
	<!-- options:
	//div[@id='vehicle_vehiclecoverages_customEquipment']//input[@value='true']
	//div[@id='vehicle_vehiclecoverages_customEquipment']//input[@value='false']
	-->	
  </step>  
 <step>
 <!--enables when either custom equip is yes-->
 	<caption>Custom Equip value</caption>
    <data>5000</data>
    <action>input</action>
    <xpath>//input[@name='customizationValue']</xpath>
  </step>  
 <step>
 <!--enables when either custom equip is yes-->
 	<caption>Custom Equip description</caption>
    <data>added handicap drop gate</data>
    <action>input</action>
    <xpath>//textarea[@id='vehicle_vehiclecoverages_customEquipmentDescription']</xpath>
  </step> 
   <step>
 	<caption>CDR</caption>
    <data>Car Damage Enhanced Actual Cash Value</data>
	<!-- options:  		
	Car Damage Replacement Coverage
	Car Damage Replacement Plus Coverage
	Car Damage Enhanced Actual Cash Value
	-->	
   <action>select</action>
    <xpath>//select[@id='vehicle_vehiclecoverages_carDamageCoverage']</xpath>	
  </step>  
 <step>
  <!-- enables when cdr is selected-->
 	<caption>Is vehicle leased</caption>
    <data></data>
    <action>click</action>
    <xpath>//div[@id='vehicle_vehiclecoverages_leasedVehicle']//input[@value='false']</xpath>
	<!-- options:
	//div[@id='vehicle_vehiclecoverages_leasedVehicle']//input[@value='true']
	//div[@id='vehicle_vehiclecoverages_leasedVehicle']//input[@value='false']
	-->	
  </step> 
  <step>
 	<caption>vehicle screen shot 4</caption>
    <data>vehicle4</data>
    <action>takescreenshot</action>
    <xpath></xpath>	
  </step>  
  <step>
    <caption>Return to Summary</caption>
    <data></data>
    <action>click</action>
    <xpath>//button[text()='Return to Summary']</xpath>
  </step>  
  <step optional="true">
	<caption>Verify PSS screen appears and drivers have loaded</caption>
	<data>True</data>
	<action>exists</action>
	<xpath>//ul[li[text()='DOB: ']]/li/a[contains(text(), 'Edit')]</xpath>
  </step>  
 <step>
	<caption>Verify PSS screen appears and drivers have loaded</caption>
	<data>True</data>
	<action>exists</action>
	<xpath>//ul[li[text()='DOB: ']]/li/a[contains(text(), 'Edit')]</xpath>
  </step>  
 </steps> 