<Dictionary>
  <Words>
    <Recognized>
      <Word>metaphone</Word>
      <Word>Nexis</Word>
      <Word>MVR</Word>
      <Word>PREFILL</Word>
      <Word>Mvrs</Word>
      <Word>Rq</Word>
      <Word>Geocoding</Word>
      <Word>Geocode</Word>
      <Word>Habitational</Word>
      <Word>Prefill</Word>
      <Word>Cmmn</Word>
      <Word>Ecprod</Word>
      <Word>Rad</Word>
      <Word>Enricher</Word>
      <Word>Nsi</Word>
      <Word>Wbmi</Word>
      <Word>Gl</Word>
      <Word>gl</Word>
      <Word>Pl</Word>
      <Word>Sbop</Word>
      <Word>Gbop</Word>
      <Word>Cbop</Word>
      <Word>Monoline</Word>
      <Word>Erisa</Word>
      <Word>Epli</Word>
      <Word>Cpp</Word>
      <Word>Smartbusiness</Word>
      <Word>wbProduct</Word>
      <Word>wbProductType</Word>
      <Word>Staffware</Word>
      <Word>Pcc</Word>
      <Word>Wcc</Word>
      <Word>Calabrio</Word>
      <Word>Dto</Word>
      <Word>Db</Word>
      <Word>Csq</Word>
      <Word>Dequeued</Word>
      <Word>Pms</Word>
      <Word>Wb</Word>
      <Word>Wbc</Word>
      <Word>Js</Word>
      <Word>Proc</Word>
      <Word>Sym</Word>
      <Word>Div</Word>
      <Word>Uss</Word>
      <Word>Dir</Word>
      <Word>Ky</Word>
      <Word>Csr</Word>
      <Word>Occ</Word>
      <Word>Uw</Word>
      <Word>uw</Word>
      <Word>Pmi</Word>
      <Word>Loc</Word>
      <Word>Pnc</Word>
      <Word>Def</Word>
      <Word>Exp</Word>
      <Word>exp</Word>
      <Word>Auth</Word>
      <Word>msg</Word>
      <Word>Amt</Word>
      <Word>Yrs</Word>
      <Word>Inc</Word>
      <Word>Wc</Word>
      <Word>Est</Word>
      <Word>Pdf</Word>
      <Word>SSN</Word>
      <Word>Detokenize</Word>
      <Word>Detokenizer</Word>
      <Word>Detokenized</Word>
      <Word>Lienholder</Word>
      <Word>Coverages</Word>
      <Word>Cov</Word>
      <Word>ip</Word>
      <Word>sym</Word>
      <Word>Bc</Word>
      <Word>bc</Word>
      <Word>chg</Word>
      <Word>Im</Word>
      <Word>Stmt</Word>
      <Word>stmt</Word>
      <Word>Dt</Word>
      <Word>Mgmt</Word>
      <Word>Bs</Word>
      <Word>Asax</Word>
      <Word>asax</Word>
      <Word>Dept</Word>
      <Word>dept</Word>
      <Word>Os</Word>
      <Word>Ak</Word>
      <Word>EFT</Word>
      <Word>EFt</Word>
      <Word>IDO</Word>
      <Word>Api</Word>
      <Word>Apim</Word>
      <Word>Edw</Word>
      <Word>Fis</Word>
      <Word>byoa</Word>
      <Word>Byoa</Word>
      <Word>Mvc</Word>
      <Word>Okta</Word>
      <Word>HttpResponseMessage</Word>
      <Word>Eor</Word>
      <Word>eor</Word>
      <Word>EOR</Word>
      <Word>irs</Word>
      <Word>spn</Word>
      <Word>img</Word>
      <Word>Acord</Word>
      <Word>iso</Word>
      <Word>ForTier</Word>
      <Word>RollOver</Word>
      <Word>Alc</Word>
      <Word>Adv</Word>
      <Word>Yr</Word>
      <Word>Yrs</Word>
      <Word>Prot</Word>
      <Word>Loc</Word>
      <Word>Occ</Word>
      <Word>Eckburg</Word>
      <Word>Sym</Word>
      <Word>Inc</Word>
      <Word>Mis</Word>
      <Word>WoodBurn</Word>
      <Word>ABuilding</Word>      
      <Word>Def</Word>
      <Word>Fortier</Word>
      <Word>Rollover</Word>
      <Word>Div</Word>
      <Word>div</Word>
      <Word>Equian</Word>
      <Word>Cms</Word>
      <Word>strataware</Word>
      <Word>Milliman</Word>
      <Word>Ttd</Word>
      <Word>Ppd</Word>
      <Word>ClaimLegalInvoiceImportJob</Word>
      <Word>Datalytics</Word>
      <Word>AutoPayLegalBill</Word>
      <Word>requestorUserId</Word>
      <Word>legalBillId</Word>
      <Word>technicalBillid=</Word>
      <Word>Insureds</Word>
      <Word>Liferay</Word>
      <Word>Brom</Word>
      <Word>Xact</Word>
      <Word>Xactware</Word>
      <Word>Esurety</Word>
      <Word>DuckCreek</Word>
    </Recognized>
    <Compound>
      <Term CompoundAlternate="FormBy">formby</Term>
    </Compound>
    <Compound>
      <Term CompundAlternative="StrataWare">strataware</Term>
    </Compound>
    <Compound>
      <Term CompundAlternative="XactAnalysis">xactanalysis</Term>
    </Compound>
    <DiscreteExceptions>
      <Term>duckcreek</Term>
    </DiscreteExceptions>
  </Words>
  <Acronyms>
    <CasingExceptions>
      <Acronym>EFT</Acronym>
    </CasingExceptions>
    <CasingExceptions>
      <Acronym>FIS</Acronym>
    </CasingExceptions>
    <CasingExceptions>
      <Acronym>IDO</Acronym>
    </CasingExceptions>
    <CasingExceptions>
      <Acronym>EDW</Acronym>
    </CasingExceptions>
    <CasingExceptions>
      <Acronym>OOB</Acronym>
    </CasingExceptions>
    <CasingExceptions>
      <Acronym>ISO</Acronym>
    </CasingExceptions>
    <CasingExceptions>
      <Acronym>VIN</Acronym>
    </CasingExceptions>
    <CasingExceptions>
      <Acronym>EOR</Acronym>
    </CasingExceptions>
    <CasingExceptions>
      <Acronym>ICD</Acronym>
    </CasingExceptions>
    <CasingExceptions>
      <Acronym>PPO</Acronym>
    </CasingExceptions>
    <CasingExceptions>
      <Acronym>OCR</Acronym>
    </CasingExceptions>
    <CasingExceptions>
      <Acronym>UCR</Acronym>
    </CasingExceptions>
    <CasingExceptions>
      <Acronym>OSR</Acronym>
    </CasingExceptions>
    <CasingExceptions>
      <Acronym>FNOL</Acronym>
    </CasingExceptions>
    <CasingExceptions>
      <Acronym>PMS</Acronym>
    </CasingExceptions>
    <CasingExceptions>
      <Acronym>EDI</Acronym>
    </CasingExceptions>
    <CasingExceptions>
      <Acronym>SMS</Acronym>
    </CasingExceptions>
    <CasingExceptions>
      <Acronym>CD</Acronym>
    </CasingExceptions>
    <CasingExceptions>
      <Acronym>CONT</Acronym>
    </CasingExceptions>
    <CasingExceptions>
      <Acronym>CLNT</Acronym>
    </CasingExceptions>
    <CasingExceptions>
      <Acronym>PRR</Acronym>
    </CasingExceptions>
    <CasingExceptions>
      <Acronym>NBR</Acronym>
    </CasingExceptions>
    <CasingExceptions>
      <Acronym>PST</Acronym>
    </CasingExceptions>
    <CasingExceptions>
      <Acronym>CLMT</Acronym>
    </CasingExceptions>
    <CasingExceptions>
      <Acronym>LIAB</Acronym>
    </CasingExceptions>
    <CasingExceptions>
      <Acronym>SUBRO</Acronym>
    </CasingExceptions>
    <CasingExceptions>
      <Acronym>TCH</Acronym>
    </CasingExceptions>
    <CasingExceptions>
      <Acronym>DDL</Acronym>
    </CasingExceptions>
    <CasingExceptions>
      <Acronym>VAL</Acronym>
    </CasingExceptions>
    <CasingExceptions>
      <Acronym>LABEL</Acronym>
    </CasingExceptions>
    <CasingExceptions>
      <Acronym>APIM</Acronym>
    </CasingExceptions>
  </Acronyms>
</Dictionary>