﻿<?xml version="1.0" encoding="utf-8" ?>
<!-- The DUMMY1 nodes are there to get xsd.exe to do the right thing. If other nodes get added at the same level the DUMMY1 nodes could be removed. -->
<GetFullClaimResponse xmlns:i="http://www.w3.org/2001/XMLSchema-instance" xmlns="http://schemas.datacontract.org/2004/07/WestBend.Core.Service.MessageContracts">
  <DUMMY1></DUMMY1>
  <_x003C_Claim_x003E_k__BackingField xmlns:d2p1="http://services.westbendinsurance.com/ClaimEntityService/v1">
    <d2p1:Claim xmlns:a="http://schemas.westbendinsurance.com/EnterpriseMessageModel/v1">
      <a:Addresses>
        <a:Address_Type>
          <a:key></a:key>
          <a:AddressLine1></a:AddressLine1>
          <a:AddressLine2></a:AddressLine2>
          <a:CityName></a:CityName>
          <a:CountryCode></a:CountryCode>
          <a:PostalCode></a:PostalCode>
          <a:StateAbbreviationCode></a:StateAbbreviationCode>
        </a:Address_Type>
      </a:Addresses>
      <a:ClaimAtFault>
        <a:IsAtFault></a:IsAtFault>
        <a:DriverType></a:DriverType>
        <a:DriverNumber></a:DriverNumber>
      </a:ClaimAtFault>
      <a:ClaimNumber></a:ClaimNumber>
      <a:ClaimReserves>
        <a:DUMMY1></a:DUMMY1>
        <a:ClaimReserve_Type>
          <a:key></a:key>
          <a:ReserveCauseOfLoss></a:ReserveCauseOfLoss>
          <a:ReserveCategory></a:ReserveCategory>
          <a:PhysicalObjectRole>
            <a:key></a:key>
            <a:PhysicalObjectReference></a:PhysicalObjectReference>
          </a:PhysicalObjectRole>
          <a:CoverageTypeCode></a:CoverageTypeCode>
          <a:CauseOfLossDescription></a:CauseOfLossDescription>
          <a:ClaimReserveType>
            <a:ReserveTypeCode></a:ReserveTypeCode>
          </a:ClaimReserveType>
          <a:Status></a:Status>
          <a:CoverageType></a:CoverageType>
          <a:TotalPaidAmount></a:TotalPaidAmount>
        </a:ClaimReserve_Type>
      </a:ClaimReserves>
      <a:ClaimStatusCode></a:ClaimStatusCode>
      <a:ContactPoints>
        <a:DUMMY1></a:DUMMY1>
        <a:PostalContacts>
          <a:Dummy1></a:Dummy1>
          <a:PostalContact_Type>
            <a:key></a:key>
            <a:References>
              <a:DUMMY1></a:DUMMY1>
              <a:AddressReferences xmlns:b="http://schemas.microsoft.com/2003/10/Serialization/Arrays">
                <b:string>11</b:string>
              </a:AddressReferences>
            </a:References>
          </a:PostalContact_Type>
        </a:PostalContacts>
      </a:ContactPoints>
      <a:LossOccurrence>
        <a:LossOccurrenceDate></a:LossOccurrenceDate>
        <a:LossOccurrenceDescription></a:LossOccurrenceDescription>
      </a:LossOccurrence>
      <a:PartyRoleInClaim>
        <a:InsuredVehicleDrivers>
          <a:DUMMY1></a:DUMMY1>
          <a:InsuredVehicleDriver_Type>
            <a:DUMMY1></a:DUMMY1>
            <a:References>
              <a:DUMMY1></a:DUMMY1>
              <a:PartyReferences xmlns:b="http://schemas.microsoft.com/2003/10/Serialization/Arrays">
                <b:string></b:string>
              </a:PartyReferences>
            </a:References>
          </a:InsuredVehicleDriver_Type>
        </a:InsuredVehicleDrivers>
      </a:PartyRoleInClaim>
      <a:Parties>
        <a:People>
          <a:DUMMY1></a:DUMMY1>
          <a:Person_Type>
            <a:key></a:key>
            <a:References>
              <a:DUMMY1></a:DUMMY1>
              <a:ContactPointReferences xmlns:b="http://schemas.microsoft.com/2003/10/Serialization/Arrays">
                <b:string>24</b:string>
              </a:ContactPointReferences>
            </a:References>
            <a:BirthDate></a:BirthDate>
            <a:DriverLicense>
              <a:key></a:key>
              <a:RegistrationNumber></a:RegistrationNumber>
              <a:LicensedStateCode></a:LicensedStateCode>
            </a:DriverLicense>
            <a:GenderCode></a:GenderCode>
            <a:PersonNames>
              <a:DUMMY1></a:DUMMY1>
              <a:PersonName_Type>
                <a:ExternalReferences></a:ExternalReferences>
                <a:key></a:key>
                <a:DefaultIndicator></a:DefaultIndicator>
                <a:Description></a:Description>
                <a:FullName></a:FullName>
                <a:GivenName></a:GivenName>
                <a:MiddleName></a:MiddleName>
                <a:PrefixTitle></a:PrefixTitle>
                <a:Suffix></a:Suffix>
                <a:Surname></a:Surname>
                <a:UsageCode></a:UsageCode>
                <a:UsageCodeDescription></a:UsageCodeDescription>
              </a:PersonName_Type>
            </a:PersonNames>
          </a:Person_Type>
        </a:People>
      </a:Parties>
      <a:PhysicalObjects>
        <a:DUMMY1></a:DUMMY1>
        <a:LandVehicles>
          <a:DUMMY1></a:DUMMY1>
          <a:LandVehicle_Type>
            <a:key></a:key>
            <a:Number></a:Number>
            <a:VehicleIdentificationNumber></a:VehicleIdentificationNumber>
          </a:LandVehicle_Type>
        </a:LandVehicles>
      </a:PhysicalObjects>
    </d2p1:Claim>
    <PolicyAgreement xmlns:a="http://schemas.westbendinsurance.com/EnterpriseMessageModel/v1">
      <a:PolicyNumber></a:PolicyNumber>
    </PolicyAgreement>
  </_x003C_Claim_x003E_k__BackingField>
</GetFullClaimResponse>