﻿<?xml version="1.0" encoding="utf-8"?>
<EnumerationResults ServiceEndpoint="https://plappdevsa.blob.core.windows.net/" ContainerName="pl-third-party-integration">
  <Prefix>LexisNexis.ClueAuto.Out/ClueAuto</Prefix>
  <Blobs>
    <Blob>
      <Name>LexisNexis.ClueAuto.Out/ClueAuto201910140629401529.txt</Name>
      <Properties>
        <Creation-Time>Mon, 14 Oct 2019 06:29:40 GMT</Creation-Time>
        <Last-Modified>Mon, 14 Oct 2019 06:29:40 GMT</Last-Modified>
        <Etag>0x8D7506FE4992F17</Etag>
        <Content-Length>6006</Content-Length>
        <Content-Type>text/plain</Content-Type>
        <Content-Encoding />
        <Content-Language />
        <Content-MD5>xMeDplDfVP+/F3YqE436xw==</Content-MD5>
        <Cache-Control />
        <Content-Disposition />
        <BlobType>BlockBlob</BlobType>
        <AccessTier>Hot</AccessTier>
        <AccessTierInferred>true</AccessTierInferred>
        <LeaseStatus>unlocked</LeaseStatus>
        <LeaseState>available</LeaseState>
        <ServerEncrypted>true</ServerEncrypted>
      </Properties>
    </Blob>
    <Blob>
      <Name>LexisNexis.ClueAuto.Out/ClueAuto201910140721260054.txt</Name>
      <Properties>
        <Creation-Time>Thu, 14 Oct 2049 07:21:26 GMT</Creation-Time>
        <Last-Modified>Thu, 14 Oct 2049 07:21:26 GMT</Last-Modified>
        <Etag>0x8D750771FE0A11F</Etag>
        <Content-Length>9009</Content-Length>
        <Content-Type>text/plain</Content-Type>
        <Content-Encoding />
        <Content-Language />
        <Content-MD5>OWs1/R7NT7VYTYALVMiu6Q==</Content-MD5>
        <Cache-Control />
        <Content-Disposition />
        <BlobType>BlockBlob</BlobType>
        <AccessTier>Hot</AccessTier>
        <AccessTierInferred>true</AccessTierInferred>
        <LeaseStatus>unlocked</LeaseStatus>
        <LeaseState>available</LeaseState>
        <ServerEncrypted>true</ServerEncrypted>
      </Properties>
    </Blob>
  </Blobs>
</EnumerationResults>
