﻿<PolicyRs xmlns="http://www.acord.org/schema/PC/xml/2">
  <BusinessPurposeTypeCd>NBQ</BusinessPurposeTypeCd>
  <TransactionEffectiveDt>2020-02-27T00:00:00.000</TransactionEffectiveDt>
  <SourceSystem id="S3EFF160F567F49109AEFED71EAF94035">
    <SourceSystemCd>WB</SourceSystemCd>
    <SourceSystemQualifierCd>LR</SourceSystemQualifierCd>
  </SourceSystem>
  <TransactionSeqNumber>1</TransactionSeqNumber>
  <Policy id="P23D42A794E394917B7BAC3905E8017C4">
    <PolicyNumber>A799098</PolicyNumber>
    <PolicyVersion>00</PolicyVersion>
    <CompanyProductCd>801</CompanyProductCd>
    <BroadLOBCd>1</BroadLOBCd>
    <NAICCd>15350</NAICCd>
    <ControllingStateProvCd>AZ</ControllingStateProvCd>
    <ContractTerm id="CB9770FB387134CC3BF92236842EA261E">
      <EffectiveDt>2020-02-27</EffectiveDt>
      <ExpirationDt>2021-02-27</ExpirationDt>
    </ContractTerm>
    <CustomerServicingCd>AGY</CustomerServicingCd>
    <OtherOrPriorPolicy id="O758B37D4D6B542DD94368A912B159927" DriverRef="D2B40EF52CF2146A8AF02B4F1B63580FD">
      <PolicyCd>RecentOt</PolicyCd>
      <InsurerName>COMPANY99017</InsurerName>
      <ContractTerm id="C60974E6E68B54B79A63D73733A369EBA">
        <ExpirationDt>2020-02-29</ExpirationDt>
      </ContractTerm>
      <Coverage id="CBAA8885B61BD4AEDB4AC13D0F6F8B48E">
        <CoverageCd>BI</CoverageCd>
        <Limit id="L06E00C6BA6C9433DAEFB928F7BF75B39">
          <FormatCurrencyAmt id="F2767994D6A264FE19D35190D24C91D67">
            <Amt>500000</Amt>
          </FormatCurrencyAmt>
          <LimitAppliesToCd>BIEachPers</LimitAppliesToCd>
        </Limit>
        <Limit id="LB2DA892F9A844C73B720AF45EB4F717E">
          <FormatCurrencyAmt id="F4CC43063156142F3B94846D9A5D0980D">
            <Amt>1000000</Amt>
          </FormatCurrencyAmt>
          <LimitAppliesToCd>PerAcc</LimitAppliesToCd>
        </Limit>
        <CoverageSupplement id="CFAB06A2BE0A0488BA4545DB319687059">
          <CoverageSubCd>BI</CoverageSubCd>
        </CoverageSupplement>
      </Coverage>
      <OtherOrPriorPolicyExt id="OE0E6F95EE5764F048EB33DB3FDB5B943">
        <WBPriorCarrierInceptionDt>2017-02-28</WBPriorCarrierInceptionDt>
        <WBRecordInfo id="W5CE25EF3F41B40F187AC057345C2F865">
          <WBRecordModifyInd>1</WBRecordModifyInd>
          <WBRecordSource>APP-PREFILL</WBRecordSource>
        </WBRecordInfo>
        <WBPriorCarrierGroupName>Other</WBPriorCarrierGroupName>
        <WBInsLapseCheckInd>0</WBInsLapseCheckInd>
        <WBPriorCarrierGroupCode>9999</WBPriorCarrierGroupCode>
      </OtherOrPriorPolicyExt>
    </OtherOrPriorPolicy>
    <QuoteInfo id="Q10CA136D8BB94120B08FF4E2529F6AB7">
      <InitialQuoteRequestDt>2020-02-27</InitialQuoteRequestDt>
    </QuoteInfo>
    <PolicyStatusCd>PendingQuote</PolicyStatusCd>
    <UnderwritingDecisionInfo id="U0932E43ADDC74E07BFADABFE37A87C5C">
      <SystemUnderwritingDecisionDt>2020-02-27</SystemUnderwritingDecisionDt>
      <UnderwritingScoreNumber>120</UnderwritingScoreNumber>
      <UnderwritingRuleInfo id="U2F4A74B015F041A598039F326A644A2B">
        <UnderwritingDecisionCd>Refer</UnderwritingDecisionCd>
        <UnderwritingScoreNumber>120</UnderwritingScoreNumber>
        <UnderwritingRuleInfoExt id="U529C0E0F6CCC4DED8AE435AD69400090">
          <WBRuleIDDesc>RX4486</WBRuleIDDesc>
          <WBRuleMessageDesc>Refer to Underwriting - Due to  Reports have not been ordered. To assure the quote and eligibility decision we provide are most accurate and reliable, reports should be ordered at this time.</WBRuleMessageDesc>
          <WBRuleSeverityCd>3</WBRuleSeverityCd>
        </UnderwritingRuleInfoExt>
      </UnderwritingRuleInfo>
      <UnderwritingDecisionInfoExt id="UEECAFCD513D94E09AF06A67638C37D1A">
        <WBUpdatedCumulativeScore>120</WBUpdatedCumulativeScore>
      </UnderwritingDecisionInfoExt>
    </UnderwritingDecisionInfo>
    <OriginalPolicyInceptionDt>2020-02-27</OriginalPolicyInceptionDt>
    <Producer id="PE717C276BC48445CAF02B8BA19DFDA43" />
    <Producer id="P408B13A3564E42D89B2B6A3083BE3640">
      <Relationship id="RC437579583E643679954215403CEC8CC">
        <RelationshipToCd>Agency</RelationshipToCd>
      </Relationship>
      <Name>SAMPLE ACCOUNT</Name>
      <Addr id="AC687AA570DDF4C2D80ACFF099C84B415">
        <AddrTypeCd>MailingAddress</AddrTypeCd>
        <Addr1>1900 S 18TH Ave</Addr1>
        <City>west bend</City>
        <StateProvCd>WI</StateProvCd>
        <PostalCode>53095</PostalCode>
        <CountryCd>USA</CountryCd>
        <County>US</County>
      </Addr>
      <Communications id="C86BA358C0D734B869095B746BB0C3E6D">
        <PhoneTypeCd>HOME</PhoneTypeCd>
        <PhoneNumber>1-800-234-9999</PhoneNumber>
      </Communications>
      <ContractNumber>99999</ContractNumber>
      <ProducerSubCode />
    </Producer>
    <InsuredOrPrincipal id="I6DD1D5FBFB3847AEAB31901A8AD7B602">
      <ItemIdInfo id="ID53F380139E048DF88466C51CBB21B6C">
        <InsurerId>1000427955</InsurerId>
      </ItemIdInfo>
      <Relationship id="RB82EF0C554D1451699B2A077955BEE73" RelationshipToRef="P23D42A794E394917B7BAC3905E8017C4">
        <RelationshipToCd>FNI</RelationshipToCd>
      </Relationship>
      <Name>James A Burgess</Name>
      <Addr id="AC4A413FFC2A54D4E83887376C2E84E68">
        <AddrTypeCd>InsuredsAddress</AddrTypeCd>
        <Addr1>2535 W Morse Dr</Addr1>
        <City>Anthem</City>
        <StateProvCd>AZ</StateProvCd>
        <PostalCode>85086-1880</PostalCode>
        <CountryCd>USA</CountryCd>
        <Latitude>33.85088</Latitude>
        <Longitude>-112.113681</Longitude>
        <County>Maricopa County</County>
        <AddrExt id="A045980C272D9426AA768BACC3BE9DE8E">
          <WBAddressStandardization id="W0FCEFB765AF746F1ADE1137C8E51853B">
            <WBAddrStandardizeStreetName>Morse</WBAddrStandardizeStreetName>
            <WBAddrStandardizeStreetTypeCd>Dr</WBAddrStandardizeStreetTypeCd>
            <WBAddrStandardizeStreetNumber>2535</WBAddrStandardizeStreetNumber>
            <WBConfidence>100</WBConfidence>
            <WBAddrStandardizeLeadingDirectional>W</WBAddrStandardizeLeadingDirectional>
            <WBAddrStandardizeStatus>Accepted</WBAddrStandardizeStatus>
          </WBAddressStandardization>
        </AddrExt>
      </Addr>
      <Addr id="A691EB0D1A8654CD184E59074758DEF99">
        <AddrTypeCd>MailingAddress</AddrTypeCd>
        <Addr1>2535 W Morse Dr</Addr1>
        <City>Anthem</City>
        <StateProvCd>AZ</StateProvCd>
        <PostalCode>85086-1880</PostalCode>
        <CountryCd>USA</CountryCd>
        <Latitude>33.85088</Latitude>
        <Longitude>-112.113681</Longitude>
        <County>Maricopa County</County>
        <AddrExt id="ACF44707F71AF4D6FB07C0BF1A6206D58">
          <WBAddressStandardization id="W67029208DC3F4805B33417F6FC435385">
            <WBAddrStandardizeStreetName>Morse</WBAddrStandardizeStreetName>
            <WBAddrStandardizeStreetTypeCd>Dr</WBAddrStandardizeStreetTypeCd>
            <WBAddrStandardizeStreetNumber>2535</WBAddrStandardizeStreetNumber>
            <WBConfidence>100</WBConfidence>
            <WBAddrStandardizeLeadingDirectional>W</WBAddrStandardizeLeadingDirectional>
            <WBAddrStandardizeStatus>Accepted</WBAddrStandardizeStatus>
          </WBAddressStandardization>
        </AddrExt>
      </Addr>
      <Addr id="A13534B525F274C8684B14C6B2932ADA1">
        <AddrTypeCd>BillingAddress</AddrTypeCd>
      </Addr>
      <Surname>Burgess</Surname>
      <GivenName>James</GivenName>
      <OtherGivenName>A</OtherGivenName>
      <GenderCd>M</GenderCd>
      <BirthDt>1963-07-23</BirthDt>
      <MaritalStatusCd>M</MaritalStatusCd>
      <TitlePrefix />
      <NameSuffix />
    </InsuredOrPrincipal>
    <PersAutoLineBusiness id="P3A5D38971DAA40488670E2EBEA022F2D">
      <CompanyProductCd>850</CompanyProductCd>
      <Driver id="D2B40EF52CF2146A8AF02B4F1B63580FD">
        <ItemIdInfo id="ID2ACC94947B9475485CDA71293CFF4D1">
          <InsurerId>1</InsurerId>
        </ItemIdInfo>
        <Relationship id="RAE7A5048CCF94A98A3AA107BDDD7FA4D" RelationshipToRef="I6DD1D5FBFB3847AEAB31901A8AD7B602">
          <RelationshipToCd>IN</RelationshipToCd>
        </Relationship>
        <License id="L7CBD9B5A4A104F5AAE4CD50BAD4FBEAC">
          <LicenseTypeCd>Driver</LicenseTypeCd>
          <LicenseStatusCd>VALID</LicenseStatusCd>
          <LicensePermitNumber>PUJIN4653</LicensePermitNumber>
          <StateProvCd>AZ</StateProvCd>
        </License>
        <Addr id="A69638F74BCA94CB387EB906B8F2EB744">
          <AddrTypeCd>InsuredsAddress</AddrTypeCd>
          <Addr1>2535 W Morse Dr</Addr1>
          <City>Anthem</City>
          <StateProvCd>AZ</StateProvCd>
          <PostalCode>85086-1880</PostalCode>
          <CountryCd>USA</CountryCd>
          <Latitude>33.85088</Latitude>
          <Longitude>-112.113681</Longitude>
          <County>Maricopa County</County>
          <AddrExt id="A147D21BA16704177992790C977A5F394">
            <WBAddressStandardization id="W085CD5EACE5B43869A1F5F7F1A39D54A">
              <WBAddrStandardizeStreetName>Morse</WBAddrStandardizeStreetName>
              <WBAddrStandardizeStreetTypeCd>Dr</WBAddrStandardizeStreetTypeCd>
              <WBAddrStandardizeStreetNumber>2535</WBAddrStandardizeStreetNumber>
              <WBConfidence>100</WBConfidence>
              <WBAddrStandardizeLeadingDirectional>W</WBAddrStandardizeLeadingDirectional>
              <WBAddrStandardizeStatus>Accepted</WBAddrStandardizeStatus>
            </WBAddressStandardization>
          </AddrExt>
        </Addr>
        <Addr id="A2E90C36C476A4B7EA5813638D66741DE">
          <AddrTypeCd>MailingAddress</AddrTypeCd>
          <Addr1>2535 W Morse Dr</Addr1>
          <City>Anthem</City>
          <StateProvCd>AZ</StateProvCd>
          <PostalCode>85086-1880</PostalCode>
          <CountryCd>USA</CountryCd>
          <Latitude>33.85088</Latitude>
          <Longitude>-112.113681</Longitude>
          <County>Maricopa County</County>
          <AddrExt id="A9F31E99E94AB42FD9E29A0CFDBE6ACCE">
            <WBAddressStandardization id="WDED34127AA624DF1A439E534729F0CF8">
              <WBAddrStandardizeStreetName>Morse</WBAddrStandardizeStreetName>
              <WBAddrStandardizeStreetTypeCd>Dr</WBAddrStandardizeStreetTypeCd>
              <WBAddrStandardizeStreetNumber>2535</WBAddrStandardizeStreetNumber>
              <WBConfidence>100</WBConfidence>
              <WBAddrStandardizeLeadingDirectional>W</WBAddrStandardizeLeadingDirectional>
              <WBAddrStandardizeStatus>Accepted</WBAddrStandardizeStatus>
            </WBAddressStandardization>
          </AddrExt>
        </Addr>
        <Surname>Burgess</Surname>
        <GivenName>James</GivenName>
        <OtherGivenName>A</OtherGivenName>
        <GenderCd>M</GenderCd>
        <BirthDt>1963-07-23</BirthDt>
        <MaritalStatusCd>M</MaritalStatusCd>
        <QuestionAnswer id="Q14E1D85B69A247918B2171312DF4F005">
          <QuestionCd>DRV05</QuestionCd>
          <YesNoCd>YES</YesNoCd>
          <QuestionText>isIndiviualLicensed</QuestionText>
        </QuestionAnswer>
        <DriverExt id="DAAB6037B9F654974AAB74D4787A38701">
          <WBRiskTerm id="W6D79B594E6C24BF6BECB9C004AEA12A5">
            <WBRiskEffectiveDt>2020-02-27</WBRiskEffectiveDt>
            <WBRiskExpirationDt>2021-02-27</WBRiskExpirationDt>
          </WBRiskTerm>
          <WBDriverIncidentEligiblePoints>0</WBDriverIncidentEligiblePoints>
          <WBDriverIncidentScore>0</WBDriverIncidentScore>
        </DriverExt>
        <DriverTypeCd />
        <TitlePrefix />
        <NameSuffix />
      </Driver>
      <Driver id="D0551646867E74D8FAC34EC20C933A65D">
        <ItemIdInfo id="IA7638DCBBBEE430E8603C06CE195F1A5">
          <InsurerId>2</InsurerId>
        </ItemIdInfo>
        <License id="L8D38A6FE95EF4EAFB5635BB0B8205F2B">
          <LicenseTypeCd>Driver</LicenseTypeCd>
          <LicenseStatusCd>VALID</LicenseStatusCd>
          <LicensePermitNumber>6308Q1596</LicensePermitNumber>
          <StateProvCd>AZ</StateProvCd>
        </License>
        <Surname>TANKSLEY</Surname>
        <GivenName>TAMI</GivenName>
        <GenderCd>M</GenderCd>
        <BirthDt>1961-06-21</BirthDt>
        <QuestionAnswer id="QE24D731957694592864C19B95559BE33">
          <QuestionCd>DRV05</QuestionCd>
          <YesNoCd>YES</YesNoCd>
          <QuestionText>isIndiviualLicensed</QuestionText>
        </QuestionAnswer>
        <DriverExt id="D1DAC8CD9884544239EE3EE41C8382444">
          <WBRiskTerm id="W6148344437FF4955B02E5D4069A2B4DA">
            <WBRiskEffectiveDt>2020-02-27</WBRiskEffectiveDt>
            <WBRiskExpirationDt>2021-02-27</WBRiskExpirationDt>
          </WBRiskTerm>
          <WBDriverIncidentEligiblePoints>0</WBDriverIncidentEligiblePoints>
          <WBDriverIncidentScore>0</WBDriverIncidentScore>
        </DriverExt>
        <DriverTypeCd />
        <TitlePrefix />
        <NameSuffix />
        <OtherGivenName />
      </Driver>
      <Driver id="D04B0324471C34ABEB41E05E4546367BC">
        <ItemIdInfo id="I4A014E6B93E14FAAABAE06314358EF30">
          <InsurerId>3</InsurerId>
        </ItemIdInfo>
        <License id="L880BD3095BA3442E9D058CD68D295912">
          <LicenseTypeCd>Driver</LicenseTypeCd>
          <LicenseStatusCd>VALID</LicenseStatusCd>
          <LicensePermitNumber>GW55T1595</LicensePermitNumber>
          <StateProvCd>AZ</StateProvCd>
        </License>
        <Surname>SWIDAS</Surname>
        <GivenName>BASURTO</GivenName>
        <GenderCd>F</GenderCd>
        <BirthDt>1968-04-16</BirthDt>
        <QuestionAnswer id="QD5CCDECC7AB24621B34FA13D7062235B">
          <QuestionCd>DRV05</QuestionCd>
          <YesNoCd>YES</YesNoCd>
          <QuestionText>isIndiviualLicensed</QuestionText>
        </QuestionAnswer>
        <DriverExt id="D741CCEB193D74A40B68B8EA8E5CFBDB6">
          <WBRiskTerm id="W640A166F3EDE4A1C897612E580C0DFBC">
            <WBRiskEffectiveDt>2020-02-27</WBRiskEffectiveDt>
            <WBRiskExpirationDt>2021-02-27</WBRiskExpirationDt>
          </WBRiskTerm>
          <WBDriverIncidentEligiblePoints>0</WBDriverIncidentEligiblePoints>
          <WBDriverIncidentScore>0</WBDriverIncidentScore>
        </DriverExt>
        <DriverTypeCd />
        <TitlePrefix />
        <NameSuffix />
        <OtherGivenName />
      </Driver>
      <Vehicle id="V6EF9F8EBB31646C7BAD9B2FA527AE70D" RatedDriverRef="">
        <ItemIdInfo id="I1E4EE4DE6CB540BC857B69A02FB8BA11">
          <InsurerId>4</InsurerId>
        </ItemIdInfo>
        <Manufacturer>DODGE</Manufacturer>
        <ManufacturerCd>DODG</ManufacturerCd>
        <Model>NEON SE</Model>
        <ModelCd>NEON</ModelCd>
        <ModelYear>2003</ModelYear>
        <VehBodyTypeCd>PP</VehBodyTypeCd>
        <Registration id="R88F9F53C8B6D4E61874C370466585FBF">
          <StateProvCd>AZ</StateProvCd>
        </Registration>
        <CostNewAmt id="CCA548D154B58440E90F396AA23FC080D">
          <Amt>50000</Amt>
        </CostNewAmt>
        <Horsepower id="H6CDBF7BB78E045F7A61B274FE43E927D">
          <NumUnits>2.0</NumUnits>
        </Horsepower>
        <VehIdentificationNumber>1B3ES26C23D129384</VehIdentificationNumber>
        <GrossVehWeight id="G1502E1563A5F4CD19FB791631C1A0A26">
          <NumUnits>9999</NumUnits>
        </GrossVehWeight>
        <VehPerformanceCd>BASIC</VehPerformanceCd>
        <BIPDSymbolCd>300</BIPDSymbolCd>
        <MedPayPIPLiabilitySymbolCd>500</MedPayPIPLiabilitySymbolCd>
        <Addr id="A256DB13464254650A3961B26DBB26591">
          <AddrTypeCd>GaragingAddress</AddrTypeCd>
          <Addr1>2535 W Morse Dr</Addr1>
          <City>Anthem</City>
          <StateProvCd>AZ</StateProvCd>
          <PostalCode>85086-1880</PostalCode>
          <CountryCd>USA</CountryCd>
          <Latitude>33.85088</Latitude>
          <Longitude>-112.113681</Longitude>
          <County>Maricopa County</County>
          <Region>22</Region>
          <AddrExt id="A06BD3BE34DA8411880C29300E8F91CD5">
            <WBAddressStandardization id="W80305BA0CACD4C5FA62D36D01561BCE4">
              <WBAddrStandardizeStreetName>Morse</WBAddrStandardizeStreetName>
              <WBAddrStandardizeStreetTypeCd>Dr</WBAddrStandardizeStreetTypeCd>
              <WBAddrStandardizeStreetNumber>2535</WBAddrStandardizeStreetNumber>
              <WBConfidence>100</WBConfidence>
              <WBAddrStandardizeLeadingDirectional>W</WBAddrStandardizeLeadingDirectional>
              <WBAddrStandardizeStatus>Accepted</WBAddrStandardizeStatus>
            </WBAddressStandardization>
          </AddrExt>
        </Addr>
        <Coverage id="CBA4C6655D389449690E0C9ADEBE8BEDE">
          <CoverageCd>COMP</CoverageCd>
          <Deductible id="D0AF66D41D7FA400D87B9A4FCB35B3D88">
            <FormatCurrencyAmt id="F6541DE29DF334714A88F381903940CA6">
              <Amt>100</Amt>
            </FormatCurrencyAmt>
            <DeductibleAppliesToCd>ACC</DeductibleAppliesToCd>
          </Deductible>
          <EffectiveDt>2020-02-27</EffectiveDt>
          <ExpirationDt>2021-02-27</ExpirationDt>
          <CoverageSupplement id="CFA3EF05ECA3047E38EE86BC0CB4FD8AD">
            <CoverageSubCd>OTC</CoverageSubCd>
          </CoverageSupplement>
          <CoverageExt id="CF68D537E03794503B8B9E9C6C99E28BB">
            <WBPremiumInfo id="W3CEE61A057CF439CA3B50041872D9F60">
              <WBWrittenAmt id="WB1C6AFFBD2A94CC48CCF7742EE67716C" />
              <WBPriorCurrentTermAmt id="W43316E8339594FDB9589F2BA79981010" />
              <WBPriorWrittenAmt id="W508B624C45A94D18A63E2DF890A5EC0B" />
              <WBCancelAmt id="WB49290DC465B4F008C91B0461FF01D32" />
            </WBPremiumInfo>
          </CoverageExt>
        </Coverage>
        <Coverage id="C00D5E49FC4C94B1FA0DE2E9A51D060D2">
          <CoverageCd>CSL</CoverageCd>
          <Limit id="L1AD4238DAD5249818607583582D7604C">
            <FormatCurrencyAmt id="F46D37D6EA4E647F2BC33DB8A54689DD4">
              <Amt>100000</Amt>
            </FormatCurrencyAmt>
            <LimitAppliesToCd>PerAcc</LimitAppliesToCd>
          </Limit>
          <EffectiveDt>2020-02-27</EffectiveDt>
          <ExpirationDt>2021-02-27</ExpirationDt>
          <CoverageSupplement id="CB520B81E97A14233AFD4F7E4B9D1AEA0">
            <CoverageSubCd>CSL</CoverageSubCd>
          </CoverageSupplement>
          <CoverageExt id="C763E7DD334084C838654EF49E2482702">
            <WBPremiumInfo id="WC1ECD9605152467AB5A4A7908B839BC0">
              <WBWrittenAmt id="W26E9F7A7CE5D40059A5E75C17AD04F6B" />
              <WBPriorCurrentTermAmt id="W8B45EC2E1DA743D79FD6685C486FB5CE" />
              <WBPriorWrittenAmt id="W592E33C7102F43208FF064A6D213EA87" />
              <WBCancelAmt id="W2D804AE633D44EBE9BAC1ADFA3DD68BD" />
            </WBPremiumInfo>
          </CoverageExt>
        </Coverage>
        <Coverage id="C92411B1672D34BD49CB90B378610C07D">
          <CoverageCd>UMCSL</CoverageCd>
          <Limit id="L5E50C1534C5E4D38971C1F237B0BD461">
            <FormatCurrencyAmt id="F9A1B89EF7CAD45E7A8CA3E835BCF468A">
              <Amt>100000</Amt>
            </FormatCurrencyAmt>
            <LimitAppliesToCd>PerAcc</LimitAppliesToCd>
          </Limit>
          <EffectiveDt>2020-02-27</EffectiveDt>
          <ExpirationDt>2021-02-27</ExpirationDt>
          <CoverageSupplement id="C042EAB74F69A4A15A19C8F72EFB7CECB">
            <CoverageSubCd>UMCSL</CoverageSubCd>
          </CoverageSupplement>
          <CoverageExt id="CE57B12C6BF7E4B2BB143E867776A37F3">
            <WBPremiumInfo id="WD5EA3AC17306469A9CBA37AA8BBA4FEA">
              <WBWrittenAmt id="WF11741C587C74CDCA7AF224288600530" />
              <WBPriorCurrentTermAmt id="W8133EFF632ED44AAA096C50FAF6E8042" />
              <WBPriorWrittenAmt id="WD3A53741AC704A4CB8D4CC550B6AC6E7" />
              <WBCancelAmt id="W5B64461313204E299ED1674A6BF76CD0" />
            </WBPremiumInfo>
          </CoverageExt>
        </Coverage>
        <Coverage id="CE5E43C2EBD494997A6DECCC8D32752D5">
          <CoverageCd>UNCSL</CoverageCd>
          <Limit id="LEB5DB981330942FD920828F91A61527E">
            <FormatCurrencyAmt id="FD672B0B12FDD46DD9EABBB19B2AA4A7A">
              <Amt>100000</Amt>
            </FormatCurrencyAmt>
            <LimitAppliesToCd>PerAcc</LimitAppliesToCd>
          </Limit>
          <EffectiveDt>2020-02-27</EffectiveDt>
          <ExpirationDt>2021-02-27</ExpirationDt>
          <CoverageSupplement id="CC13462A66E1D42B2A9BFC9330DD9C887">
            <CoverageSubCd>UNDMCSL</CoverageSubCd>
          </CoverageSupplement>
          <CoverageExt id="C7DBC820E0AC9472D97DEF4CD7AB1F949">
            <WBPremiumInfo id="W406DAD6905A04E99B40023ED3F10EC5B">
              <WBWrittenAmt id="W3024B970B675496596AE905625EAF00E" />
              <WBPriorCurrentTermAmt id="W03F267E9FE504910992C5A4C5D3AD021" />
              <WBPriorWrittenAmt id="WB4450A081A5444D58D2B98475CA51857" />
              <WBCancelAmt id="W6D958F4339E64C43B1B9864DB2056465" />
            </WBPremiumInfo>
          </CoverageExt>
        </Coverage>
        <Coverage id="CFC8B5E90495F49D791DBD31F8BE96EEB">
          <CoverageCd>MEDPM</CoverageCd>
          <Limit id="LFF312E5ADCB14BB787542B39D5B05E7C">
            <FormatCurrencyAmt id="F1B3B5BCF4FFE4EA28F891CF57CCE6A0E">
              <Amt>1000</Amt>
            </FormatCurrencyAmt>
            <LimitAppliesToCd>PerPerson</LimitAppliesToCd>
          </Limit>
          <EffectiveDt>2020-02-27</EffectiveDt>
          <ExpirationDt>2021-02-27</ExpirationDt>
          <CoverageSupplement id="C181F4496EB8341069C031E276BB98524">
            <CoverageSubCd>MP</CoverageSubCd>
          </CoverageSupplement>
          <CoverageExt id="C0869B6E695A74E2DA13C00B86F05DFBB">
            <WBPremiumInfo id="W3E8BEFC282F04830A5CC19E8D04C5CA3">
              <WBWrittenAmt id="WE3C85D3106624CDF8A4621231A718A8A" />
              <WBPriorCurrentTermAmt id="W4894BF6AC1634169B599F3FEE4451500" />
              <WBPriorWrittenAmt id="W7DFF106D3857474298666F1B8C148CBC" />
              <WBCancelAmt id="W1E8174FB3C4647F7BD188B5208B5BB8E" />
            </WBPremiumInfo>
          </CoverageExt>
        </Coverage>
        <Coverage id="C40ED122640124AE6A22C79240B934978">
          <CoverageCd>TRNEX</CoverageCd>
          <Limit id="LE2A58C277B8C4C73A21CBF83DD502D8E">
            <FormatCurrencyAmt id="F631B5A19741F41EDB35677F652ACFBE8">
              <Amt>30</Amt>
            </FormatCurrencyAmt>
            <LimitAppliesToCd>PerDay</LimitAppliesToCd>
          </Limit>
          <Limit id="L6C5EAEB0ECA444C6A5A2E6284261CFB3">
            <FormatCurrencyAmt id="F854C4F8700F040808D96658F63037BEA">
              <Amt>900</Amt>
            </FormatCurrencyAmt>
            <LimitAppliesToCd>EachClaim</LimitAppliesToCd>
          </Limit>
          <EffectiveDt>2020-02-27</EffectiveDt>
          <ExpirationDt>2021-02-27</ExpirationDt>
          <CoverageSupplement id="C739A4384EC534DBEBB359B0536C50A98">
            <CoverageSubCd>TRNSEXP</CoverageSubCd>
          </CoverageSupplement>
          <CoverageExt id="C0EEBFDE4B9204301BCDAC912EF8F5443">
            <WBPremiumInfo id="W133732286695457EAA7150CA23894D9E">
              <WBWrittenAmt id="W7C8657E5456F441F9F4857BB120CAB1F" />
              <WBPriorCurrentTermAmt id="WB47968B95E7849FB98073C4DA9C71D71" />
              <WBPriorWrittenAmt id="W1A97F3AF7EE14C8FAF1FF9517FDB4092" />
              <WBCancelAmt id="W100572362A6A401FA31B58C4A8578007" />
            </WBPremiumInfo>
          </CoverageExt>
        </Coverage>
        <ComprehensiveOTCSymbolCd>23</ComprehensiveOTCSymbolCd>
        <CollisionSymbolCd>23</CollisionSymbolCd>
        <QuestionAnswer id="QF85F9F7BE4024D3FB23711D420DB1553">
          <QuestionCd>VEH01</QuestionCd>
          <YesNoCd>NO</YesNoCd>
        </QuestionAnswer>
        <QuestionAnswer id="QAC151AF088354D24AC1917A2DDDB5FA5">
          <QuestionCd>VEH02</QuestionCd>
          <YesNoCd>DRV</YesNoCd>
          <Explanation>2</Explanation>
        </QuestionAnswer>
        <QuestionAnswer id="Q8071C8F8FAFF4066AEAF19A9B923CFB2">
          <QuestionCd>VEH02</QuestionCd>
          <YesNoCd>DRV</YesNoCd>
          <Explanation>1</Explanation>
        </QuestionAnswer>
        <QuestionAnswer id="Q4D0F20DC4CA143B080434B4F3246717D">
          <QuestionCd>VEH09</QuestionCd>
          <YesNoCd>NO</YesNoCd>
        </QuestionAnswer>
        <VehicleExt id="VF7D11F0CD743461390030D0F9618A47F">
          <WBMileage id="W3D925A7D98F6474FBF240848C4570EA6">
            <WBCarFaxModeledAnnualMileage>0</WBCarFaxModeledAnnualMileage>
          </WBMileage>
          <WBISOBodyStyleDesc>4-Door Sedan</WBISOBodyStyleDesc>
          <WBRiskTerm id="W91B5D60DE74B45A49FAB0A8214C37020">
            <WBRiskEffectiveDt>2020-02-27</WBRiskEffectiveDt>
            <WBRiskExpirationDt>2021-02-27</WBRiskExpirationDt>
          </WBRiskTerm>
          <WBRecordInfo id="W32F2B5523B3D484FAD0FB4754B7AC445">
            <WBRecordModifyType>O</WBRecordModifyType>
            <WBRecordSource>APP-PREFILL</WBRecordSource>
          </WBRecordInfo>
          <WBThirdPartyReport id="W2110F729BCD5440C81EB43D94333C48F">
            <WBReportTypeCd>VINMASTER</WBReportTypeCd>
            <WBReportOrderStatus>Returned</WBReportOrderStatus>
          </WBThirdPartyReport>
          <WBOverrideInfo id="W1C709F9CDBDD42ED89D54FF095DDB973">
            <WBOverrideType>T</WBOverrideType>
            <WBOverrideCategory>Symbol</WBOverrideCategory>
            <WBOverrideCd>COLL</WBOverrideCd>
            <WBOverrideValue>27</WBOverrideValue>
          </WBOverrideInfo>
          <WBOverrideInfo id="WB235719B125E47BC91C6D4D6FB7F4724">
            <WBOverrideType>T</WBOverrideType>
            <WBOverrideCategory>Symbol</WBOverrideCategory>
            <WBOverrideCd>OTC</WBOverrideCd>
            <WBOverrideValue>27</WBOverrideValue>
          </WBOverrideInfo>
          <WBCustomEquipInd>0</WBCustomEquipInd>
          <WBVehicleIncidentScore>0</WBVehicleIncidentScore>
          <WBPremiumInfo id="WFAEB477171CA4FA28B3D929C5E5E66A4">
            <WBCurrentTermAmt id="W0294EDFD2BFC49B38A38DBDDB37CF599" />
            <WBNetChangeAmt id="W631B7D93FF64430CA4C1B3D3A47B838E" />
            <WBWrittenAmt id="WC9FE175A00BA425CA8E048FC9032CFC0" />
            <WBPriorCurrentTermAmt id="WA69B6999F8C04335ACE7EE9AB3AA1160" />
            <WBPriorWrittenAmt id="W7198F0CA04F9495A8AA04A58402823A7" />
            <WBCancelAmt id="W8320D1FB701D40CAB2F9E9584B5686E7" />
          </WBPremiumInfo>
          <WBAdaptiveHeadlightSystemInd>0</WBAdaptiveHeadlightSystemInd>
          <WBAutonomousOperationsModeInd>0</WBAutonomousOperationsModeInd>
          <WBBackupWarningSystemInd>0</WBBackupWarningSystemInd>
          <WBBlindSpotLaneOrDepartureMonitoringCd />
          <WBDriverFatigueSensingSystemInd>0</WBDriverFatigueSensingSystemInd>
          <WBForwardCrashAvoidanceCd />
          <Form id="F08A22A27FC364E48947E7A6E5A4FA592">
            <FormNumber>PP0001Q</FormNumber>
            <EditionDt>2019-01-01</EditionDt>
            <FormName>Personal Auto Policy</FormName>
            <EffectiveDt>2020-02-27</EffectiveDt>
          </Form>
          <Form id="F1D187E998ECB40A5A30348B5496533C3">
            <FormNumber>PP0167Q</FormNumber>
            <EditionDt>2019-01-01</EditionDt>
            <FormName>Amendment of Policy Provisions - AZ</FormName>
            <EffectiveDt>2020-02-27</EffectiveDt>
          </Form>
          <Form id="F592225A986B44419A0AF3D4E8C55B7A1">
            <FormNumber>PP0267Q</FormNumber>
            <EditionDt>2019-01-01</EditionDt>
            <FormName>Termination Provisions - AZ</FormName>
            <EffectiveDt>2020-02-27</EffectiveDt>
          </Form>
          <Form id="F352D6034AA7D4C88A81F94B120B779CB">
            <FormNumber>PP0477Q</FormNumber>
            <EditionDt>2019-01-01</EditionDt>
            <FormName>Uninsured Motorists Coverage - AZ</FormName>
            <EffectiveDt>2020-02-27</EffectiveDt>
          </Form>
          <Form id="F7843EA00B50541D7AD5D0762AF8A1F24">
            <FormNumber>PP0489Q</FormNumber>
            <EditionDt>2019-01-01</EditionDt>
            <FormName>Underinsured Motorists Coverage - AZ</FormName>
            <EffectiveDt>2020-02-27</EffectiveDt>
          </Form>
        </VehicleExt>
      </Vehicle>
      <PersAutoLineBusinessExt id="PDED025B2AAEC45F2A217293D42A13B4A">
        <WBPremiumInfo id="WF785BE5F2A124FB5B265AC2F3764432D">
          <WBCurrentTermAmt id="W75D13FB613C14A7CBB0A2BC3724BBD11" />
          <WBNetChangeAmt id="WB1B3AA3D09A04E90B3FEE4D4CEC16DBB">
            <Amt>0</Amt>
          </WBNetChangeAmt>
        </WBPremiumInfo>
      </PersAutoLineBusinessExt>
    </PersAutoLineBusiness>
    <PolicyExt id="PA223F47F64DF427895601C7FFF8D2B8C">
      <WBTransactionStatusDesc>Pending</WBTransactionStatusDesc>
      <WBQuoteStatusDesc>Started Quote</WBQuoteStatusDesc>
      <WBThirdPartyReport id="WFECAAEF82DFE4F48BF4ED24CDCF44BA3">
        <WBReportTypeCd>APD</WBReportTypeCd>
        <WBReportOrderDt>2020-02-27</WBReportOrderDt>
        <WBReportOrderStatus>Returned</WBReportOrderStatus>
        <WBReportExpirationDt>2020-05-27</WBReportExpirationDt>
      </WBThirdPartyReport>
      <WBPolicyInceptionDateInfo id="WB3E71A8ECFD94BF3B1E10061F0DA1FAD">
        <WBPolicyUWInceptionDt>2020-02-27</WBPolicyUWInceptionDt>
        <WBPolicyUWDtOverrideInd>0</WBPolicyUWDtOverrideInd>
      </WBPolicyInceptionDateInfo>
      <WBGroupAssocName></WBGroupAssocName>
      <WBAssocGroupType></WBAssocGroupType>
      <WBPremiumInfo id="W2EBEE6ABB7CD4DBBA23F70D544AF01A5">
        <WBCurrentTermAmt id="WC422CA9620924D82B61135EEEF6841C3" />
        <WBNetChangeAmt id="W84CF785A16B245FBBDC3583F4FA60CB8" />
        <WBWrittenAmt id="W8985A15E270C416998878BD9F1EF24DC" />
        <WBPriorCurrentTermAmt id="WD5A0167E2D5F40DEA185E92601B23D98" />
        <WBPriorWrittenAmt id="W73615CD78D98441AA690F6737EA33513" />
        <WBCancelAmt id="WC07C31AD141E49DC979914012CC6C360" />
      </WBPremiumInfo>
      <WBHouseholdCompositionInd>0</WBHouseholdCompositionInd>
    </PolicyExt>
    <GroupId></GroupId>
    <Form id="F26425B8AD5714605BDDF2157DAB71CCB">
      <FormNumber>DC2177</FormNumber>
      <EditionDt>2019-01-01</EditionDt>
      <FormName>Membership and Voting Rights Notice</FormName>
      <EffectiveDt>2020-02-27</EffectiveDt>
    </Form>
    <Form id="F9D8DBD46A641458D8AF656BC79704608">
      <FormNumber>DC249</FormNumber>
      <EditionDt>2019-01-01</EditionDt>
      <FormName>Coordination of Deductible Clause</FormName>
      <EffectiveDt>2020-02-27</EffectiveDt>
    </Form>
    <Form id="F6E0FF50F48F94470AF544E3ED6A7400A">
      <FormNumber>DC1188</FormNumber>
      <EditionDt>2019-01-01</EditionDt>
      <FormName>West Bend Privacy Statement</FormName>
      <EffectiveDt>2020-02-27</EffectiveDt>
    </Form>
    <Form id="F184CA000CB164944B7E86B14DECFA83D">
      <FormNumber>DC1491</FormNumber>
      <EditionDt>2019-01-01</EditionDt>
      <FormName>Payment Plan Options</FormName>
      <EffectiveDt>2020-02-27</EffectiveDt>
    </Form>
  </Policy>
</PolicyRs>