﻿<PolicyRs xmlns="http://www.acord.org/schema/PC/xml/2">
  <BusinessPurposeTypeCd>NBQ</BusinessPurposeTypeCd>
  <TransactionEffectiveDt>2019-06-10T00:00:00.000</TransactionEffectiveDt>
  <TransactionSeqNumber>1</TransactionSeqNumber>
  <Policy id="P3B1933F340A44C12AB78690D1AFBBD82">
    <PolicyNumber>A542168</PolicyNumber>
    <PolicyVersion>00</PolicyVersion>
    <ControllingStateProvCd>MI</ControllingStateProvCd>
    <ContractTerm id="C41F1C7994B7E48A199B9ECE2490F4E71">
      <EffectiveDt>2019-06-10</EffectiveDt>
      <ExpirationDt>2020-06-10</ExpirationDt>
    </ContractTerm>
    <CurrentTermAmt id="C18763EF5D4F045AF99AA15968CF6EEFE">
      <Amt>9057</Amt>
    </CurrentTermAmt>
    <WrittenAmt id="W9F2FB4521E5B4A2CA8EB20BF7C166DE9">
      <Amt>9057</Amt>
    </WrittenAmt>
    <PaymentOption id="P8A1DD2A864B44410BF61C607AA287F29">
      <PaymentPlanCd>FL</PaymentPlanCd>
    </PaymentOption>
    <QuoteInfo id="QEBD8091826BF4255AFFB718109013406">
      <InitialQuoteRequestDt>2019-06-10</InitialQuoteRequestDt>
    </QuoteInfo>
    <CreditScoreInfo id="C725EFC09E3564072805959BFBB77746F">
      <CreditScoreDt>2019-06-10</CreditScoreDt>
      <CreditScoreInfoExt id="CBACB75A7225C45EA9F442519D6F745AC">
        <WBInsuranceScore id="W64320CF4E6ED449893EBAA5F04E168CB">
          <WBRatingScore>998</WBRatingScore>
        </WBInsuranceScore>
      </CreditScoreInfoExt>
    </CreditScoreInfo>
    <PolicyStatusCd>InForce</PolicyStatusCd>
    <UnderwritingDecisionInfo id="U74B4DA8B1C5D4D969400D91840E9C401">
      <SystemUnderwritingDecisionDt>2019-06-11</SystemUnderwritingDecisionDt>
      <UnderwritingScoreNumber>0</UnderwritingScoreNumber>
    </UnderwritingDecisionInfo>
    <PaidInFullInd>1</PaidInFullInd>
    <Producer id="PA111D4FFCD3849489DD2AC036B72CE1E" />
    <InsuredOrPrincipal id="I01BC5CF4E95647BB8C82773AD85D7516">
      <ItemIdInfo id="I1742D46709FC4BB28C9AAE23190AEFE9">
        <InsurerId>1000263357</InsurerId>
      </ItemIdInfo>
      <Relationship id="R2A2801D6354442A29BDB58EE0A54332C" RelationshipToRef="P3B1933F340A44C12AB78690D1AFBBD82">
        <RelationshipToCd>FNI</RelationshipToCd>
      </Relationship>
      <Name>jfgdg null gtrth</Name>
      <Addr id="AF5FD765AD44141C69D00E9FDF3DBFB52">
        <AddrTypeCd>InsuredsAddress</AddrTypeCd>
        <Addr1>123 Main Street</Addr1>
        <City>Ann Arbor</City>
        <StateProvCd>MI</StateProvCd>
        <PostalCode>48103</PostalCode>
        <CountryCd>USA</CountryCd>
      </Addr>
      <Addr id="AEC6ECF3D0C374E0F9C3ED5CEE253FFC8">
        <AddrTypeCd>BillingAddress</AddrTypeCd>
      </Addr>
      <Communications id="C5DCA64BC4EDD46FC8C52A910877EE83D" />
      <Surname>gtrth</Surname>
      <GivenName>jfgdg</GivenName>
      <GenderCd>M</GenderCd>
      <BirthDt>1998-06-05</BirthDt>
      <MaritalStatusCd>D</MaritalStatusCd>
    </InsuredOrPrincipal>
    <Location id="L0152CB1229C24423B3E10C24CD8F7DAC">
      <Addr id="A3396E5DFC90344DA8E38606BD668F146">
        <AddrTypeCd>GaragingAddress</AddrTypeCd>
        <Addr1>123 Main Street</Addr1>
        <City>Ann Arbor</City>
        <StateProvCd>MI</StateProvCd>
        <PostalCode>48103</PostalCode>
        <CountryCd>USA</CountryCd>
      </Addr>
    </Location>
    <PersAutoLineBusiness id="P7C6DA0C6902749FDB4D1562A23861B19">
      <CurrentTermAmt id="CACF3A54DD2304BC083FF9396DE7A9C79">
        <Amt>9057</Amt>
      </CurrentTermAmt>
      <WrittenAmt id="WA3C161DF1453493D9615433F0D33916A">
        <Amt>9057</Amt>
      </WrittenAmt>
      <Driver id="D365B16F001744C58A328092760AF3360">
        <ItemIdInfo id="I9C650A68603B457DADBBBD93DCEEDA79">
          <InsurerId>200</InsurerId>
        </ItemIdInfo>
        <Relationship id="R0A1AA0512A5E4A148B47DEF557F578F5" RelationshipToRef="I01BC5CF4E95647BB8C82773AD85D7516">
          <RelationshipToCd>IN</RelationshipToCd>
        </Relationship>
        <License id="LE221505454214BA5B9F17669FF1C9B92">
          <LicenseTypeCd>Driver</LicenseTypeCd>
          <LicenseStatusCd>NOLIC</LicenseStatusCd>
        </License>
        <Addr id="AFE7B620DB7D643BBABEEBE965A30EA40">
          <AddrTypeCd>InsuredsAddress</AddrTypeCd>
          <Addr1>123 Main Street</Addr1>
          <City>Ann Arbor</City>
          <StateProvCd>MI</StateProvCd>
          <PostalCode>48103</PostalCode>
          <CountryCd>USA</CountryCd>
        </Addr>
        <Surname>Carter</Surname>
        <GivenName>John</GivenName>
        <GenderCd>M</GenderCd>
        <BirthDt>1998-06-05</BirthDt>
        <MaritalStatusCd>S</MaritalStatusCd>
        <QuestionAnswer id="Q4BD3B39A3F6E4B22ABA5028D3BFC29B2">
          <QuestionCd>DRV05</QuestionCd>
          <YesNoCd>No</YesNoCd>
          <QuestionText>isIndiviualLicensed</QuestionText>
        </QuestionAnswer>
        <DriverExt id="DA015433253CB44538FAE46DD8245B5FB">
          <YouthfulInd>1</YouthfulInd>
          <WBIsMinor>0</WBIsMinor>
          <WBRiskTerm id="W24C5DCD2C527407882BFA4708E26E144">
            <WBRiskEffectiveDt>2019-06-10</WBRiskEffectiveDt>
            <WBRiskExpirationDt>2020-06-10</WBRiskExpirationDt>
          </WBRiskTerm>
          <WBDriverAge>21</WBDriverAge>
          <WBInexperiencedOperatorInd>0</WBInexperiencedOperatorInd>
          <WBAdvantageDriverInd>0</WBAdvantageDriverInd>
        </DriverExt>
      </Driver>
      <Driver id="D6B6D8C18C4A44634A8D8CFF566EF19FF">
        <ItemIdInfo id="I7EF6DD9337C340F4AEE4B8575083027B">
          <InsurerId>100</InsurerId>
        </ItemIdInfo>
        <Relationship id="RFE6CAE9D953D4ABD8A29510A145EFCCB" RelationshipToRef="I01BC5CF4E95647BB8C82773AD85D7516">
          <RelationshipToCd>RE</RelationshipToCd>
        </Relationship>
        <License id="L1FDBD1C993A545D0B038B438F1266A46">
          <LicenseTypeCd>Driver</LicenseTypeCd>
          <LicenseStatusCd>NOLIC</LicenseStatusCd>
        </License>
        <Addr id="A5C0E939A1FC2497FB1B38081C52F1F97">
          <AddrTypeCd>InsuredsAddress</AddrTypeCd>
          <Addr1>123 Main Street</Addr1>
          <City>Ann Arbor</City>
          <StateProvCd>MI</StateProvCd>
          <PostalCode>48103</PostalCode>
          <CountryCd>USA</CountryCd>
        </Addr>
        <Surname>Carter</Surname>
        <GivenName>Mary</GivenName>
        <GenderCd>F</GenderCd>
        <BirthDt>1989-06-05</BirthDt>
        <MaritalStatusCd>M</MaritalStatusCd>
        <QuestionAnswer id="Q31B78A74CCED4EDD98823345562631D2">
          <QuestionCd>DRV05</QuestionCd>
          <YesNoCd>No</YesNoCd>
          <QuestionText>isIndiviualLicensed</QuestionText>
        </QuestionAnswer>
        <DriverExt id="D0711006899CC4DF4A5673960EB4E6D52">
          <YouthfulInd>0</YouthfulInd>
          <WBIsMinor>0</WBIsMinor>
          <WBRiskTerm id="W70E6565C21184AF2847585C3604152B1">
            <WBRiskEffectiveDt>2019-06-10</WBRiskEffectiveDt>
            <WBRiskExpirationDt>2020-06-10</WBRiskExpirationDt>
          </WBRiskTerm>
          <WBDriverAge>30</WBDriverAge>
          <WBInexperiencedOperatorInd>0</WBInexperiencedOperatorInd>
          <WBAdvantageDriverInd>0</WBAdvantageDriverInd>
        </DriverExt>
      </Driver>
      <Vehicle id="V735915C5E25C4F95A63B8282C7AF0D75">
        <ItemIdInfo id="I28B68929C6DB42E9A2DABBB7F54456D7">
          <InsurerId>100</InsurerId>
        </ItemIdInfo>
        <Manufacturer>CADILLAC</Manufacturer>
        <ManufacturerCd>CADI</ManufacturerCd>
        <Model>CTS PREMIUM</Model>
        <ModelCd>CTS</ModelCd>
        <ModelYear>2015</ModelYear>
        <VehBodyTypeCd>PU</VehBodyTypeCd>
        <FullTermAmt id="FFC13D8FC095042AC8DA253F62B53C3A4">
          <Amt>4804.00</Amt>
        </FullTermAmt>
        <WrittenAmt id="W223A57662D104E308DBADE59E63E4219">
          <Amt>4804.00</Amt>
        </WrittenAmt>
        <Horsepower id="HCA2EAF848479440FA66FE9E54449D929">
          <NumUnits>3.6</NumUnits>
        </Horsepower>
        <LeasedVehInd>0</LeasedVehInd>
        <VehIdentificationNumber>1G6AT5S3&amp;F</VehIdentificationNumber>
        <GrossVehWeight id="GB93D8AAF655543EDAE0B3240374CDD3C">
          <NumUnits>0</NumUnits>
        </GrossVehWeight>
        <InspectionInfo id="IC1828BC05F124523BCEC1D7FF5CFE280">
          <VehInspectionInfo id="V5EBC15C886C346BAB9B62EA6A66379FD">
            <VehEquipment id="V05B14593DAD24C5B8524C366C7CDA2A2">
              <VehEquipmentCd>AdaptiveHeadlights</VehEquipmentCd>
            </VehEquipment>
          </VehInspectionInfo>
        </InspectionInfo>
        <ItemModificationInfo id="I31B4A5F92D96460687E454A43EC507CA">
          <ItemModificationInfoExt id="ICE919B5B41DD426296925D32996F6BF9">
            <WBHandicapInd>0</WBHandicapInd>
            <WBCustomEquipInd>0</WBCustomEquipInd>
          </ItemModificationInfoExt>
        </ItemModificationInfo>
        <VehUseCd>OT</VehUseCd>
        <BIPDSymbolCd>285</BIPDSymbolCd>
        <MedPayPIPLiabilitySymbolCd>490</MedPayPIPLiabilitySymbolCd>
        <Addr id="A3F78D6ECA7D4458185459317D25DAF0C">
          <AddrTypeCd>GaragingAddress</AddrTypeCd>
          <Addr1>123 Main Street</Addr1>
          <City>Ann Arbor</City>
          <StateProvCd>MI</StateProvCd>
          <PostalCode>48103</PostalCode>
          <CountryCd>USA</CountryCd>
          <Region>129</Region>
          <AddrExt id="A25050D56D9114FEA9532CB8E1B0559CB">
            <WBRatedZipCd>48103</WBRatedZipCd>
            <WBRatedVehicleStateProvCd>MI</WBRatedVehicleStateProvCd>
          </AddrExt>
        </Addr>
        <Coverage id="C610C86170A124530A1A921EC618BFEB7">
          <CoverageCd>COMP</CoverageCd>
          <Deductible id="D9FE27312B260484F9E01D30B1609C43B">
            <FormatCurrencyAmt id="FD8B350C7213E42B6AF1115272FFEB023">
              <Amt>250</Amt>
            </FormatCurrencyAmt>
            <DeductibleAppliesToCd>ACC</DeductibleAppliesToCd>
          </Deductible>
          <CurrentTermAmt id="C3537DF4A3E78423EB31E475ED57FF56F">
            <Amt>362</Amt>
          </CurrentTermAmt>
          <WrittenAmt id="W8064AFB2A6DC44C983F18689DF4C76E2">
            <Amt>362</Amt>
          </WrittenAmt>
          <CreditOrSurcharge id="C4D6ECFE6659545D6B56502AEC26603D8">
            <CreditSurchargeCd>LFREE</CreditSurchargeCd>
            <SecondaryCd>CFAEST</SecondaryCd>
            <WBRatingAppliedInd>0</WBRatingAppliedInd>
          </CreditOrSurcharge>
          <EffectiveDt>2019-06-10</EffectiveDt>
          <ExpirationDt>2020-06-10</ExpirationDt>
          <CoverageSupplement id="C05BF696C2A474E74A08442F1C9FE83AA">
            <CoverageSubCd>OTC</CoverageSubCd>
          </CoverageSupplement>
          <CoverageExt id="C8BD36AD6312B4878B53436845DABCA7D">
            <WBPremiumInfo id="W7EDAC536461D4FE1A558018A0A4A7859">
              <WBCurrentTermAmt id="W75F4A4C61C4D41BB866E132F877B70E2">
                <Amt>362</Amt>
              </WBCurrentTermAmt>
              <WBWrittenAmt id="WC85C4D6EC28E4B2790476BEC5C95716F">
                <Amt>362</Amt>
              </WBWrittenAmt>
            </WBPremiumInfo>
          </CoverageExt>
        </Coverage>
        <Coverage id="C160F89BBABC044359B2686DC36696331">
          <CoverageCd>COLL</CoverageCd>
          <Deductible id="DC2004F41F2ED4006B8BBD615105C18B7">
            <FormatCurrencyAmt id="F953EF1F762AA4887ADC1F208ABB3D1AF">
              <Amt>500</Amt>
            </FormatCurrencyAmt>
            <DeductibleAppliesToCd>ACC</DeductibleAppliesToCd>
          </Deductible>
          <Option id="OE89C2ED1E68349D99AC10E43D8C4A2DC">
            <OptionCd>COL</OptionCd>
          </Option>
          <CurrentTermAmt id="CE772C12C605C43ABA85486E0EF052409">
            <Amt>2939</Amt>
          </CurrentTermAmt>
          <WrittenAmt id="W6D3BF835308C4B7ABD2AC05253EA9B5A">
            <Amt>2939</Amt>
          </WrittenAmt>
          <CreditOrSurcharge id="C5A901311006F4145960284AD35C3D618">
            <CreditSurchargeCd>LFREE</CreditSurchargeCd>
            <SecondaryCd>CFAEST</SecondaryCd>
            <WBRatingAppliedInd>0</WBRatingAppliedInd>
          </CreditOrSurcharge>
          <EffectiveDt>2019-06-10</EffectiveDt>
          <ExpirationDt>2020-06-10</ExpirationDt>
          <CoverageSupplement id="C35B7A3272B494AB581E0B6E6FE5E313D">
            <CoverageSubCd>COLL</CoverageSubCd>
          </CoverageSupplement>
          <CoverageExt id="CE98251338FDD457BBE9771D11B3998B7">
            <WBPremiumInfo id="WD5337E16BF2D486B92DC1186783A948A">
              <WBCurrentTermAmt id="W0A67830ED520492682DA03E4F2D1ABAE">
                <Amt>2939</Amt>
              </WBCurrentTermAmt>
              <WBWrittenAmt id="W40E328A94016449DBBB28F11C5EB2B6C">
                <Amt>2939</Amt>
              </WBWrittenAmt>
            </WBPremiumInfo>
          </CoverageExt>
        </Coverage>
        <Coverage id="C81FE25CBD51A4300ABB93E5E3DCFAE69">
          <CoverageCd>BI</CoverageCd>
          <Limit id="L0DA72CDBA4274EF2B850260E38840587">
            <FormatCurrencyAmt id="FB6D952BEB1D04BA88A0C05F3ADA8AAB2">
              <Amt>100000</Amt>
            </FormatCurrencyAmt>
            <LimitAppliesToCd>BIEachPers</LimitAppliesToCd>
          </Limit>
          <Limit id="L3D19DCE0439F48ADB6116E44E01ADCA2">
            <FormatCurrencyAmt id="F93DEF030FC2F4738B83BA13057BA09FC">
              <Amt>300000</Amt>
            </FormatCurrencyAmt>
            <LimitAppliesToCd>PerAcc</LimitAppliesToCd>
          </Limit>
          <CurrentTermAmt id="C0E1C72A63133499C852777F38BFBF4CB">
            <Amt>225</Amt>
          </CurrentTermAmt>
          <WrittenAmt id="W5D0CE810594B41AE93841CFDE5A854ED">
            <Amt>225</Amt>
          </WrittenAmt>
          <CreditOrSurcharge id="CFE269527389A400D8CC521EB21329194">
            <CreditSurchargeCd>LFREE</CreditSurchargeCd>
            <SecondaryCd>CFAEST</SecondaryCd>
            <WBRatingAppliedInd>0</WBRatingAppliedInd>
          </CreditOrSurcharge>
          <EffectiveDt>2019-06-10</EffectiveDt>
          <ExpirationDt>2020-06-10</ExpirationDt>
          <CoverageSupplement id="C4028916597BC4897A7F529EA93C3741C">
            <CoverageSubCd>BI</CoverageSubCd>
          </CoverageSupplement>
          <CoverageExt id="CC7E3D3C51F4A4FCDBE90D978B83E377C">
            <WBPremiumInfo id="W03E682FE72594C1DB8947022E18CC3C4">
              <WBCurrentTermAmt id="WE0E2C0744D0B452D990460EA1F85B78B">
                <Amt>225</Amt>
              </WBCurrentTermAmt>
              <WBWrittenAmt id="W8E0B40085D9D4B98A59DD714FFB59E9B">
                <Amt>225</Amt>
              </WBWrittenAmt>
            </WBPremiumInfo>
          </CoverageExt>
        </Coverage>
        <Coverage id="CB4EF3F9466DE46B58AA1CC754C695199">
          <CoverageCd>PD</CoverageCd>
          <Limit id="LD30B1DFCAA6F49E1879D4B2FF8776663">
            <FormatCurrencyAmt id="F7C4AFCD7427A48B5831B440246AE0B68">
              <Amt>25000</Amt>
            </FormatCurrencyAmt>
            <LimitAppliesToCd>CSL</LimitAppliesToCd>
          </Limit>
          <CurrentTermAmt id="CFDD71BA63E46412581CFBB3F142F4157">
            <Amt>16</Amt>
          </CurrentTermAmt>
          <WrittenAmt id="WB806FF27F24240E495D2FE12E6D93E69">
            <Amt>16</Amt>
          </WrittenAmt>
          <EffectiveDt>2019-06-10</EffectiveDt>
          <ExpirationDt>2020-06-10</ExpirationDt>
          <CoverageSupplement id="C6BE38450C46A436C901E966F637487D7">
            <CoverageSubCd>PD</CoverageSubCd>
          </CoverageSupplement>
          <CoverageExt id="C96782944ED4F44558CDDF81BDDC0CED1">
            <WBPremiumInfo id="WACBF3BD3A1414A04BB0D278074DF5D3C">
              <WBCurrentTermAmt id="W36B7A9DD1F8A4775BAC7AD9DDF354A99">
                <Amt>16</Amt>
              </WBCurrentTermAmt>
              <WBWrittenAmt id="W3E1AE489EBCB4476B4D61EDCF51CBA59">
                <Amt>16</Amt>
              </WBWrittenAmt>
            </WBPremiumInfo>
          </CoverageExt>
        </Coverage>
        <Coverage id="CF20EBF5EAA2146AD881C110018CBA08C">
          <CoverageCd>LPD</CoverageCd>
          <Limit id="LEC62A057ADA34F529711D9746D0554EC">
            <FormatCurrencyAmt id="F1D7A82CF26F64404BBC68DDE2FBA01F7">
              <Amt>1000</Amt>
            </FormatCurrencyAmt>
            <LimitAppliesToCd>EachClaim</LimitAppliesToCd>
          </Limit>
          <CurrentTermAmt id="C27DD6FCA1F8D4988897DA5A9520AB270">
            <Amt>6</Amt>
          </CurrentTermAmt>
          <WrittenAmt id="W8A29A24758004D3EB5C8AE2FA6E9E7C2">
            <Amt>6</Amt>
          </WrittenAmt>
          <EffectiveDt>2019-06-10</EffectiveDt>
          <ExpirationDt>2020-06-10</ExpirationDt>
          <CoverageSupplement id="C2B2C185A72654E768CAA282CA2BF4852">
            <CoverageSubCd>APD</CoverageSubCd>
          </CoverageSupplement>
          <CoverageExt id="C258E4368C11A4D42AEFCEE152092CC66">
            <WBPremiumInfo id="W5E3256053F994388836A39D230567DEF">
              <WBCurrentTermAmt id="W30BDA3CD423A45C58A6D9252C41C8F0A">
                <Amt>6</Amt>
              </WBCurrentTermAmt>
              <WBWrittenAmt id="WC9C4E88563FB4D569A18DD8B4F4CD4E2">
                <Amt>6</Amt>
              </WBWrittenAmt>
            </WBPremiumInfo>
          </CoverageExt>
        </Coverage>
        <Coverage id="C5FE90DA9F715476E9B7E226479340F52">
          <CoverageCd>WLB</CoverageCd>
          <Deductible id="D12D2495D3CAD4750B33B28AC1C2951E5">
            <FormatCurrencyAmt id="FE0CEF2302F3F48F08EBB2BAAAC26DEA8">
              <Amt>500</Amt>
            </FormatCurrencyAmt>
            <DeductibleAppliesToCd>CL</DeductibleAppliesToCd>
          </Deductible>
          <Option id="OFAB2E6DDA3AA4714BC481773B78E3FDF">
            <OptionCd>P</OptionCd>
          </Option>
          <CurrentTermAmt id="C73A98E8245DE4BEDBD3530F5C97133EA">
            <Amt>27</Amt>
          </CurrentTermAmt>
          <WrittenAmt id="W15BEBD22EC2047A9AEEB79A2E3555803">
            <Amt>27</Amt>
          </WrittenAmt>
          <CreditOrSurcharge id="CC0FC4044678444E99631EA6C3037B47F">
            <CreditSurchargeCd>LFREE</CreditSurchargeCd>
            <SecondaryCd>CFAEST</SecondaryCd>
            <WBRatingAppliedInd>0</WBRatingAppliedInd>
          </CreditOrSurcharge>
          <EffectiveDt>2019-06-10</EffectiveDt>
          <ExpirationDt>2020-06-10</ExpirationDt>
          <CoverageSupplement id="C7D791BB61E024621ACACA02ACF6C6F5E">
            <CoverageSubCd>PIPWKLOSS</CoverageSubCd>
          </CoverageSupplement>
          <CoverageExt id="CE896798816D04FBD9FC194A3842C6777">
            <WBPremiumInfo id="W3F5F9477484E4FA293CD50FA3AAD2423">
              <WBCurrentTermAmt id="W7AE725CAA0EF4642A3F7D42F86455DA0">
                <Amt>27</Amt>
              </WBCurrentTermAmt>
              <WBWrittenAmt id="W13DE93EB0ED24D84A7787B4E582A634C">
                <Amt>27</Amt>
              </WBWrittenAmt>
            </WBPremiumInfo>
          </CoverageExt>
        </Coverage>
        <Coverage id="C37328B0F26854278B65C0F7EFA1D6E16">
          <CoverageCd>UM</CoverageCd>
          <Limit id="L4DE24C94B6FD46169DE14FC2B3D801DE">
            <FormatCurrencyAmt id="FE5E209E94A544012A3D01983EE372F5F">
              <Amt>100000</Amt>
            </FormatCurrencyAmt>
            <LimitAppliesToCd>EachClaim</LimitAppliesToCd>
          </Limit>
          <Limit id="LC89C9B83DF534F7BAA0973B59B1712E4">
            <FormatCurrencyAmt id="FDFBC1D5E6B424C5CB16920BBD5F9937A">
              <Amt>300000</Amt>
            </FormatCurrencyAmt>
            <LimitAppliesToCd>PerAcc</LimitAppliesToCd>
          </Limit>
          <CurrentTermAmt id="CAD69D64DEF1141A3A774C6E58341EFD9">
            <Amt>22</Amt>
          </CurrentTermAmt>
          <WrittenAmt id="W6A09DAB605804DAA8EC443DAB03CBCF7">
            <Amt>22</Amt>
          </WrittenAmt>
          <CreditOrSurcharge id="CE3D988FDF23540D996CD6B4CAF636942">
            <CreditSurchargeCd>LFREE</CreditSurchargeCd>
            <SecondaryCd>CFAEST</SecondaryCd>
            <WBRatingAppliedInd>0</WBRatingAppliedInd>
          </CreditOrSurcharge>
          <EffectiveDt>2019-06-10</EffectiveDt>
          <ExpirationDt>2020-06-10</ExpirationDt>
          <CoverageSupplement id="C35BF62FA95A3457DADB63D7129D5BC8A">
            <CoverageSubCd>UMSP</CoverageSubCd>
          </CoverageSupplement>
          <CoverageExt id="C6C1DDC63FF844292A2BA38462EA373AF">
            <WBPremiumInfo id="WA2862734F3774643A3DC1FA96C2DE85D">
              <WBCurrentTermAmt id="WC5C8F8A526E84D88ABF98AAED49C701D">
                <Amt>22</Amt>
              </WBCurrentTermAmt>
              <WBWrittenAmt id="W563B197E33704072A92155302BED1D7E">
                <Amt>22</Amt>
              </WBWrittenAmt>
            </WBPremiumInfo>
          </CoverageExt>
        </Coverage>
        <Coverage id="CE76F2BA9512B4260B6EF1C027660937E">
          <CoverageCd>UNDUM</CoverageCd>
          <Limit id="L78DC0EB850FB46D983D65525ADE82314">
            <FormatCurrencyAmt id="F710896AC39DD413EB07D726572162EE6">
              <Amt>100000</Amt>
            </FormatCurrencyAmt>
            <LimitAppliesToCd>EachClaim</LimitAppliesToCd>
          </Limit>
          <Limit id="LF4CFD36812FE4F71A9BD2C83FE1EFA94">
            <FormatCurrencyAmt id="FB64FBEDD873F44E58B802D6608336F1B">
              <Amt>300000</Amt>
            </FormatCurrencyAmt>
            <LimitAppliesToCd>PerAcc</LimitAppliesToCd>
          </Limit>
          <CurrentTermAmt id="C714D2FADA9AD4DF6A59266BD1D671F25">
            <Amt>9</Amt>
          </CurrentTermAmt>
          <WrittenAmt id="WBB73A2A87AB047BEB67294F7229CE9B7">
            <Amt>9</Amt>
          </WrittenAmt>
          <EffectiveDt>2019-06-10</EffectiveDt>
          <ExpirationDt>2020-06-10</ExpirationDt>
          <CoverageSupplement id="C5CC21EBA38E6490099BDC3E7E13D517C">
            <CoverageSubCd>UNDMSP</CoverageSubCd>
          </CoverageSupplement>
          <CoverageExt id="CE87612FBAFFC4C4ABE8AEE566F72FBDC">
            <WBPremiumInfo id="WC1C75897CC334399BD3F71B6AF5FAD54">
              <WBCurrentTermAmt id="W7DAE4DA05FD14CD4BC6FE371CE22957E">
                <Amt>9</Amt>
              </WBCurrentTermAmt>
              <WBWrittenAmt id="W826D5A629EB844EEA5C8DE6C3F86C49E">
                <Amt>9</Amt>
              </WBWrittenAmt>
            </WBPremiumInfo>
          </CoverageExt>
        </Coverage>
        <Coverage id="CDEC6DB97DADC4C428148C629172CF25A">
          <CoverageCd>TRNEX</CoverageCd>
          <Limit id="LCB75AC68D62E4AC893DBDDC81CFD2634">
            <FormatCurrencyAmt id="F62F2BAEDF5904869BCF8C93E86F8A026">
              <Amt>30</Amt>
            </FormatCurrencyAmt>
            <LimitAppliesToCd>PerDay</LimitAppliesToCd>
          </Limit>
          <Limit id="L6A8FA241047C48F48077F4659B279BB6">
            <FormatCurrencyAmt id="F2CF3D0DAAA2F49C19C9BBC9D620C958A">
              <Amt>900</Amt>
            </FormatCurrencyAmt>
            <LimitAppliesToCd>EachClaim</LimitAppliesToCd>
          </Limit>
          <CurrentTermAmt id="C045BA43CCBC447CE91D7ECB4052BB978">
            <Amt>2</Amt>
          </CurrentTermAmt>
          <WrittenAmt id="WDDF199D409674BE8BE5AFEFA7018D6B5">
            <Amt>2</Amt>
          </WrittenAmt>
          <EffectiveDt>2019-06-10</EffectiveDt>
          <ExpirationDt>2020-06-10</ExpirationDt>
          <CoverageSupplement id="CD2A6FBAEB4754718B2BA452CE6134BA3">
            <CoverageSubCd>TRNSEXP</CoverageSubCd>
          </CoverageSupplement>
          <CoverageExt id="CCD5A153765FA4F4BA299F592AE659842">
            <WBPremiumInfo id="WEAFDFB10A7B24D1BBCC7D0760DF76C47">
              <WBCurrentTermAmt id="W2BEC5B49D7BE4F68B14C3DA27D9A4604">
                <Amt>2</Amt>
              </WBCurrentTermAmt>
              <WBWrittenAmt id="WA67ABE2B1AA84E178BFB8A47411A404E">
                <Amt>2</Amt>
              </WBWrittenAmt>
            </WBPremiumInfo>
          </CoverageExt>
        </Coverage>
        <Coverage id="C18FD0EACC9A04CFD8E581CBEA8772736">
          <CoverageCd>PIP</CoverageCd>
          <Deductible id="D023314B6FF3441BDB91BE72D9D7A0FA9">
            <FormatCurrencyAmt id="F77F190F08A374521BF7F480CE0B4CA06">
              <Amt>500</Amt>
            </FormatCurrencyAmt>
            <DeductibleAppliesToCd>CL</DeductibleAppliesToCd>
          </Deductible>
          <Option id="O9A10462EA570406AB6B9044CD54A6D27">
            <OptionCd>P</OptionCd>
          </Option>
          <CurrentTermAmt id="C9AD4E405C3B74065A5EAB59800AFC3A5">
            <Amt>945</Amt>
          </CurrentTermAmt>
          <WrittenAmt id="W365C2B49B5814113A809597CB85F73FF">
            <Amt>945</Amt>
          </WrittenAmt>
          <CreditOrSurcharge id="CD2EAA11914074E41A5426AD221907A62">
            <CreditSurchargeCd>LFREE</CreditSurchargeCd>
            <SecondaryCd>CFAEST</SecondaryCd>
            <WBRatingAppliedInd>0</WBRatingAppliedInd>
          </CreditOrSurcharge>
          <EffectiveDt>2019-06-10</EffectiveDt>
          <ExpirationDt>2020-06-10</ExpirationDt>
          <CoverageSupplement id="C667125B4256E455689D90A21FFE334ED">
            <CoverageSubCd>PIPMED</CoverageSubCd>
          </CoverageSupplement>
          <CoverageExt id="CC8AA34A4A72B46B4A25E0B1FF55C1F34">
            <WBPremiumInfo id="W977D83C9455746FF8E67673595D4A219">
              <WBCurrentTermAmt id="W4F397E5960E14BB08347E1879E06EF22">
                <Amt>945</Amt>
              </WBCurrentTermAmt>
              <WBWrittenAmt id="W4F54CBF595474413AB8320797639BB0A">
                <Amt>945</Amt>
              </WBWrittenAmt>
            </WBPremiumInfo>
          </CoverageExt>
        </Coverage>
        <Coverage id="CBBC1A83EAA764C48BFAF3ED09361CC27">
          <CoverageCd>PIP</CoverageCd>
          <Deductible id="DBA0E55069FD14EBF92D252C6B1463343">
            <FormatCurrencyAmt id="FB591CDDC07014626AD047B84F88DDDA3">
              <Amt>500</Amt>
            </FormatCurrencyAmt>
            <DeductibleAppliesToCd>CL</DeductibleAppliesToCd>
          </Deductible>
          <CurrentTermAmt id="CA7B937A89490463FA6D32B01F2BCE537">
            <Amt>19</Amt>
          </CurrentTermAmt>
          <WrittenAmt id="WCDE84D9B2AF84ECCB6EFCFA4B1B92D0B">
            <Amt>19</Amt>
          </WrittenAmt>
          <CreditOrSurcharge id="CF17F3FAB012840C49FB00DABACB7843A">
            <CreditSurchargeCd>LFREE</CreditSurchargeCd>
            <SecondaryCd>CFAEST</SecondaryCd>
            <WBRatingAppliedInd>0</WBRatingAppliedInd>
          </CreditOrSurcharge>
          <EffectiveDt>2019-06-10</EffectiveDt>
          <ExpirationDt>2020-06-10</ExpirationDt>
          <CoverageSupplement id="C346E18F143EA4216A49DD94EAF6A1187">
            <CoverageSubCd>PIPALLOTHER</CoverageSubCd>
          </CoverageSupplement>
          <CoverageExt id="C23E298F7AE32410085BFCE52464D22C8">
            <WBPremiumInfo id="W88B6A26BD86B4EE88A6298D5D9F0B075">
              <WBCurrentTermAmt id="W50F433BB4E3046E18F915C2DEC70CB28">
                <Amt>19</Amt>
              </WBCurrentTermAmt>
              <WBWrittenAmt id="W6BA371D3D20245DD900DB2FF73290CC7">
                <Amt>19</Amt>
              </WBWrittenAmt>
            </WBPremiumInfo>
          </CoverageExt>
        </Coverage>
        <Coverage id="C361DE4014DF041A4B27A5691FCD30123">
          <CoverageCd>PPI</CoverageCd>
          <Limit id="L3834957132E249538D35F25E79CE7E26">
            <FormatCurrencyAmt id="F95548BF1DA434EFC96DA7958A96D5241">
              <Amt>1000000</Amt>
            </FormatCurrencyAmt>
            <LimitAppliesToCd>PerAcc</LimitAppliesToCd>
          </Limit>
          <CurrentTermAmt id="C3539E79D723C431C8B88FF8893987771">
            <Amt>4</Amt>
          </CurrentTermAmt>
          <WrittenAmt id="W80298718256348A291855B341985EEB0">
            <Amt>4</Amt>
          </WrittenAmt>
          <EffectiveDt>2019-06-10</EffectiveDt>
          <ExpirationDt>2020-06-10</ExpirationDt>
          <CoverageSupplement id="C6F52C87BA30C4EA0BB6E677ECFF1B0E5">
            <CoverageSubCd>PPI</CoverageSubCd>
          </CoverageSupplement>
          <CoverageExt id="C008F6B45FDF54FEEBCF6B9E38763D631">
            <WBPremiumInfo id="WBDB48C06842D4838B99B64D219993069">
              <WBCurrentTermAmt id="W2F3D51A2AB6D44729870985D6B064F9F">
                <Amt>4</Amt>
              </WBCurrentTermAmt>
              <WBWrittenAmt id="W586576BBF636431995C3A7B7521614E4">
                <Amt>4</Amt>
              </WBWrittenAmt>
            </WBPremiumInfo>
          </CoverageExt>
        </Coverage>
        <Coverage id="CF33A965D63284E83B4B3173C0D514816">
          <CoverageCd>MCCA</CoverageCd>
          <CoverageTypeCd>Coverage</CoverageTypeCd>
          <CurrentTermAmt id="CC1C9D1C3B4034629BB443AE2D529AFF3">
            <Amt>228.00</Amt>
          </CurrentTermAmt>
          <WrittenAmt id="W81F79C05DC0C42808F33F3B8A470FFCE">
            <Amt>228.00</Amt>
          </WrittenAmt>
          <EffectiveDt>2019-06-10</EffectiveDt>
          <ExpirationDt>2020-06-10</ExpirationDt>
          <CoverageSupplement id="C0B92E9F5215746F28DFAEA787A08EF67">
            <CoverageSubCd>PIPMCCA</CoverageSubCd>
          </CoverageSupplement>
          <CoverageExt id="C9EBAA45CC4274F488EF83BEF2FBD091B">
            <WBPremiumInfo id="WF0C7AC5170E3459CB0498E729A740AB0">
              <WBCurrentTermAmt id="W0B41FDDCADEF4BABB4F6219411329403">
                <Amt>228.00</Amt>
              </WBCurrentTermAmt>
              <WBWrittenAmt id="W40F0A56E051C44548B6D7CAA2A6691CB">
                <Amt>228.00</Amt>
              </WBWrittenAmt>
            </WBPremiumInfo>
          </CoverageExt>
        </Coverage>
        <CreditOrSurcharge id="C880AFA62FA01443F9C01B35460024865">
          <SecondaryCd>AHS</SecondaryCd>
          <WBRatingAppliedInd>0</WBRatingAppliedInd>
        </CreditOrSurcharge>
        <CreditOrSurcharge id="C56CE85BBFA4C4429BF726C388D7DA1B6">
          <SecondaryCd>AOM</SecondaryCd>
          <WBRatingAppliedInd>0</WBRatingAppliedInd>
        </CreditOrSurcharge>
        <CreditOrSurcharge id="C56C73239009041D7BBAD8D9B72C5AFBF">
          <SecondaryCd>BWS</SecondaryCd>
          <WBRatingAppliedInd>0</WBRatingAppliedInd>
        </CreditOrSurcharge>
        <CreditOrSurcharge id="CC2EB00A3E66945AD8F10143E56255809">
          <SecondaryCd>DFSS</SecondaryCd>
          <WBRatingAppliedInd>0</WBRatingAppliedInd>
        </CreditOrSurcharge>
        <CreditOrSurcharge id="CD237768BA6834DFE96438F3BE9EF2805">
          <SecondaryCd>FCA</SecondaryCd>
          <WBRatingAppliedInd>0</WBRatingAppliedInd>
        </CreditOrSurcharge>
        <CreditOrSurcharge id="C76B52AAEB2C44BABBA4D46863C08139F">
          <WBRatingAppliedInd>0</WBRatingAppliedInd>
        </CreditOrSurcharge>
        <CreditOrSurcharge id="C696DD449CE8748D095FEE10949536E12">
          <SecondaryCd>SDD</SecondaryCd>
          <WBRatingAppliedInd>0</WBRatingAppliedInd>
        </CreditOrSurcharge>
        <CreditOrSurcharge id="C13EE991D69BB40EDB84DC61D22CA51F7">
          <WBRatingAppliedInd>0</WBRatingAppliedInd>
        </CreditOrSurcharge>
        <CreditOrSurcharge id="CC0E7E580DF11458BAC10E25F2B84DE4E">
          <WBRatingAppliedInd>0</WBRatingAppliedInd>
        </CreditOrSurcharge>
        <CreditOrSurcharge id="CB47BB46258834FC598C583ABB0E6B3A4">
          <WBRatingAppliedInd>0</WBRatingAppliedInd>
        </CreditOrSurcharge>
        <CreditOrSurcharge id="C70AB22D1CF874D4D99CF5CB594E682F3">
          <WBRatingAppliedInd>0</WBRatingAppliedInd>
        </CreditOrSurcharge>
        <ComprehensiveOTCSymbolCd>38</ComprehensiveOTCSymbolCd>
        <CollisionSymbolCd>59</CollisionSymbolCd>
        <QuestionAnswer id="QA65BB6E69EA84F91BF5C11ABBDD6CB9D">
          <QuestionCd>VEH01</QuestionCd>
          <YesNoCd>NO</YesNoCd>
        </QuestionAnswer>
        <QuestionAnswer id="QD48F2D50AFD04FC186C94D9B5E3B2619">
          <QuestionCd>VEH02</QuestionCd>
          <YesNoCd>OTHER</YesNoCd>
          <Explanation>d</Explanation>
        </QuestionAnswer>
        <VehicleExt id="VAE3E831F596F4527854368A426D8492F">
          <WBBackupWarningSystemInd>0</WBBackupWarningSystemInd>
          <WBAutonomousOperationsModeInd>0</WBAutonomousOperationsModeInd>
          <WBAdaptiveHeadlightSystemInd>0</WBAdaptiveHeadlightSystemInd>
          <WBDriverFatigueSensingSystemInd>0</WBDriverFatigueSensingSystemInd>
          <WBVehicleUse id="W9C8F4400CB0B423389B4A0D692E0ECAF">
            <WBVehicleTitledCd>Other</WBVehicleTitledCd>
          </WBVehicleUse>
          <ClassCode>1121</ClassCode>
          <WBMileage id="WE8F4B8B1CF1B4EF8A5DD86B2628B050D">
            <WBRecentAverageMileage>0</WBRecentAverageMileage>
            <WBRatedAnnualMileage>13541</WBRatedAnnualMileage>
            <WBAnnualMileageMAMCd>E</WBAnnualMileageMAMCd>
          </WBMileage>
          <WBFinancialResponsibilityCnt>0</WBFinancialResponsibilityCnt>
          <WBRiskTerm id="W25999E953A4445888761483C3C8423FE">
            <WBRiskEffectiveDt>2019-06-10</WBRiskEffectiveDt>
            <WBRiskExpirationDt>2020-06-10</WBRiskExpirationDt>
          </WBRiskTerm>
          <WBSubtotalInfo id="W1090C3E05C86461BA220E27296E5C8C9">
            <WBSubtotalInfoTypeCd>CFA</WBSubtotalInfoTypeCd>
            <WBCurrentTermAmt id="W1888B60C80704959917EDAE413A7153B">
              <Amt>137</Amt>
            </WBCurrentTermAmt>
          </WBSubtotalInfo>
          <WBSubtotalInfo id="WD1E6495CB4EB441183AD872C79C2A926">
            <WBSubtotalInfoTypeCd>VEH</WBSubtotalInfoTypeCd>
            <WBCurrentTermAmt id="W9D0719B48AD04109BB6B9D704262CBB0">
              <Amt>4576</Amt>
            </WBCurrentTermAmt>
          </WBSubtotalInfo>
          <WBVehicleAge>4</WBVehicleAge>
          <WBPremiumInfo id="WC2E826A906864B73BB13EE15232CE207">
            <WBCurrentTermAmt id="W1AA6146221DA465591EF7533CC3CA6C3">
              <Amt>4804.00</Amt>
            </WBCurrentTermAmt>
            <WBWrittenAmt id="WF37FA7132D54400AA35D9A08DD24DB32">
              <Amt>4804.00</Amt>
            </WBWrittenAmt>
          </WBPremiumInfo>
        </VehicleExt>
      </Vehicle>
      <Vehicle id="V3AAED0B2CC3F474DABC844C5CEB1EDCA">
        <ItemIdInfo id="I59871DBD2D5A45558FDBBCCDD96194F9">
          <InsurerId>200</InsurerId>
        </ItemIdInfo>
        <Manufacturer>LEXUS</Manufacturer>
        <ManufacturerCd>LEXS</ManufacturerCd>
        <Model>LS 460</Model>
        <ModelCd>LS 460</ModelCd>
        <ModelYear>2009</ModelYear>
        <VehBodyTypeCd>PP</VehBodyTypeCd>
        <FullTermAmt id="F8E4FEC902E9C4E2DBEEE8FC3D9F093D8">
          <Amt>4253.00</Amt>
        </FullTermAmt>
        <WrittenAmt id="WDB2555086D6649FCA0FB6765B2F346F3">
          <Amt>4253.00</Amt>
        </WrittenAmt>
        <Horsepower id="H5F5FFDD101C64D2A88AA09E8C43A4F51">
          <NumUnits>4.6</NumUnits>
        </Horsepower>
        <LeasedVehInd>0</LeasedVehInd>
        <VehIdentificationNumber>JTHBL46F&amp;9</VehIdentificationNumber>
        <GrossVehWeight id="GA72F7BAB79A14D10981D26F8E50E1591">
          <NumUnits>0</NumUnits>
        </GrossVehWeight>
        <InspectionInfo id="ID400882F274D40CFB6FFCAA86852F66B">
          <VehInspectionInfo id="V68FEF97616B449A5A359BAA002B07193">
            <VehEquipment id="V72F3896664D44BB5AA69C8D26CB17EC9">
              <VehEquipmentCd>AdaptiveHeadlights</VehEquipmentCd>
            </VehEquipment>
          </VehInspectionInfo>
        </InspectionInfo>
        <ItemModificationInfo id="I9C7A0B13970B4857BA1199E041ADE1BF">
          <ItemModificationInfoExt id="IB4591FD2C43147C9AAAE301AD94C1998">
            <WBHandicapInd>0</WBHandicapInd>
            <WBCustomEquipInd>0</WBCustomEquipInd>
          </ItemModificationInfoExt>
        </ItemModificationInfo>
        <VehUseCd>OT</VehUseCd>
        <BIPDSymbolCd>290</BIPDSymbolCd>
        <MedPayPIPLiabilitySymbolCd>460</MedPayPIPLiabilitySymbolCd>
        <Addr id="AB565EFFBFBBF4B50B8356F17F6855E22">
          <AddrTypeCd>GaragingAddress</AddrTypeCd>
          <Addr1>123 Main Street</Addr1>
          <City>Ann Arbor</City>
          <StateProvCd>MI</StateProvCd>
          <PostalCode>48103</PostalCode>
          <CountryCd>USA</CountryCd>
          <Region>129</Region>
          <AddrExt id="A71E2BF719F6C458590D8F57B7F038034">
            <WBRatedZipCd>48103</WBRatedZipCd>
            <WBRatedVehicleStateProvCd>MI</WBRatedVehicleStateProvCd>
          </AddrExt>
        </Addr>
        <Coverage id="C6F42417EBBD34D3B8C5621F1C5CEF3C3">
          <CoverageCd>COMP</CoverageCd>
          <Deductible id="D4C8159A92F384CE59305E154F2BD0381">
            <FormatCurrencyAmt id="FEA8B793450CB4A33BCD579C5CBC29F1E">
              <Amt>1000</Amt>
            </FormatCurrencyAmt>
            <DeductibleAppliesToCd>ACC</DeductibleAppliesToCd>
          </Deductible>
          <CurrentTermAmt id="C4827734963F64D749B716977A0D19D1B">
            <Amt>360</Amt>
          </CurrentTermAmt>
          <WrittenAmt id="WDB6E3385410C4BEE9C42D18FBB0C95AB">
            <Amt>360</Amt>
          </WrittenAmt>
          <CreditOrSurcharge id="C9911F2A280BA49DEA4269136F935C736">
            <CreditSurchargeCd>LFREE</CreditSurchargeCd>
            <SecondaryCd>CFAEST</SecondaryCd>
            <WBRatingAppliedInd>0</WBRatingAppliedInd>
          </CreditOrSurcharge>
          <EffectiveDt>2019-06-10</EffectiveDt>
          <ExpirationDt>2020-06-10</ExpirationDt>
          <CoverageSupplement id="C2E3802E47D434AB480C7FC690622E160">
            <CoverageSubCd>OTC</CoverageSubCd>
          </CoverageSupplement>
          <CoverageExt id="CCCC2F4AFA0884AD79577A7358DE27DF5">
            <WBPremiumInfo id="W98623BF3002E4A8393F9A8B5FD791C51">
              <WBCurrentTermAmt id="W1509FA0C5B4742A2BC993B6EAFA7EC63">
                <Amt>360</Amt>
              </WBCurrentTermAmt>
              <WBWrittenAmt id="WEC6C5FE7C2754E72A3E99EB9349EC009">
                <Amt>360</Amt>
              </WBWrittenAmt>
            </WBPremiumInfo>
          </CoverageExt>
        </Coverage>
        <Coverage id="CD258B1A187594A46A5DEF86C48D7CDA5">
          <CoverageCd>COLL</CoverageCd>
          <Deductible id="D7EC60680EE5A4CE3BA000359970044B2">
            <FormatCurrencyAmt id="FF41FA218D44D4DA8AC4C68764AF0C7FC">
              <Amt>5000</Amt>
            </FormatCurrencyAmt>
            <DeductibleAppliesToCd>ACC</DeductibleAppliesToCd>
          </Deductible>
          <Option id="O14254228D09E4C68BEE4269D757FF733">
            <OptionCd>B</OptionCd>
          </Option>
          <CurrentTermAmt id="C190BA067249F4BF69474F26E520A820D">
            <Amt>2387</Amt>
          </CurrentTermAmt>
          <WrittenAmt id="W58B4ABE511834F49958B39F0AF925061">
            <Amt>2387</Amt>
          </WrittenAmt>
          <CreditOrSurcharge id="C8C79F2C37B3E4D9A9B6382477E04E60A">
            <CreditSurchargeCd>LFREE</CreditSurchargeCd>
            <SecondaryCd>CFAEST</SecondaryCd>
            <WBRatingAppliedInd>0</WBRatingAppliedInd>
          </CreditOrSurcharge>
          <EffectiveDt>2019-06-10</EffectiveDt>
          <ExpirationDt>2020-06-10</ExpirationDt>
          <CoverageSupplement id="CA61A4EDEC93D4B60954CE8C0F2E7406D">
            <CoverageSubCd>COLL</CoverageSubCd>
          </CoverageSupplement>
          <CoverageExt id="C7B3B94023B8C44009CD56077DF43FD66">
            <WBPremiumInfo id="W75C6492D80854A36B8546239026D6874">
              <WBCurrentTermAmt id="W2938A258A2E4469B9D95AE3EDFA95906">
                <Amt>2387</Amt>
              </WBCurrentTermAmt>
              <WBWrittenAmt id="W0B88FD1F393346BDAC194CF90BD65A40">
                <Amt>2387</Amt>
              </WBWrittenAmt>
            </WBPremiumInfo>
          </CoverageExt>
        </Coverage>
        <Coverage id="CC40CAEDCAA224602BD46E452CDBD5679">
          <CoverageCd>BI</CoverageCd>
          <Limit id="L281074EF16174688AE35931F4DC8DD73">
            <FormatCurrencyAmt id="FFC41A52626F040C4B070D93C12590B41">
              <Amt>100000</Amt>
            </FormatCurrencyAmt>
            <LimitAppliesToCd>BIEachPers</LimitAppliesToCd>
          </Limit>
          <Limit id="L6B6968B8AD444484AB467A0AC77D83A8">
            <FormatCurrencyAmt id="F4B8E3FB64E594A73BB56ECC2130315F6">
              <Amt>300000</Amt>
            </FormatCurrencyAmt>
            <LimitAppliesToCd>PerAcc</LimitAppliesToCd>
          </Limit>
          <CurrentTermAmt id="C3AB8626AE9874A719DC1677F33A153C3">
            <Amt>227</Amt>
          </CurrentTermAmt>
          <WrittenAmt id="W16A168B51DE14281A2E9FF75E2241A52">
            <Amt>227</Amt>
          </WrittenAmt>
          <CreditOrSurcharge id="CAF7FADD83D9441BEBCCB14A02A6F4F80">
            <CreditSurchargeCd>LFREE</CreditSurchargeCd>
            <SecondaryCd>CFAEST</SecondaryCd>
            <WBRatingAppliedInd>0</WBRatingAppliedInd>
          </CreditOrSurcharge>
          <EffectiveDt>2019-06-10</EffectiveDt>
          <ExpirationDt>2020-06-10</ExpirationDt>
          <CoverageSupplement id="CE1E2EEF1EB93472DB74A04DE2EB42B20">
            <CoverageSubCd>BI</CoverageSubCd>
          </CoverageSupplement>
          <CoverageExt id="CBFB6A33E6B27464487A3258456D6068E">
            <WBPremiumInfo id="W9A12A4D9ABAD44918D95B85BCE4A0A1A">
              <WBCurrentTermAmt id="W4BF9C5031FC74442B11127AE5B260AA8">
                <Amt>227</Amt>
              </WBCurrentTermAmt>
              <WBWrittenAmt id="W579C87BCFD974A15B81FC53A437027D1">
                <Amt>227</Amt>
              </WBWrittenAmt>
            </WBPremiumInfo>
          </CoverageExt>
        </Coverage>
        <Coverage id="CC3693488844D4BEA8027B75F54B8C19C">
          <CoverageCd>PD</CoverageCd>
          <Limit id="LB7EC9D7594104FBB8B43DC8A52F6EED8">
            <FormatCurrencyAmt id="F271D4C10E703461A9A8736865BD59084">
              <Amt>25000</Amt>
            </FormatCurrencyAmt>
            <LimitAppliesToCd>CSL</LimitAppliesToCd>
          </Limit>
          <CurrentTermAmt id="C872AC83E8DCA4601B621004123A364A7">
            <Amt>17</Amt>
          </CurrentTermAmt>
          <WrittenAmt id="W64F951AEE5AB45359293D3AA15D4970F">
            <Amt>17</Amt>
          </WrittenAmt>
          <CreditOrSurcharge id="C9AD8088FAEFA45DEAB398C1CEB18B6C1">
            <CreditSurchargeCd>LFREE</CreditSurchargeCd>
            <SecondaryCd>CFAEST</SecondaryCd>
            <WBRatingAppliedInd>0</WBRatingAppliedInd>
          </CreditOrSurcharge>
          <EffectiveDt>2019-06-10</EffectiveDt>
          <ExpirationDt>2020-06-10</ExpirationDt>
          <CoverageSupplement id="C119D4B42B6134C69B29071F2855884CF">
            <CoverageSubCd>PD</CoverageSubCd>
          </CoverageSupplement>
          <CoverageExt id="C9207210B3B8145FBABD5A9A9C19C06A8">
            <WBPremiumInfo id="WB33047C76C184C608361BA8BC05F7A6B">
              <WBCurrentTermAmt id="WE15B56FB3F4441A6BBD5BFE7A7D01BAB">
                <Amt>17</Amt>
              </WBCurrentTermAmt>
              <WBWrittenAmt id="W2E4DEEFB7DF442A587AAF69CA7A5B0BA">
                <Amt>17</Amt>
              </WBWrittenAmt>
            </WBPremiumInfo>
          </CoverageExt>
        </Coverage>
        <Coverage id="CF464C7E3617B46409D2C5823B02EDD05">
          <CoverageCd>LPD</CoverageCd>
          <Limit id="LE6C887029936404AB795ABE4603D0AEC">
            <FormatCurrencyAmt id="FC1BE1ACFBBA5427D8D0FD3C5AB5F4AC8">
              <Amt>1000</Amt>
            </FormatCurrencyAmt>
            <LimitAppliesToCd>EachClaim</LimitAppliesToCd>
          </Limit>
          <CurrentTermAmt id="CFDEEED2C7A51453BB85DED5717B79A09">
            <Amt>6</Amt>
          </CurrentTermAmt>
          <WrittenAmt id="WD6785B376F354219A0FB3087700CC806">
            <Amt>6</Amt>
          </WrittenAmt>
          <EffectiveDt>2019-06-10</EffectiveDt>
          <ExpirationDt>2020-06-10</ExpirationDt>
          <CoverageSupplement id="CAE0D89B6CAA04C769105682CE6B5332C">
            <CoverageSubCd>APD</CoverageSubCd>
          </CoverageSupplement>
          <CoverageExt id="CE640D55FA39B45009F63F60764E349D9">
            <WBPremiumInfo id="W1010E69938854DFEA7BC4322B6517EEB">
              <WBCurrentTermAmt id="W48076925EC9C4DFB8132D2BE94554A98">
                <Amt>6</Amt>
              </WBCurrentTermAmt>
              <WBWrittenAmt id="W9592FE9AB0D74C3592808B2699D6522A">
                <Amt>6</Amt>
              </WBWrittenAmt>
            </WBPremiumInfo>
          </CoverageExt>
        </Coverage>
        <Coverage id="C7FE0D405BCDD4FECA6FB4482A17A446B">
          <CoverageCd>WLB</CoverageCd>
          <Deductible id="D8662AAE109534D179BD2509999B06EA3">
            <FormatCurrencyAmt id="F7165568CD0DA4A5EAE8122653CEF8929">
              <Amt>500</Amt>
            </FormatCurrencyAmt>
            <DeductibleAppliesToCd>CL</DeductibleAppliesToCd>
          </Deductible>
          <Option id="O7F0A8E59B0124765B5053E5B0FCCBBA7">
            <OptionCd>P</OptionCd>
          </Option>
          <CurrentTermAmt id="C89A628ADD2E04552B7EB7A86F95AC9A3">
            <Amt>27</Amt>
          </CurrentTermAmt>
          <WrittenAmt id="W3E78BCCDE0774520B23CFF2046D7AE2A">
            <Amt>27</Amt>
          </WrittenAmt>
          <CreditOrSurcharge id="C157EFA016AF046BC8DF6A45BEF9E027A">
            <CreditSurchargeCd>LFREE</CreditSurchargeCd>
            <SecondaryCd>CFAEST</SecondaryCd>
            <WBRatingAppliedInd>0</WBRatingAppliedInd>
          </CreditOrSurcharge>
          <EffectiveDt>2019-06-10</EffectiveDt>
          <ExpirationDt>2020-06-10</ExpirationDt>
          <CoverageSupplement id="C4563FD8095CC4622BAAFF797230CAD0F">
            <CoverageSubCd>PIPWKLOSS</CoverageSubCd>
          </CoverageSupplement>
          <CoverageExt id="CDD34783AE41E4CC3BE28C7E87AFCB9BB">
            <WBPremiumInfo id="W6A91B0442A834DEE91B0411C749D0186">
              <WBCurrentTermAmt id="W4C8BD3765DDA4FD58AB1DC327F1A3DB0">
                <Amt>27</Amt>
              </WBCurrentTermAmt>
              <WBWrittenAmt id="W9E92B29CA78946A6B31C16D3A8B13E47">
                <Amt>27</Amt>
              </WBWrittenAmt>
            </WBPremiumInfo>
          </CoverageExt>
        </Coverage>
        <Coverage id="C3000F0776A6C4B09AADCBC211E5C3EC9">
          <CoverageCd>UM</CoverageCd>
          <Limit id="L9D778F475DEB4431BDC5605F691D8295">
            <FormatCurrencyAmt id="FA8476979A8A34224A573064CC2C21BBE">
              <Amt>100000</Amt>
            </FormatCurrencyAmt>
            <LimitAppliesToCd>EachClaim</LimitAppliesToCd>
          </Limit>
          <Limit id="L13B704BB70F44F47B8C79EF0296EFFEF">
            <FormatCurrencyAmt id="FF06A2057B6B147149073757723035C9D">
              <Amt>300000</Amt>
            </FormatCurrencyAmt>
            <LimitAppliesToCd>PerAcc</LimitAppliesToCd>
          </Limit>
          <CurrentTermAmt id="CCFE7C97D733D4C069C4B4D99C15F9ABA">
            <Amt>22</Amt>
          </CurrentTermAmt>
          <WrittenAmt id="W538EAF75AC784A379A37C9C985856FB3">
            <Amt>22</Amt>
          </WrittenAmt>
          <CreditOrSurcharge id="CA2065215D07E4691ACBA26B6C4C47FD8">
            <CreditSurchargeCd>LFREE</CreditSurchargeCd>
            <SecondaryCd>CFAEST</SecondaryCd>
            <WBRatingAppliedInd>0</WBRatingAppliedInd>
          </CreditOrSurcharge>
          <EffectiveDt>2019-06-10</EffectiveDt>
          <ExpirationDt>2020-06-10</ExpirationDt>
          <CoverageSupplement id="C9D3ADA1DDFC842539FD0C9F8F9E383A6">
            <CoverageSubCd>UMSP</CoverageSubCd>
          </CoverageSupplement>
          <CoverageExt id="C921F8E3B886F478DB8964B4E4ABBE1EF">
            <WBPremiumInfo id="W22F1398739F8428CB62A43AC841EDA13">
              <WBCurrentTermAmt id="W2D003FB1B1544B9F8CF1A533DE00C8AA">
                <Amt>22</Amt>
              </WBCurrentTermAmt>
              <WBWrittenAmt id="W5ABF5172B1D5418A950281FA09DF223E">
                <Amt>22</Amt>
              </WBWrittenAmt>
            </WBPremiumInfo>
          </CoverageExt>
        </Coverage>
        <Coverage id="CFA010D05B91C4E4C88299788B57923DD">
          <CoverageCd>UNDUM</CoverageCd>
          <Limit id="LE10CC899A1AA4F3ABAC2B2D5B00C9B56">
            <FormatCurrencyAmt id="F78B3DA0E5FE741BC93E01E81351D4ABA">
              <Amt>100000</Amt>
            </FormatCurrencyAmt>
            <LimitAppliesToCd>EachClaim</LimitAppliesToCd>
          </Limit>
          <Limit id="LA4D93FF243294E3380B1F7E8BFA67FF8">
            <FormatCurrencyAmt id="F5A46DC023FB54C9387B81D485CC3428D">
              <Amt>300000</Amt>
            </FormatCurrencyAmt>
            <LimitAppliesToCd>PerAcc</LimitAppliesToCd>
          </Limit>
          <CurrentTermAmt id="CEA40C3129D784F099F64E743737A6E7A">
            <Amt>9</Amt>
          </CurrentTermAmt>
          <WrittenAmt id="W73F5E6CCC5BC4ECF86AE242AF2CECD3A">
            <Amt>9</Amt>
          </WrittenAmt>
          <EffectiveDt>2019-06-10</EffectiveDt>
          <ExpirationDt>2020-06-10</ExpirationDt>
          <CoverageSupplement id="CA8B3957C74DD43DA904BA6CEE2A6E904">
            <CoverageSubCd>UNDMSP</CoverageSubCd>
          </CoverageSupplement>
          <CoverageExt id="C1BDEF7EBD9F44C93AAAD81DCBE17376E">
            <WBPremiumInfo id="W9F5019239F0F4055855B4EFDDADC3001">
              <WBCurrentTermAmt id="WB69FA300E1E6404CA6E5B2FBC3B68705">
                <Amt>9</Amt>
              </WBCurrentTermAmt>
              <WBWrittenAmt id="W5AECBC1362664527AEF87C08E0810143">
                <Amt>9</Amt>
              </WBWrittenAmt>
            </WBPremiumInfo>
          </CoverageExt>
        </Coverage>
        <Coverage id="C8389A69C8C0B44DBBB28CC0983D7E3F5">
          <CoverageCd>TRNEX</CoverageCd>
          <Limit id="LCBF8C21539A24B2BBCBB2EA22BB618DE">
            <FormatCurrencyAmt id="FCB86AE654700446A92703EFDDF1C1490">
              <Amt>30</Amt>
            </FormatCurrencyAmt>
            <LimitAppliesToCd>PerDay</LimitAppliesToCd>
          </Limit>
          <Limit id="L19B6168D08D74053877E6E7F95120EEA">
            <FormatCurrencyAmt id="FED52EC66C98540E9B1F7F1D2392B51AA">
              <Amt>900</Amt>
            </FormatCurrencyAmt>
            <LimitAppliesToCd>EachClaim</LimitAppliesToCd>
          </Limit>
          <CurrentTermAmt id="C3945FA79EE234FD599FA6A4C3AA60742">
            <Amt>2</Amt>
          </CurrentTermAmt>
          <WrittenAmt id="WB32D4FE95C334304BA62D49A037DA0CC">
            <Amt>2</Amt>
          </WrittenAmt>
          <EffectiveDt>2019-06-10</EffectiveDt>
          <ExpirationDt>2020-06-10</ExpirationDt>
          <CoverageSupplement id="CDE40E95A946142D8B251BED3BD30D3B6">
            <CoverageSubCd>TRNSEXP</CoverageSubCd>
          </CoverageSupplement>
          <CoverageExt id="CE29B45B2434D492BB3A76A6197D8AFE3">
            <WBPremiumInfo id="W25979724FDA44F6980B0ECC82E1D3718">
              <WBCurrentTermAmt id="W1A4640D5AF9B49EA9F809F96B86553CB">
                <Amt>2</Amt>
              </WBCurrentTermAmt>
              <WBWrittenAmt id="W421528369E71465B905D6BA8063D2E5F">
                <Amt>2</Amt>
              </WBWrittenAmt>
            </WBPremiumInfo>
          </CoverageExt>
        </Coverage>
        <Coverage id="C863C8BC7BF244389BAD94CD2296C141D">
          <CoverageCd>PIP</CoverageCd>
          <Deductible id="D9AC710E148FD4803988199F10F09F235">
            <FormatCurrencyAmt id="FA540382CB7D84C5E94ED545AB5733C0B">
              <Amt>500</Amt>
            </FormatCurrencyAmt>
            <DeductibleAppliesToCd>CL</DeductibleAppliesToCd>
          </Deductible>
          <Option id="O73F5F259FF5348BABF15205AB573B21D">
            <OptionCd>P</OptionCd>
          </Option>
          <CurrentTermAmt id="C2CD97275909A4FCB9770E9E6FE3E419F">
            <Amt>945</Amt>
          </CurrentTermAmt>
          <WrittenAmt id="W9A48989C133542C995744626F36F8BB1">
            <Amt>945</Amt>
          </WrittenAmt>
          <CreditOrSurcharge id="CA176935CC8D644F48E63D7DAB022E0B4">
            <CreditSurchargeCd>LFREE</CreditSurchargeCd>
            <SecondaryCd>CFAEST</SecondaryCd>
            <WBRatingAppliedInd>0</WBRatingAppliedInd>
          </CreditOrSurcharge>
          <EffectiveDt>2019-06-10</EffectiveDt>
          <ExpirationDt>2020-06-10</ExpirationDt>
          <CoverageSupplement id="C4364574FCB804F10B1A33C822108BEC9">
            <CoverageSubCd>PIPMED</CoverageSubCd>
          </CoverageSupplement>
          <CoverageExt id="CAA25A28BA757481CB3CAB9BCADA9E7B3">
            <WBPremiumInfo id="WB0585F38A6C14BA4966E5AF07D7D1A89">
              <WBCurrentTermAmt id="W0C548AB1B89E4BDF9240CB1DF131DCA6">
                <Amt>945</Amt>
              </WBCurrentTermAmt>
              <WBWrittenAmt id="W785CEEDF5BDE4453B5B702D8C1AAA696">
                <Amt>945</Amt>
              </WBWrittenAmt>
            </WBPremiumInfo>
          </CoverageExt>
        </Coverage>
        <Coverage id="C0CDA353615994AD3BCBEBE8A70BA71BD">
          <CoverageCd>PIP</CoverageCd>
          <Deductible id="D3CDA8C46FD464D7FACF60E8DBC0D40C1">
            <FormatCurrencyAmt id="F4C6FC873E96543BBB0CD27F03B766035">
              <Amt>500</Amt>
            </FormatCurrencyAmt>
            <DeductibleAppliesToCd>CL</DeductibleAppliesToCd>
          </Deductible>
          <CurrentTermAmt id="CEC784F3C5D1E4F05918B6ACFE4139C58">
            <Amt>19</Amt>
          </CurrentTermAmt>
          <WrittenAmt id="W11AAE78C47D646E09AF7C4FAE42F0EE9">
            <Amt>19</Amt>
          </WrittenAmt>
          <CreditOrSurcharge id="CA19ED4147922455AA6AFFCA7B4886263">
            <CreditSurchargeCd>LFREE</CreditSurchargeCd>
            <SecondaryCd>CFAEST</SecondaryCd>
            <WBRatingAppliedInd>0</WBRatingAppliedInd>
          </CreditOrSurcharge>
          <EffectiveDt>2019-06-10</EffectiveDt>
          <ExpirationDt>2020-06-10</ExpirationDt>
          <CoverageSupplement id="CE2A65D9D4B44484AAB85B372BEE9E5D7">
            <CoverageSubCd>PIPALLOTHER</CoverageSubCd>
          </CoverageSupplement>
          <CoverageExt id="C270C66E2709E4F6EA5A33A52F49A2B40">
            <WBPremiumInfo id="WC16355B9D46E4CAB84D8705B34BDBAD6">
              <WBCurrentTermAmt id="W61AFFEE98CFC42B88208DA8BC142582F">
                <Amt>19</Amt>
              </WBCurrentTermAmt>
              <WBWrittenAmt id="W22C06B88BE2D4851BB02E4F2B975F1D6">
                <Amt>19</Amt>
              </WBWrittenAmt>
            </WBPremiumInfo>
          </CoverageExt>
        </Coverage>
        <Coverage id="CB61A1EBFFFB54942962D151A7CEDF96F">
          <CoverageCd>PPI</CoverageCd>
          <Limit id="L9FE75DE9C4FB415CB4AA2ACE524B5B92">
            <FormatCurrencyAmt id="F3B5B628DC3B746858DE5AAA9681152BA">
              <Amt>1000000</Amt>
            </FormatCurrencyAmt>
            <LimitAppliesToCd>PerAcc</LimitAppliesToCd>
          </Limit>
          <CurrentTermAmt id="C3EE1F4FBB8EF4695AC961DFFE7A9D134">
            <Amt>4</Amt>
          </CurrentTermAmt>
          <WrittenAmt id="WFC00D3E38442473890F501911F8CA5F3">
            <Amt>4</Amt>
          </WrittenAmt>
          <EffectiveDt>2019-06-10</EffectiveDt>
          <ExpirationDt>2020-06-10</ExpirationDt>
          <CoverageSupplement id="CB548C3CAF15C47D2BEFC3285CD278AB7">
            <CoverageSubCd>PPI</CoverageSubCd>
          </CoverageSupplement>
          <CoverageExt id="C63F314349E144C46AB831EBACA30B78A">
            <WBPremiumInfo id="W22289D6B47C04923ADE851A22DE66A8C">
              <WBCurrentTermAmt id="WCF5F4B9B2556454EA8C8A0100DFE0BC1">
                <Amt>4</Amt>
              </WBCurrentTermAmt>
              <WBWrittenAmt id="W70694420931F4C1D834F40B05C6BF2FD">
                <Amt>4</Amt>
              </WBWrittenAmt>
            </WBPremiumInfo>
          </CoverageExt>
        </Coverage>
        <Coverage id="CD20B8B0856524D1BBC37CF338F15584F">
          <CoverageCd>MCCA</CoverageCd>
          <CoverageTypeCd>Coverage</CoverageTypeCd>
          <CurrentTermAmt id="CA2FA1F22E3F34A8A8D25AE2991CCF2F4">
            <Amt>228.00</Amt>
          </CurrentTermAmt>
          <WrittenAmt id="W44DF01F9EE0D43818055AB2A2E6E17AA">
            <Amt>228.00</Amt>
          </WrittenAmt>
          <EffectiveDt>2019-06-10</EffectiveDt>
          <ExpirationDt>2020-06-10</ExpirationDt>
          <CoverageSupplement id="C4EEAF0F680CB42C19D11E22CA6442189">
            <CoverageSubCd>PIPMCCA</CoverageSubCd>
          </CoverageSupplement>
          <CoverageExt id="C3FB8930302714703B5F2875FE1DB3810">
            <WBPremiumInfo id="W9720850479E94F4D84AD9CF9C22FC9FA">
              <WBCurrentTermAmt id="W3950CE85DF4E485C94D0303F572A5115">
                <Amt>228.00</Amt>
              </WBCurrentTermAmt>
              <WBWrittenAmt id="W0E797D0CF035436BA9997B1A79754160">
                <Amt>228.00</Amt>
              </WBWrittenAmt>
            </WBPremiumInfo>
          </CoverageExt>
        </Coverage>
        <CreditOrSurcharge id="C56ACD31DB00B43688FF97ED08CFF6F99">
          <SecondaryCd>AHS</SecondaryCd>
          <WBRatingAppliedInd>0</WBRatingAppliedInd>
        </CreditOrSurcharge>
        <CreditOrSurcharge id="C33CA20A27DDC4ABC9F7F2C9B0CD4EE55">
          <SecondaryCd>AOM</SecondaryCd>
          <WBRatingAppliedInd>0</WBRatingAppliedInd>
        </CreditOrSurcharge>
        <CreditOrSurcharge id="C32DD98449E694E2494F7798B7C9D617D">
          <SecondaryCd>BWS</SecondaryCd>
          <WBRatingAppliedInd>0</WBRatingAppliedInd>
        </CreditOrSurcharge>
        <CreditOrSurcharge id="C3E761DF400C548558B8F5B35A05ED2AC">
          <SecondaryCd>DFSS</SecondaryCd>
          <WBRatingAppliedInd>0</WBRatingAppliedInd>
        </CreditOrSurcharge>
        <CreditOrSurcharge id="C07181609514B49B8B0AFDCB7D37B38F3">
          <SecondaryCd>FCA</SecondaryCd>
          <WBRatingAppliedInd>0</WBRatingAppliedInd>
        </CreditOrSurcharge>
        <CreditOrSurcharge id="CCAC4C5C22A2E4854B77B79D7D0D07B1A">
          <WBRatingAppliedInd>0</WBRatingAppliedInd>
        </CreditOrSurcharge>
        <CreditOrSurcharge id="C9872E3ED71154481A15714D5217EC945">
          <SecondaryCd>SDD</SecondaryCd>
          <WBRatingAppliedInd>0</WBRatingAppliedInd>
        </CreditOrSurcharge>
        <CreditOrSurcharge id="C1FDA5A107EC540A48C6CAD5653E2249A">
          <WBRatingAppliedInd>0</WBRatingAppliedInd>
        </CreditOrSurcharge>
        <CreditOrSurcharge id="CDDBCA9327FC540B9BD144316920BF717">
          <WBRatingAppliedInd>0</WBRatingAppliedInd>
        </CreditOrSurcharge>
        <CreditOrSurcharge id="C8764D8515F7F48D5AE74C5643387A5F0">
          <WBRatingAppliedInd>0</WBRatingAppliedInd>
        </CreditOrSurcharge>
        <CreditOrSurcharge id="CC6C0A774C2384CC783DCA0E2141AC638">
          <WBRatingAppliedInd>0</WBRatingAppliedInd>
        </CreditOrSurcharge>
        <ComprehensiveOTCSymbolCd>25</ComprehensiveOTCSymbolCd>
        <CollisionSymbolCd>25</CollisionSymbolCd>
        <QuestionAnswer id="Q1F28F0A3354049B897EC4B71A22C5F3D">
          <QuestionCd>VEH01</QuestionCd>
          <YesNoCd>NO</YesNoCd>
        </QuestionAnswer>
        <QuestionAnswer id="QD929F9D040BD45B4A25678249107AEC9">
          <QuestionCd>VEH02</QuestionCd>
          <YesNoCd>OTHER</YesNoCd>
          <Explanation>s</Explanation>
        </QuestionAnswer>
        <VehicleExt id="V4143B76985CD47398F221F8F846261BD">
          <WBBackupWarningSystemInd>0</WBBackupWarningSystemInd>
          <WBAutonomousOperationsModeInd>0</WBAutonomousOperationsModeInd>
          <WBAdaptiveHeadlightSystemInd>0</WBAdaptiveHeadlightSystemInd>
          <WBDriverFatigueSensingSystemInd>0</WBDriverFatigueSensingSystemInd>
          <WBVehicleUse id="W73D9524BF9F045E9B2128647279C024D">
            <WBVehicleTitledCd>Other</WBVehicleTitledCd>
          </WBVehicleUse>
          <ClassCode>1121</ClassCode>
          <WBMileage id="W9676D9675EFE42C292EB194D7BBFB649">
            <WBRecentAverageMileage>0</WBRecentAverageMileage>
            <WBRatedAnnualMileage>13541</WBRatedAnnualMileage>
            <WBAnnualMileageMAMCd>E</WBAnnualMileageMAMCd>
          </WBMileage>
          <WBFinancialResponsibilityCnt>0</WBFinancialResponsibilityCnt>
          <WBRiskTerm id="W3D162B7D48F0433980D802FCC8966C55">
            <WBRiskEffectiveDt>2019-06-10</WBRiskEffectiveDt>
            <WBRiskExpirationDt>2020-06-10</WBRiskExpirationDt>
          </WBRiskTerm>
          <WBSubtotalInfo id="W386DBD5CCA9D4C15BC2C56BBC0C422E4">
            <WBSubtotalInfoTypeCd>CFA</WBSubtotalInfoTypeCd>
            <WBCurrentTermAmt id="WAC8F30E4C7684B318809054E9A2D5971">
              <Amt>122</Amt>
            </WBCurrentTermAmt>
          </WBSubtotalInfo>
          <WBSubtotalInfo id="W469D99B78F4D4352B5DDCC98E8537EC4">
            <WBSubtotalInfoTypeCd>VEH</WBSubtotalInfoTypeCd>
            <WBCurrentTermAmt id="W22273F746F624823AAFCADA0CFF5FEAC">
              <Amt>4025</Amt>
            </WBCurrentTermAmt>
          </WBSubtotalInfo>
          <WBVehicleAge>10</WBVehicleAge>
          <WBPremiumInfo id="WCF16DD8F41C1425EB54D20E1F26F2F61">
            <WBCurrentTermAmt id="W6FC9106305414A46B1CAE6549BF490C2">
              <Amt>4253.00</Amt>
            </WBCurrentTermAmt>
            <WBWrittenAmt id="W129FA9201B4D433BB54B6CC386D86690">
              <Amt>4253.00</Amt>
            </WBWrittenAmt>
          </WBPremiumInfo>
        </VehicleExt>
      </Vehicle>
      <QuestionAnswer id="QADDD5A63C4CE484BB1AFAD32286DF224">
        <QuestionCd>VEH03</QuestionCd>
        <YesNoCd>NO</YesNoCd>
      </QuestionAnswer>
      <QuestionAnswer id="QB250F98F92324CF4B592849F812566D8">
        <QuestionCd>VEH04</QuestionCd>
        <YesNoCd>NO</YesNoCd>
      </QuestionAnswer>
      <PersAutoLineBusinessExt id="PA6BA1E2A57E94C06AE0A9BA75B620E02">
        <WBSubtotalInfo id="WFE114B8B0AEF4D64BEDEC0FEA5CE99B0">
          <WBSubtotalInfoTypeCd>CFA</WBSubtotalInfoTypeCd>
          <WBCurrentTermAmt id="W5E5C758096714101BA667EC0C79C6730">
            <Amt>259</Amt>
          </WBCurrentTermAmt>
        </WBSubtotalInfo>
        <WBPremiumInfo id="W2DECC1487C964778B0044A555813F993">
          <WBCurrentTermAmt id="W55349958F8414BB9B91B5245EF8D82C1">
            <Amt>9057</Amt>
          </WBCurrentTermAmt>
          <WBWrittenAmt id="WA3C5569A136840FCA8C688F86B818AAB">
            <Amt>9057</Amt>
          </WBWrittenAmt>
        </WBPremiumInfo>
        <WBWorkLossDeclineIndicator>0</WBWorkLossDeclineIndicator>
      </PersAutoLineBusinessExt>
    </PersAutoLineBusiness>
    <PolicyExt id="P6090B29D6474409F8C2C901A278BD451">
      <AutoCompositionFactorCd>F</AutoCompositionFactorCd>
      <WBTransactionStatusDesc>Committed</WBTransactionStatusDesc>
      <WBQuoteStatusDesc>Issued</WBQuoteStatusDesc>
      <WBHouseholdCompositionInd>0</WBHouseholdCompositionInd>
      <WBSubtotalInfo id="W3FB43F94832D4FF2806EF8C638293D58">
        <WBSubtotalInfoTypeCd>CFA</WBSubtotalInfoTypeCd>
        <WBCurrentTermAmt id="W8542892F45724FA483071F03F3822601">
          <Amt>259</Amt>
        </WBCurrentTermAmt>
      </WBSubtotalInfo>
      <WBPolicyAge>0</WBPolicyAge>
      <WBPremiumInfo id="W0FE3893EF7D44062B3073BA64A15CFD0">
        <WBCurrentTermAmt id="W6BE2C47E8F1D448C8603682B0D49F230">
          <Amt>9057</Amt>
        </WBCurrentTermAmt>
        <WBWrittenAmt id="W3A736A81A0F04701A8DFC332ED10F66A">
          <Amt>9057</Amt>
        </WBWrittenAmt>
      </WBPremiumInfo>
    </PolicyExt>
  </Policy>
</PolicyRs>