<PolicyRs>
  <BusinessPurposeTypeCd>NBQ</BusinessPurposeTypeCd>
  <TransactionEffectiveDt>2019-01-23</TransactionEffectiveDt>
  <TransactionSeqNumber>1</TransactionSeqNumber>
	<Policy>
		<PolicyNumber>A123456</PolicyNumber>
    <PolicyVersion>00</PolicyVersion>
		<LOBCd>PPKGE</LOBCd>
		<PolicyStatusCd>InForce</PolicyStatusCd>
		<OriginalPolicyInceptionDt>2019-01-23</OriginalPolicyInceptionDt>
		<ControllingStateProvCd>WI</ControllingStateProvCd>
		<CancellationDt></CancellationDt>
		<ContractTerm>
			<ExpirationDt>2020-01-23</ExpirationDt>
			<EffectiveDt>2019-01-23</EffectiveDt>
		</ContractTerm>
		<Producer>
			<Relationship>
				<RelationshipToCd>Agency</RelationshipToCd>
			</Relationship>
			<Name>Agency One Co</Name>
			<Addr>
				<AddrTypeCd>OtherAddress</AddrTypeCd>
				<Addr1>213N874E E Bolt Ave Suite # 7568</Addr1>
				<City>Ann Arbor</City>
				<StateProvCd>MI</StateProvCd>
				<PostalCode>48001-2345</PostalCode>
				<County>Washtenaw</County>
				<CountryCd />
			</Addr>
			<Addr>
				<AddrTypeCd>MailingAddress</AddrTypeCd>
				<Addr1>2345 Second St Apt 12</Addr1>
				<Addr2></Addr2>
				<City>West Bend</City>
				<StateProvCd>WI</StateProvCd>
				<PostalCode>53095-2432</PostalCode>
				<AddrExt>
					<PostalCodePlusFour>53095-2432</PostalCodePlusFour>
					<WBAddressStandardization>
						<WBAddrStandardizeInd>1</WBAddrStandardizeInd>
						<WBAddrOverrideInd>0</WBAddrOverrideInd>
						<WBAddrStandardizeStreetName>Second</WBAddrStandardizeStreetName>
						<WBAddrStandardizeStreetTypeCd>St</WBAddrStandardizeStreetTypeCd>
						<WBAddrStandardizeStreetNumber>2345</WBAddrStandardizeStreetNumber>
						<WBAddrStandardizeUnitNumber>12</WBAddrStandardizeUnitNumber>
						<WBAddrStandardizeUnitLabel>Apt</WBAddrStandardizeUnitLabel>
						<WBAddrStandardizeLeadingDirectional>W</WBAddrStandardizeLeadingDirectional>
            <WBAddrStandardizeStatus>Accepted</WBAddrStandardizeStatus>
					</WBAddressStandardization>
				</AddrExt>
			</Addr>
			<Communications>
				<PhoneTypeCd>Phone</PhoneTypeCd>
				<PhoneNumber>414-555-1234</PhoneNumber>
			</Communications>
		</Producer>
		<Producer>
		</Producer>
		<InsuredOrPrincipal id="ins1">
			<ItemIdInfo>
				<AgencyId>9999</AgencyId>
				<InsurerId>999999</InsurerId>
			</ItemIdInfo>
			<Relationship>
				<RelationshipToCd>FNI</RelationshipToCd>
			</Relationship>
			<Name>John Sample</Name>
			<Addr id="AB8AA3511E9544CF2AB5CF7C032E3833E">
				<AddrTypeCd>MailingAddress</AddrTypeCd>
				<Addr1>213N874E E Bolt Ave Suite # 7568</Addr1>
				<City>Ann Arbor</City>
				<StateProvCd>MI</StateProvCd>
				<PostalCode>48001-2345</PostalCode>
				<County>Washtenaw</County>
				<CountryCd />
			</Addr>
			<Addr id="A1FEEFB78550A4A16A6289480FBB1E838">
				<AddrTypeCd>InsuredsAddress</AddrTypeCd>
				<Addr1>123 Main St Unit 1</Addr1>
				<Addr2></Addr2>
				<City>West Bend</City>
				<StateProvCd>WI</StateProvCd>
				<PostalCode>53095-1245</PostalCode>
				<County>Washington</County>
				<AddrExt id="A5B7A4E0801B1443597FA3B3C1D7DD2F7">
					<PostalCodePlusFour>53095-1245</PostalCodePlusFour>
					<WBAddressStandardization id="W0BC1B979CA0041C584DEC864AA06C3AA">
						<WBAddrStandardizeInd>1</WBAddrStandardizeInd>
						<WBAddrOverrideInd>0</WBAddrOverrideInd>
						<WBAddrStandardizeStreetName>Main</WBAddrStandardizeStreetName>
						<WBAddrStandardizeStreetTypeCd>St</WBAddrStandardizeStreetTypeCd>
						<WBAddrStandardizeStreetNumber>123</WBAddrStandardizeStreetNumber>
						<WBAddrStandardizeUnitNumber>1</WBAddrStandardizeUnitNumber>
						<WBAddrStandardizeUnitLabel>Unit</WBAddrStandardizeUnitLabel>
						<WBAddrStandardizeLeadingDirectional>E</WBAddrStandardizeLeadingDirectional>
            <WBAddrStandardizeStatus>Accepted</WBAddrStandardizeStatus>
					</WBAddressStandardization>
				</AddrExt>
			</Addr>
			<Communications>
				<EmailAddr>jsample@gmail.com</EmailAddr>
			</Communications>
			<Surname>Sample</Surname>
			<GivenName>John</GivenName>
			<OtherGivenName>Q</OtherGivenName>
			<NameSuffix></NameSuffix>
			<GenderCd>M</GenderCd>
			<BirthDt>1965-04-05</BirthDt>
			<MaritalStatusCd>M</MaritalStatusCd>
		</InsuredOrPrincipal>
		<InsuredOrPrincipal id="ins2">
			<Relationship>
				<RelationshipToCd>AI</RelationshipToCd>
			</Relationship>
			<Addr>
				<AddrTypeCd>InsuredsAddress</AddrTypeCd>
				<Addr1>123 Main St</Addr1>
				<Addr2></Addr2>
				<City>West Bend</City>
				<StateProvCd>WI</StateProvCd>
				<PostalCode>53095-1245</PostalCode>
			</Addr>
			<Surname>Sample</Surname>
			<GivenName>Jane</GivenName>
			<OtherGivenName>S</OtherGivenName>
			<NameSuffix></NameSuffix>
			<GenderCd>F</GenderCd>
			<BirthDt>1970-12-10</BirthDt>
			<MaritalStatusCd>M</MaritalStatusCd>
		</InsuredOrPrincipal>
		<Location id="L1">
			<Addr>
				<AddrTypeCd>GaragingAddress</AddrTypeCd>
				<StateProvCd>WI</StateProvCd>
			</Addr>
		</Location>
		<Location id="L2">
		</Location>
		<PersAutoLineBusiness>
			<Driver id="D1">
				<Relationship RelationshipToRef="V1">
					<RelationshipToCd>DRV</RelationshipToCd>
				</Relationship>
				<Relationship RelationshipToRef="V2">
					<RelationshipToCd>DRV</RelationshipToCd>
				</Relationship>
				<Relationship RelationshipToRef="ins1">
					<RelationshipToCd>IN</RelationshipToCd>
				</Relationship>
				<Name>John Sample</Name>
				<License>
					<LicensePermitNumber>S1234567890123</LicensePermitNumber>
					<StateProvCd>WI</StateProvCd>
				</License>
				<Surname>Sample</Surname>
				<GivenName>John</GivenName>
				<OtherGivenName>Q</OtherGivenName>
				<NameSuffix>Sr</NameSuffix>
				<GenderCd>M</GenderCd>
				<BirthDt>1965-04-05</BirthDt>
				<MaritalStatusCd>M</MaritalStatusCd>
        <DriverTypeCd></DriverTypeCd>
			</Driver>
			<Driver id="D2">
				<Relationship RelationshipToRef="V1">
					<RelationshipToCd>DRV</RelationshipToCd>
				</Relationship>
				<Relationship RelationshipToRef="V2">
					<RelationshipToCd>DRV</RelationshipToCd>
				</Relationship>
				<Relationship RelationshipToRef="ins2">
					<RelationshipToCd>IN</RelationshipToCd>
				</Relationship>
				<Name>Jane Sample</Name>
				<License>
					<LicensePermitNumber>S9876543215456</LicensePermitNumber>
					<StateProvCd>WI</StateProvCd>
				</License>
				<Surname>Sample</Surname>
				<GivenName>Jane</GivenName>
				<OtherGivenName>S</OtherGivenName>
				<GenderCd>F</GenderCd>
				<BirthDt>1970-12-10</BirthDt>
				<MaritalStatusCd>M</MaritalStatusCd>
        <DriverTypeCd>E</DriverTypeCd>
			</Driver>
			<Vehicle id="V1">
				<Manufacturer>MAZDA</Manufacturer>
				<Model>RX-5</Model>
				<ModelYear>2001</ModelYear>
				<Registration>
					<StateProvCd>WI</StateProvCd>
				</Registration>
				<LeasedVehInd>0</LeasedVehInd>
				<VehIdentificationNumber>1J654636G897654</VehIdentificationNumber>
				<AdditionalInterest>
					<GivenName>Loans R Us</GivenName>
					<Addr>
						<Addr1>987 16th St Suite 26</Addr1>
						<Addr2></Addr2>
						<City>Hartford</City>
						<StateProvCd>WI</StateProvCd>
						<PostalCode>53027-8754</PostalCode>
						<AddrExt>
							<PostalCodePlusFour>53027-8754</PostalCodePlusFour>
							<WBAddressStandardization>
								<WBAddrStandardizeInd>1</WBAddrStandardizeInd>
								<WBAddrOverrideInd>0</WBAddrOverrideInd>
								<WBAddrStandardizeStreetName>16th</WBAddrStandardizeStreetName>
								<WBAddrStandardizeStreetTypeCd>St</WBAddrStandardizeStreetTypeCd>
								<WBAddrStandardizeStreetNumber>987</WBAddrStandardizeStreetNumber>
								<WBAddrStandardizeUnitNumber>26</WBAddrStandardizeUnitNumber>
								<WBAddrStandardizeUnitLabel>Ste</WBAddrStandardizeUnitLabel>
								<WBAddrStandardizeLeadingDirectional>S</WBAddrStandardizeLeadingDirectional>
                <WBAddrStandardizeStatus>Accepted</WBAddrStandardizeStatus>
							</WBAddressStandardization>
						</AddrExt>
					</Addr>
					<NatureInterestCd>ADDIN</NatureInterestCd>
					<AccountNumberId>L6548975</AccountNumberId>
				</AdditionalInterest>
				<AdditionalInterest>
				</AdditionalInterest>
        <AdditionalInterest>
          <GivenName>Loans R Us</GivenName>
          <Addr>
            <Addr1>987 16th St Suite 26</Addr1>
            <Addr2></Addr2>
            <City>Hartford</City>
            <StateProvCd>WI</StateProvCd>
            <PostalCode>53027-8754</PostalCode>
            <AddrExt>
              <PostalCodePlusFour>53027-8754</PostalCodePlusFour>
              <WBAddressStandardization>
                <WBAddrStandardizeInd>1</WBAddrStandardizeInd>
                <WBAddrOverrideInd>0</WBAddrOverrideInd>
                <WBAddrStandardizeStreetName>16th</WBAddrStandardizeStreetName>
                <WBAddrStandardizeStreetTypeCd>St</WBAddrStandardizeStreetTypeCd>
                <WBAddrStandardizeStreetNumber>987</WBAddrStandardizeStreetNumber>
                <WBAddrStandardizeUnitNumber>26</WBAddrStandardizeUnitNumber>
                <WBAddrStandardizeUnitLabel>Ste</WBAddrStandardizeUnitLabel>
                <WBAddrStandardizeLeadingDirectional>S</WBAddrStandardizeLeadingDirectional>
                <WBAddrStandardizeStatus>Accepted</WBAddrStandardizeStatus>
              </WBAddressStandardization>
            </AddrExt>
          </Addr>
          <NatureInterestCd>LIEN</NatureInterestCd>
          <AccountNumberId>L6548975</AccountNumberId>
        </AdditionalInterest>
        <Addr id="AB8AA3511E9544CF2AB5CF7C032E3833E">
          <AddrTypeCd>GaragingAddress</AddrTypeCd>
          <Addr1>213N874E E Bolt Ave Suite # 7568</Addr1>
          <City>Ann Arbor</City>
          <StateProvCd>MI</StateProvCd>
          <PostalCode>48001-2345</PostalCode>
          <County>Washtenaw</County>
          <CountryCd />
        </Addr>
        <Coverage>
					<CoverageCd>BI</CoverageCd>
					<Limit>
						<FormatInteger>50000</FormatInteger>
						<LimitAppliesToCd>BIEachPers</LimitAppliesToCd>
					</Limit>
					<Limit>
						<FormatInteger>80000</FormatInteger>
						<LimitAppliesToCd>PerAcc</LimitAppliesToCd>
					</Limit>
					<Deductible>
						<FormatPct></FormatPct>
						<FormatCurrencyAmt>
							<Amt>600</Amt>
						</FormatCurrencyAmt>
					</Deductible>
					<EffectiveDt>2019-01-23</EffectiveDt>
				</Coverage>
			</Vehicle>
		</PersAutoLineBusiness>
	</Policy>
</PolicyRs>
