﻿<PolicyRs xmlns="http://www.acord.org/schema/PC/xml/2">
	<!-- XML retrieved from QA, policy created in UI -->
	<BusinessPurposeTypeCd>NBQ</BusinessPurposeTypeCd>
	<TransactionEffectiveDt>2019-05-21T00:00:00.000</TransactionEffectiveDt>
	<TransactionSeqNumber>1</TransactionSeqNumber>
	<Policy id="P9AD490B3EBDD46D79608B6BA545E9F45">
		<PolicyNumber>A512757</PolicyNumber>
		<PolicyVersion>00</PolicyVersion>
		<ControllingStateProvCd>MI</ControllingStateProvCd>
		<ContractTerm id="C86C15258E5B5435DBFB7C7E4E882B8D9">
			<EffectiveDt>2019-05-21</EffectiveDt>
			<ExpirationDt>2020-05-21</ExpirationDt>
		</ContractTerm>
		<QuoteInfo id="Q223F7B2DEC61433483AA9BE7B23CAB5C">
			<InitialQuoteRequestDt>2019-05-01</InitialQuoteRequestDt>
		</QuoteInfo>
		<PolicyStatusCd>NBS</PolicyStatusCd>
		<Producer id="P42FA280A5AA749E8B10C1D196A4DD2F2" />
		<InsuredOrPrincipal id="IB35EDBA1DA6D43FD9317EA43CB42EBB3">
			<ItemIdInfo id="I4CB2EE7ABF2A4D538AF48A7AF6CB7799">
				<InsurerId>1000245992</InsurerId>
			</ItemIdInfo>
			<Relationship id="RA9D9DB9A47A6483FBD0A3E5A264A8512" RelationshipToRef="P9AD490B3EBDD46D79608B6BA545E9F45">
				<RelationshipToCd>FNI</RelationshipToCd>
			</Relationship>
			<Name>Primary null Collins</Name>
			<Addr id="A29881EB6250C4BFF81D1CFB4DD34FA25">
				<AddrTypeCd>InsuredsAddress</AddrTypeCd>
				<Addr1>123 N Main St</Addr1>
				<Addr2 />
				<City>West Bend</City>
				<StateProvCd>WI</StateProvCd>
				<PostalCode>53095-3315</PostalCode>
				<Latitude>43.423847</Latitude>
				<Longitude>-88.182504</Longitude>
				<County>Washington County</County>
				<Region />
			</Addr>
      <Addr id="A29881EB6250C4BFF81D1CFB4DD34FA25">
        <AddrTypeCd>MailingAddress</AddrTypeCd>
        <Addr1>123 N Main St</Addr1>
        <Addr2 />
        <City>West Bend</City>
        <StateProvCd>WI</StateProvCd>
        <PostalCode>53095-3315</PostalCode>
        <Latitude>43.423847</Latitude>
        <Longitude>-88.182504</Longitude>
        <County>Washington County</County>
        <Region />
      </Addr>
      <Addr id="AB9435DBB403C4BB78192DFFA5D3ED3B5">
				<AddrTypeCd>BillingAddress</AddrTypeCd>
				<Addr1 />
				<Addr2 />
				<City />
				<StateProv />
				<PostalCode />
			</Addr>
			<Communications id="CBF4E5B208F4C4B338827A40EB241F00B">
				<PhoneNumber />
			</Communications>
			<Surname>Collins</Surname>
			<GivenName>Primary</GivenName>
			<OtherGivenName />
			<TitlePrefix />
			<NameSuffix />
			<GenderCd>M</GenderCd>
			<BirthDt>1970-01-01</BirthDt>
			<MaritalStatusCd>M</MaritalStatusCd>
		</InsuredOrPrincipal>
		<InsuredOrPrincipal id="I8C22E35A2E2F4C528F5228FC80679C48">
			<ItemIdInfo id="I2797074019204CEA97A8D79997CF5507">
				<InsurerId />
			</ItemIdInfo>
			<Relationship id="RE0C67A7FC6FC4222A86FEE7B015F3D0B" RelationshipToRef="P9AD490B3EBDD46D79608B6BA545E9F45">
				<RelationshipToCd>CN</RelationshipToCd>
			</Relationship>
			<Relationship id="R5CA53F6D232B4508BEE67C5C3D21C872" RelationshipToRef="P9AD490B3EBDD46D79608B6BA545E9F45">
				<RelationshipToCd>DRV</RelationshipToCd>
			</Relationship>
			<Relationship id="RB35643FFD47D491F8C8B2C4CC5335FC4" RelationshipToRef="IB35EDBA1DA6D43FD9317EA43CB42EBB3">
				<RelationshipToCd>SP</RelationshipToCd>
			</Relationship>
			<Surname>Collins</Surname>
			<GivenName>Second</GivenName>
			<OtherGivenName />
			<TitlePrefix />
			<NameSuffix />
			<GenderCd>F</GenderCd>
			<BirthDt>1975-01-01</BirthDt>
			<MaritalStatusCd>M</MaritalStatusCd>
		</InsuredOrPrincipal>
		<Location id="L2789F292945142F4AF8F4A11E4EB7FB7">
			<Addr id="A120E38BBCF984654AE3DF7D73F386CA7">
				<AddrTypeCd>GaragingAddress</AddrTypeCd>
				<Addr1>123 N Main St</Addr1>
				<Addr2 />
				<City>West Bend</City>
				<StateProvCd>WI</StateProvCd>
				<PostalCode>53095-3315</PostalCode>
				<Latitude>43.423847</Latitude>
				<Longitude>-88.182504</Longitude>
				<County>Washington County</County>
				<Region />
			</Addr>
		</Location>
		<PersAutoLineBusiness id="P9681D19D835243E0B25FE39FFB2C530E">
			<Driver id="DFCC704CC4F7841F28F753E07BC5B3F58">
				<ItemIdInfo id="IEC24BC36019B4E43A1BFD580C38311B3">
					<InsurerId>100</InsurerId>
				</ItemIdInfo>
				<Relationship id="RF77F98475D9445879601C6797E8E8399" RelationshipToRef="IB35EDBA1DA6D43FD9317EA43CB42EBB3">
					<RelationshipToCd>IN</RelationshipToCd>
				</Relationship>
				<License id="L1DF854A97A514C11833151D1E513A3AA">
					<LicenseTypeCd>Driver</LicenseTypeCd>
					<LicenseStatusCd>VALID</LicenseStatusCd>
					<LicensedDt />
					<LicensePermitNumber>U81D7A8JJT4012</LicensePermitNumber>
					<StateProvCd>WI</StateProvCd>
				</License>
				<Addr id="AE79F5770F6AF4DB3830CC10B9CFE7488">
					<AddrTypeCd>InsuredsAddress</AddrTypeCd>
					<Addr1>123 N Main St</Addr1>
					<Addr2 />
					<City>West Bend</City>
					<StateProvCd>WI</StateProvCd>
					<PostalCode>53095-3315</PostalCode>
					<Latitude>43.423847</Latitude>
					<Longitude>-88.182504</Longitude>
					<County>Washington County</County>
					<Region />
				</Addr>
				<Surname>Collins</Surname>
				<GivenName>Primary</GivenName>
				<OtherGivenName />
				<TitlePrefix />
				<NameSuffix />
				<GenderCd>M</GenderCd>
				<BirthDt>1970-01-01</BirthDt>
				<MaritalStatusCd>M</MaritalStatusCd>
				<QuestionAnswer id="Q4C3E5F5841324A0CBF71B56517C86E16">
					<QuestionCd>DRV04</QuestionCd>
					<YesNoCd>Yes</YesNoCd>
					<QuestionText>licensedLastFive</QuestionText>
				</QuestionAnswer>
				<QuestionAnswer id="QB824BB92B5B14B8ABF9F4ADE288EE327">
					<QuestionCd>DRV05</QuestionCd>
					<YesNoCd>Yes</YesNoCd>
					<QuestionText>isIndiviualLicensed</QuestionText>
				</QuestionAnswer>
				<DriverTypeCd>N</DriverTypeCd>
				<DriverExt id="DE6AEDA46C7D64C378BDAD764572053D0">
					<WBRiskTerm id="WD730D8A57DB640D38A6858D422A41D23">
						<WBRiskEffectiveDt>2019-05-21</WBRiskEffectiveDt>
						<WBRiskExpirationDt>2020-05-21</WBRiskExpirationDt>
					</WBRiskTerm>
				</DriverExt>
			</Driver>
			<Driver id="D64BE615B01F141AE93F38FB767EB10BC">
				<ItemIdInfo id="IAA36870233DF472F8658B4C932E751D4">
					<InsurerId>400</InsurerId>
				</ItemIdInfo>
				<Relationship id="RE3E300C4CC8E433C9F16225AB3924AF6" RelationshipToRef="IB35EDBA1DA6D43FD9317EA43CB42EBB3">
					<RelationshipToCd>CH</RelationshipToCd>
				</Relationship>
				<License id="LD0A9FDBC87C64315AD315EB664FD0D21">
					<LicenseTypeCd>Driver</LicenseTypeCd>
					<LicenseStatusCd>VALID</LicenseStatusCd>
					<LicensedDt />
					<LicensePermitNumber>LR4JNAA4FC7045</LicensePermitNumber>
					<StateProvCd>WI</StateProvCd>
				</License>
				<Addr id="AC1FA269F7CDD457F8C3FF57C9206DB25">
					<AddrTypeCd>InsuredsAddress</AddrTypeCd>
					<Addr1>123 N Main St</Addr1>
					<Addr2 />
					<City>West Bend</City>
					<StateProvCd>WI</StateProvCd>
					<PostalCode>53095-3315</PostalCode>
					<Latitude>43.423847</Latitude>
					<Longitude>-88.182504</Longitude>
					<County>Washington County</County>
					<Region />
				</Addr>
				<Surname>Collins</Surname>
				<GivenName>Child</GivenName>
				<OtherGivenName />
				<TitlePrefix />
				<NameSuffix />
				<GenderCd>M</GenderCd>
				<BirthDt>1999-01-01</BirthDt>
				<MaritalStatusCd>S</MaritalStatusCd>
				<QuestionAnswer id="QDF14659F1B904BBBAC471035B5781F41">
					<QuestionCd>DRV04</QuestionCd>
					<YesNoCd>No</YesNoCd>
					<QuestionText>licensedLastFive</QuestionText>
				</QuestionAnswer>
				<QuestionAnswer id="QCB27BCED73AE471C9569D992B740E10C">
					<QuestionCd>DRV05</QuestionCd>
					<YesNoCd>Yes</YesNoCd>
					<QuestionText>isIndiviualLicensed</QuestionText>
				</QuestionAnswer>
				<DriverTypeCd>N</DriverTypeCd>
				<DriverExt id="DD9305DD46E0D4512812482FA657601FD">
					<WBRiskTerm id="W455D261A97424785816C943D967FBB6D">
						<WBRiskEffectiveDt>2019-05-21</WBRiskEffectiveDt>
						<WBRiskExpirationDt>2020-05-21</WBRiskExpirationDt>
					</WBRiskTerm>
				</DriverExt>
			</Driver>
			<Driver id="DFB11897F9E4F42B9B5FC3C6A95A41B81">
				<ItemIdInfo id="I5B8251FC97924A8BAAC7F50EFA1AAF54">
					<InsurerId>500</InsurerId>
				</ItemIdInfo>
				<Relationship id="R46B4F49BEF5E4E2C99EBBB516375850D" RelationshipToRef="IB35EDBA1DA6D43FD9317EA43CB42EBB3">
					<RelationshipToCd>RE</RelationshipToCd>
				</Relationship>
				<License id="L3ACFC698F12B477383428AA5F951F5F4">
					<LicenseTypeCd>Driver</LicenseTypeCd>
					<LicenseStatusCd>VALID</LicenseStatusCd>
					<LicensedDt />
					<LicensePermitNumber>0N39FEL4SU7045</LicensePermitNumber>
					<StateProvCd>WI</StateProvCd>
				</License>
				<Addr id="A7B37FCA35E014E249F6802B3074FB78E">
					<AddrTypeCd>InsuredsAddress</AddrTypeCd>
					<Addr1>123 N Main St</Addr1>
					<Addr2 />
					<City>West Bend</City>
					<StateProvCd>WI</StateProvCd>
					<PostalCode>53095-3315</PostalCode>
					<Latitude>43.423847</Latitude>
					<Longitude>-88.182504</Longitude>
					<County>Washington County</County>
					<Region />
				</Addr>
				<Surname>Collins</Surname>
				<GivenName>Uncle</GivenName>
				<OtherGivenName />
				<TitlePrefix />
				<NameSuffix />
				<GenderCd>M</GenderCd>
				<BirthDt>1955-01-01</BirthDt>
				<MaritalStatusCd>S</MaritalStatusCd>
				<QuestionAnswer id="QBC53CB7154AE45088AC6A94EA2A62077">
					<QuestionCd>DRV04</QuestionCd>
					<YesNoCd>Yes</YesNoCd>
					<QuestionText>licensedLastFive</QuestionText>
				</QuestionAnswer>
				<QuestionAnswer id="Q7CB6B517795944DCA24A8DF243F28C6B">
					<QuestionCd>DRV05</QuestionCd>
					<YesNoCd>Yes</YesNoCd>
					<QuestionText>isIndiviualLicensed</QuestionText>
				</QuestionAnswer>
				<DriverTypeCd>N</DriverTypeCd>
				<DriverExt id="D6769AD24CD7147299AF08568AD74B269">
					<WBRiskTerm id="W2421DF5914B34F94B3852BD9C8CEA18C">
						<WBRiskEffectiveDt>2019-05-21</WBRiskEffectiveDt>
						<WBRiskExpirationDt>2020-05-21</WBRiskExpirationDt>
					</WBRiskTerm>
				</DriverExt>
			</Driver>
			<Driver id="DB40D1DDA161C43F0BABAA1F88EC64D88">
				<ItemIdInfo id="I40B761B0766247DBBB31E817CAC05F83">
					<InsurerId>900</InsurerId>
				</ItemIdInfo>
				<Relationship id="R7093B6D3D8C14A288D6D3FCC01E0B209" RelationshipToRef="IB35EDBA1DA6D43FD9317EA43CB42EBB3">
					<RelationshipToCd>CH</RelationshipToCd>
				</Relationship>
				<License id="LFCAFE91E0D954ADCA75F2717A7E6CEE7">
					<LicenseTypeCd>Driver</LicenseTypeCd>
					<LicenseStatusCd>NOLIC</LicenseStatusCd>
				</License>
				<Addr id="A716B0FBED440472A9322911186E0E5C0">
					<AddrTypeCd>InsuredsAddress</AddrTypeCd>
					<Addr1>123 N Main St</Addr1>
					<Addr2 />
					<City>West Bend</City>
					<StateProvCd>WI</StateProvCd>
					<PostalCode>53095-3315</PostalCode>
					<Latitude>43.423847</Latitude>
					<Longitude>-88.182504</Longitude>
					<County>Washington County</County>
					<Region />
				</Addr>
				<Surname>Collins</Surname>
				<GivenName>Child</GivenName>
				<OtherGivenName>C</OtherGivenName>
				<TitlePrefix />
				<NameSuffix />
				<GenderCd>F</GenderCd>
				<BirthDt>2000-01-01</BirthDt>
				<MaritalStatusCd>S</MaritalStatusCd>
				<QuestionAnswer id="Q67F4C93056F64F8185A7756F14215627">
					<QuestionCd>DRV05</QuestionCd>
					<YesNoCd>No</YesNoCd>
					<QuestionText>isIndiviualLicensed</QuestionText>
				</QuestionAnswer>
				<DriverExt id="D902A84480756452493EFEBA7C25FD669">
					<WBRiskTerm id="W05ACD35EF4FB46068B99F24AD2D9E0F4">
						<WBRiskEffectiveDt>2019-05-21</WBRiskEffectiveDt>
						<WBRiskExpirationDt>2020-05-21</WBRiskExpirationDt>
					</WBRiskTerm>
				</DriverExt>
			</Driver>
			<Driver id="D83E8D18953DD41E0AA6EFC859D4A25B5">
				<ItemIdInfo id="IB08F6481BD6E4EE6A69D79ED1AF2D91C">
					<InsurerId>1000</InsurerId>
				</ItemIdInfo>
				<Relationship id="R02DA323DC79A4B45A2B68BB8340B6081" RelationshipToRef="IB35EDBA1DA6D43FD9317EA43CB42EBB3">
					<RelationshipToCd>CH</RelationshipToCd>
				</Relationship>
				<License id="L1FD810DB7F8F4F7E99282F60E81E09BF">
					<LicenseTypeCd>Driver</LicenseTypeCd>
					<LicenseStatusCd>NOLIC</LicenseStatusCd>
				</License>
				<Addr id="A17A7203B4BE7468C9268EF86B98A1634">
					<AddrTypeCd>InsuredsAddress</AddrTypeCd>
					<Addr1>123 N Main St</Addr1>
					<Addr2 />
					<City>West Bend</City>
					<StateProvCd>WI</StateProvCd>
					<PostalCode>53095-3315</PostalCode>
					<Latitude>43.423847</Latitude>
					<Longitude>-88.182504</Longitude>
					<County>Washington County</County>
					<Region />
				</Addr>
				<Surname>Collins</Surname>
				<GivenName>LastChild</GivenName>
				<OtherGivenName />
				<TitlePrefix />
				<NameSuffix />
				<GenderCd>F</GenderCd>
				<BirthDt>2015-01-01</BirthDt>
				<MaritalStatusCd>S</MaritalStatusCd>
				<QuestionAnswer id="QC160EAB58A764D0FB6B0D48035D5C916">
					<QuestionCd>DRV05</QuestionCd>
					<YesNoCd>No</YesNoCd>
					<QuestionText>isIndiviualLicensed</QuestionText>
				</QuestionAnswer>
				<DriverExt id="D83899AB4BB044D2B86AF64EE0A8C1621">
					<WBRiskTerm id="W43E065A6B4E249B8AEDB705ED5F15623">
						<WBRiskEffectiveDt>2019-05-21</WBRiskEffectiveDt>
						<WBRiskExpirationDt>2020-05-21</WBRiskExpirationDt>
					</WBRiskTerm>
				</DriverExt>
			</Driver>
			<Driver id="DF2753F2EAF9245FD863387B7E371B65B">
				<ItemIdInfo id="IC9DBA0A1C4444C729997D798E00196AA">
					<InsurerId>300</InsurerId>
				</ItemIdInfo>
				<Relationship id="R74E46D4F4757454E8EDB2AEA68720C4A" RelationshipToRef="IB35EDBA1DA6D43FD9317EA43CB42EBB3">
					<RelationshipToCd>GP</RelationshipToCd>
				</Relationship>
				<License id="L8D5D4A3E97E445F49CA2017A864153CC">
					<LicenseTypeCd>Driver</LicenseTypeCd>
					<LicenseStatusCd>VALID</LicenseStatusCd>
					<LicensedDt />
					<LicensePermitNumber>N1TG7BF2GY4078</LicensePermitNumber>
					<StateProvCd>WI</StateProvCd>
				</License>
				<Addr id="A0AD8695A65F44FE5908FE59434859B09">
					<AddrTypeCd>InsuredsAddress</AddrTypeCd>
					<Addr1>123 N Main St</Addr1>
					<Addr2 />
					<City>West Bend</City>
					<StateProvCd>WI</StateProvCd>
					<PostalCode>53095-3315</PostalCode>
					<Latitude>43.423847</Latitude>
					<Longitude>-88.182504</Longitude>
					<County>Washington County</County>
					<Region />
				</Addr>
				<Surname>Collins</Surname>
				<GivenName>Grandma</GivenName>
				<OtherGivenName />
				<TitlePrefix />
				<NameSuffix />
				<GenderCd>F</GenderCd>
				<BirthDt>1930-01-01</BirthDt>
				<MaritalStatusCd>W</MaritalStatusCd>
				<QuestionAnswer id="Q820EB9A264284143BF61C7A026893A89">
					<QuestionCd>DRV04</QuestionCd>
					<YesNoCd>Yes</YesNoCd>
					<QuestionText>licensedLastFive</QuestionText>
				</QuestionAnswer>
				<QuestionAnswer id="QFAC47F8E596A42349346B5D91EC7F217">
					<QuestionCd>DRV05</QuestionCd>
					<YesNoCd>Yes</YesNoCd>
					<QuestionText>isIndiviualLicensed</QuestionText>
				</QuestionAnswer>
				<DriverExt id="DAFC407C49AAF432C81EBEF6D3D350DFC">
					<WBRiskTerm id="W89DA336E08F54596AC2F0EE624F96E2E">
						<WBRiskEffectiveDt>2019-05-21</WBRiskEffectiveDt>
						<WBRiskExpirationDt>2020-05-21</WBRiskExpirationDt>
					</WBRiskTerm>
				</DriverExt>
			</Driver>
			<Driver id="DE8DD7597A8714110960658193AB18EB1">
				<ItemIdInfo id="ID61076A8BD9D4860B58F85304D8B3E54">
					<InsurerId>200</InsurerId>
				</ItemIdInfo>
				<Relationship id="RC2BF22F3F47C49B7901832CC0C595518" RelationshipToRef="I8C22E35A2E2F4C528F5228FC80679C48">
					<RelationshipToCd>IN</RelationshipToCd>
				</Relationship>
				<License id="L16C15B4B15F44AAD91F1EC864603A3F0">
					<LicenseTypeCd>Driver</LicenseTypeCd>
					<LicenseStatusCd>VALID</LicenseStatusCd>
					<LicensedDt />
					<LicensePermitNumber>2HFUQCW55Q1012</LicensePermitNumber>
					<StateProvCd>WI</StateProvCd>
				</License>
				<Addr id="AE1E2C85B71364B62BD203315F0FFE315">
					<AddrTypeCd>InsuredsAddress</AddrTypeCd>
					<Addr1>123 N Main St</Addr1>
					<Addr2 />
					<City>West Bend</City>
					<StateProvCd>WI</StateProvCd>
					<PostalCode>53095-3315</PostalCode>
					<Latitude>43.423847</Latitude>
					<Longitude>-88.182504</Longitude>
					<County>Washington County</County>
					<Region />
				</Addr>
				<Surname>Collins</Surname>
				<GivenName>Second</GivenName>
				<OtherGivenName />
				<TitlePrefix />
				<NameSuffix />
				<GenderCd>F</GenderCd>
				<BirthDt>1975-01-01</BirthDt>
				<MaritalStatusCd>M</MaritalStatusCd>
				<MembershipInfo id="M709BCE4DCBEE4A22AD3446267EFB9260">
					<MembershipTypeCd>19</MembershipTypeCd>
				</MembershipInfo>
				<QuestionAnswer id="Q7A4C3615041B470F9676C48678131EC9">
					<QuestionCd>DRV04</QuestionCd>
					<YesNoCd>Yes</YesNoCd>
					<QuestionText>licensedLastFive</QuestionText>
				</QuestionAnswer>
				<QuestionAnswer id="Q2B07CB8547CA4C68AD7960FE46C823D5">
					<QuestionCd>DRV05</QuestionCd>
					<YesNoCd>Yes</YesNoCd>
					<QuestionText>isIndiviualLicensed</QuestionText>
				</QuestionAnswer>
				<DriverExt id="D37705E6C4CA04759BA64BBB8A67EBDDA">
					<WBRiskTerm id="W55274C2266204C8290C77862FBBC371A">
						<WBRiskEffectiveDt>2019-05-21</WBRiskEffectiveDt>
						<WBRiskExpirationDt>2020-05-21</WBRiskExpirationDt>
					</WBRiskTerm>
				</DriverExt>
			</Driver>
			<Driver id="D873DFCA79E484E6480A70D5EAFBE79B3">
				<ItemIdInfo id="I43C356277C9A4E82A971A361C737362E">
					<InsurerId>800</InsurerId>
				</ItemIdInfo>
				<Relationship id="RAC7FF3CABCA740139BB9A3A2D3DC95BD" RelationshipToRef="IB35EDBA1DA6D43FD9317EA43CB42EBB3">
					<RelationshipToCd>CH</RelationshipToCd>
				</Relationship>
				<License id="L414FF3A2083D41FA8FEA72267D03A3CD">
					<LicenseTypeCd>Driver</LicenseTypeCd>
					<LicenseStatusCd>VALID</LicenseStatusCd>
					<LicensedDt>2018-01-01</LicensedDt>
					<LicensePermitNumber>EMA4X2O7FB4802</LicensePermitNumber>
					<StateProvCd>WI</StateProvCd>
				</License>
				<Addr id="AEB9E16E588234EDC857A0E8365B2399B">
					<AddrTypeCd>InsuredsAddress</AddrTypeCd>
					<Addr1>123 N Main St</Addr1>
					<Addr2 />
					<City>West Bend</City>
					<StateProvCd>WI</StateProvCd>
					<PostalCode>53095-3315</PostalCode>
					<Latitude>43.423847</Latitude>
					<Longitude>-88.182504</Longitude>
					<County>Washington County</County>
					<Region />
				</Addr>
				<Surname>Collins</Surname>
				<GivenName>Child</GivenName>
				<OtherGivenName>B</OtherGivenName>
				<TitlePrefix />
				<NameSuffix />
				<GenderCd>M</GenderCd>
				<BirthDt>1999-01-01</BirthDt>
				<MaritalStatusCd>S</MaritalStatusCd>
				<QuestionAnswer id="Q8BB547D67C704BA0AC9E4082ABEA7C42">
					<QuestionCd>DRV04</QuestionCd>
					<YesNoCd>No</YesNoCd>
					<QuestionText>licensedLastFive</QuestionText>
				</QuestionAnswer>
				<QuestionAnswer id="QFFD00EF5F67647E881C87A01106EE8E7">
					<QuestionCd>DRV05</QuestionCd>
					<YesNoCd>Yes</YesNoCd>
					<QuestionText>isIndiviualLicensed</QuestionText>
				</QuestionAnswer>
				<DriverExt id="D234F1B40A2524634B76D5E5E6C477963">
					<WBRiskTerm id="W59645C7C781840F1A12A6F1F5DFDB19F">
						<WBRiskEffectiveDt>2019-05-21</WBRiskEffectiveDt>
						<WBRiskExpirationDt>2020-05-21</WBRiskExpirationDt>
					</WBRiskTerm>
				</DriverExt>
			</Driver>
			<Driver id="DD8BADC3E990345C3B61AF7121E1FB288">
				<ItemIdInfo id="I7FAA44B0E9924E4F94C324B89AE7BA0D">
					<InsurerId>600</InsurerId>
				</ItemIdInfo>
				<Relationship id="R313CA680511D40D29B6089A2F3EFB07C" RelationshipToRef="IB35EDBA1DA6D43FD9317EA43CB42EBB3">
					<RelationshipToCd>NR</RelationshipToCd>
				</Relationship>
				<License id="L9535B396D73C4378BF6C54176B3B4F0C">
					<LicenseTypeCd>Driver</LicenseTypeCd>
					<LicenseStatusCd>VALID</LicenseStatusCd>
					<LicensedDt />
					<LicensePermitNumber>5VAMCZRRU84012</LicensePermitNumber>
					<StateProvCd>WI</StateProvCd>
				</License>
				<Addr id="A656B2D57265C482FB3A1B64E48AF6C2D">
					<AddrTypeCd>InsuredsAddress</AddrTypeCd>
					<Addr1>123 N Main St</Addr1>
					<Addr2 />
					<City>West Bend</City>
					<StateProvCd>WI</StateProvCd>
					<PostalCode>53095-3315</PostalCode>
					<Latitude>43.423847</Latitude>
					<Longitude>-88.182504</Longitude>
					<County>Washington County</County>
					<Region />
				</Addr>
				<Surname>Smith</Surname>
				<GivenName>Friend</GivenName>
				<OtherGivenName />
				<TitlePrefix />
				<NameSuffix />
				<GenderCd>M</GenderCd>
				<BirthDt>1980-01-01</BirthDt>
				<MaritalStatusCd>P</MaritalStatusCd>
				<QuestionAnswer id="Q2BDEC133D0B442AA9ED27EF349DC053C">
					<QuestionCd>DRV04</QuestionCd>
					<YesNoCd>Yes</YesNoCd>
					<QuestionText>licensedLastFive</QuestionText>
				</QuestionAnswer>
				<QuestionAnswer id="QB1982D6014444B71BEAA03EFC2384260">
					<QuestionCd>DRV05</QuestionCd>
					<YesNoCd>Yes</YesNoCd>
					<QuestionText>isIndiviualLicensed</QuestionText>
				</QuestionAnswer>
				<FinancialResponsibilityFiling id="F88608F65137049569B3AE1AA8812FBF4">
					<FilingCd>3</FilingCd>
				</FinancialResponsibilityFiling>
				<DriverExt id="DB0B56FBC2E1E4931833C554B5792BA7B">
					<WBRiskTerm id="W6353E9F4087A4CF08F9FA0F27EDA5195">
						<WBRiskEffectiveDt>2019-05-21</WBRiskEffectiveDt>
						<WBRiskExpirationDt>2020-05-21</WBRiskExpirationDt>
					</WBRiskTerm>
				</DriverExt>
			</Driver>
			<Driver id="DFA084076511744BAAA0A92F7168337BD">
				<ItemIdInfo id="ICFD50278FD904E6C837E12CCCCA38323">
					<InsurerId>700</InsurerId>
				</ItemIdInfo>
				<Relationship RelationshipToRef="IB35EDBA1DA6D43FD9317EA43CB42EBB3" id="R3533CE9B684A4B5786D294078EAD5A38">
					<RelationshipToCd>NR</RelationshipToCd>
				</Relationship>
				<License id="L6EF2FCAF6BB04EBD93104058999D9B8C">
					<LicenseTypeCd>Driver</LicenseTypeCd>
					<LicenseStatusCd>VALID</LicenseStatusCd>
					<LicensedDt />
					<LicensePermitNumber>GRCRELGJXM4500</LicensePermitNumber>
					<StateProvCd>WI</StateProvCd>
				</License>
				<Addr id="A51EDFE5B16AC49C9984045EF06E1270A">
					<AddrTypeCd>InsuredsAddress</AddrTypeCd>
					<Addr1>123 N Main St</Addr1>
					<Addr2 />
					<City>West Bend</City>
					<StateProvCd>WI</StateProvCd>
					<PostalCode>53095-3315</PostalCode>
					<Latitude>43.423847</Latitude>
					<Longitude>-88.182504</Longitude>
					<County>Washington County</County>
					<Region />
				</Addr>
				<Surname>Jones</Surname>
				<GivenName>Employee</GivenName>
				<OtherGivenName />
				<TitlePrefix />
				<NameSuffix />
				<GenderCd>M</GenderCd>
				<BirthDt>1980-01-01</BirthDt>
				<MaritalStatusCd>S</MaritalStatusCd>
				<QuestionAnswer id="Q251477A548CF4BE592256098D19DDF99">
					<QuestionCd>DRV04</QuestionCd>
					<YesNoCd>Yes</YesNoCd>
					<QuestionText>licensedLastFive</QuestionText>
				</QuestionAnswer>
				<QuestionAnswer id="QF2C93847E4214384834558E504C4ADCA">
					<QuestionCd>DRV05</QuestionCd>
					<YesNoCd>Yes</YesNoCd>
					<QuestionText>isIndiviualLicensed</QuestionText>
				</QuestionAnswer>
				<FinancialResponsibilityFiling id="F6BC54F1BF5F34FDDA6154BCA9F7B2A96">
					<FilingCd>3</FilingCd>
				</FinancialResponsibilityFiling>
				<DriverTypeCd>E</DriverTypeCd>
				<DriverExt id="D97C7AFA9BD5249C98182A19F98E68DB4">
					<WBRiskTerm id="WFB9A2E71822F4037B40FBC1DC7CE0EA9">
						<WBRiskEffectiveDt>2019-05-21</WBRiskEffectiveDt>
						<WBRiskExpirationDt>2020-05-21</WBRiskExpirationDt>
					</WBRiskTerm>
				</DriverExt>
			</Driver>
		</PersAutoLineBusiness>
		<PolicyExt id="P50D48670A17E40AFB8285B7E6C7B5FB1">
			<WBTransactionStatusDesc>Pending</WBTransactionStatusDesc>
			<WBQuoteStatusDesc>Started Quote</WBQuoteStatusDesc>
		</PolicyExt>
	</Policy>
</PolicyRs>