﻿<PolicyRs xmlns="http://www.acord.org/schema/PC/xml/2">
  <BusinessPurposeTypeCd>NBQ</BusinessPurposeTypeCd>
  <TransactionSeqNumber>1</TransactionSeqNumber>
  <Policy id="Pol1">
    <PolicyNumber>A575813</PolicyNumber>
    <PolicyVersion>00</PolicyVersion>
    <CompanyProductCd>Choice</CompanyProductCd>
    <CompanyProductSubCd>PL Auto</CompanyProductSubCd>
    <BroadLOBCd>WB PL</BroadLOBCd>
    <LOBCd>PPKGE</LOBCd>
    <NAICCd>NAICCd</NAICCd>
    <ControllingStateProvCd>MI</ControllingStateProvCd>
    <ContractTerm id="C8F328166DB90431BA6851C9F6C50EEB3">
      <EffectiveDt>2019-07-03</EffectiveDt>
      <ExpirationDt>2020-07-03</ExpirationDt>
    </ContractTerm>
    <OtherOrPriorPolicy id="O551EAA18524645FF8FA158EF1E560E24">
      <PolicyCd>Prior</PolicyCd>
      <PolicyNumber>933939393933</PolicyNumber>
      <InsurerName>State Farm</InsurerName>
    </OtherOrPriorPolicy>
    <OtherOrPriorPolicy id="O1D551A477D7A42CFB6BDE62F451BB042">
      <PolicyCd>Prior</PolicyCd>
      <PolicyNumber>123456789</PolicyNumber>
      <LOBCd>AUTO</LOBCd>
      <InsurerName>State Farm</InsurerName>
    </OtherOrPriorPolicy>
    <OtherOrPriorPolicy id="O0AA1AB5748A54ADDA36B87C89B6592D5">
      <PolicyCd>OIC</PolicyCd>
      <PolicyTypeCd>03</PolicyTypeCd>
      <LOBCd>PKG</LOBCd>
    </OtherOrPriorPolicy>
    <PaymentOption id="P6A6DE165FF1F4BA1A8F3193EB013A43F">
      <PaymentPlanCd>QT</PaymentPlanCd>
    </PaymentOption>
    <QuoteInfo id="Q0CCC98012010428188B3114046A47CCA">
      <InitialQuoteRequestDt>2019-07-09</InitialQuoteRequestDt>
    </QuoteInfo>
    <CreditScoreInfo id="C7AC727B5B2224044B276FF9C6331442D">
      <CreditScore>998</CreditScore>
      <CreditScoreDt>2019-07-09</CreditScoreDt>
      <CreditScoreInfoExt id="CD1F71A8359A14EE3A09E8872AFDDC545">
        <WBInsuranceScore id="W3ECE0DE97CE24C95B6590284D6D74C68">
          <WBRatingScore>998</WBRatingScore>
        </WBInsuranceScore>
      </CreditScoreInfoExt>
    </CreditScoreInfo>
    <QuestionAnswer id="Q87CAD79ABBE348EF9582B99E674DBC5A">
      <QuestionCd>GENRL22</QuestionCd>
      <YesNoCd>Yes</YesNoCd>
    </QuestionAnswer>
    <PolicyStatusCd>InForce</PolicyStatusCd>
    <UnderwritingDecisionInfo id="U624CB282A1704424BF3E10B733518DAE">
      <SystemUnderwritingDecisionDt>2019-07-09</SystemUnderwritingDecisionDt>
      <UnderwritingScoreNumber>3200</UnderwritingScoreNumber>
      <UnderwritingRuleInfo id="UF6D10E35B1AA4CBE8A15B6AE8B88389D">
        <UnderwritingDecisionCd>Refer</UnderwritingDecisionCd>
        <UnderwritingScoreNumber>40</UnderwritingScoreNumber>
        <UnderwritingRuleInfoExt id="U0C31B3D0F03C4B08B4CCD77C7A72AE6B">
          <WBRuleIDDesc>RX2825</WBRuleIDDesc>
          <WBRuleMessageDesc>Auto - Refer to Underwriting - Jane Smith is licensed less than 5 years</WBRuleMessageDesc>
        </UnderwritingRuleInfoExt>
      </UnderwritingRuleInfo>
      <UnderwritingRuleInfo id="UE0399895EFE84ACC9F45BA73586A4388">
        <UnderwritingDecisionCd>Refer</UnderwritingDecisionCd>
        <UnderwritingScoreNumber>120</UnderwritingScoreNumber>
        <UnderwritingRuleInfoExt id="UF4CB53EB808147DF964BA5AD1256BEC0">
          <WBRuleIDDesc>RX2871</WBRuleIDDesc>
          <WBRuleMessageDesc>Auto - Refer to underwriting due to Named Non-owned Coverage</WBRuleMessageDesc>
        </UnderwritingRuleInfoExt>
      </UnderwritingRuleInfo>
      <UnderwritingRuleInfo id="U983FC3DD72604C9B87D142A9E0BD6AAA">
        <UnderwritingDecisionCd>Refer</UnderwritingDecisionCd>
        <UnderwritingScoreNumber>40</UnderwritingScoreNumber>
        <UnderwritingRuleInfoExt id="UE3B9DF335CDF4D2BB10C1DA0972CE105">
          <WBRuleIDDesc>RX2825</WBRuleIDDesc>
          <WBRuleMessageDesc>Auto - Refer to Underwriting - John Smith is licensed less than 5 years</WBRuleMessageDesc>
        </UnderwritingRuleInfoExt>
      </UnderwritingRuleInfo>
      <UnderwritingRuleInfo id="UE47F2B10D3844BAF830A13201C1FB663">
        <UnderwritingDecisionCd>Refer</UnderwritingDecisionCd>
        <UnderwritingScoreNumber>3000</UnderwritingScoreNumber>
        <UnderwritingRuleInfoExt id="UCE9F441685474B52BF519CFE13C7D739">
          <WBRuleIDDesc>RX4447</WBRuleIDDesc>
          <WBRuleMessageDesc>Refer to Underwriting due to Effective date is beyond the 5 day binding authority or quote started after policy effective date.</WBRuleMessageDesc>
        </UnderwritingRuleInfoExt>
      </UnderwritingRuleInfo>
    </UnderwritingDecisionInfo>
    <InsuredRequestsPrintedDocumentsInd>1</InsuredRequestsPrintedDocumentsInd>
    <Producer id="PB9AD9B5FD763456A9AC1200B44E67AED">
      <Relationship id="READD80467C084333B8F2B72AC47CF39D" RelationshipToRef="Pol1">
        <RelationshipToCd>PROD</RelationshipToCd>
      </Relationship>
      <Name>ProducerName</Name>
      <Addr id="AFDB048837A3D41A2861F3DE7D7D14847">
        <AddrTypeCd>MailingAddress</AddrTypeCd>
        <Addr1>123 Agent Address</Addr1>
        <City>Ann Arbor</City>
        <StateProvCd>MI</StateProvCd>
        <PostalCode>48001</PostalCode>
        <County>Washtenaw</County>
      </Addr>
      <Communications id="C25A6B7F2A05D43B0A6BD2AD42E2028FD">
        <PhoneTypeCd>Phone</PhoneTypeCd>
        <PhoneNumber>+1-555-1234567</PhoneNumber>
      </Communications>
    </Producer>
    <Producer id="PCA81B0955F5A4788BBCD71B3BD5054EF">
      <Relationship id="R12F5372455A2496190DBB80F9832A0E4" RelationshipToRef="Pol1">
        <RelationshipToCd>Agency</RelationshipToCd>
      </Relationship>
      <Name>AgencyName</Name>
      <Addr id="AA5C107DE8C154F3B857488DC591D6A1B">
        <AddrTypeCd>MailingAddress</AddrTypeCd>
        <Addr1>123 Agent Address</Addr1>
        <City>Ann Arbor</City>
        <StateProvCd>MI</StateProvCd>
        <PostalCode>48001</PostalCode>
        <County>Washtenaw</County>
      </Addr>
      <Communications id="C0CBCC46A111F4D548A03321EEBC4AA19">
        <PhoneTypeCd>Phone</PhoneTypeCd>
        <PhoneNumber>+1-555-1234567</PhoneNumber>
      </Communications>
      <ContractNumber>21728</ContractNumber>
      <ProducerSubCode>12121</ProducerSubCode>
    </Producer>
    <Producer id="PAF5290A49B8F45159CDC1732C52D1BA8">
      <Relationship id="R2C149216D91E4C6F80EBEEB8EFF2BE6C" RelationshipToRef="Pol1">
        <RelationshipToCd>USERIN</RelationshipToCd>
      </Relationship>
      <Name>NameOfThePersonEnteringApplication</Name>
      <Addr id="A6C982084C9E946E3AD4B20E9D37B2780">
        <AddrTypeCd>MailingAddress</AddrTypeCd>
        <Addr1>123 Agent Address</Addr1>
        <City>Ann Arbor</City>
        <StateProvCd>MI</StateProvCd>
        <PostalCode>48001</PostalCode>
        <County>Washtenaw</County>
        <AddrExt id="AE90007DD2DFD4EB49F740848F2946EDA">
          <PostalCodePlusFour>48001-3123</PostalCodePlusFour>
        </AddrExt>
      </Addr>
      <Communications id="CAAF00C21C31F40C6AC0E3DE707130C31">
        <PhoneTypeCd>Phone</PhoneTypeCd>
        <PhoneNumber>+1-555-1234567</PhoneNumber>
      </Communications>
    </Producer>
    <InsuredOrPrincipal id="ins1">
      <ItemIdInfo id="ID3AFCA06392746C3B988DE2F1B900E45">
        <AgencyId>1923768</AgencyId>
        <InsurerId>1000280810</InsurerId>
      </ItemIdInfo>
      <Relationship id="R34DCC3BFBC8E473A9BEFAA2174DDDEB8" RelationshipToRef="Pol1">
        <RelationshipToCd>FNI</RelationshipToCd>
      </Relationship>
      <Name>Jane Smith</Name>
      <Addr id="ACD0793B9F8D14CC7990862489576BFE1">
        <AddrTypeCd>MailingAddress</AddrTypeCd>
        <Addr1>123 Main St</Addr1>
        <City>Ann Arbor</City>
        <StateProvCd>MI</StateProvCd>
        <PostalCode>48001</PostalCode>
        <County>Washtenaw</County>
      </Addr>
      <Addr id="AFD3FFA1C27D2420BBEBC8AE1CB27B22C">
        <AddrTypeCd>InsuredsAddress</AddrTypeCd>
        <Addr1>123 Main St</Addr1>
        <City>Ann Arbor</City>
        <StateProvCd>MI</StateProvCd>
        <PostalCode>48001</PostalCode>
        <County>Washtenaw</County>
      </Addr>
      <Addr id="AB1C10FAB140E4319B7574B8AA55C7887">
        <AddrTypeCd>BillingAddress</AddrTypeCd>
      </Addr>
      <Communications id="CB05D4C2CAFFD4CC5BE5D98C421AECD1A">
        <PhoneNumber>+1-555-1234567</PhoneNumber>
      </Communications>
      <Surname>Smith</Surname>
      <GivenName>Jane</GivenName>
      <TitlePrefix>Dr</TitlePrefix>
      <NameSuffix>Sr</NameSuffix>
      <GenderCd>F</GenderCd>
      <BirthDt>1990-01-01</BirthDt>
      <MaritalStatusCd>M</MaritalStatusCd>
      <InsuredOrPrincipalExt id="IB52C2DC0DA40473586EE59CA993D00A1">
        <Age>28</Age>
      </InsuredOrPrincipalExt>
    </InsuredOrPrincipal>
    <Location id="l1">
      <Addr id="A62D704BDB8FA4E34A421A3679E6307B4">
        <AddrTypeCd>MailingAddress</AddrTypeCd>
        <Addr1>123 Main St</Addr1>
        <City>Ann Arbor</City>
        <StateProvCd>MI</StateProvCd>
        <PostalCode>48001</PostalCode>
        <County>Washtenaw</County>
      </Addr>
    </Location>
    <Location id="l2">
      <Addr id="A2987A64011424FE3A2BC39833264985F">
        <AddrTypeCd>GaragingAddress</AddrTypeCd>
        <Addr1>456 Main St</Addr1>
        <City>Ann Arbor</City>
        <StateProvCd>MI</StateProvCd>
        <PostalCode>48001</PostalCode>
        <County>Washtenaw</County>
        <AddrExt id="A273D9CF09C9D440D90F7C96269D447D5">
          <WBRatedZipCd>48001</WBRatedZipCd>
          <WBRatedVehicleStateProvCd>MI</WBRatedVehicleStateProvCd>
        </AddrExt>
      </Addr>
    </Location>
    <PersAutoLineBusiness id="PD64F0298D72D425C8E2367B890AC3F22">
      <LOBCd>PL Auto</LOBCd>
      <CompanyProductCd>FLEX</CompanyProductCd>
      <Driver id="d1">
        <ItemIdInfo id="I2F8423EFC1D54BFF94247123BEC97869">
          <InsurerId>1000</InsurerId>
        </ItemIdInfo>
        <Relationship id="RF1F76BB4FD20406FAD9250609FD97247" RelationshipToRef="v1">
          <RelationshipToCd>DRV</RelationshipToCd>
          <RelationshipExt id="R9CAD27B110F04BC8BE78BB6BD924D703">
            <OwnedVehInd>1</OwnedVehInd>
            <DriverUseCd>Primary</DriverUseCd>
            <RelationshipPct>75</RelationshipPct>
          </RelationshipExt>
        </Relationship>
        <Relationship id="R4D2BD2BCECF545C1B3F674C650D6F832" RelationshipToRef="ins1">
          <RelationshipToCd>IN</RelationshipToCd>
        </Relationship>
        <Name>Jane Smith</Name>
        <License id="L63AFEFC1FDB145979CD258E2C4811713">
          <LicenseTypeCd>Driver</LicenseTypeCd>
          <LicensedDt>2010-02-01</LicensedDt>
          <LicensePermitNumber>123456789900</LicensePermitNumber>
          <StateProvCd>MI</StateProvCd>
        </License>
        <Surname>Smith</Surname>
        <GivenName>Jane</GivenName>
        <GenderCd>F</GenderCd>
        <BirthDt>1970-03-05</BirthDt>
        <MaritalStatusCd>M</MaritalStatusCd>
        <OccupationDesc>Accountant</OccupationDesc>
        <OccupationClassCd>ACT</OccupationClassCd>
        <ResidentCustodyInd>0</ResidentCustodyInd>
        <DriverExt id="D5FEDB9C373794179A854BDDD93CE62EE">
          <YouthfulInd>0</YouthfulInd>
          <MichiganDriverGroup id="MEA3C9B42528A447E8C09FD1CE6A75E3A">
            <MichiganPolicyGroup id="M80D3A8979FA24EDB8654D21571717DB4">
              <GroupName>AARP</GroupName>
              <GroupId>01</GroupId>
            </MichiganPolicyGroup>
            <RatedGroup>01</RatedGroup>
            <ApprovedInd>1</ApprovedInd>
            <ProofAttachedInd>1</ProofAttachedInd>
          </MichiganDriverGroup>
          <WBIsMinor>0</WBIsMinor>
          <WBRiskTerm id="W6026CB163A1A4E9499B15F84999F55A9">
            <WBRiskEffectiveDt>2019-07-03</WBRiskEffectiveDt>
            <WBRiskExpirationDt>2020-07-03</WBRiskExpirationDt>
          </WBRiskTerm>
          <WBDriverAge>49</WBDriverAge>
          <WBInexperiencedOperatorInd>1</WBInexperiencedOperatorInd>
          <WBAdvantageDriverInd>0</WBAdvantageDriverInd>
        </DriverExt>
      </Driver>
      <Driver id="d2">
        <ItemIdInfo id="IB7829152A9F74A3D93889E659A49B593">
          <InsurerId>2000</InsurerId>
        </ItemIdInfo>
        <Relationship id="R927CBE6C91A043039A7BB7B35EEF4BE1" RelationshipToRef="v2">
          <RelationshipToCd>DRV</RelationshipToCd>
          <RelationshipExt id="R104E988FDF944DA6B4395E7B55D9CD43">
            <OwnedVehInd>1</OwnedVehInd>
            <DriverUseCd>Primary</DriverUseCd>
            <RelationshipPct>75</RelationshipPct>
          </RelationshipExt>
        </Relationship>
        <Relationship id="R04FE8716AE8F49129A466C637A11E3F1" RelationshipToRef="ins1">
          <RelationshipToCd>SP</RelationshipToCd>
        </Relationship>
        <Name>John Smith</Name>
        <License id="LF9AF00861C3743D5B7B3DF1632A52226">
          <LicenseTypeCd>Driver</LicenseTypeCd>
          <LicensedDt>2009-02-01</LicensedDt>
          <LicensePermitNumber>123456789900</LicensePermitNumber>
          <StateProvCd>MI</StateProvCd>
          <LicenseExt id="L67D5635B26B140A0AAA94DE0BDA77045">
            <LicensedFiveorMoreYearsInd>1</LicensedFiveorMoreYearsInd>
          </LicenseExt>
        </License>
        <Surname>Smith</Surname>
        <GivenName>John</GivenName>
        <GenderCd>M</GenderCd>
        <BirthDt>1965-04-12</BirthDt>
        <MaritalStatusCd>M</MaritalStatusCd>
        <OccupationDesc>Accountant</OccupationDesc>
        <OccupationClassCd>ACT</OccupationClassCd>
        <ResidentCustodyInd>0</ResidentCustodyInd>
        <DriverExt id="DED68B399264D44FF8CE455ACBF43E0D1">
          <BoatCourseInd>1</BoatCourseInd>
          <YouthfulInd>0</YouthfulInd>
          <MichiganDriverGroup id="M5B47E94950904F4DAC2B366084AA6CF7">
            <MichiganPolicyGroup id="MED354A7B80224E2585A3F2AFDA525D40">
              <GroupName>AARP</GroupName>
              <GroupId>01</GroupId>
            </MichiganPolicyGroup>
            <RatedGroup>01</RatedGroup>
            <ApprovedInd>1</ApprovedInd>
            <ProofAttachedInd>1</ProofAttachedInd>
          </MichiganDriverGroup>
          <WBIsMinor>0</WBIsMinor>
          <WBRiskTerm id="WFC97AD31756547B4A10E75CFD99CE17C">
            <WBRiskEffectiveDt>2019-07-03</WBRiskEffectiveDt>
            <WBRiskExpirationDt>2020-07-03</WBRiskExpirationDt>
          </WBRiskTerm>
          <WBDriverAge>54</WBDriverAge>
          <WBInexperiencedOperatorInd>1</WBInexperiencedOperatorInd>
          <WBAdvantageDriverInd>0</WBAdvantageDriverInd>
        </DriverExt>
      </Driver>
      <Driver id="d3">
        <ItemIdInfo id="ICA115597290144FCA8C576FC75F94B69">
          <InsurerId>3000</InsurerId>
        </ItemIdInfo>
        <Relationship id="RE8927D75427443C8972F30760086EA52" RelationshipToRef="v3">
          <RelationshipToCd>DRV</RelationshipToCd>
          <RelationshipExt id="R68DEFF9B8F474F5F9C734001B347EFA3">
            <OwnedVehInd>0</OwnedVehInd>
            <DriverUseCd>Primary</DriverUseCd>
            <RelationshipPct>25</RelationshipPct>
          </RelationshipExt>
        </Relationship>
        <Relationship id="R3368D9C6EA8D43FEB575DA3E984ACEB4" RelationshipToRef="ins1">
          <RelationshipToCd>CH</RelationshipToCd>
        </Relationship>
        <Name>Jack Smith</Name>
        <License id="L4C14B122F31040C4AE117726775E237E">
          <LicenseTypeCd>Driver</LicenseTypeCd>
          <LicensedDt>2010-02-01</LicensedDt>
          <LicensePermitNumber>123456789900</LicensePermitNumber>
          <StateProvCd>MI</StateProvCd>
        </License>
        <Surname>Smith</Surname>
        <GivenName>Jack</GivenName>
        <GenderCd>M</GenderCd>
        <BirthDt>1990-01-12</BirthDt>
        <MaritalStatusCd>S</MaritalStatusCd>
        <OccupationDesc>Accountant</OccupationDesc>
        <OccupationClassCd>ACT</OccupationClassCd>
        <DistantStudentInd>0</DistantStudentInd>
        <ResidentCustodyInd>0</ResidentCustodyInd>
        <DriverExt id="DA9401C6549294F00B880D57DE103E425">
          <BoatCourseInd>1</BoatCourseInd>
          <YouthfulInd>0</YouthfulInd>
          <MichiganDriverGroup id="MDAE9F2B7CA1441A89AC9C22C879C227F">
            <MichiganPolicyGroup id="M3A8499594DD449AC964365358E01C1BB">
              <GroupName>AARP</GroupName>
              <GroupId>01</GroupId>
            </MichiganPolicyGroup>
            <RatedGroup>01</RatedGroup>
            <ApprovedInd>1</ApprovedInd>
            <ProofAttachedInd>1</ProofAttachedInd>
          </MichiganDriverGroup>
          <WBIsMinor>0</WBIsMinor>
          <WBRiskTerm id="W333AAD7047C940DAAE1BEFCB3CEA9F59">
            <WBRiskEffectiveDt>2019-07-03</WBRiskEffectiveDt>
            <WBRiskExpirationDt>2020-07-03</WBRiskExpirationDt>
          </WBRiskTerm>
          <WBDriverAge>29</WBDriverAge>
          <WBInexperiencedOperatorInd>1</WBInexperiencedOperatorInd>
          <WBAdvantageDriverInd>0</WBAdvantageDriverInd>
        </DriverExt>
      </Driver>
      <Vehicle id="v1" RatedDriverRef="d1">
        <ItemIdInfo id="IDE86C59E61544C4BB17BDFB4D6655759">
          <InsurerId>1000</InsurerId>
        </ItemIdInfo>
        <Manufacturer>Nissan</Manufacturer>
        <Model>Sentra</Model>
        <ModelYear>2017</ModelYear>
        <VehBodyTypeCd>PP</VehBodyTypeCd>
        <VehTypeCd>PP</VehTypeCd>
        <EstimatedAnnualDistance id="ED2F9F9CE99F74C10AC5B63FB39174AAC">
          <NumUnits>10000</NumUnits>
          <UnitMeasurementCd>MILES</UnitMeasurementCd>
        </EstimatedAnnualDistance>
        <AntiLockBrakeCd>Y</AntiLockBrakeCd>
        <DistanceOneWay id="D55903FD737D74B559A3F49C7809B9161">
          <NumUnits>30</NumUnits>
          <UnitMeasurementCd>MILES</UnitMeasurementCd>
        </DistanceOneWay>
        <MultiCarDiscountInd>1</MultiCarDiscountInd>
        <NonOwnedVehInd>1</NonOwnedVehInd>
        <VehUseCd>OT</VehUseCd>
        <TierCd>Elite</TierCd>
        <BIPDSymbolCd>98</BIPDSymbolCd>
        <MedPayPIPLiabilitySymbolCd>98</MedPayPIPLiabilitySymbolCd>
        <Addr id="A1645D466B2804F2B841FB309849A0DA7">
          <AddrExt id="A060A8DFFFC284867B5F3D242B21E2F16">
            <WBRatedZipCd>48001</WBRatedZipCd>
            <WBRatedVehicleStateProvCd>MI</WBRatedVehicleStateProvCd>
          </AddrExt>
        </Addr>
        <EmployeeOperatedInd>0</EmployeeOperatedInd>
        <LengthTimeVehInUse id="L95BDE6939C1F46FBA9B65C6D9BEA1FB8">
          <NumUnits>5</NumUnits>
          <UnitMeasurementCd>DAY</UnitMeasurementCd>
        </LengthTimeVehInUse>
        <Coverage id="C8A5DAE77F1654A23927A3397C5AA1CBA">
          <CoverageCd id="CE53633A8234542458547FAC9BC74634C" SourceSystemRef="v1">BI</CoverageCd>
          <CoverageTypeCd>Coverage</CoverageTypeCd>
          <CoverageDesc>Bodily Injury</CoverageDesc>
          <Limit id="L26D81593CE1646CCB6CCF555694BEE31">
            <FormatCurrencyAmt id="F75B8545F6DAB4E89800A6151E093C4D8">
              <Amt>100000</Amt>
            </FormatCurrencyAmt>
            <ValuationCd>ACV</ValuationCd>
            <LimitAppliesToCd>BIEachPers</LimitAppliesToCd>
          </Limit>
          <Limit id="LE90E4B601DBC442BBFA5E8ADA9EF2C90">
            <FormatCurrencyAmt id="F1DADC0CFAC6C45DC95D7AADEAEBE2922">
              <Amt>300000</Amt>
            </FormatCurrencyAmt>
            <ValuationCd>ACV</ValuationCd>
            <LimitAppliesToCd>PerAcc</LimitAppliesToCd>
          </Limit>
          <CreditOrSurcharge id="C9B4143C10ACC47EA84CBD550BACEA29A">
            <CreditSurchargeCd>LFREE</CreditSurchargeCd>
            <SecondaryCd>CFAEST</SecondaryCd>
            <WBRatingAppliedInd>0</WBRatingAppliedInd>
          </CreditOrSurcharge>
          <EffectiveDt>2019-07-03</EffectiveDt>
          <ExpirationDt>2020-07-03</ExpirationDt>
          <ProRateFactor>1</ProRateFactor>
          <CoverageSupplement id="C8A60EB7C8C67438E85D8476436043802">
            <CoverageSubCd>BI</CoverageSubCd>
          </CoverageSupplement>
          <CoverageExt id="C46D0344090F54837B3C24ED51792FC39">
            <WBOnsetOffsetPremiumInfo id="WB9D020C355ED4D89A02B61CAB2672A15">
              <WBCurrentTermOnsetAmt id="W9EB64A348DFC42A09958C3E60F6CD85C">
                <Amt>114</Amt>
              </WBCurrentTermOnsetAmt>
              <WBCurrentTermOffsetAmt id="WEB63399F067B451DA4DC861899D5EB3D">
                <Amt>0</Amt>
              </WBCurrentTermOffsetAmt>
            </WBOnsetOffsetPremiumInfo>
            <WBPremiumInfo id="WDDF82A80A52845A89FCBA7F9680B0E51">
              <WBCurrentTermAmt id="W6C46CE94995946EDB97261DF8CE73526">
                <Amt>114</Amt>
              </WBCurrentTermAmt>
              <WBNetChangeAmt id="WBAAEB7F6DA064CE584BA9D11D4F7F184">
                <Amt>114</Amt>
              </WBNetChangeAmt>
              <WBWrittenAmt id="WA78D99697E084C9181B5D9F2C2D39D2E">
                <Amt>114</Amt>
              </WBWrittenAmt>
            </WBPremiumInfo>
          </CoverageExt>
        </Coverage>
        <Coverage id="CE2C8028011064E929CB2849AB5F57C3A">
          <CoverageCd id="C30EA864A4BF0444D82071A0E62BC0BAA" SourceSystemRef="v1">PD</CoverageCd>
          <CoverageTypeCd>Coverage</CoverageTypeCd>
          <CoverageDesc>Property Damage</CoverageDesc>
          <Limit id="L2970A1331DBE4BCEBBE362C7B05F1E77">
            <FormatCurrencyAmt id="FBCA3301788624247B844AA16D92DDF75">
              <Amt>100000</Amt>
            </FormatCurrencyAmt>
            <LimitAppliesToCd>CSL</LimitAppliesToCd>
          </Limit>
          <EffectiveDt>2019-07-03</EffectiveDt>
          <ExpirationDt>2020-07-03</ExpirationDt>
          <ProRateFactor>1</ProRateFactor>
          <CoverageSupplement id="C13334E99B4B14947B4B80DEFD33948FD">
            <CoverageSubCd>PD</CoverageSubCd>
          </CoverageSupplement>
          <CoverageExt id="CFEFA1DCAFFDA4C269350F818D47293E4">
            <WBOnsetOffsetPremiumInfo id="W162AB7C190EC49A2BFAB874BB28B3817">
              <WBCurrentTermOnsetAmt id="W18377D582EDA4C04A9D572A3D209A0F3">
                <Amt>8</Amt>
              </WBCurrentTermOnsetAmt>
              <WBCurrentTermOffsetAmt id="W06EE587E591E445CBA01EFA6EF4267FF">
                <Amt>0</Amt>
              </WBCurrentTermOffsetAmt>
            </WBOnsetOffsetPremiumInfo>
            <WBPremiumInfo id="W6A55329A70DA49E8833227817B66C9AC">
              <WBCurrentTermAmt id="WB2C27E12461143D99D6B4ADA3B164832">
                <Amt>8</Amt>
              </WBCurrentTermAmt>
              <WBNetChangeAmt id="WA34E673A0A9245F9A3276A7027935493">
                <Amt>8</Amt>
              </WBNetChangeAmt>
              <WBWrittenAmt id="W80B7EE193C6A4BC4A6B844403C6EEEB2">
                <Amt>8</Amt>
              </WBWrittenAmt>
            </WBPremiumInfo>
          </CoverageExt>
        </Coverage>
        <Coverage id="C3A401AD43E5C4BE39AE1A0C91450EA9A">
          <CoverageCd id="CDFE47F9AC3A74C388DC51980E9B25860" SourceSystemRef="v1">UM</CoverageCd>
          <CoverageTypeCd>Coverage</CoverageTypeCd>
          <CoverageDesc>Uninsured Motorist Bodily Injury</CoverageDesc>
          <Limit id="LEB567259CB3A4F3091D6EC2D42137B48">
            <FormatCurrencyAmt id="F53616991AE004922B6FB6745AB8DAA0E">
              <Amt>100000</Amt>
            </FormatCurrencyAmt>
            <ValuationCd>ACV</ValuationCd>
            <LimitAppliesToCd>EachClaim</LimitAppliesToCd>
          </Limit>
          <Limit id="L308DC870D83946CFB5727B5B152BB022">
            <FormatCurrencyAmt id="F90AAB2E61F5A4870B38BE86CFEC54795">
              <Amt>300000</Amt>
            </FormatCurrencyAmt>
            <ValuationCd>ACV</ValuationCd>
            <LimitAppliesToCd>PerAcc</LimitAppliesToCd>
          </Limit>
          <CreditOrSurcharge id="C884BBD36B9DA4A669AD04BF35683AC82">
            <CreditSurchargeCd>LFREE</CreditSurchargeCd>
            <SecondaryCd>CFAEST</SecondaryCd>
            <WBRatingAppliedInd>0</WBRatingAppliedInd>
          </CreditOrSurcharge>
          <EffectiveDt>2019-07-03</EffectiveDt>
          <ExpirationDt>2020-07-03</ExpirationDt>
          <ProRateFactor>1</ProRateFactor>
          <CoverageSupplement id="C17029419691B445FB23819A27DFCE997">
            <CoverageSubCd>UMSP</CoverageSubCd>
          </CoverageSupplement>
          <CoverageExt id="C257460DE67034A19B2AB0F2D0D97EEC2">
            <WBOnsetOffsetPremiumInfo id="W4A962FFE796646478E500B80FF094F16">
              <WBCurrentTermOnsetAmt id="W7C4DFE81147343CBBB5FFD38756D75C8">
                <Amt>29</Amt>
              </WBCurrentTermOnsetAmt>
              <WBCurrentTermOffsetAmt id="W4A5E3C655168482DB2A4A80D5778975C">
                <Amt>0</Amt>
              </WBCurrentTermOffsetAmt>
            </WBOnsetOffsetPremiumInfo>
            <WBPremiumInfo id="W343B202F81EE48C3BA2FED3AFFCBFA83">
              <WBCurrentTermAmt id="WD2BBDBD82B8C4E5090F7DA683BB8FF3C">
                <Amt>29</Amt>
              </WBCurrentTermAmt>
              <WBNetChangeAmt id="WDC4143FB4C2B459FAB21396924BE3B22">
                <Amt>29</Amt>
              </WBNetChangeAmt>
              <WBWrittenAmt id="W5997BEE3B22346F9BD6B8F9BBEC929C8">
                <Amt>29</Amt>
              </WBWrittenAmt>
            </WBPremiumInfo>
          </CoverageExt>
        </Coverage>
        <Coverage id="C5C405589C02849E186C5CF4E6E31090A">
          <CoverageCd id="CD23F13483F3B46758D7F704A16E1DE04" SourceSystemRef="v1">PIP</CoverageCd>
          <CoverageTypeCd>Coverage</CoverageTypeCd>
          <CoverageDesc>Personal Injury Protection - MED</CoverageDesc>
          <Deductible id="D64577E6AFFEC4E1FA4057908D1055C7C">
            <FormatCurrencyAmt id="F900E7EE5CB4E49FBB87E141AFC758786">
              <Amt>5000</Amt>
            </FormatCurrencyAmt>
          </Deductible>
          <Option id="O32F165659D9D45DC96FC761D5AE3AE55">
            <OptionCd>P</OptionCd>
          </Option>
          <CreditOrSurcharge id="CED604BDF51654535B3CB6EC49789D8DD">
            <CreditSurchargeCd>LFREE</CreditSurchargeCd>
            <SecondaryCd>CFAEST</SecondaryCd>
            <WBRatingAppliedInd>0</WBRatingAppliedInd>
          </CreditOrSurcharge>
          <EffectiveDt>2019-07-03</EffectiveDt>
          <ExpirationDt>2020-07-03</ExpirationDt>
          <ProRateFactor>1</ProRateFactor>
          <CoverageSupplement id="CEF3E01C922AC4EB28E7C7558C614A8F8">
            <CoverageSubCd>PIPMED</CoverageSubCd>
          </CoverageSupplement>
          <CoverageExt id="C47F28730AB244AB395DCED2947BD0477">
            <WBOnsetOffsetPremiumInfo id="W812A4EB8D1114AE88CCBEB5A70511967">
              <WBCurrentTermOnsetAmt id="W524D074A1E4D4D7084056451A7280596">
                <Amt>519</Amt>
              </WBCurrentTermOnsetAmt>
              <WBCurrentTermOffsetAmt id="W95AD0E182FFC4B4EBC01CE8FBD41409F">
                <Amt>0</Amt>
              </WBCurrentTermOffsetAmt>
            </WBOnsetOffsetPremiumInfo>
            <WBPremiumInfo id="W1F665E9F8735495381D59BFA24B55D72">
              <WBCurrentTermAmt id="WDCFAEA95D9D3482FB7492182D9E99FE3">
                <Amt>519</Amt>
              </WBCurrentTermAmt>
              <WBNetChangeAmt id="WDE7143D1C6544C21B36FD4AA359241D2">
                <Amt>519</Amt>
              </WBNetChangeAmt>
              <WBWrittenAmt id="W4322F5F66A04403AAC878530B04A7877">
                <Amt>519</Amt>
              </WBWrittenAmt>
            </WBPremiumInfo>
          </CoverageExt>
        </Coverage>
        <Coverage id="C20BC12C03F024B769FF8025D9733DDED">
          <CoverageCd id="CC0E81E3749E7430BAFD0AFBEC02BCB7B" SourceSystemRef="v1">COMP</CoverageCd>
          <CoverageTypeCd>Coverage</CoverageTypeCd>
          <CoverageDesc>Comprehensive</CoverageDesc>
          <Deductible id="D0D8B1944713B4FD5A3EC2A66BAA285EE">
            <FormatCurrencyAmt id="F771015BA17E24BE4B8A0BDCE1CFF4F97">
              <Amt>1000</Amt>
            </FormatCurrencyAmt>
          </Deductible>
          <CreditOrSurcharge id="C49A48232E07F42559BD0A4CD12E9CFE0">
            <CreditSurchargeCd>LFREE</CreditSurchargeCd>
            <SecondaryCd>CFAEST</SecondaryCd>
            <WBRatingAppliedInd>0</WBRatingAppliedInd>
          </CreditOrSurcharge>
          <EffectiveDt>2019-07-03</EffectiveDt>
          <ExpirationDt>2020-07-03</ExpirationDt>
          <ProRateFactor>1</ProRateFactor>
          <CoverageSupplement id="CEB36663A309444398FFA34B26F68CE81">
            <CoverageSubCd>OTC</CoverageSubCd>
          </CoverageSupplement>
          <CoverageExt id="CCB1E2B462DA0434DA84D7A8DF3347582">
            <WBOnsetOffsetPremiumInfo id="WECBD11F63F2E4A509E7E04BA0767E48B">
              <WBCurrentTermOnsetAmt id="WEBEED46C103641BFBCF74A66827F0FE9">
                <Amt>22</Amt>
              </WBCurrentTermOnsetAmt>
              <WBCurrentTermOffsetAmt id="WCEE4222356324734B7F4999E0A0F2C32">
                <Amt>0</Amt>
              </WBCurrentTermOffsetAmt>
            </WBOnsetOffsetPremiumInfo>
            <WBPremiumInfo id="W63A214522C4E4634B6C158BAA32E8D87">
              <WBCurrentTermAmt id="W4713E1E0E41842B68F166A50608A38D1">
                <Amt>22</Amt>
              </WBCurrentTermAmt>
              <WBNetChangeAmt id="WE641AC6C149649C690BAD736AC07C445">
                <Amt>22</Amt>
              </WBNetChangeAmt>
              <WBWrittenAmt id="W6B932B2C555447E1B6F657A9086F63C3">
                <Amt>22</Amt>
              </WBWrittenAmt>
            </WBPremiumInfo>
          </CoverageExt>
        </Coverage>
        <Coverage id="CC51C3369B2174FC881CBEF3FF80DD776">
          <CoverageCd id="CE079EC4EC14A40CFAEDCBD2F4474D03F" SourceSystemRef="v1">COLL</CoverageCd>
          <CoverageTypeCd>Coverage</CoverageTypeCd>
          <CoverageDesc>Collision</CoverageDesc>
          <Deductible id="D023346005FF742EE989351A3C6424625">
            <FormatCurrencyAmt id="FD21AEC0667E2402CB0639B2BDD8E4676">
              <Amt>1000</Amt>
            </FormatCurrencyAmt>
          </Deductible>
          <CreditOrSurcharge id="C824CFD404C6B4F6EB9707FB341629434">
            <CreditSurchargeCd>LFREE</CreditSurchargeCd>
            <SecondaryCd>CFAEST</SecondaryCd>
            <WBRatingAppliedInd>0</WBRatingAppliedInd>
          </CreditOrSurcharge>
          <EffectiveDt>2019-07-03</EffectiveDt>
          <ExpirationDt>2020-07-03</ExpirationDt>
          <ProRateFactor>1</ProRateFactor>
          <CoverageSupplement id="C472F9F184168465CB0E22AE0758B0ADA">
            <CoverageSubCd>COLL</CoverageSubCd>
          </CoverageSupplement>
          <CoverageExt id="C2DAE1BD7755D4EC89028FAD9DC972DFE">
            <WBOnsetOffsetPremiumInfo id="WAA710D2626E44C138F41037D8F08C457">
              <WBCurrentTermOnsetAmt id="W2B906B54162141799C15978D76A6FD36">
                <Amt>227</Amt>
              </WBCurrentTermOnsetAmt>
              <WBCurrentTermOffsetAmt id="W8BD3F5FE64DE493DB27292CD40BC38F7">
                <Amt>0</Amt>
              </WBCurrentTermOffsetAmt>
            </WBOnsetOffsetPremiumInfo>
            <WBPremiumInfo id="WA292F552F3674D378EC896156EBFB8ED">
              <WBCurrentTermAmt id="W33E434DE27864154ADF8820BEF8E1232">
                <Amt>227</Amt>
              </WBCurrentTermAmt>
              <WBNetChangeAmt id="WAA313A4B08004832884CCA44A61E2856">
                <Amt>227</Amt>
              </WBNetChangeAmt>
              <WBWrittenAmt id="W1A44A7448E0D4EECA35A53C8FF90EE25">
                <Amt>227</Amt>
              </WBWrittenAmt>
            </WBPremiumInfo>
          </CoverageExt>
        </Coverage>
        <Coverage id="CE05F7397E2F54891AF7402369E47B544">
          <CoverageCd>PPI</CoverageCd>
          <Limit id="L26ACFC1CAEE7495EBF55913600380ACB">
            <FormatCurrencyAmt id="F1451A6F174B94B518DED98DEF6552848">
              <Amt>1000000</Amt>
            </FormatCurrencyAmt>
            <LimitAppliesToCd>PerAcc</LimitAppliesToCd>
          </Limit>
          <EffectiveDt>2019-07-03</EffectiveDt>
          <ExpirationDt>2020-07-03</ExpirationDt>
          <ProRateFactor>1</ProRateFactor>
          <CoverageSupplement id="C3EA7B76D47FF4934BCB6A0CB514AA604">
            <CoverageSubCd>PPI</CoverageSubCd>
          </CoverageSupplement>
          <CoverageExt id="C69BF557CE587419C9CF5E6F14BDD4D42">
            <WBOnsetOffsetPremiumInfo id="WFC10EC1EE82F4869A05502E004D13BA8">
              <WBCurrentTermOnsetAmt id="W604256ACDD714E9BAEC8DD939AF44D60">
                <Amt>2</Amt>
              </WBCurrentTermOnsetAmt>
              <WBCurrentTermOffsetAmt id="W9384B67F73974377962EAC8C15B483B8">
                <Amt>0</Amt>
              </WBCurrentTermOffsetAmt>
            </WBOnsetOffsetPremiumInfo>
            <WBPremiumInfo id="W620D9AD93FDF4A69A4631F7CB9B145D9">
              <WBCurrentTermAmt id="WFA61C1C73F4C49CCAE421C10D3CD448A">
                <Amt>2</Amt>
              </WBCurrentTermAmt>
              <WBNetChangeAmt id="W8FBC6EDCA4BD43F9B66DA504B7328265">
                <Amt>2</Amt>
              </WBNetChangeAmt>
              <WBWrittenAmt id="W0E5DE9C7FC00495ABFD089B6D613E1A0">
                <Amt>2</Amt>
              </WBWrittenAmt>
            </WBPremiumInfo>
          </CoverageExt>
        </Coverage>
        <Coverage id="C1EA656685B934328846F2F5858F1842A">
          <CoverageCd>PIP</CoverageCd>
          <EffectiveDt>2019-07-03</EffectiveDt>
          <ExpirationDt>2020-07-03</ExpirationDt>
          <ProRateFactor>1</ProRateFactor>
          <CoverageSupplement id="CDF3A8FCD90A24FF9BDE6EAE7589E511B">
            <CoverageSubCd>PIPALLOTHER</CoverageSubCd>
          </CoverageSupplement>
          <CoverageExt id="CCD3A992DAA644A069EF544E463AFDE35">
            <WBOnsetOffsetPremiumInfo id="WCE8CD403265E4DC18AB9B46825B301F6">
              <WBCurrentTermOnsetAmt id="W241CD680EEF44A2BBB4CBE79C3011469">
                <Amt>12</Amt>
              </WBCurrentTermOnsetAmt>
              <WBCurrentTermOffsetAmt id="W38CD4A3B7FD848638894D4F33184B79A">
                <Amt>0</Amt>
              </WBCurrentTermOffsetAmt>
            </WBOnsetOffsetPremiumInfo>
            <WBPremiumInfo id="WE7DCBE169D934C9C8AC56F19F8453490">
              <WBCurrentTermAmt id="W2D0890AB527F4CA9BA3D41F299143E88">
                <Amt>12</Amt>
              </WBCurrentTermAmt>
              <WBNetChangeAmt id="WDBEA3D9048CD43B68B3B59DDD347B29D">
                <Amt>12</Amt>
              </WBNetChangeAmt>
              <WBWrittenAmt id="W1570806DD3B549D9B93A26DE6ACF3A34">
                <Amt>12</Amt>
              </WBWrittenAmt>
            </WBPremiumInfo>
          </CoverageExt>
        </Coverage>
        <Coverage id="C37784014F1D0438D8B3ADCCE3312C120">
          <CoverageCd>MCCA</CoverageCd>
          <CoverageTypeCd>Coverage</CoverageTypeCd>
          <EffectiveDt>2019-07-03</EffectiveDt>
          <ExpirationDt>2020-07-03</ExpirationDt>
          <ProRateFactor>1</ProRateFactor>
          <CoverageSupplement id="C119D169C870946D6974E2447F56F40AA">
            <CoverageSubCd>PIPMCCA</CoverageSubCd>
          </CoverageSupplement>
          <CoverageExt id="C13DDC7E7D0594749A616D2069BF45AD3">
            <WBOnsetOffsetPremiumInfo id="W778FB619F66748B9B70AD87881A30474">
              <WBCurrentTermOnsetAmt id="WACC8D1E30CA94F34806C67BC4681459A">
                <Amt>228</Amt>
              </WBCurrentTermOnsetAmt>
              <WBCurrentTermOffsetAmt id="W7885BC60319C4B22A0A965725CF1DA02">
                <Amt>0</Amt>
              </WBCurrentTermOffsetAmt>
            </WBOnsetOffsetPremiumInfo>
            <WBPremiumInfo id="WC8ACD84A3C504B66900447F43548E569">
              <WBCurrentTermAmt id="WFFB8D5798C9546798608A219DEB4BC5E">
                <Amt>228.00</Amt>
              </WBCurrentTermAmt>
              <WBNetChangeAmt id="WD132C4183C264EAF8E8D9B9FC2A3C411">
                <Amt>228</Amt>
              </WBNetChangeAmt>
              <WBWrittenAmt id="W48A9952FCB994ED8B4A088A66DB8FF44">
                <Amt>228</Amt>
              </WBWrittenAmt>
            </WBPremiumInfo>
          </CoverageExt>
        </Coverage>
        <CreditOrSurcharge id="C74E065AF6E9045AC9481FC0274378FC0">
          <SecondaryCd>AHS</SecondaryCd>
          <WBRatingAppliedInd>0</WBRatingAppliedInd>
        </CreditOrSurcharge>
        <CreditOrSurcharge id="C4E3A171F0F8C4968A640B25915D2F864">
          <SecondaryCd>AOM</SecondaryCd>
          <WBRatingAppliedInd>0</WBRatingAppliedInd>
        </CreditOrSurcharge>
        <CreditOrSurcharge id="C46EED636214E425684B28033C0B7FF41">
          <SecondaryCd>BWS</SecondaryCd>
          <WBRatingAppliedInd>0</WBRatingAppliedInd>
        </CreditOrSurcharge>
        <CreditOrSurcharge id="CB1391C13F2AC41E38AE04B5DF1547ED8">
          <SecondaryCd>DFSS</SecondaryCd>
          <WBRatingAppliedInd>0</WBRatingAppliedInd>
        </CreditOrSurcharge>
        <CreditOrSurcharge id="C2378B227CF98431F8215FC9F1F5DE6D5">
          <SecondaryCd>FCA</SecondaryCd>
          <WBRatingAppliedInd>0</WBRatingAppliedInd>
        </CreditOrSurcharge>
        <CreditOrSurcharge id="CF8AFDE06D4E748198DC0976D696B5C26">
          <WBRatingAppliedInd>0</WBRatingAppliedInd>
        </CreditOrSurcharge>
        <CreditOrSurcharge id="CDB20A4D241A740FA8DD5080240BA4B06">
          <SecondaryCd>SDD</SecondaryCd>
          <WBRatingAppliedInd>0</WBRatingAppliedInd>
        </CreditOrSurcharge>
        <CreditOrSurcharge id="C7B6F8CF4486042ADA73B940D4AF7DBF3">
          <WBRatingAppliedInd>0</WBRatingAppliedInd>
        </CreditOrSurcharge>
        <CreditOrSurcharge id="C8BA7EF8F53974BA8824AE25665A99F06">
          <WBRatingAppliedInd>0</WBRatingAppliedInd>
        </CreditOrSurcharge>
        <CreditOrSurcharge id="C5C837FF3564E40EEA166C6555260267D">
          <WBRatingAppliedInd>0</WBRatingAppliedInd>
        </CreditOrSurcharge>
        <CreditOrSurcharge id="C459D6C8F4CB04D04B3310A3F04A32471">
          <WBRatingAppliedInd>0</WBRatingAppliedInd>
        </CreditOrSurcharge>
        <CreditOrSurcharge id="CB068DD457F564203A05CEC4FD29C0648">
          <SecondaryCd>PU</SecondaryCd>
          <WBRatingAppliedInd>0</WBRatingAppliedInd>
        </CreditOrSurcharge>
        <ComprehensiveOTCSymbolCd>2</ComprehensiveOTCSymbolCd>
        <CollisionSymbolCd>2</CollisionSymbolCd>
        <QuestionAnswer id="Q2410AE83E8C34E31AAAA3E2BE0CACE6A">
          <QuestionCd>VEH01</QuestionCd>
          <YesNoCd>NO</YesNoCd>
        </QuestionAnswer>
        <VehicleExt id="VF9ACC9BA27A2434AA268DAD70C7C21C8">
          <WBBackupWarningSystemInd>0</WBBackupWarningSystemInd>
          <WBAutonomousOperationsModeInd>0</WBAutonomousOperationsModeInd>
          <WBAdaptiveHeadlightSystemInd>0</WBAdaptiveHeadlightSystemInd>
          <WBDriverFatigueSensingSystemInd>0</WBDriverFatigueSensingSystemInd>
          <WBVehicleUse id="W89AD161CB47E4E1596D7888959933FCC">
            <WBVehicleTitledCd>1000</WBVehicleTitledCd>
            <WBVehicleTitledDescription>Company Driver</WBVehicleTitledDescription>
            <WBVehicleBusinessDescription>Company Description</WBVehicleBusinessDescription>
          </WBVehicleUse>
          <ClassCode>2249</ClassCode>
          <WBMileage id="WBDB40E2339074CCA973D5A0606E373A8">
            <WBRatedAnnualMileage>13174</WBRatedAnnualMileage>
            <WBAnnualMileageMAMCd>E</WBAnnualMileageMAMCd>
          </WBMileage>
          <WBFinancialResponsibilityCnt>0</WBFinancialResponsibilityCnt>
          <WBRiskTerm id="W3F083BC244B445DAB924C6B6400535F6">
            <WBRiskEffectiveDt>2019-07-03</WBRiskEffectiveDt>
            <WBRiskExpirationDt>2020-07-03</WBRiskExpirationDt>
          </WBRiskTerm>
          <WBSubtotalInfo id="W5569D12BF4694CCCA86F9C270AEADBBE">
            <WBSubtotalInfoTypeCd>CFA</WBSubtotalInfoTypeCd>
            <WBCurrentTermAmt id="W03ABB72A111C435DB0160AD2212971A5">
              <Amt>28</Amt>
            </WBCurrentTermAmt>
          </WBSubtotalInfo>
          <WBSubtotalInfo id="WB6AAFA18F359453DAB6B314E81357AFA">
            <WBSubtotalInfoTypeCd>VEH</WBSubtotalInfoTypeCd>
            <WBCurrentTermAmt id="WEB4C362FE5524BA6BB81137F385F35F6">
              <Amt>935</Amt>
            </WBCurrentTermAmt>
          </WBSubtotalInfo>
          <WBVehicleAge>2</WBVehicleAge>
          <WBThirdPartyReport id="W71DE1AA3EBC4416997CC169662ADF62F">
            <WBReportTypeCd>VINMASTER</WBReportTypeCd>
            <WBReportOrderStatus>Returned</WBReportOrderStatus>
          </WBThirdPartyReport>
          <WBPremiumInfo id="W65EC19A570694EF89BBA2FE0E0EAFAC9">
            <WBCurrentTermAmt id="W6DCA8196AD704BE1BA6AC8EBA8881B36">
              <Amt>1161</Amt>
            </WBCurrentTermAmt>
            <WBNetChangeAmt id="WCBD81A85A6C842B794BF0ECD7C24FC08">
              <Amt>1161</Amt>
            </WBNetChangeAmt>
            <WBWrittenAmt id="W4C202BD5EC93435F96E0AA6534D74939">
              <Amt>1161</Amt>
            </WBWrittenAmt>
          </WBPremiumInfo>
        </VehicleExt>
      </Vehicle>
      <Vehicle id="v2" RatedDriverRef="d2">
        <ItemIdInfo id="I7F3A465C2F0E4F63A554D45468A08A66">
          <InsurerId>2000</InsurerId>
        </ItemIdInfo>
        <Manufacturer>Toyota</Manufacturer>
        <Model>Camry</Model>
        <ModelYear>2017</ModelYear>
        <VehBodyTypeCd>PP</VehBodyTypeCd>
        <VehTypeCd>PP</VehTypeCd>
        <EstimatedAnnualDistance id="E01B33D0DC4224EC4BA7D0CA3CBE0648F">
          <NumUnits>10000</NumUnits>
          <UnitMeasurementCd>MILES</UnitMeasurementCd>
        </EstimatedAnnualDistance>
        <AntiLockBrakeCd>N</AntiLockBrakeCd>
        <DistanceOneWay id="DFB8FFA4546654AF0A7F969F76AABEDAF">
          <NumUnits>15</NumUnits>
          <UnitMeasurementCd>MILES</UnitMeasurementCd>
        </DistanceOneWay>
        <MultiCarDiscountInd>1</MultiCarDiscountInd>
        <NonOwnedVehInd>1</NonOwnedVehInd>
        <VehUseCd>OT</VehUseCd>
        <TierCd>Elite</TierCd>
        <BIPDSymbolCd>98</BIPDSymbolCd>
        <MedPayPIPLiabilitySymbolCd>98</MedPayPIPLiabilitySymbolCd>
        <Addr id="AD67576D66992483684468CF1D2EB72BA">
          <AddrExt id="A5C5266BD76444C5AA8F344085F0944D5">
            <WBRatedZipCd>48001</WBRatedZipCd>
            <WBRatedVehicleStateProvCd>MI</WBRatedVehicleStateProvCd>
          </AddrExt>
        </Addr>
        <EmployeeOperatedInd>0</EmployeeOperatedInd>
        <LengthTimeVehInUse id="L7B22F18C98F14C54A1823CC19785FB27">
          <NumUnits>5</NumUnits>
          <UnitMeasurementCd>DAY</UnitMeasurementCd>
        </LengthTimeVehInUse>
        <Coverage id="C2481051D1F254782AF04DB4FE20F3C82">
          <CoverageCd id="C4FBCBF6BEDA54016B2F3867494B55687" SourceSystemRef="v2">BI</CoverageCd>
          <CoverageTypeCd>Coverage</CoverageTypeCd>
          <CoverageDesc>Bodily Injury</CoverageDesc>
          <Limit id="L06296AF5B6FC43AEACEA237877B44A6E">
            <FormatCurrencyAmt id="FD2FA2C7E25B34FEE8C11E1E0AE18ED87">
              <Amt>100000</Amt>
            </FormatCurrencyAmt>
            <ValuationCd>ACV</ValuationCd>
            <LimitAppliesToCd>BIEachPers</LimitAppliesToCd>
          </Limit>
          <Limit id="L151A67BA5E344E4A807767AB1EA24065">
            <FormatCurrencyAmt id="F565DDF022B604CFEADAC2C8FF318AD72">
              <Amt>300000</Amt>
            </FormatCurrencyAmt>
            <ValuationCd>ACV</ValuationCd>
            <LimitAppliesToCd>PerAcc</LimitAppliesToCd>
          </Limit>
          <CreditOrSurcharge id="C067B4A3AC1CD4984BD1F057549B74703">
            <CreditSurchargeCd>LFREE</CreditSurchargeCd>
            <SecondaryCd>CFAEST</SecondaryCd>
            <WBRatingAppliedInd>0</WBRatingAppliedInd>
          </CreditOrSurcharge>
          <EffectiveDt>2019-07-03</EffectiveDt>
          <ExpirationDt>2020-07-03</ExpirationDt>
          <ProRateFactor>1</ProRateFactor>
          <CoverageSupplement id="C2494891222EC494BA3BAB779308DBC52">
            <CoverageSubCd>BI</CoverageSubCd>
          </CoverageSupplement>
          <CoverageExt id="C04A8A6D93FD349299DCD1E05ADBB8196">
            <WBOnsetOffsetPremiumInfo id="WC0DD9C2BD2834F98B2809B2B0980D58E">
              <WBCurrentTermOnsetAmt id="W28FC0D16BB3542F2948509C4B2536CFB">
                <Amt>111</Amt>
              </WBCurrentTermOnsetAmt>
              <WBCurrentTermOffsetAmt id="W7FE4FF7FCFDF4D648FDF47D680CCE7EA">
                <Amt>0</Amt>
              </WBCurrentTermOffsetAmt>
            </WBOnsetOffsetPremiumInfo>
            <WBPremiumInfo id="WC5FCEB0335FF46EB9784A0FCE8F7A70B">
              <WBCurrentTermAmt id="W86BBAA23247B47E9833A1782A4D90D23">
                <Amt>111</Amt>
              </WBCurrentTermAmt>
              <WBNetChangeAmt id="WC320534174E244608E3094F4B3B6447D">
                <Amt>111</Amt>
              </WBNetChangeAmt>
              <WBWrittenAmt id="WB236489A4C0E41ACAFCBB1B3A2FF38F9">
                <Amt>111</Amt>
              </WBWrittenAmt>
            </WBPremiumInfo>
          </CoverageExt>
        </Coverage>
        <Coverage id="C655B2144990149528F52AF951C424331">
          <CoverageCd id="CC3164C37DEFF44D0AAD64A3CE1BF327C" SourceSystemRef="v2">PD</CoverageCd>
          <CoverageTypeCd>Coverage</CoverageTypeCd>
          <CoverageDesc>Property Damage</CoverageDesc>
          <Limit id="L28EBDD90F7094040B26F0A54D2C81126">
            <FormatCurrencyAmt id="F0BD9517F1ED04864AD0A2BB262E9BE5C">
              <Amt>100000</Amt>
            </FormatCurrencyAmt>
            <LimitAppliesToCd>CSL</LimitAppliesToCd>
          </Limit>
          <EffectiveDt>2019-07-03</EffectiveDt>
          <ExpirationDt>2020-07-03</ExpirationDt>
          <ProRateFactor>1</ProRateFactor>
          <CoverageSupplement id="C46F27664A82D4E04B72AF456724ED7BA">
            <CoverageSubCd>PD</CoverageSubCd>
          </CoverageSupplement>
          <CoverageExt id="CD65A085277D247DDA27952A17A210289">
            <WBOnsetOffsetPremiumInfo id="WDBF35979723043CA8962761F9F180CEF">
              <WBCurrentTermOnsetAmt id="WB8DF820D6FE54285BC912901CA19E5D7">
                <Amt>8</Amt>
              </WBCurrentTermOnsetAmt>
              <WBCurrentTermOffsetAmt id="W1943C8AB100F4AB08A81F746C01482E4">
                <Amt>0</Amt>
              </WBCurrentTermOffsetAmt>
            </WBOnsetOffsetPremiumInfo>
            <WBPremiumInfo id="W4DDE57DAEDA1419483FE9411AC1F541C">
              <WBCurrentTermAmt id="WBAB84C77D48040CE9C53E88593879397">
                <Amt>8</Amt>
              </WBCurrentTermAmt>
              <WBNetChangeAmt id="W2A9F66EBDAAF427D91F39D780CA21839">
                <Amt>8</Amt>
              </WBNetChangeAmt>
              <WBWrittenAmt id="W07B7DEC650B84797B3FCE74E4A5DE052">
                <Amt>8</Amt>
              </WBWrittenAmt>
            </WBPremiumInfo>
          </CoverageExt>
        </Coverage>
        <Coverage id="C485582AD2E38463495A2D30A1C2A7913">
          <CoverageCd id="C964DA9D3EFC943FD9A79072B5A07B6E6" SourceSystemRef="v2">UM</CoverageCd>
          <CoverageTypeCd>Coverage</CoverageTypeCd>
          <CoverageDesc>Uninsured Motorist Bodily Injury</CoverageDesc>
          <Limit id="L9E01410C5AA04703B85206E8E32AA7C4">
            <FormatCurrencyAmt id="FB076DC447FC144009283AAF4DB14BCC7">
              <Amt>100000</Amt>
            </FormatCurrencyAmt>
            <ValuationCd>ACV</ValuationCd>
            <LimitAppliesToCd>EachClaim</LimitAppliesToCd>
          </Limit>
          <Limit id="L862A8C361D0F4E0DA2077C3979954E5A">
            <FormatCurrencyAmt id="F7473BE26C98A437AAC7DD3BE3A843EB6">
              <Amt>300000</Amt>
            </FormatCurrencyAmt>
            <ValuationCd>ACV</ValuationCd>
            <LimitAppliesToCd>PerAcc</LimitAppliesToCd>
          </Limit>
          <CreditOrSurcharge id="CBC0921C86AEF464AB3111C02A4A4B805">
            <CreditSurchargeCd>LFREE</CreditSurchargeCd>
            <SecondaryCd>CFAEST</SecondaryCd>
            <WBRatingAppliedInd>0</WBRatingAppliedInd>
          </CreditOrSurcharge>
          <EffectiveDt>2019-07-03</EffectiveDt>
          <ExpirationDt>2020-07-03</ExpirationDt>
          <ProRateFactor>1</ProRateFactor>
          <CoverageSupplement id="CB0816BA1108A408BA91ECEEF008DD417">
            <CoverageSubCd>UMSP</CoverageSubCd>
          </CoverageSupplement>
          <CoverageExt id="CD7F4E22EB47D4AF28C63E754AF18D582">
            <WBOnsetOffsetPremiumInfo id="WD8CB1D23BD6241B19CC680EE05E8399C">
              <WBCurrentTermOnsetAmt id="W8664F7CADD6447238725D7847B1F3111">
                <Amt>29</Amt>
              </WBCurrentTermOnsetAmt>
              <WBCurrentTermOffsetAmt id="W15E1BF97981940FE954DDA8E7A06E2BE">
                <Amt>0</Amt>
              </WBCurrentTermOffsetAmt>
            </WBOnsetOffsetPremiumInfo>
            <WBPremiumInfo id="W306295F6AF914594A0A6E59C172E67EF">
              <WBCurrentTermAmt id="W0EBC9B0CC7844E90B7D03965F5708722">
                <Amt>29</Amt>
              </WBCurrentTermAmt>
              <WBNetChangeAmt id="W9AEEC7D0836D431786BD7C74C5C04BA0">
                <Amt>29</Amt>
              </WBNetChangeAmt>
              <WBWrittenAmt id="W93DD73225B9C41239930CE65670D9FBE">
                <Amt>29</Amt>
              </WBWrittenAmt>
            </WBPremiumInfo>
          </CoverageExt>
        </Coverage>
        <Coverage id="CFB792C493DF04A90A47895AB5828C4D9">
          <CoverageCd id="C637EA3D416FD4473A43C8FD6794231F6" SourceSystemRef="v2">PIP</CoverageCd>
          <CoverageTypeCd>Coverage</CoverageTypeCd>
          <CoverageDesc>Personal Injury Protection - MED</CoverageDesc>
          <Deductible id="D1796CE6009A240C4900E982A1ACBD6AD">
            <FormatCurrencyAmt id="F9FDB9761A7C04B75BB58F278D130073B">
              <Amt>5000</Amt>
            </FormatCurrencyAmt>
          </Deductible>
          <Option id="OD25396D18C9E4510958BD105E7BB9258">
            <OptionCd>P</OptionCd>
          </Option>
          <CreditOrSurcharge id="CF57A7A5BEA4740B7B5A0F38A87E40A01">
            <CreditSurchargeCd>LFREE</CreditSurchargeCd>
            <SecondaryCd>CFAEST</SecondaryCd>
            <WBRatingAppliedInd>0</WBRatingAppliedInd>
          </CreditOrSurcharge>
          <EffectiveDt>2019-07-03</EffectiveDt>
          <ExpirationDt>2020-07-03</ExpirationDt>
          <ProRateFactor>1</ProRateFactor>
          <CoverageSupplement id="CCE776043B73A40C69457AD7AF72E7A83">
            <CoverageSubCd>PIPMED</CoverageSubCd>
          </CoverageSupplement>
          <CoverageExt id="CCB1C6BF489784934BE666115D9E590DC">
            <WBOnsetOffsetPremiumInfo id="W1A987C6872C84996A3D946111A7ED1CD">
              <WBCurrentTermOnsetAmt id="W8D299F73FF04450BACAC1D96ADAF23AB">
                <Amt>519</Amt>
              </WBCurrentTermOnsetAmt>
              <WBCurrentTermOffsetAmt id="WF0F168DBB0454D9DA6AFA6F863D89F08">
                <Amt>0</Amt>
              </WBCurrentTermOffsetAmt>
            </WBOnsetOffsetPremiumInfo>
            <WBPremiumInfo id="W17BB1FC5D4D64700BC823E5BC38F0047">
              <WBCurrentTermAmt id="W147F4EF4B53E4B4C8655F3C11FD2BBF0">
                <Amt>519</Amt>
              </WBCurrentTermAmt>
              <WBNetChangeAmt id="WEA7EE88CA88045198C677D87606DE19E">
                <Amt>519</Amt>
              </WBNetChangeAmt>
              <WBWrittenAmt id="W04DECE4C238048F1BDA676CA2B117BE8">
                <Amt>519</Amt>
              </WBWrittenAmt>
            </WBPremiumInfo>
          </CoverageExt>
        </Coverage>
        <Coverage id="C24623C93FAD54A1097BFA2588B0A8510">
          <CoverageCd id="CB866E473DABB43BE90DC5417575FD1DD" SourceSystemRef="v2">COMP</CoverageCd>
          <CoverageTypeCd>Coverage</CoverageTypeCd>
          <CoverageDesc>Comprehensive</CoverageDesc>
          <Deductible id="DF7C757EA70F04E928CD367A1D97306CE">
            <FormatCurrencyAmt id="F2513D8E08F9240028ACB72F16AF99C37">
              <Amt>1000</Amt>
            </FormatCurrencyAmt>
          </Deductible>
          <CreditOrSurcharge id="C86E1488F32E34635BBC4EF070A17C0E3">
            <CreditSurchargeCd>LFREE</CreditSurchargeCd>
            <SecondaryCd>CFAEST</SecondaryCd>
            <WBRatingAppliedInd>0</WBRatingAppliedInd>
          </CreditOrSurcharge>
          <EffectiveDt>2019-07-03</EffectiveDt>
          <ExpirationDt>2020-07-03</ExpirationDt>
          <ProRateFactor>1</ProRateFactor>
          <CoverageSupplement id="C02641235E0EE44C394C7625F49721075">
            <CoverageSubCd>OTC</CoverageSubCd>
          </CoverageSupplement>
          <CoverageExt id="CD4A49D657D1E40BDA051FEB27F760F05">
            <WBOnsetOffsetPremiumInfo id="W5EE76FAAABF0408B9A18CD648D93BFCC">
              <WBCurrentTermOnsetAmt id="WA1089F25234547458A851140F57C0F7F">
                <Amt>20</Amt>
              </WBCurrentTermOnsetAmt>
              <WBCurrentTermOffsetAmt id="W59F23D5E504F4700BA5B2ACD3756BDE3">
                <Amt>0</Amt>
              </WBCurrentTermOffsetAmt>
            </WBOnsetOffsetPremiumInfo>
            <WBPremiumInfo id="W0C1B7FBB0C954F02889651BAD30E0C0E">
              <WBCurrentTermAmt id="WC30CF8A9E9DD461C8470B695E04D7B4F">
                <Amt>20</Amt>
              </WBCurrentTermAmt>
              <WBNetChangeAmt id="WDDA4C4C7E69A49FF9AA5167AFAB3639A">
                <Amt>20</Amt>
              </WBNetChangeAmt>
              <WBWrittenAmt id="WEE0573FCBFE54E04AD2D32017256F5AA">
                <Amt>20</Amt>
              </WBWrittenAmt>
            </WBPremiumInfo>
          </CoverageExt>
        </Coverage>
        <Coverage id="C91BBAC38182C47CFB5E8F93B39825457">
          <CoverageCd id="C20C9E6AAD4C941D1A19333036C6AC170" SourceSystemRef="v2">COLL</CoverageCd>
          <CoverageTypeCd>Coverage</CoverageTypeCd>
          <CoverageDesc>Collision</CoverageDesc>
          <Deductible id="D89C83121E44C4E6088A97BBD07E9560D">
            <FormatCurrencyAmt id="F73D593B740794D4E80291494F25CA8BB">
              <Amt>1000</Amt>
            </FormatCurrencyAmt>
          </Deductible>
          <CreditOrSurcharge id="C1279785C43904EE5A20313FDF49D0BC9">
            <CreditSurchargeCd>LFREE</CreditSurchargeCd>
            <SecondaryCd>CFAEST</SecondaryCd>
            <WBRatingAppliedInd>0</WBRatingAppliedInd>
          </CreditOrSurcharge>
          <EffectiveDt>2019-07-03</EffectiveDt>
          <ExpirationDt>2020-07-03</ExpirationDt>
          <ProRateFactor>1</ProRateFactor>
          <CoverageSupplement id="C6EC4B45F9CEA47ABB4FE92B7A809F617">
            <CoverageSubCd>COLL</CoverageSubCd>
          </CoverageSupplement>
          <CoverageExt id="CA3CC89BA54E1485D8E34EC737F0D947E">
            <WBOnsetOffsetPremiumInfo id="W848C577617624B7A8416C1072FB2256E">
              <WBCurrentTermOnsetAmt id="W391DF732A76A4E49BB41793022FF1673">
                <Amt>214</Amt>
              </WBCurrentTermOnsetAmt>
              <WBCurrentTermOffsetAmt id="W664FF431B577467F9F1444431DDA2E20">
                <Amt>0</Amt>
              </WBCurrentTermOffsetAmt>
            </WBOnsetOffsetPremiumInfo>
            <WBPremiumInfo id="W958DE10A537746E29474DBAA532B0597">
              <WBCurrentTermAmt id="W8B124F6BEF5042A9956DE80113581DFB">
                <Amt>214</Amt>
              </WBCurrentTermAmt>
              <WBNetChangeAmt id="W9930E0963F1A4237B7D2077A5229BD52">
                <Amt>214</Amt>
              </WBNetChangeAmt>
              <WBWrittenAmt id="W855793F752AD4DE9A9A0E24B5F4A28AB">
                <Amt>214</Amt>
              </WBWrittenAmt>
            </WBPremiumInfo>
          </CoverageExt>
        </Coverage>
        <Coverage id="C016D4BC9208248D48C34BAC785D51880">
          <CoverageCd>PPI</CoverageCd>
          <Limit id="LA7DE603546AC430580C0A07B7F100A9B">
            <FormatCurrencyAmt id="FBBB7CACAAA8045BAA76CB45886A72E50">
              <Amt>1000000</Amt>
            </FormatCurrencyAmt>
            <LimitAppliesToCd>PerAcc</LimitAppliesToCd>
          </Limit>
          <EffectiveDt>2019-07-03</EffectiveDt>
          <ExpirationDt>2020-07-03</ExpirationDt>
          <ProRateFactor>1</ProRateFactor>
          <CoverageSupplement id="CC8040FF623A34BD283627E052E30C8AD">
            <CoverageSubCd>PPI</CoverageSubCd>
          </CoverageSupplement>
          <CoverageExt id="C4BAE93AF300644E9BD78BC646505F6CF">
            <WBOnsetOffsetPremiumInfo id="W12C6B4569D7A4945AB96E6C52F7D05AE">
              <WBCurrentTermOnsetAmt id="W678F27EF752044C5852C336952A71834">
                <Amt>2</Amt>
              </WBCurrentTermOnsetAmt>
              <WBCurrentTermOffsetAmt id="WBADB4B4EA77A447C9E8EBA0BA30CA6B7">
                <Amt>0</Amt>
              </WBCurrentTermOffsetAmt>
            </WBOnsetOffsetPremiumInfo>
            <WBPremiumInfo id="WE1871C1C414343DBB4CE715FC051818A">
              <WBCurrentTermAmt id="WB6160AF7FDFB4EE7A005682E32E47282">
                <Amt>2</Amt>
              </WBCurrentTermAmt>
              <WBNetChangeAmt id="WDB689403C3C047EF9106E70E8A803F52">
                <Amt>2</Amt>
              </WBNetChangeAmt>
              <WBWrittenAmt id="W8DD1775129B74AB490E2ECEF33E48DA2">
                <Amt>2</Amt>
              </WBWrittenAmt>
            </WBPremiumInfo>
          </CoverageExt>
        </Coverage>
        <Coverage id="C89E2D31BE97E4E9BB020B49F9FAB4290">
          <CoverageCd>PIP</CoverageCd>
          <EffectiveDt>2019-07-03</EffectiveDt>
          <ExpirationDt>2020-07-03</ExpirationDt>
          <ProRateFactor>1</ProRateFactor>
          <CoverageSupplement id="C15CB296A48C640E4AAAAEC432A142718">
            <CoverageSubCd>PIPALLOTHER</CoverageSubCd>
          </CoverageSupplement>
          <CoverageExt id="C94CA43E580E647EFBF16A3D277DE9C3C">
            <WBOnsetOffsetPremiumInfo id="W4337602F0D58464796843A7B2D60EA11">
              <WBCurrentTermOnsetAmt id="W437B3A84B1384363AF92A8ACCD702CC8">
                <Amt>12</Amt>
              </WBCurrentTermOnsetAmt>
              <WBCurrentTermOffsetAmt id="WFDD69D19493B4EC38E9BF988AF32CDFC">
                <Amt>0</Amt>
              </WBCurrentTermOffsetAmt>
            </WBOnsetOffsetPremiumInfo>
            <WBPremiumInfo id="W16F610A29A7E4D0FBB79B63F45CFA7CA">
              <WBCurrentTermAmt id="W0499C258F19148E2ABA06B3021E32FF5">
                <Amt>12</Amt>
              </WBCurrentTermAmt>
              <WBNetChangeAmt id="WCC819FEDC1A74104AA3ABE35350F1A79">
                <Amt>12</Amt>
              </WBNetChangeAmt>
              <WBWrittenAmt id="W155ABE70B6394F18B8E0512C4C035EC4">
                <Amt>12</Amt>
              </WBWrittenAmt>
            </WBPremiumInfo>
          </CoverageExt>
        </Coverage>
        <Coverage id="C06B8FC6282104CEBA26BD5EDE5A0DE40">
          <CoverageCd>MCCA</CoverageCd>
          <CoverageTypeCd>Coverage</CoverageTypeCd>
          <EffectiveDt>2019-07-03</EffectiveDt>
          <ExpirationDt>2020-07-03</ExpirationDt>
          <ProRateFactor>1</ProRateFactor>
          <CoverageSupplement id="C791E391813744FF5A83681718BA4C991">
            <CoverageSubCd>PIPMCCA</CoverageSubCd>
          </CoverageSupplement>
          <CoverageExt id="CC22287E39BB84FA4908DB29F9D4D02AD">
            <WBOnsetOffsetPremiumInfo id="WB19F25219ED14E4D83D4E4669D814324">
              <WBCurrentTermOnsetAmt id="W3501333C7C2F4BC69B2F37BF388B6E11">
                <Amt>228</Amt>
              </WBCurrentTermOnsetAmt>
              <WBCurrentTermOffsetAmt id="W6D9DCF57F905456292F64CF91F12F2F2">
                <Amt>0</Amt>
              </WBCurrentTermOffsetAmt>
            </WBOnsetOffsetPremiumInfo>
            <WBPremiumInfo id="WEEC374FFB5AD45A7AD6D8DA8C6ABBEBA">
              <WBCurrentTermAmt id="W03954470E417448B95CC2FFF91D6A5B8">
                <Amt>228.00</Amt>
              </WBCurrentTermAmt>
              <WBNetChangeAmt id="WE71B5BADAFEC446F97CCF631086D674A">
                <Amt>228</Amt>
              </WBNetChangeAmt>
              <WBWrittenAmt id="W34B042A1AA0347888FD30CDE92A6A498">
                <Amt>228</Amt>
              </WBWrittenAmt>
            </WBPremiumInfo>
          </CoverageExt>
        </Coverage>
        <CreditOrSurcharge id="CD5CAD6B248EB4FE88332B285C94A3F66">
          <SecondaryCd>AHS</SecondaryCd>
          <WBRatingAppliedInd>0</WBRatingAppliedInd>
        </CreditOrSurcharge>
        <CreditOrSurcharge id="C43854BCBE464406AA661F0757CD23DE4">
          <SecondaryCd>AOM</SecondaryCd>
          <WBRatingAppliedInd>0</WBRatingAppliedInd>
        </CreditOrSurcharge>
        <CreditOrSurcharge id="C694DC54CC75D4DD99671BA21CD953518">
          <SecondaryCd>BWS</SecondaryCd>
          <WBRatingAppliedInd>0</WBRatingAppliedInd>
        </CreditOrSurcharge>
        <CreditOrSurcharge id="CFDA7C2C7AE1C46C48BE629EF0A34BA46">
          <SecondaryCd>DFSS</SecondaryCd>
          <WBRatingAppliedInd>0</WBRatingAppliedInd>
        </CreditOrSurcharge>
        <CreditOrSurcharge id="CC9CD141382184B569A7A28839CCE18FB">
          <SecondaryCd>FCA</SecondaryCd>
          <WBRatingAppliedInd>0</WBRatingAppliedInd>
        </CreditOrSurcharge>
        <CreditOrSurcharge id="C4EC8B38E2FAE41E7AAAA569780088949">
          <WBRatingAppliedInd>0</WBRatingAppliedInd>
        </CreditOrSurcharge>
        <CreditOrSurcharge id="C46359CC6AC954A21914E9A3BC747F0D3">
          <SecondaryCd>SDD</SecondaryCd>
          <WBRatingAppliedInd>0</WBRatingAppliedInd>
        </CreditOrSurcharge>
        <CreditOrSurcharge id="C8F32201EBEA84D18867C284F0BA2CC42">
          <WBRatingAppliedInd>0</WBRatingAppliedInd>
        </CreditOrSurcharge>
        <CreditOrSurcharge id="C4296654D5B134FC482F8AD17897760C3">
          <WBRatingAppliedInd>0</WBRatingAppliedInd>
        </CreditOrSurcharge>
        <CreditOrSurcharge id="CC6FEF47932AA4DB682D3A149D7207099">
          <WBRatingAppliedInd>0</WBRatingAppliedInd>
        </CreditOrSurcharge>
        <CreditOrSurcharge id="C5A4CBA519C054C42A01A38631C65C6EF">
          <WBRatingAppliedInd>0</WBRatingAppliedInd>
        </CreditOrSurcharge>
        <CreditOrSurcharge id="C77CBE9AE327B42CC88A76F4BB5AE4CCE">
          <SecondaryCd>PU</SecondaryCd>
          <WBRatingAppliedInd>0</WBRatingAppliedInd>
        </CreditOrSurcharge>
        <ComprehensiveOTCSymbolCd>2</ComprehensiveOTCSymbolCd>
        <CollisionSymbolCd>2</CollisionSymbolCd>
        <QuestionAnswer id="Q50CD2BA351324958A5A0B8157B8FD60A">
          <QuestionCd>VEH01</QuestionCd>
          <YesNoCd>NO</YesNoCd>
        </QuestionAnswer>
        <VehicleExt id="V7F7CF72DC7324E25A89DBBD012499CD5">
          <WBBackupWarningSystemInd>0</WBBackupWarningSystemInd>
          <WBAutonomousOperationsModeInd>0</WBAutonomousOperationsModeInd>
          <WBAdaptiveHeadlightSystemInd>0</WBAdaptiveHeadlightSystemInd>
          <WBDriverFatigueSensingSystemInd>0</WBDriverFatigueSensingSystemInd>
          <WBVehicleUse id="W28B8047EF1FD4E4A81936CC0BFD4EA85">
            <WBVehicleTitledCd>2000</WBVehicleTitledCd>
            <WBVehicleTitledDescription>Company Driver</WBVehicleTitledDescription>
            <WBVehicleBusinessDescription>Company Description</WBVehicleBusinessDescription>
          </WBVehicleUse>
          <ClassCode>1254</ClassCode>
          <WBMileage id="WA44E7228403B4A9587CFBE9AF3FEC17B">
            <WBRatedAnnualMileage>13574</WBRatedAnnualMileage>
            <WBAnnualMileageMAMCd>E</WBAnnualMileageMAMCd>
          </WBMileage>
          <WBFinancialResponsibilityCnt>0</WBFinancialResponsibilityCnt>
          <WBRiskTerm id="W2839D80D19B8475FBCBE56E24B041FE9">
            <WBRiskEffectiveDt>2019-07-03</WBRiskEffectiveDt>
            <WBRiskExpirationDt>2020-07-03</WBRiskExpirationDt>
          </WBRiskTerm>
          <WBSubtotalInfo id="WFD9E7EEE61AB4EF6A6DCF76606C20A3C">
            <WBSubtotalInfoTypeCd>CFA</WBSubtotalInfoTypeCd>
            <WBCurrentTermAmt id="WA887A26C3DD641549FE6EEF255E9A29C">
              <Amt>27</Amt>
            </WBCurrentTermAmt>
          </WBSubtotalInfo>
          <WBSubtotalInfo id="WA8B4199C471A409494FE01B286F78266">
            <WBSubtotalInfoTypeCd>VEH</WBSubtotalInfoTypeCd>
            <WBCurrentTermAmt id="W3090C64E195B40CBA9191B9E0E58F17F">
              <Amt>917</Amt>
            </WBCurrentTermAmt>
          </WBSubtotalInfo>
          <WBVehicleAge>2</WBVehicleAge>
          <WBThirdPartyReport id="WEC3A46F814134A8D9954A3E2CFBBA99E">
            <WBReportTypeCd>VINMASTER</WBReportTypeCd>
            <WBReportOrderStatus>Returned</WBReportOrderStatus>
          </WBThirdPartyReport>
          <WBPremiumInfo id="W5344FF16AEED47AEA382F3B5217A76A6">
            <WBCurrentTermAmt id="W6D919472F74948BBA18101FE13A08608">
              <Amt>1143</Amt>
            </WBCurrentTermAmt>
            <WBNetChangeAmt id="WA071E51F01624F1CB938D3CEC2CABB03">
              <Amt>1143</Amt>
            </WBNetChangeAmt>
            <WBWrittenAmt id="W6F6D7DB7BAE84559B95286A12341F2AB">
              <Amt>1143</Amt>
            </WBWrittenAmt>
          </WBPremiumInfo>
        </VehicleExt>
      </Vehicle>
      <Vehicle id="v3" RatedDriverRef="d3">
        <ItemIdInfo id="IF81279A1D6FB4F0086A2E9C9DFB23B65">
          <InsurerId>3000</InsurerId>
        </ItemIdInfo>
        <Manufacturer>Hyundai</Manufacturer>
        <Model>Sonata</Model>
        <ModelYear>2018</ModelYear>
        <VehBodyTypeCd>PP</VehBodyTypeCd>
        <VehTypeCd>PP</VehTypeCd>
        <EstimatedAnnualDistance id="EF857385CFDB84FC99610F8270F753EE6">
          <NumUnits>1000</NumUnits>
          <UnitMeasurementCd>MILES</UnitMeasurementCd>
        </EstimatedAnnualDistance>
        <AntiLockBrakeCd>N</AntiLockBrakeCd>
        <DistanceOneWay id="DBDCDDF4674A14E6A943A12E678C350ED">
          <NumUnits>15</NumUnits>
          <UnitMeasurementCd>MILES</UnitMeasurementCd>
        </DistanceOneWay>
        <MultiCarDiscountInd>1</MultiCarDiscountInd>
        <NonOwnedVehInd>1</NonOwnedVehInd>
        <VehUseCd>OT</VehUseCd>
        <TierCd>Elite</TierCd>
        <BIPDSymbolCd>98</BIPDSymbolCd>
        <MedPayPIPLiabilitySymbolCd>98</MedPayPIPLiabilitySymbolCd>
        <Addr id="AFC00C61F657F4A82982A6249F5AB56A2">
          <AddrExt id="ABBD73AEB23D84B94AEDB71952F64B815">
            <WBRatedZipCd>48001</WBRatedZipCd>
            <WBRatedVehicleStateProvCd>MI</WBRatedVehicleStateProvCd>
          </AddrExt>
        </Addr>
        <EmployeeOperatedInd>0</EmployeeOperatedInd>
        <LengthTimeVehInUse id="LF7F8BFCE6CD14EECB09E3944D400F8AB">
          <NumUnits>5</NumUnits>
          <UnitMeasurementCd>DAY</UnitMeasurementCd>
        </LengthTimeVehInUse>
        <Coverage id="C1D44347296A34E67ABD6CA03446EBFD2">
          <CoverageCd id="C7BFA750B13264F869B3C26F238FDD92F" SourceSystemRef="v3">BI</CoverageCd>
          <CoverageTypeCd>Coverage</CoverageTypeCd>
          <CoverageDesc>Bodily Injury</CoverageDesc>
          <Limit id="L9602A6B337A64CB49F8E8CEFB47EDA74">
            <FormatCurrencyAmt id="F7FC85084667B438781496D1DC1D1EADB">
              <Amt>100000</Amt>
            </FormatCurrencyAmt>
            <ValuationCd>ACV</ValuationCd>
            <LimitAppliesToCd>BIEachPers</LimitAppliesToCd>
          </Limit>
          <Limit id="L4FA687AE48374D258EDCB7DA5FAB4054">
            <FormatCurrencyAmt id="F7CFAB355A4C74B31A202665F8C2ACD84">
              <Amt>300000</Amt>
            </FormatCurrencyAmt>
            <ValuationCd>ACV</ValuationCd>
            <LimitAppliesToCd>PerAcc</LimitAppliesToCd>
          </Limit>
          <CreditOrSurcharge id="C96C67DF1E8F24901B70A1C401B70819C">
            <CreditSurchargeCd>LFREE</CreditSurchargeCd>
            <SecondaryCd>CFAEST</SecondaryCd>
            <WBRatingAppliedInd>0</WBRatingAppliedInd>
          </CreditOrSurcharge>
          <EffectiveDt>2019-07-03</EffectiveDt>
          <ExpirationDt>2020-07-03</ExpirationDt>
          <ProRateFactor>1</ProRateFactor>
          <CoverageSupplement id="CA4A3E02C7495487F97F174B92CD5F927">
            <CoverageSubCd>BI</CoverageSubCd>
          </CoverageSupplement>
          <CoverageExt id="CFD0917C0C370476F9697EE7985A65BC4">
            <WBOnsetOffsetPremiumInfo id="W4D115CDC47774D5C89553ABB1C87A24E">
              <WBCurrentTermOnsetAmt id="W7502F85539884D3CAC937C10EB1789D1">
                <Amt>130</Amt>
              </WBCurrentTermOnsetAmt>
              <WBCurrentTermOffsetAmt id="W8156BAC24F994FB6A9F0A0E26170A2C4">
                <Amt>0</Amt>
              </WBCurrentTermOffsetAmt>
            </WBOnsetOffsetPremiumInfo>
            <WBPremiumInfo id="W6047C4263C534ED1AD77378A45385F5B">
              <WBCurrentTermAmt id="W445CD30B70AE4B2481F432FD4EEAB15F">
                <Amt>130</Amt>
              </WBCurrentTermAmt>
              <WBNetChangeAmt id="W0EF1FD757712494FBC1126F1FD60ED54">
                <Amt>130</Amt>
              </WBNetChangeAmt>
              <WBWrittenAmt id="W60156E8B891F4B74BB0D9D04AEDC0EDF">
                <Amt>130</Amt>
              </WBWrittenAmt>
            </WBPremiumInfo>
          </CoverageExt>
        </Coverage>
        <Coverage id="C1827EB6A92374A9BA671FA2D1E967275">
          <CoverageCd id="C7D913A03D9704E86B4A70A38CFF3A13B" SourceSystemRef="v3">PD</CoverageCd>
          <CoverageTypeCd>Coverage</CoverageTypeCd>
          <CoverageDesc>Property Damage</CoverageDesc>
          <Limit id="L6F7E3FC59C104480BCF9E0FB192823E2">
            <FormatCurrencyAmt id="FC99A3768D38649DF8D9D760AD366C983">
              <Amt>100000</Amt>
            </FormatCurrencyAmt>
            <LimitAppliesToCd>CSL</LimitAppliesToCd>
          </Limit>
          <EffectiveDt>2019-07-03</EffectiveDt>
          <ExpirationDt>2020-07-03</ExpirationDt>
          <ProRateFactor>1</ProRateFactor>
          <CoverageSupplement id="C94199B314BF74CA4884CFA41FD2CB4AD">
            <CoverageSubCd>PD</CoverageSubCd>
          </CoverageSupplement>
          <CoverageExt id="CF24CBAC114054E039CA8D7DF3A003D51">
            <WBOnsetOffsetPremiumInfo id="WB617769F0B3C44858C633116A914D0E4">
              <WBCurrentTermOnsetAmt id="WF3229BB2FAAE49DAB845A36DA5E418BA">
                <Amt>9</Amt>
              </WBCurrentTermOnsetAmt>
              <WBCurrentTermOffsetAmt id="WEED3B66281D54361867A8877043D5C84">
                <Amt>0</Amt>
              </WBCurrentTermOffsetAmt>
            </WBOnsetOffsetPremiumInfo>
            <WBPremiumInfo id="WD78F5171941F415C890B22A3DFDECF2D">
              <WBCurrentTermAmt id="W41E5C2035F5047E6BB5A78E2AB7EBB39">
                <Amt>9</Amt>
              </WBCurrentTermAmt>
              <WBNetChangeAmt id="WFCCFF85532964B20ADCE7A9AAB1F9FA6">
                <Amt>9</Amt>
              </WBNetChangeAmt>
              <WBWrittenAmt id="WB008B16134EC4D34B9061087950FEF7D">
                <Amt>9</Amt>
              </WBWrittenAmt>
            </WBPremiumInfo>
          </CoverageExt>
        </Coverage>
        <Coverage id="CB2EAC57C2D6D44D59446BD6178FC805B">
          <CoverageCd id="C54CE53BCF67E4878BBBD8558C978E281" SourceSystemRef="v3">UM</CoverageCd>
          <CoverageTypeCd>Coverage</CoverageTypeCd>
          <CoverageDesc>Uninsured Motorist Bodily Injury</CoverageDesc>
          <Limit id="L91B497BD76B54566878F4CF3D828146C">
            <FormatCurrencyAmt id="F8B61AD1EBCA7483A8048526C619B829B">
              <Amt>100000</Amt>
            </FormatCurrencyAmt>
            <ValuationCd>ACV</ValuationCd>
            <LimitAppliesToCd>EachClaim</LimitAppliesToCd>
          </Limit>
          <Limit id="LDB91245CF6B74A45A0F66B51F6924C02">
            <FormatCurrencyAmt id="F998BFC7CC42E44609CFBCA279F43F969">
              <Amt>300000</Amt>
            </FormatCurrencyAmt>
            <ValuationCd>ACV</ValuationCd>
            <LimitAppliesToCd>PerAcc</LimitAppliesToCd>
          </Limit>
          <CreditOrSurcharge id="C02C261B927C743ECA37C6606F8AD0C75">
            <CreditSurchargeCd>LFREE</CreditSurchargeCd>
            <SecondaryCd>CFAEST</SecondaryCd>
            <WBRatingAppliedInd>0</WBRatingAppliedInd>
          </CreditOrSurcharge>
          <EffectiveDt>2019-07-03</EffectiveDt>
          <ExpirationDt>2020-07-03</ExpirationDt>
          <ProRateFactor>1</ProRateFactor>
          <CoverageSupplement id="CA3F74DDE089047A28614B7169272AFBD">
            <CoverageSubCd>UMSP</CoverageSubCd>
          </CoverageSupplement>
          <CoverageExt id="C75AC706EB4BD461391C69F7CDEFD0EA6">
            <WBOnsetOffsetPremiumInfo id="W808A304767F442A1BF5D668F1FFA3C5B">
              <WBCurrentTermOnsetAmt id="W5649E7B9D9214CCA9CF108769F8D3B7C">
                <Amt>29</Amt>
              </WBCurrentTermOnsetAmt>
              <WBCurrentTermOffsetAmt id="WF46FB233BBE2481DB093CFA0FCF582E3">
                <Amt>0</Amt>
              </WBCurrentTermOffsetAmt>
            </WBOnsetOffsetPremiumInfo>
            <WBPremiumInfo id="WAA98460DC40948AAAB33F48203CE0314">
              <WBCurrentTermAmt id="W15AD49A9A263404FBB260364AF47C973">
                <Amt>29</Amt>
              </WBCurrentTermAmt>
              <WBNetChangeAmt id="W46473134C3C1466EBF1FB7BBE4CBF999">
                <Amt>29</Amt>
              </WBNetChangeAmt>
              <WBWrittenAmt id="W15156342C8864F038EF06D4580237FCA">
                <Amt>29</Amt>
              </WBWrittenAmt>
            </WBPremiumInfo>
          </CoverageExt>
        </Coverage>
        <Coverage id="CE2FF8EC738AC489A853BC5CB21E5AA5F">
          <CoverageCd id="C0B50F17B1FEB4E78A54C674A173E8021" SourceSystemRef="v3">PIP</CoverageCd>
          <CoverageTypeCd>Coverage</CoverageTypeCd>
          <CoverageDesc>Personal Injury Protection - MED</CoverageDesc>
          <Deductible id="D53E0A8E424314B2BA9E2E7064F266BC6">
            <FormatCurrencyAmt id="F75FE0994FA5C4802A987A4E7AA2F779A">
              <Amt>5000</Amt>
            </FormatCurrencyAmt>
          </Deductible>
          <Option id="O1575B9323BA245DCA6E744D8ABDAC532">
            <OptionCd>P</OptionCd>
          </Option>
          <CreditOrSurcharge id="CA25E7BD05C75406CA6BD476BCF57FA99">
            <CreditSurchargeCd>LFREE</CreditSurchargeCd>
            <SecondaryCd>CFAEST</SecondaryCd>
            <WBRatingAppliedInd>0</WBRatingAppliedInd>
          </CreditOrSurcharge>
          <EffectiveDt>2019-07-03</EffectiveDt>
          <ExpirationDt>2020-07-03</ExpirationDt>
          <ProRateFactor>1</ProRateFactor>
          <CoverageSupplement id="C9C1BE5BEFCB244818F5FCA4F7388C880">
            <CoverageSubCd>PIPMED</CoverageSubCd>
          </CoverageSupplement>
          <CoverageExt id="CAEC4C76184AA48F4A8ED922BDA5DD510">
            <WBOnsetOffsetPremiumInfo id="W885816C29CBD4AC081321772654310D1">
              <WBCurrentTermOnsetAmt id="W9D94F85ECEAF4263A5211F3221EACE92">
                <Amt>519</Amt>
              </WBCurrentTermOnsetAmt>
              <WBCurrentTermOffsetAmt id="W02CD9724B3644A7E90B85FACB71B289C">
                <Amt>0</Amt>
              </WBCurrentTermOffsetAmt>
            </WBOnsetOffsetPremiumInfo>
            <WBPremiumInfo id="W258C570680BB477E99A18BB226828C05">
              <WBCurrentTermAmt id="W6A34FEF64D584BA795556ADA1868CAF0">
                <Amt>519</Amt>
              </WBCurrentTermAmt>
              <WBNetChangeAmt id="W2E172EF94E1743E3B9B2DD0CBD32C292">
                <Amt>519</Amt>
              </WBNetChangeAmt>
              <WBWrittenAmt id="WE3BCC0967A114B409D9F2246CFE76777">
                <Amt>519</Amt>
              </WBWrittenAmt>
            </WBPremiumInfo>
          </CoverageExt>
        </Coverage>
        <Coverage id="C342672F9A64B49F2B9D2573530E9BC0B">
          <CoverageCd id="CE3704EE5E1094DFFBA8A8BF3C720467C" SourceSystemRef="v3">COMP</CoverageCd>
          <CoverageTypeCd>Coverage</CoverageTypeCd>
          <CoverageDesc>Comprehensive</CoverageDesc>
          <Deductible id="DBBDFD17A779548B0BC0BF3F527967845">
            <FormatCurrencyAmt id="FB8217E96E457479BA4BC7294F840D030">
              <Amt>1000</Amt>
            </FormatCurrencyAmt>
          </Deductible>
          <CreditOrSurcharge id="C58577270B16340AA812138D62A041023">
            <CreditSurchargeCd>LFREE</CreditSurchargeCd>
            <SecondaryCd>CFAEST</SecondaryCd>
            <WBRatingAppliedInd>0</WBRatingAppliedInd>
          </CreditOrSurcharge>
          <EffectiveDt>2019-07-03</EffectiveDt>
          <ExpirationDt>2020-07-03</ExpirationDt>
          <ProRateFactor>1</ProRateFactor>
          <CoverageSupplement id="C0FA48450D3024F43B5886468778D6DBB">
            <CoverageSubCd>OTC</CoverageSubCd>
          </CoverageSupplement>
          <CoverageExt id="C46127656D57648CF8B5A770DA3F48C0C">
            <WBOnsetOffsetPremiumInfo id="W8ED6BEA489174646B96B59807E0294B1">
              <WBCurrentTermOnsetAmt id="WC393B6DBF8B248A9BA68E3E03BE4615A">
                <Amt>31</Amt>
              </WBCurrentTermOnsetAmt>
              <WBCurrentTermOffsetAmt id="WC40FA87AC9F747D8B2790217257B9C64">
                <Amt>0</Amt>
              </WBCurrentTermOffsetAmt>
            </WBOnsetOffsetPremiumInfo>
            <WBPremiumInfo id="W794FBFC9CB6D441EB45D27789CE9577C">
              <WBCurrentTermAmt id="WFB4ABB7FA3B84B6382B610A3D24C4ED4">
                <Amt>31</Amt>
              </WBCurrentTermAmt>
              <WBNetChangeAmt id="WABB97FA39938471EB796EA51CEAB563C">
                <Amt>31</Amt>
              </WBNetChangeAmt>
              <WBWrittenAmt id="WC8927D64F2814BBF84235C820CD6CE12">
                <Amt>31</Amt>
              </WBWrittenAmt>
            </WBPremiumInfo>
          </CoverageExt>
        </Coverage>
        <Coverage id="CC74BA9308ECA47EFA7BD52DD0EAB108A">
          <CoverageCd id="C5F46DC53B5F3481B8DC0CC7C5F2E65B1" SourceSystemRef="v3">COLL</CoverageCd>
          <CoverageTypeCd>Coverage</CoverageTypeCd>
          <CoverageDesc>Collision</CoverageDesc>
          <Deductible id="D19AF1F3300394930B78870F864898515">
            <FormatCurrencyAmt id="FAFE056015E0C4C989C382459515C8A71">
              <Amt>1000</Amt>
            </FormatCurrencyAmt>
          </Deductible>
          <CreditOrSurcharge id="CBC45C425AE514D7B8F8D3D83C6B78856">
            <CreditSurchargeCd>LFREE</CreditSurchargeCd>
            <SecondaryCd>CFAEST</SecondaryCd>
            <WBRatingAppliedInd>0</WBRatingAppliedInd>
          </CreditOrSurcharge>
          <EffectiveDt>2019-07-03</EffectiveDt>
          <ExpirationDt>2020-07-03</ExpirationDt>
          <ProRateFactor>1</ProRateFactor>
          <CoverageSupplement id="C14F0F348AABB40DF9B8E40927C544332">
            <CoverageSubCd>COLL</CoverageSubCd>
          </CoverageSupplement>
          <CoverageExt id="C88F20F28DF0E43B49A77063F894A027F">
            <WBOnsetOffsetPremiumInfo id="W33880514C97C496FB7EDD32CD1FE49F3">
              <WBCurrentTermOnsetAmt id="W20D116197BCA481FA8BD9FED31FC7757">
                <Amt>287</Amt>
              </WBCurrentTermOnsetAmt>
              <WBCurrentTermOffsetAmt id="WACB31BF62433457991877589D7B3D3B9">
                <Amt>0</Amt>
              </WBCurrentTermOffsetAmt>
            </WBOnsetOffsetPremiumInfo>
            <WBPremiumInfo id="W3D9A59626920468E977DF19888886C7B">
              <WBCurrentTermAmt id="WC03B81A5BF8D4B76A4561AFFFBF9B942">
                <Amt>287</Amt>
              </WBCurrentTermAmt>
              <WBNetChangeAmt id="WF7EC97EB8A624CC0A2A6CA1406E8AF9C">
                <Amt>287</Amt>
              </WBNetChangeAmt>
              <WBWrittenAmt id="W279EC9DE4D76495084DA3F9345F7E08B">
                <Amt>287</Amt>
              </WBWrittenAmt>
            </WBPremiumInfo>
          </CoverageExt>
        </Coverage>
        <Coverage id="CE3056EF8EC654B6E9AC4D85D3B65ABE4">
          <CoverageCd>PPI</CoverageCd>
          <Limit id="LAEDDB9D9C8FD4689A717B9F0ED045251">
            <FormatCurrencyAmt id="FF6A3B14A7A924FD7A1FAD1880EAF2A9E">
              <Amt>1000000</Amt>
            </FormatCurrencyAmt>
            <LimitAppliesToCd>PerAcc</LimitAppliesToCd>
          </Limit>
          <EffectiveDt>2019-07-03</EffectiveDt>
          <ExpirationDt>2020-07-03</ExpirationDt>
          <ProRateFactor>1</ProRateFactor>
          <CoverageSupplement id="C5D15379B0EBC4A73AF1D6E262D3F8D2D">
            <CoverageSubCd>PPI</CoverageSubCd>
          </CoverageSupplement>
          <CoverageExt id="C9F2AEB444AC24F4494529C58D3B8E224">
            <WBOnsetOffsetPremiumInfo id="W4DB3F34C451E47659A640A08225EFF41">
              <WBCurrentTermOnsetAmt id="W64F454E37D6C4705BA7FA67748ACAD65">
                <Amt>2</Amt>
              </WBCurrentTermOnsetAmt>
              <WBCurrentTermOffsetAmt id="WF8AE3A856BE242EE9C664392F806C4FC">
                <Amt>0</Amt>
              </WBCurrentTermOffsetAmt>
            </WBOnsetOffsetPremiumInfo>
            <WBPremiumInfo id="W923C2D55F69746EB8DFFB7A21EE4F07D">
              <WBCurrentTermAmt id="W1B967078A6E44C8CB25C67D3BDA6DCB9">
                <Amt>2</Amt>
              </WBCurrentTermAmt>
              <WBNetChangeAmt id="W1CB5524B68EE42758469B2939CF9A9F7">
                <Amt>2</Amt>
              </WBNetChangeAmt>
              <WBWrittenAmt id="WB3ECA42C8B524C6BA3A3462C524BB53A">
                <Amt>2</Amt>
              </WBWrittenAmt>
            </WBPremiumInfo>
          </CoverageExt>
        </Coverage>
        <Coverage id="C2B3AFB0C3A454C1C8E914C8653D02EAB">
          <CoverageCd>PIP</CoverageCd>
          <EffectiveDt>2019-07-03</EffectiveDt>
          <ExpirationDt>2020-07-03</ExpirationDt>
          <ProRateFactor>1</ProRateFactor>
          <CoverageSupplement id="CE6A34F66A4214DE4A74B403A03ABE307">
            <CoverageSubCd>PIPALLOTHER</CoverageSubCd>
          </CoverageSupplement>
          <CoverageExt id="C129D5D4A308D4C2FB012FFA5BE3EEEAE">
            <WBOnsetOffsetPremiumInfo id="W7B09520337DC48E984986182F05C66B3">
              <WBCurrentTermOnsetAmt id="W62A2226E87EE4102B4A8B18101B1ED48">
                <Amt>12</Amt>
              </WBCurrentTermOnsetAmt>
              <WBCurrentTermOffsetAmt id="WA1C75E05BEF64B38A19BDFB56315AC25">
                <Amt>0</Amt>
              </WBCurrentTermOffsetAmt>
            </WBOnsetOffsetPremiumInfo>
            <WBPremiumInfo id="W1F45F9296C3D4BC8A8F33C09DF713600">
              <WBCurrentTermAmt id="WEAA5A0F53DD044D580FC4FA4F5712A49">
                <Amt>12</Amt>
              </WBCurrentTermAmt>
              <WBNetChangeAmt id="W3F1216F190734F579A8F7160FA6814EE">
                <Amt>12</Amt>
              </WBNetChangeAmt>
              <WBWrittenAmt id="WBDEDC5DF29224B148A25E2C5D8945A67">
                <Amt>12</Amt>
              </WBWrittenAmt>
            </WBPremiumInfo>
          </CoverageExt>
        </Coverage>
        <Coverage id="C4F454512E1DA445F96725AC33EC8DFFE">
          <CoverageCd>MCCA</CoverageCd>
          <CoverageTypeCd>Coverage</CoverageTypeCd>
          <EffectiveDt>2019-07-03</EffectiveDt>
          <ExpirationDt>2020-07-03</ExpirationDt>
          <ProRateFactor>1</ProRateFactor>
          <CoverageSupplement id="C6DB8884B4F9B4757AE2DDA2F4743645C">
            <CoverageSubCd>PIPMCCA</CoverageSubCd>
          </CoverageSupplement>
          <CoverageExt id="CC9AE2477E21546EEAE2DB165F901EDAE">
            <WBOnsetOffsetPremiumInfo id="WA7558A42EF2D4AC391F49C53DD751A5C">
              <WBCurrentTermOnsetAmt id="WB3013713C5AF4CA0839D3536BE6E0833">
                <Amt>228</Amt>
              </WBCurrentTermOnsetAmt>
              <WBCurrentTermOffsetAmt id="W588B27A24AE14A2F9C0000F90A8BB78D">
                <Amt>0</Amt>
              </WBCurrentTermOffsetAmt>
            </WBOnsetOffsetPremiumInfo>
            <WBPremiumInfo id="W875A4129CF3C43FBB1D567606215EDFD">
              <WBCurrentTermAmt id="W1C1AA27D6C1D4646BB73AE7A5673D8B5">
                <Amt>228.00</Amt>
              </WBCurrentTermAmt>
              <WBNetChangeAmt id="W85355E22C027493389EF1D914B7C0180">
                <Amt>228</Amt>
              </WBNetChangeAmt>
              <WBWrittenAmt id="W69C70B914EE8482EB9CFAD44DB6FD2EF">
                <Amt>228</Amt>
              </WBWrittenAmt>
            </WBPremiumInfo>
          </CoverageExt>
        </Coverage>
        <CreditOrSurcharge id="C72B3CAD35DF04E008BFF8B788FC3788B">
          <SecondaryCd>AHS</SecondaryCd>
          <WBRatingAppliedInd>0</WBRatingAppliedInd>
        </CreditOrSurcharge>
        <CreditOrSurcharge id="C9EA0DAE3FB8B42568896B6C7CA3FAE52">
          <SecondaryCd>AOM</SecondaryCd>
          <WBRatingAppliedInd>0</WBRatingAppliedInd>
        </CreditOrSurcharge>
        <CreditOrSurcharge id="CB5E2D74465A44C5D85E0813269A7D214">
          <SecondaryCd>BWS</SecondaryCd>
          <WBRatingAppliedInd>0</WBRatingAppliedInd>
        </CreditOrSurcharge>
        <CreditOrSurcharge id="C054AAB32A43A44C4A62BD7B607B5EE7F">
          <SecondaryCd>DFSS</SecondaryCd>
          <WBRatingAppliedInd>0</WBRatingAppliedInd>
        </CreditOrSurcharge>
        <CreditOrSurcharge id="CA5F1C30DD01E4F06A12CC6D686103C4D">
          <SecondaryCd>FCA</SecondaryCd>
          <WBRatingAppliedInd>0</WBRatingAppliedInd>
        </CreditOrSurcharge>
        <CreditOrSurcharge id="CB090798B76194F49A60281D1AF45122B">
          <WBRatingAppliedInd>0</WBRatingAppliedInd>
        </CreditOrSurcharge>
        <CreditOrSurcharge id="C1C55CB64359E433BAD423499EEDA7E67">
          <SecondaryCd>SDD</SecondaryCd>
          <WBRatingAppliedInd>0</WBRatingAppliedInd>
        </CreditOrSurcharge>
        <CreditOrSurcharge id="C30D59232BC384F60ACE3CC7FB1323E0D">
          <WBRatingAppliedInd>0</WBRatingAppliedInd>
        </CreditOrSurcharge>
        <CreditOrSurcharge id="C5829C72448054CCE8A655EEF640465C8">
          <WBRatingAppliedInd>0</WBRatingAppliedInd>
        </CreditOrSurcharge>
        <CreditOrSurcharge id="CF5089CB617394F308A9FD9F73D2DC91D">
          <WBRatingAppliedInd>0</WBRatingAppliedInd>
        </CreditOrSurcharge>
        <CreditOrSurcharge id="CF97458DE1B394B2F91304DA48B0D40AC">
          <WBRatingAppliedInd>0</WBRatingAppliedInd>
        </CreditOrSurcharge>
        <CreditOrSurcharge id="C4BC1108B9E4145C68E11A33B5B21B929">
          <SecondaryCd>PU</SecondaryCd>
          <WBRatingAppliedInd>0</WBRatingAppliedInd>
        </CreditOrSurcharge>
        <ComprehensiveOTCSymbolCd>2</ComprehensiveOTCSymbolCd>
        <CollisionSymbolCd>2</CollisionSymbolCd>
        <QuestionAnswer id="Q2DD6FAF13A9A4BE0875F503E7F56AA19">
          <QuestionCd>VEH01</QuestionCd>
          <YesNoCd>NO</YesNoCd>
        </QuestionAnswer>
        <VehicleExt id="V98A5AD020D4C4C52902FD8871156FEFC">
          <WBBackupWarningSystemInd>0</WBBackupWarningSystemInd>
          <WBAutonomousOperationsModeInd>0</WBAutonomousOperationsModeInd>
          <WBAdaptiveHeadlightSystemInd>0</WBAdaptiveHeadlightSystemInd>
          <WBDriverFatigueSensingSystemInd>0</WBDriverFatigueSensingSystemInd>
          <WBVehicleUse id="WCF4E160522F548FF878DD3D70CFFCF54">
            <WBVehicleTitledCd>3000</WBVehicleTitledCd>
            <WBVehicleTitledDescription>Company Driver</WBVehicleTitledDescription>
            <WBVehicleBusinessDescription>Company Description</WBVehicleBusinessDescription>
          </WBVehicleUse>
          <ClassCode>1129</ClassCode>
          <WBMileage id="WC542A7169B684E99BD0CAB64250D3449">
            <WBRatedAnnualMileage>14070</WBRatedAnnualMileage>
            <WBAnnualMileageMAMCd>E</WBAnnualMileageMAMCd>
          </WBMileage>
          <WBFinancialResponsibilityCnt>0</WBFinancialResponsibilityCnt>
          <WBRiskTerm id="WF05D116395EA45799FE11C0F0F2D4E17">
            <WBRiskEffectiveDt>2019-07-03</WBRiskEffectiveDt>
            <WBRiskExpirationDt>2020-07-03</WBRiskExpirationDt>
          </WBRiskTerm>
          <WBSubtotalInfo id="WE0D70178C22341AEB51A24D225C7A851">
            <WBSubtotalInfoTypeCd>CFA</WBSubtotalInfoTypeCd>
            <WBCurrentTermAmt id="W9C0243D58BD84281976BB5A75588BBA5">
              <Amt>31</Amt>
            </WBCurrentTermAmt>
          </WBSubtotalInfo>
          <WBSubtotalInfo id="W3FCC7DECDF5A4E889A43F606F0DA11B0">
            <WBSubtotalInfoTypeCd>VEH</WBSubtotalInfoTypeCd>
            <WBCurrentTermAmt id="W6F333DC2028B47DFBB0D51B978FC949E">
              <Amt>1021</Amt>
            </WBCurrentTermAmt>
          </WBSubtotalInfo>
          <WBVehicleAge>1</WBVehicleAge>
          <WBThirdPartyReport id="WD8429D1B47BF40C6AB55B85ADD4240B9">
            <WBReportTypeCd>VINMASTER</WBReportTypeCd>
            <WBReportOrderStatus>Returned</WBReportOrderStatus>
          </WBThirdPartyReport>
          <WBPremiumInfo id="WF6FC5C790A6842D6BDF812538D8594C8">
            <WBCurrentTermAmt id="W6DFDD83089D94B90AEFDB56B0862D098">
              <Amt>1247</Amt>
            </WBCurrentTermAmt>
            <WBNetChangeAmt id="W0C51FF5FCDC04E3EAC64783D54B583C8">
              <Amt>1247</Amt>
            </WBNetChangeAmt>
            <WBWrittenAmt id="WF445E139D3304E41A84D7C1AF92A937E">
              <Amt>1247</Amt>
            </WBWrittenAmt>
          </WBPremiumInfo>
        </VehicleExt>
      </Vehicle>
      <PersAutoLineBusinessExt id="P0F3A186B221540A1A3FE6303D6602605">
        <WBSubtotalInfo id="W174A131AC15F40D2BEA1F8098152B9CE">
          <WBSubtotalInfoTypeCd>CFA</WBSubtotalInfoTypeCd>
          <WBCurrentTermAmt id="W6CFD5A77FACE4910B92563315A351B37">
            <Amt>86</Amt>
          </WBCurrentTermAmt>
        </WBSubtotalInfo>
        <WBPermissiveUseCnt>0</WBPermissiveUseCnt>
        <WBPremiumInfo id="W7949164766BB4B7BB61CBE6909BE67D0">
          <WBCurrentTermAmt id="WC6A63A17ECE64EF4AB31F0385982DF38">
            <Amt>3551</Amt>
          </WBCurrentTermAmt>
          <WBNetChangeAmt id="W0F8CD642BED74901AED85E02F29F0315">
            <Amt>3551</Amt>
          </WBNetChangeAmt>
          <WBWrittenAmt id="W2E886FA6C49649DFBE26D26743041A76">
            <Amt>3551</Amt>
          </WBWrittenAmt>
        </WBPremiumInfo>
      </PersAutoLineBusinessExt>
    </PersAutoLineBusiness>
    <PolicyExt id="PAFC9D1B684BA4F98A9A475FCFDEEC2D3">
      <AutoCompositionFactorCd>F</AutoCompositionFactorCd>
      <WBTransactionStatusDesc>Committed</WBTransactionStatusDesc>
      <WBQuoteStatusDesc>Issued</WBQuoteStatusDesc>
      <CreditOrSurcharge id="C909AA7EB73114E8B88CCD74E57F44530">
        <SecondaryCd>PPD</SecondaryCd>
        <WBRatingAppliedInd>1</WBRatingAppliedInd>
      </CreditOrSurcharge>
      <CreditOrSurcharge id="C047B4FB5F9C74152BB1C67A8856D7E49">
        <SecondaryCd>HCD</SecondaryCd>
        <WBRatingAppliedInd>1</WBRatingAppliedInd>
      </CreditOrSurcharge>
      <CreditOrSurcharge id="C6560C4ED56A74B20B140FEB773FCC70C">
        <SecondaryCd>INSCR</SecondaryCd>
        <WBRatingAppliedInd>1</WBRatingAppliedInd>
      </CreditOrSurcharge>
      <WBHouseholdCompositionInd>0</WBHouseholdCompositionInd>
      <WBSubtotalInfo id="W8E0D78BA1FD94C91A16AC49B612D1489">
        <WBSubtotalInfoTypeCd>CFA</WBSubtotalInfoTypeCd>
        <WBCurrentTermAmt id="WD1067E439ACA42C29BE2844BEEF3F392">
          <Amt>86</Amt>
        </WBCurrentTermAmt>
      </WBSubtotalInfo>
      <WBPolicyAge>0</WBPolicyAge>
      <WBPremiumInfo id="WBB09C82EA0E94F68884E979F14A4CF53">
        <WBCurrentTermAmt id="W19A32A3D276C400894CC224F49120218">
          <Amt>3551</Amt>
        </WBCurrentTermAmt>
        <WBNetChangeAmt id="WE3D5BC39EF4547C5AC2E8FFEFBDF6CA1">
          <Amt>3551</Amt>
        </WBNetChangeAmt>
        <WBWrittenAmt id="W5FC23F062FB64A7F807B0F7D593F9B5F">
          <Amt>3551</Amt>
        </WBWrittenAmt>
      </WBPremiumInfo>
    </PolicyExt>
  </Policy>
</PolicyRs>