﻿<PolicyRs id="A9336FC11AAD24CBD98CFED0F915A797F">
      <BusinessPurposeTypeCd>NBQ</BusinessPurposeTypeCd>
      <TransactionSeqNumber>1</TransactionSeqNumber>
  <TransactionEffectiveDt>2019-01-23</TransactionEffectiveDt>
      <Policy id="PE7A7752D25D149A08D71BCF91E51DEEA">
        <PolicyNumber>A452158</PolicyNumber>
        <PolicyVersion>00</PolicyVersion>
        <CompanyProductCd>Choice</CompanyProductCd>
        <CompanyProductSubCd>PL Auto</CompanyProductSubCd>
        <BroadLOBCd>WB PL</BroadLOBCd>
        <LOBCd>PPKGE</LOBCd>
        <NAICCd>NAICCd</NAICCd>
        <ControllingStateProvCd>MI</ControllingStateProvCd>
        <ContractTerm id="CEE3861E834B849FB83B0D1AD72A97157">
          <EffectiveDt>2019-05-01</EffectiveDt>
          <ExpirationDt>2020-05-01</ExpirationDt>
        </ContractTerm>
        <CurrentTermAmt id="C7183D49876344F90994E8A92BC0DB02D">
          <Amt>2537</Amt>
        </CurrentTermAmt>
        <WrittenAmt id="WD7AF1CE53C8949DB8EF8436F3FCB1335">
          <Amt>2537</Amt>
        </WrittenAmt>
        <OtherOrPriorPolicy id="O5062BE28606F4EB7A35CE2EB4261B2B2">
          <PolicyCd>Prior</PolicyCd>
          <PolicyNumber>933939393933</PolicyNumber>
          <InsurerName>State Farm</InsurerName>
        </OtherOrPriorPolicy>
        <OtherOrPriorPolicy id="OB6660003E347484EA24FA212B8FF21DB">
          <PolicyCd>Prior</PolicyCd>
          <PolicyNumber>123456789</PolicyNumber>
          <LOBCd>AUTO</LOBCd>
          <InsurerName>State Farm</InsurerName>
        </OtherOrPriorPolicy>
        <OtherOrPriorPolicy id="O404FB36D4446495DA5CCE1E90C18A92F">
          <PolicyCd>Prior</PolicyCd>
          <PolicyNumber>933939393933</PolicyNumber>
          <LOBCd>HOME</LOBCd>
          <InsurerName>State Farm</InsurerName>
        </OtherOrPriorPolicy>
        <OtherOrPriorPolicy id="OCE64879416164E5EB65029F0B98F4F87">
          <PolicyCd>OIC</PolicyCd>
          <PolicyTypeCd>03</PolicyTypeCd>
          <LOBCd>PKG</LOBCd>
        </OtherOrPriorPolicy>
        <PaymentOption id="P44F95B45E80B4509BB69383F8CC14E90">
          <PaymentPlanCd>QT</PaymentPlanCd>
        </PaymentOption>
        <QuestionAnswer id="Q0FBA8A0F85244EC7B576A9CEEF3AC65A">
          <QuestionCd>GENRL22</QuestionCd>
          <YesNoCd>Yes</YesNoCd>
        </QuestionAnswer>
        <PolicyStatusCd>InForce</PolicyStatusCd>
        <OriginalPolicyInceptionDt>2019-01-23</OriginalPolicyInceptionDt>
        <UnderwritingDecisionInfo id="U16A65EB6F52A4C19BDC1401650FE12C8">
          <SystemUnderwritingDecisionDt>2019-01-28</SystemUnderwritingDecisionDt>
          <UnderwritingScoreNumber>480</UnderwritingScoreNumber>
          <UnderwritingRuleInfo id="U67F9E827ABD24603B90506741FACAC7B">
            <UnderwritingDecisionCd>Refer</UnderwritingDecisionCd>
            <UnderwritingScoreNumber>120</UnderwritingScoreNumber>
            <UnderwritingRuleInfoExt id="UBDD790F98C694301BC89427AB8DB2219">
              <WBRuleIDDesc>RX2871</WBRuleIDDesc>
              <WBRuleMessageDesc>Auto - Refer to underwriting due to Named Non-owned Coverage</WBRuleMessageDesc>
            </UnderwritingRuleInfoExt>
          </UnderwritingRuleInfo>
          <UnderwritingRuleInfo id="U4170FA70CE134A19AD042E724967AB6C">
            <UnderwritingDecisionCd>Refer</UnderwritingDecisionCd>
            <UnderwritingScoreNumber>120</UnderwritingScoreNumber>
            <UnderwritingRuleInfoExt id="UA3F87E7C49D8465AABAC493D3D44DC4F">
              <WBRuleIDDesc>RX4414</WBRuleIDDesc>
              <WBRuleMessageDesc>Auto - Refer to Underwriting - Excess Medical requested. Proof of primary insurance is required.</WBRuleMessageDesc>
            </UnderwritingRuleInfoExt>
          </UnderwritingRuleInfo>
          <UnderwritingRuleInfo id="UE0A56BFF295C4644B1BBB48BD65FB171">
            <UnderwritingDecisionCd>Refer</UnderwritingDecisionCd>
            <UnderwritingScoreNumber>120</UnderwritingScoreNumber>
            <UnderwritingRuleInfoExt id="U35C3F08256274AEA8ECCFF95B7E01DD0">
              <WBRuleIDDesc>RX3190</WBRuleIDDesc>
              <WBRuleMessageDesc>Refer to Underwriting due to Flex Home and Highway</WBRuleMessageDesc>
            </UnderwritingRuleInfoExt>
          </UnderwritingRuleInfo>
          <UnderwritingRuleInfo id="UB887DB9658FD4C79ADBFFB57A9729429">
            <UnderwritingDecisionCd>Refer</UnderwritingDecisionCd>
            <UnderwritingScoreNumber>120</UnderwritingScoreNumber>
            <UnderwritingRuleInfoExt id="UC05F84CD67524BEBB8C9F0DC49C7D382">
              <WBRuleIDDesc>RX3443</WBRuleIDDesc>
              <WBRuleMessageDesc>Refer to Underwriting due to policy having a future effective date and it will be issued approximately 35 days prior to the effective date</WBRuleMessageDesc>
            </UnderwritingRuleInfoExt>
          </UnderwritingRuleInfo>
        </UnderwritingDecisionInfo>
        <InsuredRequestsPrintedDocumentsInd>1</InsuredRequestsPrintedDocumentsInd>
        <Producer id="PB5EB6AB081634496A0F06B30C46AA92E">
					<Relationship>
						<RelationshipToCd>PROD</RelationshipToCd>
					</Relationship>
          <Name>ProducerName</Name>
          <Addr id="A43CBECC365234013A65DC9E8EE8B7671">
            <AddrTypeCd>MailingAddress</AddrTypeCd>
            <Addr1>123 Agent Address</Addr1>
            <City>Ann Arbor</City>
            <StateProvCd>MI</StateProvCd>
            <PostalCode>48001</PostalCode>
            <County>Washtenaw</County>
          </Addr>
          <Communications id="C2DE0D713DA63408AB1D5DA853F08004C">
            <PhoneTypeCd>Phone</PhoneTypeCd>
            <PhoneNumber>+1-555-1234567</PhoneNumber>
          </Communications>
        </Producer>
        <Producer id="P3E6B4D6CF43F448CB7CFAF632B2399FA">
					<Relationship>
						<RelationshipToCd>Agency</RelationshipToCd>
					</Relationship>
          <Name>AgencyName</Name>
          <Addr id="A69D317C6F48F4E82808B6A63EDE38A54">
            <AddrTypeCd>MailingAddress</AddrTypeCd>
            <Addr1>123 Agent Address</Addr1>
            <City>Ann Arbor</City>
            <StateProvCd>MI</StateProvCd>
            <PostalCode>48001</PostalCode>
            <County>Washtenaw</County>
          </Addr>
          <Communications id="CBF10DF5D52E74902A11B50B5655BB427">
            <PhoneTypeCd>Phone</PhoneTypeCd>
            <PhoneNumber>+1-555-1234567</PhoneNumber>
          </Communications>
          <ContractNumber>26001</ContractNumber>
          <ProducerSubCode>12121</ProducerSubCode>
        </Producer>
        <Producer id="PF8A5C0A863FD47B3A71FD996B96E162C">
					<Relationship>
						<RelationshipToCd>USERIN</RelationshipToCd>
					</Relationship>
          <Name>NameOfThePersonEnteringApplication</Name>
          <Addr id="ADAFD35BA3A9D492BB7625BAB5887C85B">
            <AddrTypeCd>MailingAddress</AddrTypeCd>
            <Addr1>123 Agent Address</Addr1>
            <City>Ann Arbor</City>
            <StateProvCd>MI</StateProvCd>
            <PostalCode>48001</PostalCode>
            <County>Washtenaw</County>
            <AddrExt id="A014C2EC2C0354715BE3011BA9DCA1A34">
              <PostalCodePlusFour>48001-3123</PostalCodePlusFour>
            </AddrExt>
          </Addr>
          <Communications id="CAFF9B0F5688549F88CEABBABBC54B380">
            <PhoneTypeCd>Phone</PhoneTypeCd>
            <PhoneNumber>+1-555-1234567</PhoneNumber>
          </Communications>
        </Producer>
        <InsuredOrPrincipal id="ins1">
          <ItemIdInfo id="I8B0DBD0D41E147D789C86E046B309163">
            <AgencyId>1923768</AgencyId>
            <InsurerId>1000221106</InsurerId>
          </ItemIdInfo>
          <Name>Jane Smith</Name>
          <Addr id="A219BEB4E8BAA449FBF0221A63C693E76">
            <AddrTypeCd>MailingAddress</AddrTypeCd>
            <Addr1>123 Main St</Addr1>
            <City>Ann Arbor</City>
            <StateProvCd>MI</StateProvCd>
            <PostalCode>48001</PostalCode>
            <County>Washtenaw</County>
          </Addr>
          <Addr id="A46FC2C9821424FECB1040AD536B8B984">
            <AddrTypeCd>InsuredsAddress</AddrTypeCd>
            <Addr1>123 Main St</Addr1>
            <City>Ann Arbor</City>
            <StateProvCd>MI</StateProvCd>
            <PostalCode>48001</PostalCode>
            <County>Washtenaw</County>
          </Addr>
          <Addr id="AD4DE55D399AA4E42B043B717F9900670">
            <AddrTypeCd>BillingAddress</AddrTypeCd>
            <Addr1 />
            <Addr2 />
            <City />
            <StateProv />
            <PostalCode />
          </Addr>
          <Communications id="C0E9050E323DD41988D3BD529638A6F51">
            <PhoneNumber>15551234567</PhoneNumber>
          </Communications>
          <Surname>Smith</Surname>
          <GivenName>Jane</GivenName>
          <TitlePrefix>Dr</TitlePrefix>
          <NameSuffix>Sr</NameSuffix>
          <GenderCd>F</GenderCd>
          <BirthDt>1990-01-01</BirthDt>
          <MaritalStatusCd>M</MaritalStatusCd>
          <InsuredOrPrincipalRoleCd>FNI</InsuredOrPrincipalRoleCd>
          <InsuredOrPrincipalExt id="ID1A5CC7690BB4D0A9848C1A8CA656A6E">
            <Age>28</Age>
          </InsuredOrPrincipalExt>
        </InsuredOrPrincipal>
        <Location id="l1">
          <Addr id="AA00333B36DFA48CB805AAD4A78ECA0F8">
            <AddrTypeCd>MailingAddress</AddrTypeCd>
            <Addr1>123 Main St</Addr1>
            <City>Ann Arbor</City>
            <StateProvCd>MI</StateProvCd>
            <PostalCode>48001</PostalCode>
            <County>Washtenaw</County>
          </Addr>
        </Location>
        <Location id="l2">
          <Addr id="A4003FE9038E641BA9FB71811DD7D53E1">
            <AddrTypeCd>GaragingAddress</AddrTypeCd>
            <Addr1>456 Main St</Addr1>
            <City>Ann Arbor</City>
            <StateProvCd>MI</StateProvCd>
            <PostalCode>48001</PostalCode>
            <County>Washtenaw</County>
            <AddrExt id="A29516AD5AF87456E94B05BDD9FE10620">
              <WBRatedZipCd>48001</WBRatedZipCd>
              <WBEnclosedByZipCd>0</WBEnclosedByZipCd>
            </AddrExt>
          </Addr>
        </Location>
        <HomeLineBusiness id="HFBADEE2BBEFD4AF5A3A7CC0BE332A1E8">
          <Dwell LocationRef="l1" id="D93D7D9657C3C4081B93DC79697D7D171">
            <PrincipalUnitAtRiskInd>1</PrincipalUnitAtRiskInd>
            <PolicyTypeCd>03</PolicyTypeCd>
            <OtherStructureAmt id="OD9A2F3311991483F8B68123298EBB1A7">
              <Amt>500.00</Amt>
            </OtherStructureAmt>
          </Dwell>
        </HomeLineBusiness>
        <PersAutoLineBusiness id="P5902EFC019E840EB88047919223DEAF1">
          <LOBCd>PL Auto</LOBCd>
          <CompanyProductCd>FLEX</CompanyProductCd>
          <CurrentTermAmt id="C4D48D7E7904041B08B26209692274130">
            <Amt>2537</Amt>
          </CurrentTermAmt>
          <WrittenAmt id="W830AC52203C04E5ABE1928EFEF568EB4">
            <Amt>2537</Amt>
          </WrittenAmt>
          <Driver id="d1">
            <Relationship RelationshipToRef="v1" id="R179C8D3852D64F10B4F975F9F3C77A19">
              <RelationshipToCd>DRV</RelationshipToCd>
              <RelationshipExt id="R60AEE77ACE344B89A10AFBFDAA5171DF">
                <OwnedVehInd>1</OwnedVehInd>
                <DriverUseCd>Primary</DriverUseCd>
                <RelationshipPct>75</RelationshipPct>
              </RelationshipExt>
            </Relationship>
            <Relationship RelationshipToRef="ins1" id="R06AE4FCE3716412D830272064BEF5B32">
              <RelationshipToCd>IN</RelationshipToCd>
            </Relationship>
            <Name>Jane Smith</Name>
            <License id="L142C5D9B25AF43079971F8B7D233129C">
              <LicenseTypeCd>Driver</LicenseTypeCd>
              <LicensedDt>2010-02-01</LicensedDt>
              <LicensePermitNumber>123456789900</LicensePermitNumber>
              <StateProv>MI</StateProv>
            </License>
            <Surname>Smith</Surname>
            <GivenName>Jane</GivenName>
            <GenderCd>F</GenderCd>
            <BirthDt>1970-01-01</BirthDt>
            <MaritalStatusCd>M</MaritalStatusCd>
            <OccupationDesc>Accountant</OccupationDesc>
            <OccupationClassCd>ACT</OccupationClassCd>
            <ResidentCustodyInd>0</ResidentCustodyInd>
            <DriverExt id="DDE2106F1F9594C5CB9BA27798AABDC17">
              <Age>49</Age>
              <BoatCourseInd>0</BoatCourseInd>
              <InexperiencedOperatorInd>0</InexperiencedOperatorInd>
              <YouthfulInd>0</YouthfulInd>
              <MichiganDriverGroup id="M09C372DBB6184E5C80C315805739265D">
                <MichiganPolicyGroup id="M76CA48C37DC347ECAFE5918C27AF40E0">
                  <GroupName>AARP</GroupName>
                  <GroupId>01</GroupId>
                </MichiganPolicyGroup>
                <RatedGroup>01</RatedGroup>
                <ApprovedInd>1</ApprovedInd>
                <ProofAttachedInd>1</ProofAttachedInd>
              </MichiganDriverGroup>
              <WBSeniorDriverDiscountOverrideInd>0</WBSeniorDriverDiscountOverrideInd>
              <WBNumber>1</WBNumber>
              <WBIsMinor>0</WBIsMinor>
              <WBRiskTerm id="W3EB3241AFA7641168043B601C02D8717">
                <WBRiskExpirationDt />
              </WBRiskTerm>
            </DriverExt>
          </Driver>
          <Driver id="d2">
            <Relationship RelationshipToRef="v2" id="RE8434301B26742D2BC326A3B753E3036">
              <RelationshipToCd>DRV</RelationshipToCd>
              <RelationshipExt id="R54BC7386F5634E6D9E73A7A988D85A2A">
                <OwnedVehInd>1</OwnedVehInd>
                <DriverUseCd>Primary</DriverUseCd>
                <RelationshipPct>75</RelationshipPct>
              </RelationshipExt>
            </Relationship>
            <Relationship RelationshipToRef="ins1" id="RAD7C299420064C59AB481260014CBB9B">
              <RelationshipToCd>SP</RelationshipToCd>
            </Relationship>
            <Name>John Smith</Name>
            <License id="LB6B6AFCC3A8649FF8FDAA209B920A438">
              <LicenseTypeCd>Driver</LicenseTypeCd>
              <LicensedDt>2009-02-01</LicensedDt>
              <LicensePermitNumber>123456789900</LicensePermitNumber>
              <StateProv>MI</StateProv>
              <LicenseExt id="L05AF8EAEA7BE4EDD8630A842CBEC3A66">
                <LicensedFiveorMoreYearsInd>1</LicensedFiveorMoreYearsInd>
              </LicenseExt>
            </License>
            <Surname>Smith</Surname>
            <GivenName>John</GivenName>
            <GenderCd>M</GenderCd>
            <BirthDt>1980-02-01</BirthDt>
            <MaritalStatusCd>M</MaritalStatusCd>
            <OccupationDesc>Accountant</OccupationDesc>
            <OccupationClassCd>ACT</OccupationClassCd>
            <ResidentCustodyInd>0</ResidentCustodyInd>
            <DriverExt id="DDB379FFE137545EC8EA3589506F60C74">
              <Age>39</Age>
              <BoatCourseInd>1</BoatCourseInd>
              <InexperiencedOperatorInd>0</InexperiencedOperatorInd>
              <YouthfulInd>0</YouthfulInd>
              <MichiganDriverGroup id="M9E0489FE4BE84857B8AD2BAC9496C481">
                <MichiganPolicyGroup id="M6AFE31410411482899CC81D734D113F6">
                  <GroupName>AARP</GroupName>
                  <GroupId>01</GroupId>
                </MichiganPolicyGroup>
                <RatedGroup>01</RatedGroup>
                <ApprovedInd>1</ApprovedInd>
                <ProofAttachedInd>1</ProofAttachedInd>
              </MichiganDriverGroup>
              <WBSeniorDriverDiscountOverrideInd>0</WBSeniorDriverDiscountOverrideInd>
              <WBNumber>2</WBNumber>
              <WBIsMinor>0</WBIsMinor>
              <WBRiskTerm id="WD99E6A74F819423FA4E03E60DFA6B920">
                <WBRiskExpirationDt />
              </WBRiskTerm>
            </DriverExt>
          </Driver>
          <Driver id="d3">
            <Relationship RelationshipToRef="v3" id="RF6CF9C94A20842CC94A62F4CD4A8088E">
              <RelationshipToCd>DRV</RelationshipToCd>
              <RelationshipExt id="RAC28C9C504CB4C93965974A6204080A9">
                <OwnedVehInd>0</OwnedVehInd>
                <DriverUseCd>Primary</DriverUseCd>
                <RelationshipPct>25</RelationshipPct>
              </RelationshipExt>
            </Relationship>
            <Relationship RelationshipToRef="ins1" id="RC04150D621E14366857C3DDCD8B4D3F0">
              <RelationshipToCd>CH</RelationshipToCd>
            </Relationship>
            <Name>Jack Smith</Name>
            <License id="L8F1C130F8CE74F02992D29EC0ACA2230">
              <LicenseTypeCd>Driver</LicenseTypeCd>
              <LicensedDt>2010-02-01</LicensedDt>
              <LicensePermitNumber>123456789900</LicensePermitNumber>
              <StateProv>MI</StateProv>
            </License>
            <Surname>Smith</Surname>
            <GivenName>Jack</GivenName>
            <GenderCd>M</GenderCd>
            <BirthDt>1998-02-01</BirthDt>
            <MaritalStatusCd>S</MaritalStatusCd>
            <OccupationDesc>Accountant</OccupationDesc>
            <OccupationClassCd>ACT</OccupationClassCd>
            <DistantStudentInd>0</DistantStudentInd>
            <ResidentCustodyInd>0</ResidentCustodyInd>
            <DriverExt id="D6F70045ED1194CB18BDFC6B9A32F5DAF">
              <Age>21</Age>
              <BoatCourseInd>1</BoatCourseInd>
              <InexperiencedOperatorInd>0</InexperiencedOperatorInd>
              <YouthfulInd>1</YouthfulInd>
              <MichiganDriverGroup id="MD18EB7C934744BBB86A421E1A27985AB">
                <MichiganPolicyGroup id="M6B87F415537D463F9502A4DC01BAA3E4">
                  <GroupName>AARP</GroupName>
                  <GroupId>01</GroupId>
                </MichiganPolicyGroup>
                <RatedGroup>01</RatedGroup>
                <ApprovedInd>1</ApprovedInd>
                <ProofAttachedInd>1</ProofAttachedInd>
              </MichiganDriverGroup>
              <WBSeniorDriverDiscountOverrideInd>0</WBSeniorDriverDiscountOverrideInd>
              <WBNumber>3</WBNumber>
              <WBIsMinor>0</WBIsMinor>
              <WBRiskTerm id="W426BF62B9DEF4F25B85A813192BE7CFE">
                <WBRiskExpirationDt />
              </WBRiskTerm>
            </DriverExt>
          </Driver>
          <Vehicle id="v1" RatedDriverRef="d1">
            <Manufacturer>Nissan</Manufacturer>
            <Model>Sentra</Model>
            <ModelYear>2010</ModelYear>
            <VehBodyTypeCd>VAN</VehBodyTypeCd>
            <VehTypeCd>VAN</VehTypeCd>
            <AntiTheftDeviceInfo id="AF4834AE41D3B45AC996DE5943A0C08AA">
              <AntiTheftDeviceCd>A</AntiTheftDeviceCd>
            </AntiTheftDeviceInfo>
            <EstimatedAnnualDistance id="E9B561792432045D68681B300C949CBC8">
              <NumUnits>10000</NumUnits>
              <UnitMeasurementCd>MILES</UnitMeasurementCd>
            </EstimatedAnnualDistance>
            <FullTermAmt id="F3CB956776843475FB8613A2C2E76B52D">
              <Amt>120.72</Amt>
            </FullTermAmt>
            <WrittenAmt id="WA2FA23DC51E4423087A57EDDDA829146">
              <Amt>120.72</Amt>
            </WrittenAmt>
            <AntiLockBrakeCd>Y</AntiLockBrakeCd>
            <DistanceOneWay id="DAE3244A112E44670B82845A90C3AAA4A">
              <NumUnits>30</NumUnits>
              <UnitMeasurementCd>MILES</UnitMeasurementCd>
            </DistanceOneWay>
            <MultiCarDiscountInd>1</MultiCarDiscountInd>
            <NonOwnedVehInd>1</NonOwnedVehInd>
            <VehUseCd>OT</VehUseCd>
            <TierCd>Elite</TierCd>
            <BIPDSymbolCd>98</BIPDSymbolCd>
            <MedPayPIPLiabilitySymbolCd>98</MedPayPIPLiabilitySymbolCd>
            <EmployeeOperatedInd>0</EmployeeOperatedInd>
            <LengthTimeVehInUse id="L6E732C0ED8954025BC780F7D778149C8">
              <NumUnits>5</NumUnits>
              <UnitMeasurementCd>DAY</UnitMeasurementCd>
            </LengthTimeVehInUse>
            <Coverage id="C2905B7E6D9334202B627D8B9A82DE491">
              <CoverageCd SourceSystemRef="v1" id="C8A94816842124D0292E64F11B935C62C">BI</CoverageCd>
              <CoverageTypeCd>Coverage</CoverageTypeCd>
              <CoverageDesc>Bodily Injury</CoverageDesc>
              <Limit id="L4DF53B3DD3C044B8A67B669A6F2BD1BF">
                <FormatInteger>50000</FormatInteger>
                <ValuationCd>ACV</ValuationCd>
                <LimitAppliesToCd>BIEachPerson</LimitAppliesToCd>
              </Limit>
              <Limit id="LD8D5902087424A45B5DF0119289226B4">
                <FormatInteger>100000</FormatInteger>
                <ValuationCd>ACV</ValuationCd>
                <LimitAppliesToCd>PerAcc</LimitAppliesToCd>
              </Limit>
              <CurrentTermAmt id="C3F4355767F494776B4E105BDD477B203">
                <Amt>85</Amt>
              </CurrentTermAmt>
              <NetChangeAmt id="NCFD2F4B3402447319BBB52EF6AFBA762">
                <Amt>0</Amt>
              </NetChangeAmt>
              <WrittenAmt id="W7A5807DD1F1E4240927AAE287927C6DF">
                <Amt>85</Amt>
              </WrittenAmt>
              <CoverageSupplement id="C80EEFD1DC9844239B26A03B0AE6519B4">
                <CoverageSubCd>BI</CoverageSubCd>
              </CoverageSupplement>
              <ExpirationDt />
            </Coverage>
            <Coverage id="CB2469D7D686340849202522195F18D70">
              <CoverageCd SourceSystemRef="v1" id="CEEF9E61B5D03472B9E5CB1B98F426696">COLL</CoverageCd>
              <CoverageTypeCd>Coverage</CoverageTypeCd>
              <CoverageDesc>Collision</CoverageDesc>
              <Deductible id="D1278ED880CBB4FA0BA8AC0478346B14E">
                <FormatCurrencyAmt id="F21E6492290A3490A89583FA747779BA2">
                  <Amt>500</Amt>
                </FormatCurrencyAmt>
              </Deductible>
              <CurrentTermAmt id="CB3022B35C74744BE8539F6A6B154E0FA">
                <Amt>199</Amt>
              </CurrentTermAmt>
              <NetChangeAmt id="N540552C8EA3F40D992FD522FC1C4EF6D">
                <Amt>0</Amt>
              </NetChangeAmt>
              <WrittenAmt id="W06BC886581614FC994676AE62F8719BF">
                <Amt>199</Amt>
              </WrittenAmt>
              <CoverageSupplement id="CD19AF382BA304D54B946EDA566B72A19">
                <CoverageSubCd>COLL</CoverageSubCd>
              </CoverageSupplement>
              <ExpirationDt />
            </Coverage>
            <Coverage id="C5B084D8461A0499A95EE6AB30808799A">
              <CoverageCd SourceSystemRef="v1" id="C7619BDFFF8B245F8AB868A73DDE358E6">COMP</CoverageCd>
              <CoverageTypeCd>Coverage</CoverageTypeCd>
              <CoverageDesc>Comprehensive</CoverageDesc>
              <Deductible id="D1804B5B8A10E43389A17D999D2004BF7">
                <FormatCurrencyAmt id="FAB4E0C0854E640C78D1DE04B6F775224">
                  <Amt>500</Amt>
                </FormatCurrencyAmt>
              </Deductible>
              <CurrentTermAmt id="CC80A754F08D9408D9000C982EF90A385">
                <Amt>26</Amt>
              </CurrentTermAmt>
              <NetChangeAmt id="NB52855B49DF34AD897D2EE0F5544BA39">
                <Amt>0</Amt>
              </NetChangeAmt>
              <WrittenAmt id="W879ADA6497444E3F9E64685775E2F191">
                <Amt>26</Amt>
              </WrittenAmt>
              <CoverageSupplement id="C466F2CE1846A44D1AE5431743D663035">
                <CoverageSubCd>COMP</CoverageSubCd>
              </CoverageSupplement>
              <ExpirationDt />
            </Coverage>
            <Coverage id="C66C08A1FE4144D3C84E19C0BFCBBFDC0">
              <CoverageCd SourceSystemRef="v1" id="CBADAB51DBC2E4DF4B28C66A7F7B515F1">PIP</CoverageCd>
              <CoverageTypeCd>Coverage</CoverageTypeCd>
              <CoverageDesc>Personal Injury Protection - MED</CoverageDesc>
              <Deductible id="DA48C59EB63E74580A7B90663E214D7C4">
                <FormatCurrencyAmt id="FB3742032F7E24989925FF5575EF4946F">
                  <Amt>1000</Amt>
                </FormatCurrencyAmt>
              </Deductible>
              <Option id="OCA17105ECE4C4C62ABE85B7E262BF10A">
                <OptionCd>P</OptionCd>
              </Option>
              <CurrentTermAmt id="C52DFE20D70E44DD88DD7F98476B44387">
                <Amt>457</Amt>
              </CurrentTermAmt>
              <WrittenAmt id="W99016FB110444BF2AB294BA1BDE7A1A7">
                <Amt>457</Amt>
              </WrittenAmt>
              <CoverageSupplement id="CDC03DE2C5A5D49339DF347D017BE598E">
                <CoverageSubCd>PIPMED</CoverageSubCd>
              </CoverageSupplement>
            </Coverage>
            <Coverage type="TransformedCoverageModel" id="C8CE3CB8798E2426EBFB15B64AFBD154C">
              <CoverageTypeCd>Coverage</CoverageTypeCd>
              <CurrentTermAmt id="CF00ED488E8204B3CA0D48E6DD57135B3">
                <Amt>205.00</Amt>
              </CurrentTermAmt>
              <WrittenAmt id="W1491FC3760BF42E68503480AEEDB4CAD">
                <Amt>205.00</Amt>
              </WrittenAmt>
              <EffectiveDt>2019-05-01T00:00:00</EffectiveDt>
            </Coverage>
            <CreditOrSurcharge id="CD57545487EA847AC8E3EDEF92CD5C27D">
              <SecondaryCd>AHS</SecondaryCd>
              <WBRatingAppliedInd>1</WBRatingAppliedInd>
            </CreditOrSurcharge>
            <CreditOrSurcharge id="C28E70E05473B4B5F85AB83D98D8DA5BC">
              <SecondaryCd>AOM</SecondaryCd>
              <WBRatingAppliedInd>0</WBRatingAppliedInd>
            </CreditOrSurcharge>
            <CreditOrSurcharge id="C26098F7AA2B54C07B69AE7764C7EE774">
              <SecondaryCd>BWS</SecondaryCd>
              <WBRatingAppliedInd>1</WBRatingAppliedInd>
            </CreditOrSurcharge>
            <CreditOrSurcharge id="C32B355AC2CC94BB6952A8029CA6D6611">
              <SecondaryCd>DFSS</SecondaryCd>
              <WBRatingAppliedInd>1</WBRatingAppliedInd>
            </CreditOrSurcharge>
            <CreditOrSurcharge id="CA3AB584177304351B27704E9AEEC7813">
              <SecondaryCd>FCA</SecondaryCd>
              <WBRatingAppliedInd>1</WBRatingAppliedInd>
            </CreditOrSurcharge>
            <CreditOrSurcharge id="C578A8A0FAF7B486AA25261D68FD75012">
              <SecondaryCd>BSMD</SecondaryCd>
              <WBRatingAppliedInd>1</WBRatingAppliedInd>
            </CreditOrSurcharge>
            <CreditOrSurcharge id="C123AE92662B2484ABCFD3DB559221BDB">
              <SecondaryCd>SDD</SecondaryCd>
              <WBRatingAppliedInd>0</WBRatingAppliedInd>
            </CreditOrSurcharge>
            <CreditOrSurcharge id="C2C7D6754A52045F19B4E665E1A964A8A">
              <SecondaryCd>GSD</SecondaryCd>
              <WBRatingAppliedInd>0</WBRatingAppliedInd>
            </CreditOrSurcharge>
            <CreditOrSurcharge id="CBEC7BA8EBEDE4731B599904101FD5709">
              <SecondaryCd>GRSD</SecondaryCd>
              <WBRatingAppliedInd>0</WBRatingAppliedInd>
            </CreditOrSurcharge>
            <CreditOrSurcharge id="C897503423A964DECBC9023C47E27F8E0">
              <SecondaryCd>RSD</SecondaryCd>
              <WBRatingAppliedInd>0</WBRatingAppliedInd>
            </CreditOrSurcharge>
            <CreditOrSurcharge id="CA4A32C2F3241413D9D5438E55FE87961">
              <SecondaryCd>MD</SecondaryCd>
              <WBRatingAppliedInd>0</WBRatingAppliedInd>
            </CreditOrSurcharge>
            <ComprehensiveOTCSymbolCd>2</ComprehensiveOTCSymbolCd>
            <ComprehensiveOTCSymbolCd>2</ComprehensiveOTCSymbolCd>
            <CollisionSymbolCd>2</CollisionSymbolCd>
            <CollisionSymbolCd>2</CollisionSymbolCd>
            <VehicleExt id="V9813E6794AD44F0FB384E1CA41E0D83C">
              <Age>9</Age>
              <WBBlindSpotLaneOrDepartureMonitoringCd>B</WBBlindSpotLaneOrDepartureMonitoringCd>
              <WBForwardCrashAvoidanceCd>W</WBForwardCrashAvoidanceCd>
              <WBBackupWarningSystemInd>1</WBBackupWarningSystemInd>
              <WBAutonomousOperationsModeInd>1</WBAutonomousOperationsModeInd>
              <WBAdaptiveHeadlightSystemInd>1</WBAdaptiveHeadlightSystemInd>
              <WBDriverFatigueSensingSystemInd>1</WBDriverFatigueSensingSystemInd>
              <WBVehicleUse id="W0436235E5E2042D48F7F1353CCEBBD9E">
                <WBVehicleTitledCd>OT</WBVehicleTitledCd>
                <WBVehicleTitledDescription>Company Driver</WBVehicleTitledDescription>
                <WBVehicleBusinessDescription>Company Description</WBVehicleBusinessDescription>
              </WBVehicleUse>
              <WBNumber>1</WBNumber>
              <WBTemporarySymbolOverride id="WD7B0E530316144559D3BB47F40588174">
                <WBOverridenInd>1</WBOverridenInd>
                <WBOverridenMSym>125</WBOverridenMSym>
                <WBOverridenLSym>229</WBOverridenLSym>
              </WBTemporarySymbolOverride>
              <WBManualSymbolOverride id="WEF25302EA1844D16AB7907F25DC44AC8">
                <WBOverridenInd>1</WBOverridenInd>
                <WBOverridenMSym>125</WBOverridenMSym>
                <WBOverridenLSym>229</WBOverridenLSym>
              </WBManualSymbolOverride>
              <ClassCode>2249</ClassCode>
              <WBRiskTerm id="W75902FEC28CC4B49AFB9566B30E88165">
                <WBRiskExpirationDt />
              </WBRiskTerm>
            </VehicleExt>
          </Vehicle>
          <Vehicle id="v2" RatedDriverRef="d2">
            <Manufacturer>LEXUS</Manufacturer>
            <ManufacturerCd>LEXS</ManufacturerCd>
            <Model>RX 350</Model>
            <ModelCd>RX 350</ModelCd>
            <ModelYear>2012</ModelYear>
            <VehBodyTypeCd>PP</VehBodyTypeCd>
            <VehTypeCd>PP</VehTypeCd>
            <AntiTheftDeviceInfo id="A14D0C81F6F794C22B2F0EE3FBC5F22C1">
              <AntiTheftDeviceCd>D</AntiTheftDeviceCd>
            </AntiTheftDeviceInfo>
            <EstimatedAnnualDistance id="E3FE7C6E0971149ACA25B25F76A0D353F">
              <NumUnits>20</NumUnits>
              <UnitMeasurementCd>MILES</UnitMeasurementCd>
            </EstimatedAnnualDistance>
            <FullTermAmt id="F6ACE25B8CA5E4B96A3033BA0CE252E2E">
              <Amt>150.15</Amt>
            </FullTermAmt>
            <WrittenAmt id="W1F8D82B5D0564FC2B1BB31700C8AE013">
              <Amt>150.15</Amt>
            </WrittenAmt>
            <AntiLockBrakeCd>N</AntiLockBrakeCd>
            <DistanceOneWay id="D554A2C7E759D4C2F829170DEAE52F474">
              <NumUnits>15</NumUnits>
              <UnitMeasurementCd>MILES</UnitMeasurementCd>
            </DistanceOneWay>
            <MultiCarDiscountInd>1</MultiCarDiscountInd>
            <NonOwnedVehInd>1</NonOwnedVehInd>
            <VehUseCd>OT</VehUseCd>
            <TierCd>Elite</TierCd>
            <BIPDSymbolCd>98</BIPDSymbolCd>
            <MedPayPIPLiabilitySymbolCd>98</MedPayPIPLiabilitySymbolCd>
            <EmployeeOperatedInd>0</EmployeeOperatedInd>
            <LengthTimeVehInUse id="LFE42566AECDD41098BE40CC45B246240">
              <NumUnits>5</NumUnits>
              <UnitMeasurementCd>DAY</UnitMeasurementCd>
            </LengthTimeVehInUse>
            <Coverage id="C896F58BBA8BB440298B819BA4D8294B2">
              <CoverageCd SourceSystemRef="v2" id="CC9B4FC3695C74596BB405C0380E84B74">BI</CoverageCd>
              <CoverageTypeCd>Coverage</CoverageTypeCd>
              <CoverageDesc>Bodily Injury</CoverageDesc>
              <Limit id="LDEAE3A4C80614C8EA090F73CC9594531">
                <FormatInteger>50000</FormatInteger>
                <ValuationCd>ACV</ValuationCd>
                <LimitAppliesToCd>BIEachPerson</LimitAppliesToCd>
              </Limit>
              <Limit id="LF9B70242E9D745128831DBDA64E1280E">
                <FormatInteger>100000</FormatInteger>
                <ValuationCd>ACV</ValuationCd>
                <LimitAppliesToCd>PerAcc</LimitAppliesToCd>
              </Limit>
              <CurrentTermAmt id="CAAF5F66A22B34D7EA4920C5757DF99D6">
                <Amt>95</Amt>
              </CurrentTermAmt>
              <NetChangeAmt id="ND9A917CE38914434B593D410F2E9A0B0">
                <Amt>0</Amt>
              </NetChangeAmt>
              <WrittenAmt id="W680EC52D5EBC4CBAA32E6CB4401048F8">
                <Amt>95</Amt>
              </WrittenAmt>
              <CoverageSupplement id="C8FFCE31FC1144282BA6D15DACA05E6DC">
                <CoverageSubCd>BI</CoverageSubCd>
              </CoverageSupplement>
              <ExpirationDt />
            </Coverage>
            <Coverage id="C0CFF24B950774ACB96016D10623F4FC5">
              <CoverageCd SourceSystemRef="v2" id="CA8D5FBDD51054BDFAFAFC403A094A37D">PIP</CoverageCd>
              <CoverageTypeCd>Coverage</CoverageTypeCd>
              <CoverageDesc>Personal Injury Protection - MED</CoverageDesc>
              <Deductible id="DCB24B78E8B03454C9CFA90BC424393CD">
                <FormatCurrencyAmt id="FB30018C5B85A425493E6EC79C1A2C95F">
                  <Amt>0</Amt>
                </FormatCurrencyAmt>
              </Deductible>
              <Option id="O2EFC4C32F28F42099E0D62C4014390AE">
                <OptionCd>E</OptionCd>
              </Option>
              <CurrentTermAmt id="C3A412F194BAF4FAF9D3302641C507157">
                <Amt>467</Amt>
              </CurrentTermAmt>
              <WrittenAmt id="W1E9D20EE95D44831B527AE6A18D47909">
                <Amt>467</Amt>
              </WrittenAmt>
              <CoverageSupplement id="C376B480447E14753987AADA9E1FF85FE">
                <CoverageSubCd>PIPMED</CoverageSubCd>
              </CoverageSupplement>
            </Coverage>
            <Coverage id="CD595771EC4434BAE8E08FDC54FF8A0A5">
              <CoverageCd SourceSystemRef="v2" id="CA58F6220DCE74E89A10CC8361AE0DD9B">COLL</CoverageCd>
              <CoverageTypeCd>Coverage</CoverageTypeCd>
              <CoverageDesc>Collision</CoverageDesc>
              <Deductible id="DE81D792573EA4942B978D2958BF691DC">
                <FormatCurrencyAmt id="F517191494AFD4904A9BDAE82464BA7C0">
                  <Amt>500</Amt>
                </FormatCurrencyAmt>
              </Deductible>
              <CurrentTermAmt id="C70133A3B8B844FA096F3427854DEA929">
                <Amt>171</Amt>
              </CurrentTermAmt>
              <NetChangeAmt id="NC6D76AB571164C21A0951F98E03E10DA">
                <Amt>0</Amt>
              </NetChangeAmt>
              <WrittenAmt id="W3E5FD225317D49948F4D4FDAD3821E25">
                <Amt>171</Amt>
              </WrittenAmt>
              <CoverageSupplement id="C0C1F01B630F3475993C53D6DE3187CD4">
                <CoverageSubCd>COLL</CoverageSubCd>
              </CoverageSupplement>
              <ExpirationDt />
            </Coverage>
            <Coverage id="CEB15BD2AF49B4D7D9C02CAA1A6CDF6A7">
              <CoverageCd SourceSystemRef="v2" id="CE716397EACAA4F888023E22CDBED1A2E">COMP</CoverageCd>
              <CoverageTypeCd>Coverage</CoverageTypeCd>
              <CoverageDesc>Comprehensive</CoverageDesc>
              <Deductible id="D03C25926E3C1421CBB8888D0E61B2714">
                <FormatCurrencyAmt id="FFA8A61A3008246D1AAB3EB29D14C89CE">
                  <Amt>500</Amt>
                </FormatCurrencyAmt>
              </Deductible>
              <CurrentTermAmt id="C76DA25A975684D2FB9D2FDCD0569D9EF">
                <Amt>23</Amt>
              </CurrentTermAmt>
              <NetChangeAmt id="N653B54B633984CC69FE5A4915DE99DBD">
                <Amt>0</Amt>
              </NetChangeAmt>
              <WrittenAmt id="W3263708B68B542B5A29BBB635171CDEA">
                <Amt>23</Amt>
              </WrittenAmt>
              <CoverageSupplement id="C5FCCF3AF5C914687B0C5FCC75B826BCD">
                <CoverageSubCd>COMP</CoverageSubCd>
              </CoverageSupplement>
              <ExpirationDt />
            </Coverage>
            <Coverage type="TransformedCoverageModel" id="C042284F13C16442EA18534B9E4458E0B">
              <CoverageTypeCd>Coverage</CoverageTypeCd>
              <CurrentTermAmt id="C813F933CBE2644B895B38CC58B76B254">
                <Amt>205.00</Amt>
              </CurrentTermAmt>
              <WrittenAmt id="W7E2187787CF64BEA85164F08BC9F55A9">
                <Amt>205.00</Amt>
              </WrittenAmt>
              <EffectiveDt>2019-05-01T00:00:00</EffectiveDt>
            </Coverage>
            <CreditOrSurcharge id="CD7A5C863EB4944069B4CDD5D7A27FD74">
              <SecondaryCd>AHS</SecondaryCd>
              <WBRatingAppliedInd>1</WBRatingAppliedInd>
            </CreditOrSurcharge>
            <CreditOrSurcharge id="C8B7C5CB6FD5F494AABCB20B430C6DFAC">
              <SecondaryCd>AOM</SecondaryCd>
              <WBRatingAppliedInd>0</WBRatingAppliedInd>
            </CreditOrSurcharge>
            <CreditOrSurcharge id="CE70DFA4670724342A9945974B774E84B">
              <SecondaryCd>BWS</SecondaryCd>
              <WBRatingAppliedInd>1</WBRatingAppliedInd>
            </CreditOrSurcharge>
            <CreditOrSurcharge id="C25FFE8B1D8AC4908A9893475A30E3F95">
              <SecondaryCd>DFSS</SecondaryCd>
              <WBRatingAppliedInd>1</WBRatingAppliedInd>
            </CreditOrSurcharge>
            <CreditOrSurcharge id="C4044FA1CFA1940739D26E94E08248CBE">
              <SecondaryCd>FCA</SecondaryCd>
              <WBRatingAppliedInd>1</WBRatingAppliedInd>
            </CreditOrSurcharge>
            <CreditOrSurcharge id="C1CC725E70F54442FB01E48A362D601A9">
              <SecondaryCd>BSMD</SecondaryCd>
              <WBRatingAppliedInd>1</WBRatingAppliedInd>
            </CreditOrSurcharge>
            <CreditOrSurcharge id="C0E17C40C015642FC81E6309997C66BDF">
              <SecondaryCd>SDD</SecondaryCd>
              <WBRatingAppliedInd>0</WBRatingAppliedInd>
            </CreditOrSurcharge>
            <CreditOrSurcharge id="CA62FE3FF0F904AF68B48EF0028889CBE">
              <SecondaryCd>GSD</SecondaryCd>
              <WBRatingAppliedInd>0</WBRatingAppliedInd>
            </CreditOrSurcharge>
            <CreditOrSurcharge id="C2C0BB953F2044165A582011C093EF239">
              <SecondaryCd>GRSD</SecondaryCd>
              <WBRatingAppliedInd>0</WBRatingAppliedInd>
            </CreditOrSurcharge>
            <CreditOrSurcharge id="CD46F47481D624AE69A4D495C32BEEDC1">
              <SecondaryCd>RSD</SecondaryCd>
              <WBRatingAppliedInd>0</WBRatingAppliedInd>
            </CreditOrSurcharge>
            <CreditOrSurcharge id="C780E5DD8ED064B54893590CA3F942185">
              <SecondaryCd>MD</SecondaryCd>
              <WBRatingAppliedInd>0</WBRatingAppliedInd>
            </CreditOrSurcharge>
            <ComprehensiveOTCSymbolCd>2</ComprehensiveOTCSymbolCd>
            <ComprehensiveOTCSymbolCd>2</ComprehensiveOTCSymbolCd>
            <CollisionSymbolCd>2</CollisionSymbolCd>
            <CollisionSymbolCd>2</CollisionSymbolCd>
            <VehicleExt id="V8709BC31F5ED48E7A23B134978CC403B">
              <Age>7</Age>
              <WBBlindSpotLaneOrDepartureMonitoringCd>B</WBBlindSpotLaneOrDepartureMonitoringCd>
              <WBForwardCrashAvoidanceCd>W</WBForwardCrashAvoidanceCd>
              <WBBackupWarningSystemInd>1</WBBackupWarningSystemInd>
              <WBAutonomousOperationsModeInd>1</WBAutonomousOperationsModeInd>
              <WBAdaptiveHeadlightSystemInd>1</WBAdaptiveHeadlightSystemInd>
              <WBDriverFatigueSensingSystemInd>1</WBDriverFatigueSensingSystemInd>
              <WBVehicleUse WBVehicleTitledDriverRef="d1" id="W3AD82C12D20D4E1D806526BC2819824D">
                <WBVehicleTitledCd>D</WBVehicleTitledCd>
                <WBVehicleTitledDescription>Driver</WBVehicleTitledDescription>
              </WBVehicleUse>
              <WBNumber>2</WBNumber>
              <WBTemporarySymbolOverride id="WAB89C2CAC444401187A8E852FA284566">
                <WBOverridenInd>1</WBOverridenInd>
                <WBOverridenMSym>200</WBOverridenMSym>
                <WBOverridenLSym>400</WBOverridenLSym>
              </WBTemporarySymbolOverride>
              <WBManualSymbolOverride id="W4591901F6D254EBD91ADC24B09E7B2DD">
                <WBOverridenInd>1</WBOverridenInd>
                <WBOverridenMSym>150</WBOverridenMSym>
                <WBOverridenLSym>350</WBOverridenLSym>
              </WBManualSymbolOverride>
              <ClassCode>1239</ClassCode>
              <WBRiskTerm id="W38F625605E8443DE83F506CBBB35DDC8">
                <WBRiskExpirationDt />
              </WBRiskTerm>
            </VehicleExt>
          </Vehicle>
          <Vehicle id="v3" RatedDriverRef="d3">
            <Manufacturer>Nissan</Manufacturer>
            <Model>Sentra</Model>
            <ModelYear>2012</ModelYear>
            <VehBodyTypeCd>PU</VehBodyTypeCd>
            <VehTypeCd>PU</VehTypeCd>
            <AntiTheftDeviceInfo id="A6ED278BC84D444A98E57586877708BEA">
              <AntiTheftDeviceCd>D</AntiTheftDeviceCd>
            </AntiTheftDeviceInfo>
            <EstimatedAnnualDistance id="E45459838362B45EF877D9F1123A969E5">
              <NumUnits>20</NumUnits>
              <UnitMeasurementCd>MILES</UnitMeasurementCd>
            </EstimatedAnnualDistance>
            <FullTermAmt id="F7B33A7E0ED9347D9B53B48B5E9C45C10">
              <Amt>223.34</Amt>
            </FullTermAmt>
            <WrittenAmt id="WB5F8DA890D14467FB0EBE97CA011DBD3">
              <Amt>223.34</Amt>
            </WrittenAmt>
            <AntiLockBrakeCd>N</AntiLockBrakeCd>
            <DistanceOneWay id="D8E3ABB8325A2419689B4DBB59D56D168">
              <NumUnits>15</NumUnits>
              <UnitMeasurementCd>MILES</UnitMeasurementCd>
            </DistanceOneWay>
            <MultiCarDiscountInd>1</MultiCarDiscountInd>
            <NonOwnedVehInd>1</NonOwnedVehInd>
            <VehUseCd>OT</VehUseCd>
            <TierCd>Elite</TierCd>
            <BIPDSymbolCd>98</BIPDSymbolCd>
            <MedPayPIPLiabilitySymbolCd>98</MedPayPIPLiabilitySymbolCd>
            <EmployeeOperatedInd>0</EmployeeOperatedInd>
            <LengthTimeVehInUse id="L23E00DFC96824C5F9D218E1338A14C5A">
              <NumUnits>5</NumUnits>
              <UnitMeasurementCd>DAY</UnitMeasurementCd>
            </LengthTimeVehInUse>
            <Coverage id="CAC1D27D5FE0A46A59ADECE96F8785D28">
              <CoverageCd SourceSystemRef="v3" id="CCE9BD4FEC85C4A78BEC434BBAC1BA84F">PIP</CoverageCd>
              <CoverageTypeCd>Coverage</CoverageTypeCd>
              <CoverageDesc>Personal Injury Protection - MED</CoverageDesc>
              <Deductible id="DA6E4AE4A5E744B8396CA6FF94E6D2415">
                <FormatCurrencyAmt id="F6894F2B2BE1741BE9505D22302538BBF">
                  <Amt>0</Amt>
                </FormatCurrencyAmt>
              </Deductible>
              <Option id="OFDAC65EFFB9A402180A331986B172211">
                <OptionCd>Excess - Validated</OptionCd>
              </Option>
              <CurrentTermAmt id="C7B142F4074AE472EBF2968BE799947A7">
                <Amt>0</Amt>
              </CurrentTermAmt>
              <WrittenAmt id="W9A19D10E3213409394FE53D1F14A341A">
                <Amt>0</Amt>
              </WrittenAmt>
              <CoverageSupplement id="CA6BB02C45D714C52864FAEE2A86F1EC0">
                <CoverageSubCd>PIPMED</CoverageSubCd>
              </CoverageSupplement>
            </Coverage>
            <Coverage id="C1ACA776843FA457DA666B6C1A9B72CF9">
              <CoverageCd SourceSystemRef="v3" id="C98977FA1DCE94D74A5AEE78E654731F8">BI</CoverageCd>
              <CoverageTypeCd>Coverage</CoverageTypeCd>
              <CoverageDesc>Bodily Injury</CoverageDesc>
              <Limit id="LCF6CBD0D59C149EAA8D7C253849E96E6">
                <FormatInteger>50000</FormatInteger>
                <ValuationCd>ACV</ValuationCd>
                <LimitAppliesToCd>BIEachPerson</LimitAppliesToCd>
              </Limit>
              <Limit id="LAB363B30C4544E58960A071CE5658427">
                <FormatInteger>100000</FormatInteger>
                <ValuationCd>ACV</ValuationCd>
                <LimitAppliesToCd>PerAcc</LimitAppliesToCd>
              </Limit>
              <CurrentTermAmt id="C892519AC21764057A89E1BB8A805D361">
                <Amt>176</Amt>
              </CurrentTermAmt>
              <NetChangeAmt id="NC2D5012762D34D299C49F52461F646A0">
                <Amt>0</Amt>
              </NetChangeAmt>
              <WrittenAmt id="W06A3AA395AAC491FBF0556E5B3215A1B">
                <Amt>176</Amt>
              </WrittenAmt>
              <CoverageSupplement id="C435745EEA26A4ABA804EE67EB6ED6E0D">
                <CoverageSubCd>BI</CoverageSubCd>
              </CoverageSupplement>
              <ExpirationDt />
            </Coverage>
            <Coverage id="CA3B8EAEA2FAC4790BACE7A7850A718CD">
              <CoverageCd SourceSystemRef="v3" id="CCF93952F742441C5B6BFC19A45E562DB">COLL</CoverageCd>
              <CoverageTypeCd>Coverage</CoverageTypeCd>
              <CoverageDesc>Collision</CoverageDesc>
              <Deductible id="D578F8237F76E40698779D45F77AD1F01">
                <FormatCurrencyAmt id="F40B5975DC6F345D7A94E9DD1A7CE29A2">
                  <Amt>500</Amt>
                </FormatCurrencyAmt>
              </Deductible>
              <CurrentTermAmt id="C686B7291AFC340DB83D4076FD6090D4D">
                <Amt>171</Amt>
              </CurrentTermAmt>
              <NetChangeAmt id="N05E1966A798C4D5187759D6CEB83F86B">
                <Amt>0</Amt>
              </NetChangeAmt>
              <WrittenAmt id="W54233C19361D475DAE748A3BBD3F7AEC">
                <Amt>171</Amt>
              </WrittenAmt>
              <CoverageSupplement id="C0B017FB4415844EF8C5BD6C587B7BE20">
                <CoverageSubCd>COLL</CoverageSubCd>
              </CoverageSupplement>
              <ExpirationDt />
            </Coverage>
            <Coverage id="CB315B0E6AC6F4E4BA1D105130D71B19B">
              <CoverageCd SourceSystemRef="v3" id="CE8727C08E06B41BBB348B189772EB694">COMP</CoverageCd>
              <CoverageTypeCd>Coverage</CoverageTypeCd>
              <CoverageDesc>Comprehensive</CoverageDesc>
              <Deductible id="D40A2F6E15CF54A458578C17E5BFF3890">
                <FormatCurrencyAmt id="F6EBB7CF694074CC9B0D05641A481205C">
                  <Amt>500</Amt>
                </FormatCurrencyAmt>
              </Deductible>
              <CurrentTermAmt id="C9621FBE7A6DC41AA9519A089B93A5A71">
                <Amt>23</Amt>
              </CurrentTermAmt>
              <NetChangeAmt id="NA11E4B334F5E4953A241A13CB12D7B2E">
                <Amt>0</Amt>
              </NetChangeAmt>
              <WrittenAmt id="W32098C96289340FDA9C16291FBC57CBA">
                <Amt>23</Amt>
              </WrittenAmt>
              <CoverageSupplement id="CD09E12A4E53647209A23C5062845CF08">
                <CoverageSubCd>COMP</CoverageSubCd>
              </CoverageSupplement>
              <ExpirationDt />
            </Coverage>
            <Coverage type="TransformedCoverageModel" id="CD025EA3B731A4C61941A3D96B437A447">
              <CoverageTypeCd>Coverage</CoverageTypeCd>
              <CurrentTermAmt id="C058544FF04B844488FABFC7A73DCD57C">
                <Amt>205.00</Amt>
              </CurrentTermAmt>
              <WrittenAmt id="W79A28880F75647E4BC4DB47D78DFA24C">
                <Amt>205.00</Amt>
              </WrittenAmt>
              <EffectiveDt>2019-05-01T00:00:00</EffectiveDt>
            </Coverage>
            <CreditOrSurcharge id="CB8430132B9B74BB4A05ACADB2B61C296">
              <SecondaryCd>AHS</SecondaryCd>
              <WBRatingAppliedInd>1</WBRatingAppliedInd>
            </CreditOrSurcharge>
            <CreditOrSurcharge id="C65B3F9665A6747E98F304EDF1FDA00A3">
              <SecondaryCd>AOM</SecondaryCd>
              <WBRatingAppliedInd>0</WBRatingAppliedInd>
            </CreditOrSurcharge>
            <CreditOrSurcharge id="C21881981BFBE465DAC810C7BFC0959AF">
              <SecondaryCd>BWS</SecondaryCd>
              <WBRatingAppliedInd>1</WBRatingAppliedInd>
            </CreditOrSurcharge>
            <CreditOrSurcharge id="C161B78C4CA0D45CE8FBC0FD6A0F49C30">
              <SecondaryCd>DFSS</SecondaryCd>
              <WBRatingAppliedInd>1</WBRatingAppliedInd>
            </CreditOrSurcharge>
            <CreditOrSurcharge id="CD576E1B1B77D4AEE982E3564E43B1C47">
              <SecondaryCd>FCA</SecondaryCd>
              <WBRatingAppliedInd>1</WBRatingAppliedInd>
            </CreditOrSurcharge>
            <CreditOrSurcharge id="C1178052B232C4BBDB5BE7E867878DD15">
              <SecondaryCd>BSMD</SecondaryCd>
              <WBRatingAppliedInd>1</WBRatingAppliedInd>
            </CreditOrSurcharge>
            <CreditOrSurcharge id="C11F59F59E7004CA0A9FA3983D3A7650D">
              <SecondaryCd>SDD</SecondaryCd>
              <WBRatingAppliedInd>0</WBRatingAppliedInd>
            </CreditOrSurcharge>
            <CreditOrSurcharge id="CF7CD3DAEB0FD445F8A20B779257DC118">
              <SecondaryCd>GSD</SecondaryCd>
              <WBRatingAppliedInd>0</WBRatingAppliedInd>
            </CreditOrSurcharge>
            <CreditOrSurcharge id="C07C6D0C511714B27BF1F3F6E49B08033">
              <SecondaryCd>GRSD</SecondaryCd>
              <WBRatingAppliedInd>0</WBRatingAppliedInd>
            </CreditOrSurcharge>
            <CreditOrSurcharge id="CE47BAC05AB12417E9B72C7927E89C739">
              <SecondaryCd>RSD</SecondaryCd>
              <WBRatingAppliedInd>0</WBRatingAppliedInd>
            </CreditOrSurcharge>
            <CreditOrSurcharge id="CB40D0158E04548B8B8F362C8E62954FC">
              <SecondaryCd>MD</SecondaryCd>
              <WBRatingAppliedInd>0</WBRatingAppliedInd>
            </CreditOrSurcharge>
            <ComprehensiveOTCSymbolCd>2</ComprehensiveOTCSymbolCd>
            <ComprehensiveOTCSymbolCd>2</ComprehensiveOTCSymbolCd>
            <CollisionSymbolCd>2</CollisionSymbolCd>
            <CollisionSymbolCd>2</CollisionSymbolCd>
            <VehicleExt id="VCDAE8CEE6C0A4EDC8C4A08C12219C014">
              <Age>7</Age>
              <WBBlindSpotLaneOrDepartureMonitoringCd>B</WBBlindSpotLaneOrDepartureMonitoringCd>
              <WBForwardCrashAvoidanceCd>W</WBForwardCrashAvoidanceCd>
              <WBBackupWarningSystemInd>1</WBBackupWarningSystemInd>
              <WBAutonomousOperationsModeInd>1</WBAutonomousOperationsModeInd>
              <WBAdaptiveHeadlightSystemInd>1</WBAdaptiveHeadlightSystemInd>
              <WBDriverFatigueSensingSystemInd>1</WBDriverFatigueSensingSystemInd>
              <WBVehicleUse WBVehicleTitledDriverRef="d1" id="W3AE1B49F737E4383B67C975D30E2030C">
                <WBVehicleTitledCd>D</WBVehicleTitledCd>
                <WBVehicleTitledDescription>Driver</WBVehicleTitledDescription>
              </WBVehicleUse>
              <WBNumber>3</WBNumber>
              <WBTemporarySymbolOverride id="WE99544ED791F4104A36DA24DC3B6BFF3">
                <WBOverridenInd>1</WBOverridenInd>
                <WBOverridenMSym>200</WBOverridenMSym>
                <WBOverridenLSym>400</WBOverridenLSym>
              </WBTemporarySymbolOverride>
              <WBManualSymbolOverride id="W5724E3957D3148CB8EDD3697C4DBD1CB">
                <WBOverridenInd>1</WBOverridenInd>
                <WBOverridenMSym>150</WBOverridenMSym>
                <WBOverridenLSym>350</WBOverridenLSym>
              </WBManualSymbolOverride>
              <ClassCode>1121</ClassCode>
              <WBRiskTerm id="W275956D24F3E4582BCE14E183997493F">
                <WBRiskExpirationDt />
              </WBRiskTerm>
            </VehicleExt>
          </Vehicle>
        </PersAutoLineBusiness>
        <PolicyExt id="P3D0C0CC569294F11861FA52AA4989932">
          <Age>0</Age>
          <AutoCompositionFactorCd>P</AutoCompositionFactorCd>
          <HighestAdvantageDriverPointValueInHousehold>10</HighestAdvantageDriverPointValueInHousehold>
          <WBTransactionStatusDesc>Committed</WBTransactionStatusDesc>
          <WBPolicySymbol>HH1</WBPolicySymbol>
          <WBHouseholdCompositionInd>0</WBHouseholdCompositionInd>
          <WBMultiCarOverrideInd>0</WBMultiCarOverrideInd>
          <WBMultiCarInd>1</WBMultiCarInd>
        </PolicyExt>
      </Policy>
    </PolicyRs>