﻿<GetFullClaimResponse xmlns:i="http://www.w3.org/2001/XMLSchema-instance" xmlns="http://schemas.datacontract.org/2004/07/WestBend.Core.Service.MessageContracts">
  <_x003C_Claim_x003E_k__BackingField xmlns:d2p1="http://services.westbendinsurance.com/ClaimEntityService/v1">
    <d2p1:Claim xmlns:d3p1="http://schemas.westbendinsurance.com/EnterpriseMessageModel/v1">
      <d3p1:ExternalReferences>
        <d3p1:ExternalReference_Type>
          <d3p1:ReferenceId>5ZCEP88O23225SALAM52</d3p1:ReferenceId>
          <d3p1:SourceSystemId>EXCEED</d3p1:SourceSystemId>
        </d3p1:ExternalReference_Type>
      </d3p1:ExternalReferences>
      <d3p1:key>4</d3p1:key>
      <d3p1:Addresses>
        <d3p1:Address_Type>
          <d3p1:ExternalReferences i:nil="true" />
          <d3p1:key>12</d3p1:key>
          <d3p1:AddressLine1>123 MAIN STREET</d3p1:AddressLine1>
          <d3p1:AddressLine1Details i:nil="true" />
          <d3p1:AddressLine2 i:nil="true" />
          <d3p1:AddressLine3 i:nil="true" />
          <d3p1:AddressLine4 i:nil="true" />
          <d3p1:AddressType i:nil="true" />
          <d3p1:CityName>ANN ARBOR</d3p1:CityName>
          <d3p1:CountryCode>USA</d3p1:CountryCode>
          <d3p1:CountryName i:nil="true" />
          <d3p1:CountyCode i:nil="true" />
          <d3p1:CountyName i:nil="true" />
          <d3p1:LastModified>2019-06-11T10:40:28.456703</d3p1:LastModified>
          <d3p1:Latitude i:nil="true" />
          <d3p1:Longitude i:nil="true" />
          <d3p1:PostalCode>48103-</d3p1:PostalCode>
          <d3p1:PostalCodeExtension i:nil="true" />
          <d3p1:References i:nil="true" />
          <d3p1:RegionCode i:nil="true" />
          <d3p1:RegionName i:nil="true" />
          <d3p1:StateAbbreviationCode>MI</d3p1:StateAbbreviationCode>
          <d3p1:StateName i:nil="true" />
          <d3p1:UnstructuredAddress i:nil="true" />
        </d3p1:Address_Type>
        <d3p1:Address_Type>
          <d3p1:ExternalReferences i:nil="true" />
          <d3p1:key>16</d3p1:key>
          <d3p1:AddressLine1>1900 S 18TH AVE</d3p1:AddressLine1>
          <d3p1:AddressLine1Details i:nil="true" />
          <d3p1:AddressLine2 i:nil="true" />
          <d3p1:AddressLine3 i:nil="true" />
          <d3p1:AddressLine4 i:nil="true" />
          <d3p1:AddressType i:nil="true" />
          <d3p1:CityName>WEST BEND</d3p1:CityName>
          <d3p1:CountryCode>USA</d3p1:CountryCode>
          <d3p1:CountryName i:nil="true" />
          <d3p1:CountyCode i:nil="true" />
          <d3p1:CountyName i:nil="true" />
          <d3p1:LastModified>2019-05-22T13:37:15.58006</d3p1:LastModified>
          <d3p1:Latitude i:nil="true" />
          <d3p1:Longitude i:nil="true" />
          <d3p1:PostalCode>53095-</d3p1:PostalCode>
          <d3p1:PostalCodeExtension i:nil="true" />
          <d3p1:References i:nil="true" />
          <d3p1:RegionCode i:nil="true" />
          <d3p1:RegionName i:nil="true" />
          <d3p1:StateAbbreviationCode>WI</d3p1:StateAbbreviationCode>
          <d3p1:StateName i:nil="true" />
          <d3p1:UnstructuredAddress i:nil="true" />
        </d3p1:Address_Type>
        <d3p1:Address_Type>
          <d3p1:ExternalReferences i:nil="true" />
          <d3p1:key>24</d3p1:key>
          <d3p1:AddressLine1>123 MAIN STREET</d3p1:AddressLine1>
          <d3p1:AddressLine1Details i:nil="true" />
          <d3p1:AddressLine2 i:nil="true" />
          <d3p1:AddressLine3 i:nil="true" />
          <d3p1:AddressLine4 i:nil="true" />
          <d3p1:AddressType i:nil="true" />
          <d3p1:CityName>ANN ARBOR</d3p1:CityName>
          <d3p1:CountryCode>USA</d3p1:CountryCode>
          <d3p1:CountryName i:nil="true" />
          <d3p1:CountyCode i:nil="true" />
          <d3p1:CountyName i:nil="true" />
          <d3p1:LastModified>2019-06-11T10:46:40.175253</d3p1:LastModified>
          <d3p1:Latitude i:nil="true" />
          <d3p1:Longitude i:nil="true" />
          <d3p1:PostalCode>48103-</d3p1:PostalCode>
          <d3p1:PostalCodeExtension i:nil="true" />
          <d3p1:References i:nil="true" />
          <d3p1:RegionCode i:nil="true" />
          <d3p1:RegionName i:nil="true" />
          <d3p1:StateAbbreviationCode>MI</d3p1:StateAbbreviationCode>
          <d3p1:StateName i:nil="true" />
          <d3p1:UnstructuredAddress i:nil="true" />
        </d3p1:Address_Type>
      </d3p1:Addresses>
      <d3p1:AgreementReference>3</d3p1:AgreementReference>
      <d3p1:CauseOfLoss i:nil="true" />
      <d3p1:ClaimAtFault>
        <d3p1:ExternalReferences i:nil="true" />
        <d3p1:key i:nil="true" />
        <d3p1:DriverNumber>200</d3p1:DriverNumber>
        <d3p1:DriverType>Listed</d3p1:DriverType>
        <d3p1:IsAtFault>true</d3p1:IsAtFault>
      </d3p1:ClaimAtFault>
      <d3p1:ClaimCoverages i:nil="true" />
      <d3p1:ClaimLOB i:nil="true" />
      <d3p1:ClaimNumber>QA03747</d3p1:ClaimNumber>
      <d3p1:ClaimRelationships />
      <d3p1:ClaimReserves>
        <d3p1:ClaimReserve_Type>
          <d3p1:ExternalReferences i:nil="true" />
          <d3p1:key>26</d3p1:key>
          <d3p1:TchClaimKey i:nil="true" />
          <d3p1:ClaimantId i:nil="true" />
          <d3p1:ReserveCauseOfLoss>99</d3p1:ReserveCauseOfLoss>
          <d3p1:ReserveCategory>2</d3p1:ReserveCategory>
          <d3p1:ReserveMajorPeril>101 </d3p1:ReserveMajorPeril>
          <d3p1:ReserveAmount i:nil="true" />
          <d3p1:CoverageComponentCode i:nil="true" />
          <d3p1:PhysicalObjectRole>
            <d3p1:ExternalReferences i:nil="true" />
            <d3p1:key i:nil="true" />
            <d3p1:LocationReference i:nil="true" />
            <d3p1:PhysicalObjectReference>31</d3p1:PhysicalObjectReference>
          </d3p1:PhysicalObjectRole>
          <d3p1:References>
            <d3p1:AddressReferences xmlns:d7p1="http://schemas.microsoft.com/2003/10/Serialization/Arrays" i:nil="true" />
            <d3p1:ClaimReserveReferences xmlns:d7p1="http://schemas.microsoft.com/2003/10/Serialization/Arrays" i:nil="true" />
            <d3p1:ContactPointReferences xmlns:d7p1="http://schemas.microsoft.com/2003/10/Serialization/Arrays" i:nil="true" />
            <d3p1:PartyReferences xmlns:d7p1="http://schemas.microsoft.com/2003/10/Serialization/Arrays" i:nil="true" />
            <d3p1:PartyRoleReferences xmlns:d7p1="http://schemas.microsoft.com/2003/10/Serialization/Arrays">
              <d7p1:string>20</d7p1:string>
            </d3p1:PartyRoleReferences>
            <d3p1:PhysicalObjectReferences i:nil="true" />
            <d3p1:PhysicalObjectRoleReferences xmlns:d7p1="http://schemas.microsoft.com/2003/10/Serialization/Arrays" i:nil="true" />
            <d3p1:RelatedPartyRoleReferences xmlns:d7p1="http://schemas.microsoft.com/2003/10/Serialization/Arrays" i:nil="true" />
          </d3p1:References>
          <d3p1:UnitNumber i:nil="true" />
          <d3p1:CoverageTypeCode>101 </d3p1:CoverageTypeCode>
          <d3p1:MajorPerilSequence>00</d3p1:MajorPerilSequence>
          <d3p1:SarId i:nil="true" />
          <d3p1:InsuranceLine i:nil="true" />
          <d3p1:RiskUnitGroup i:nil="true" />
          <d3p1:RiskUnitGroupSequence i:nil="true" />
          <d3p1:RiskUnit i:nil="true" />
          <d3p1:SubLocationNumber>100</d3p1:SubLocationNumber>
          <d3p1:RiskUnitSequence i:nil="true" />
          <d3p1:CoverageSequenceNumber>1</d3p1:CoverageSequenceNumber>
          <d3p1:ClaimReserveType>
            <d3p1:ReserveTypeCode>D</d3p1:ReserveTypeCode>
            <d3p1:ReserveTypeDescription>LOSS</d3p1:ReserveTypeDescription>
          </d3p1:ClaimReserveType>
          <d3p1:FinancialTransactions i:nil="true" />
          <d3p1:LocationNumber i:nil="true" />
          <d3p1:ObjectTypeCode>AUT</d3p1:ObjectTypeCode>
          <d3p1:CoverageStartDate i:nil="true" />
          <d3p1:CoverageEndDate i:nil="true" />
          <d3p1:Status>C</d3p1:Status>
          <d3p1:ObjectSequenceNumber>1</d3p1:ObjectSequenceNumber>
          <d3p1:RiskTypeIndicator i:nil="true" />
          <d3p1:CoverageForm i:nil="true" />
          <d3p1:CoverageType>BI</d3p1:CoverageType>
          <d3p1:RiskType i:nil="true" />
          <d3p1:PolicyCoverageId i:nil="true" />
          <d3p1:UnitDescription>2015 CADILLAC CTS PREMIUM 1G6AT5S3&amp;F</d3p1:UnitDescription>
          <d3p1:CoverageTypeCodeDescription>Bodily Injury</d3p1:CoverageTypeCodeDescription>
          <d3p1:CauseOfLossDescription>BODILY INJURY</d3p1:CauseOfLossDescription>
          <d3p1:ReserveCategoryDescription>Bodily Injury</d3p1:ReserveCategoryDescription>
          <d3p1:OutstandingReserveAmount>0.00</d3p1:OutstandingReserveAmount>
          <d3p1:TotalPaidAmount>0.00</d3p1:TotalPaidAmount>
          <d3p1:TotalIncurredAmount>0.00</d3p1:TotalIncurredAmount>
          <d3p1:ClosedDate>2019-07-25T00:00:00</d3p1:ClosedDate>
          <d3p1:ReopenDate i:nil="true" />
          <d3p1:ClassCodeDescription i:nil="true" />
        </d3p1:ClaimReserve_Type>
        <d3p1:ClaimReserve_Type>
          <d3p1:ExternalReferences i:nil="true" />
          <d3p1:key>27</d3p1:key>
          <d3p1:TchClaimKey i:nil="true" />
          <d3p1:ClaimantId i:nil="true" />
          <d3p1:ReserveCauseOfLoss>99</d3p1:ReserveCauseOfLoss>
          <d3p1:ReserveCategory>2</d3p1:ReserveCategory>
          <d3p1:ReserveMajorPeril>101 </d3p1:ReserveMajorPeril>
          <d3p1:ReserveAmount i:nil="true" />
          <d3p1:CoverageComponentCode i:nil="true" />
          <d3p1:PhysicalObjectRole>
            <d3p1:ExternalReferences i:nil="true" />
            <d3p1:key i:nil="true" />
            <d3p1:LocationReference i:nil="true" />
            <d3p1:PhysicalObjectReference>31</d3p1:PhysicalObjectReference>
          </d3p1:PhysicalObjectRole>
          <d3p1:References>
            <d3p1:AddressReferences xmlns:d7p1="http://schemas.microsoft.com/2003/10/Serialization/Arrays" i:nil="true" />
            <d3p1:ClaimReserveReferences xmlns:d7p1="http://schemas.microsoft.com/2003/10/Serialization/Arrays" i:nil="true" />
            <d3p1:ContactPointReferences xmlns:d7p1="http://schemas.microsoft.com/2003/10/Serialization/Arrays" i:nil="true" />
            <d3p1:PartyReferences xmlns:d7p1="http://schemas.microsoft.com/2003/10/Serialization/Arrays" i:nil="true" />
            <d3p1:PartyRoleReferences xmlns:d7p1="http://schemas.microsoft.com/2003/10/Serialization/Arrays">
              <d7p1:string>20</d7p1:string>
            </d3p1:PartyRoleReferences>
            <d3p1:PhysicalObjectReferences i:nil="true" />
            <d3p1:PhysicalObjectRoleReferences xmlns:d7p1="http://schemas.microsoft.com/2003/10/Serialization/Arrays" i:nil="true" />
            <d3p1:RelatedPartyRoleReferences xmlns:d7p1="http://schemas.microsoft.com/2003/10/Serialization/Arrays" i:nil="true" />
          </d3p1:References>
          <d3p1:UnitNumber i:nil="true" />
          <d3p1:CoverageTypeCode>101 </d3p1:CoverageTypeCode>
          <d3p1:MajorPerilSequence>00</d3p1:MajorPerilSequence>
          <d3p1:SarId i:nil="true" />
          <d3p1:InsuranceLine i:nil="true" />
          <d3p1:RiskUnitGroup i:nil="true" />
          <d3p1:RiskUnitGroupSequence i:nil="true" />
          <d3p1:RiskUnit i:nil="true" />
          <d3p1:SubLocationNumber>100</d3p1:SubLocationNumber>
          <d3p1:RiskUnitSequence i:nil="true" />
          <d3p1:CoverageSequenceNumber>1</d3p1:CoverageSequenceNumber>
          <d3p1:ClaimReserveType>
            <d3p1:ReserveTypeCode>R</d3p1:ReserveTypeCode>
            <d3p1:ReserveTypeDescription>OTHER RECOVERY</d3p1:ReserveTypeDescription>
          </d3p1:ClaimReserveType>
          <d3p1:FinancialTransactions i:nil="true" />
          <d3p1:LocationNumber i:nil="true" />
          <d3p1:ObjectTypeCode>AUT</d3p1:ObjectTypeCode>
          <d3p1:CoverageStartDate i:nil="true" />
          <d3p1:CoverageEndDate i:nil="true" />
          <d3p1:Status>O</d3p1:Status>
          <d3p1:ObjectSequenceNumber>1</d3p1:ObjectSequenceNumber>
          <d3p1:RiskTypeIndicator i:nil="true" />
          <d3p1:CoverageForm i:nil="true" />
          <d3p1:CoverageType>BI</d3p1:CoverageType>
          <d3p1:RiskType i:nil="true" />
          <d3p1:PolicyCoverageId i:nil="true" />
          <d3p1:UnitDescription>2015 CADILLAC CTS PREMIUM 1G6AT5S3&amp;F</d3p1:UnitDescription>
          <d3p1:CoverageTypeCodeDescription>Bodily Injury</d3p1:CoverageTypeCodeDescription>
          <d3p1:CauseOfLossDescription>BODILY INJURY</d3p1:CauseOfLossDescription>
          <d3p1:ReserveCategoryDescription>Bodily Injury</d3p1:ReserveCategoryDescription>
          <d3p1:OutstandingReserveAmount>150.00</d3p1:OutstandingReserveAmount>
          <d3p1:TotalPaidAmount>50.00</d3p1:TotalPaidAmount>
          <d3p1:TotalIncurredAmount>200.00</d3p1:TotalIncurredAmount>
          <d3p1:ClosedDate i:nil="true" />
          <d3p1:ReopenDate i:nil="true" />
          <d3p1:ClassCodeDescription i:nil="true" />
        </d3p1:ClaimReserve_Type>
        <d3p1:ClaimReserve_Type>
          <d3p1:ExternalReferences i:nil="true" />
          <d3p1:key>28</d3p1:key>
          <d3p1:TchClaimKey i:nil="true" />
          <d3p1:ClaimantId i:nil="true" />
          <d3p1:ReserveCauseOfLoss>99</d3p1:ReserveCauseOfLoss>
          <d3p1:ReserveCategory>A</d3p1:ReserveCategory>
          <d3p1:ReserveMajorPeril>110 </d3p1:ReserveMajorPeril>
          <d3p1:ReserveAmount i:nil="true" />
          <d3p1:CoverageComponentCode i:nil="true" />
          <d3p1:PhysicalObjectRole>
            <d3p1:ExternalReferences i:nil="true" />
            <d3p1:key i:nil="true" />
            <d3p1:LocationReference i:nil="true" />
            <d3p1:PhysicalObjectReference>31</d3p1:PhysicalObjectReference>
          </d3p1:PhysicalObjectRole>
          <d3p1:References>
            <d3p1:AddressReferences xmlns:d7p1="http://schemas.microsoft.com/2003/10/Serialization/Arrays" i:nil="true" />
            <d3p1:ClaimReserveReferences xmlns:d7p1="http://schemas.microsoft.com/2003/10/Serialization/Arrays" i:nil="true" />
            <d3p1:ContactPointReferences xmlns:d7p1="http://schemas.microsoft.com/2003/10/Serialization/Arrays" i:nil="true" />
            <d3p1:PartyReferences xmlns:d7p1="http://schemas.microsoft.com/2003/10/Serialization/Arrays" i:nil="true" />
            <d3p1:PartyRoleReferences xmlns:d7p1="http://schemas.microsoft.com/2003/10/Serialization/Arrays">
              <d7p1:string>20</d7p1:string>
            </d3p1:PartyRoleReferences>
            <d3p1:PhysicalObjectReferences i:nil="true" />
            <d3p1:PhysicalObjectRoleReferences xmlns:d7p1="http://schemas.microsoft.com/2003/10/Serialization/Arrays" i:nil="true" />
            <d3p1:RelatedPartyRoleReferences xmlns:d7p1="http://schemas.microsoft.com/2003/10/Serialization/Arrays" i:nil="true" />
          </d3p1:References>
          <d3p1:UnitNumber i:nil="true" />
          <d3p1:CoverageTypeCode>110 </d3p1:CoverageTypeCode>
          <d3p1:MajorPerilSequence>00</d3p1:MajorPerilSequence>
          <d3p1:SarId i:nil="true" />
          <d3p1:InsuranceLine i:nil="true" />
          <d3p1:RiskUnitGroup i:nil="true" />
          <d3p1:RiskUnitGroupSequence i:nil="true" />
          <d3p1:RiskUnit i:nil="true" />
          <d3p1:SubLocationNumber>100</d3p1:SubLocationNumber>
          <d3p1:RiskUnitSequence i:nil="true" />
          <d3p1:CoverageSequenceNumber>1</d3p1:CoverageSequenceNumber>
          <d3p1:ClaimReserveType>
            <d3p1:ReserveTypeCode>D</d3p1:ReserveTypeCode>
            <d3p1:ReserveTypeDescription>LOSS</d3p1:ReserveTypeDescription>
          </d3p1:ClaimReserveType>
          <d3p1:FinancialTransactions i:nil="true" />
          <d3p1:LocationNumber i:nil="true" />
          <d3p1:ObjectTypeCode>AUT</d3p1:ObjectTypeCode>
          <d3p1:CoverageStartDate i:nil="true" />
          <d3p1:CoverageEndDate i:nil="true" />
          <d3p1:Status>C</d3p1:Status>
          <d3p1:ObjectSequenceNumber>1</d3p1:ObjectSequenceNumber>
          <d3p1:RiskTypeIndicator i:nil="true" />
          <d3p1:CoverageForm i:nil="true" />
          <d3p1:CoverageType>PD</d3p1:CoverageType>
          <d3p1:RiskType i:nil="true" />
          <d3p1:PolicyCoverageId i:nil="true" />
          <d3p1:UnitDescription>2015 CADILLAC CTS PREMIUM 1G6AT5S3&amp;F</d3p1:UnitDescription>
          <d3p1:CoverageTypeCodeDescription>Property damage</d3p1:CoverageTypeCodeDescription>
          <d3p1:CauseOfLossDescription>PROPERTY DAMAGE</d3p1:CauseOfLossDescription>
          <d3p1:ReserveCategoryDescription>Building</d3p1:ReserveCategoryDescription>
          <d3p1:OutstandingReserveAmount>0.00</d3p1:OutstandingReserveAmount>
          <d3p1:TotalPaidAmount>350.00</d3p1:TotalPaidAmount>
          <d3p1:TotalIncurredAmount>350.00</d3p1:TotalIncurredAmount>
          <d3p1:ClosedDate>2019-07-18T00:00:00</d3p1:ClosedDate>
          <d3p1:ReopenDate i:nil="true" />
          <d3p1:ClassCodeDescription i:nil="true" />
        </d3p1:ClaimReserve_Type>
        <d3p1:ClaimReserve_Type>
          <d3p1:ExternalReferences i:nil="true" />
          <d3p1:key>29</d3p1:key>
          <d3p1:TchClaimKey i:nil="true" />
          <d3p1:ClaimantId i:nil="true" />
          <d3p1:ReserveCauseOfLoss>99</d3p1:ReserveCauseOfLoss>
          <d3p1:ReserveCategory>A</d3p1:ReserveCategory>
          <d3p1:ReserveMajorPeril>110 </d3p1:ReserveMajorPeril>
          <d3p1:ReserveAmount i:nil="true" />
          <d3p1:CoverageComponentCode i:nil="true" />
          <d3p1:PhysicalObjectRole>
            <d3p1:ExternalReferences i:nil="true" />
            <d3p1:key i:nil="true" />
            <d3p1:LocationReference i:nil="true" />
            <d3p1:PhysicalObjectReference>31</d3p1:PhysicalObjectReference>
          </d3p1:PhysicalObjectRole>
          <d3p1:References>
            <d3p1:AddressReferences xmlns:d7p1="http://schemas.microsoft.com/2003/10/Serialization/Arrays" i:nil="true" />
            <d3p1:ClaimReserveReferences xmlns:d7p1="http://schemas.microsoft.com/2003/10/Serialization/Arrays" i:nil="true" />
            <d3p1:ContactPointReferences xmlns:d7p1="http://schemas.microsoft.com/2003/10/Serialization/Arrays" i:nil="true" />
            <d3p1:PartyReferences xmlns:d7p1="http://schemas.microsoft.com/2003/10/Serialization/Arrays" i:nil="true" />
            <d3p1:PartyRoleReferences xmlns:d7p1="http://schemas.microsoft.com/2003/10/Serialization/Arrays">
              <d7p1:string>20</d7p1:string>
            </d3p1:PartyRoleReferences>
            <d3p1:PhysicalObjectReferences i:nil="true" />
            <d3p1:PhysicalObjectRoleReferences xmlns:d7p1="http://schemas.microsoft.com/2003/10/Serialization/Arrays" i:nil="true" />
            <d3p1:RelatedPartyRoleReferences xmlns:d7p1="http://schemas.microsoft.com/2003/10/Serialization/Arrays" i:nil="true" />
          </d3p1:References>
          <d3p1:UnitNumber i:nil="true" />
          <d3p1:CoverageTypeCode>110 </d3p1:CoverageTypeCode>
          <d3p1:MajorPerilSequence>00</d3p1:MajorPerilSequence>
          <d3p1:SarId i:nil="true" />
          <d3p1:InsuranceLine i:nil="true" />
          <d3p1:RiskUnitGroup i:nil="true" />
          <d3p1:RiskUnitGroupSequence i:nil="true" />
          <d3p1:RiskUnit i:nil="true" />
          <d3p1:SubLocationNumber>100</d3p1:SubLocationNumber>
          <d3p1:RiskUnitSequence i:nil="true" />
          <d3p1:CoverageSequenceNumber>1</d3p1:CoverageSequenceNumber>
          <d3p1:ClaimReserveType>
            <d3p1:ReserveTypeCode>S</d3p1:ReserveTypeCode>
            <d3p1:ReserveTypeDescription>SALVAGE</d3p1:ReserveTypeDescription>
          </d3p1:ClaimReserveType>
          <d3p1:FinancialTransactions i:nil="true" />
          <d3p1:LocationNumber i:nil="true" />
          <d3p1:ObjectTypeCode>AUT</d3p1:ObjectTypeCode>
          <d3p1:CoverageStartDate i:nil="true" />
          <d3p1:CoverageEndDate i:nil="true" />
          <d3p1:Status>O</d3p1:Status>
          <d3p1:ObjectSequenceNumber>1</d3p1:ObjectSequenceNumber>
          <d3p1:RiskTypeIndicator i:nil="true" />
          <d3p1:CoverageForm i:nil="true" />
          <d3p1:CoverageType>PD</d3p1:CoverageType>
          <d3p1:RiskType i:nil="true" />
          <d3p1:PolicyCoverageId i:nil="true" />
          <d3p1:UnitDescription>2015 CADILLAC CTS PREMIUM 1G6AT5S3&amp;F</d3p1:UnitDescription>
          <d3p1:CoverageTypeCodeDescription>Property damage</d3p1:CoverageTypeCodeDescription>
          <d3p1:CauseOfLossDescription>PROPERTY DAMAGE</d3p1:CauseOfLossDescription>
          <d3p1:ReserveCategoryDescription>Building</d3p1:ReserveCategoryDescription>
          <d3p1:OutstandingReserveAmount>26.00</d3p1:OutstandingReserveAmount>
          <d3p1:TotalPaidAmount>40.00</d3p1:TotalPaidAmount>
          <d3p1:TotalIncurredAmount>66.00</d3p1:TotalIncurredAmount>
          <d3p1:ClosedDate i:nil="true" />
          <d3p1:ReopenDate i:nil="true" />
          <d3p1:ClassCodeDescription i:nil="true" />
        </d3p1:ClaimReserve_Type>
        <d3p1:ClaimReserve_Type>
          <d3p1:ExternalReferences i:nil="true" />
          <d3p1:key>30</d3p1:key>
          <d3p1:TchClaimKey i:nil="true" />
          <d3p1:ClaimantId i:nil="true" />
          <d3p1:ReserveCauseOfLoss>99</d3p1:ReserveCauseOfLoss>
          <d3p1:ReserveCategory>8</d3p1:ReserveCategory>
          <d3p1:ReserveMajorPeril>175 </d3p1:ReserveMajorPeril>
          <d3p1:ReserveAmount i:nil="true" />
          <d3p1:CoverageComponentCode i:nil="true" />
          <d3p1:PhysicalObjectRole>
            <d3p1:ExternalReferences i:nil="true" />
            <d3p1:key i:nil="true" />
            <d3p1:LocationReference i:nil="true" />
            <d3p1:PhysicalObjectReference>31</d3p1:PhysicalObjectReference>
          </d3p1:PhysicalObjectRole>
          <d3p1:References>
            <d3p1:AddressReferences xmlns:d7p1="http://schemas.microsoft.com/2003/10/Serialization/Arrays" i:nil="true" />
            <d3p1:ClaimReserveReferences xmlns:d7p1="http://schemas.microsoft.com/2003/10/Serialization/Arrays" i:nil="true" />
            <d3p1:ContactPointReferences xmlns:d7p1="http://schemas.microsoft.com/2003/10/Serialization/Arrays" i:nil="true" />
            <d3p1:PartyReferences xmlns:d7p1="http://schemas.microsoft.com/2003/10/Serialization/Arrays" i:nil="true" />
            <d3p1:PartyRoleReferences xmlns:d7p1="http://schemas.microsoft.com/2003/10/Serialization/Arrays">
              <d7p1:string>20</d7p1:string>
            </d3p1:PartyRoleReferences>
            <d3p1:PhysicalObjectReferences i:nil="true" />
            <d3p1:PhysicalObjectRoleReferences xmlns:d7p1="http://schemas.microsoft.com/2003/10/Serialization/Arrays" i:nil="true" />
            <d3p1:RelatedPartyRoleReferences xmlns:d7p1="http://schemas.microsoft.com/2003/10/Serialization/Arrays" i:nil="true" />
          </d3p1:References>
          <d3p1:UnitNumber i:nil="true" />
          <d3p1:CoverageTypeCode>175 </d3p1:CoverageTypeCode>
          <d3p1:MajorPerilSequence>00</d3p1:MajorPerilSequence>
          <d3p1:SarId i:nil="true" />
          <d3p1:InsuranceLine i:nil="true" />
          <d3p1:RiskUnitGroup i:nil="true" />
          <d3p1:RiskUnitGroupSequence i:nil="true" />
          <d3p1:RiskUnit i:nil="true" />
          <d3p1:SubLocationNumber>100</d3p1:SubLocationNumber>
          <d3p1:RiskUnitSequence i:nil="true" />
          <d3p1:CoverageSequenceNumber>1</d3p1:CoverageSequenceNumber>
          <d3p1:ClaimReserveType>
            <d3p1:ReserveTypeCode>B</d3p1:ReserveTypeCode>
            <d3p1:ReserveTypeDescription>SUBROGATION</d3p1:ReserveTypeDescription>
          </d3p1:ClaimReserveType>
          <d3p1:FinancialTransactions i:nil="true" />
          <d3p1:LocationNumber i:nil="true" />
          <d3p1:ObjectTypeCode>AUT</d3p1:ObjectTypeCode>
          <d3p1:CoverageStartDate i:nil="true" />
          <d3p1:CoverageEndDate i:nil="true" />
          <d3p1:Status>O</d3p1:Status>
          <d3p1:ObjectSequenceNumber>1</d3p1:ObjectSequenceNumber>
          <d3p1:RiskTypeIndicator i:nil="true" />
          <d3p1:CoverageForm i:nil="true" />
          <d3p1:CoverageType>APD</d3p1:CoverageType>
          <d3p1:RiskType i:nil="true" />
          <d3p1:PolicyCoverageId i:nil="true" />
          <d3p1:UnitDescription>2015 CADILLAC CTS PREMIUM 1G6AT5S3&amp;F</d3p1:UnitDescription>
          <d3p1:CoverageTypeCodeDescription>ADDITIONAL PROPERTY DAMAGE</d3p1:CoverageTypeCodeDescription>
          <d3p1:CauseOfLossDescription>LIMITED PROPERTY DAMAGE</d3p1:CauseOfLossDescription>
          <d3p1:ReserveCategoryDescription>Extra Expense</d3p1:ReserveCategoryDescription>
          <d3p1:OutstandingReserveAmount>6.00</d3p1:OutstandingReserveAmount>
          <d3p1:TotalPaidAmount>44.00</d3p1:TotalPaidAmount>
          <d3p1:TotalIncurredAmount>50.00</d3p1:TotalIncurredAmount>
          <d3p1:ClosedDate i:nil="true" />
          <d3p1:ReopenDate i:nil="true" />
          <d3p1:ClassCodeDescription i:nil="true" />
        </d3p1:ClaimReserve_Type>
      </d3p1:ClaimReserves>
      <d3p1:ClaimStatusCode>O</d3p1:ClaimStatusCode>
      <d3p1:ClaimStatusCodeDescription>OPEN</d3p1:ClaimStatusCodeDescription>
      <d3p1:ClaimStory>
        <d3p1:ExternalReferences i:nil="true" />
        <d3p1:key i:nil="true" />
        <d3p1:CauseDescription>Backing</d3p1:CauseDescription>
        <d3p1:CauseId>7</d3p1:CauseId>
        <d3p1:ItemDamagedDescription>Cookline</d3p1:ItemDamagedDescription>
        <d3p1:ItemDamagedId>998</d3p1:ItemDamagedId>
        <d3p1:PhysicalItemDescription>Air Gun</d3p1:PhysicalItemDescription>
        <d3p1:PhysicalItemId>177</d3p1:PhysicalItemId>
        <d3p1:ResultingDamageDescription>Crushed</d3p1:ResultingDamageDescription>
        <d3p1:ResultingDamageId>773</d3p1:ResultingDamageId>
      </d3p1:ClaimStory>
      <d3p1:ClaimType>HOM</d3p1:ClaimType>
      <d3p1:ClosedDate i:nil="true" />
      <d3p1:ContactPoints>
        <d3p1:EmailContacts>
          <d3p1:EmailContact_Type>
            <d3p1:ExternalReferences i:nil="true" />
            <d3p1:key>6</d3p1:key>
            <d3p1:IsPreferredContact i:nil="true" />
            <d3p1:References i:nil="true" />
            <d3p1:EmailAddress>kheisdorf@wbmi.com</d3p1:EmailAddress>
            <d3p1:EmailTypeCode>Work</d3p1:EmailTypeCode>
            <d3p1:LastModified i:nil="true" />
          </d3p1:EmailContact_Type>
          <d3p1:EmailContact_Type>
            <d3p1:ExternalReferences i:nil="true" />
            <d3p1:key>18</d3p1:key>
            <d3p1:IsPreferredContact i:nil="true" />
            <d3p1:References i:nil="true" />
            <d3p1:EmailAddress>SAlam@wbmi.com</d3p1:EmailAddress>
            <d3p1:EmailTypeCode>Business</d3p1:EmailTypeCode>
            <d3p1:LastModified>2019-05-22T13:37:15.636351</d3p1:LastModified>
          </d3p1:EmailContact_Type>
        </d3p1:EmailContacts>
        <d3p1:PostalContacts>
          <d3p1:PostalContact_Type>
            <d3p1:ExternalReferences i:nil="true" />
            <d3p1:key>13</d3p1:key>
            <d3p1:IsPreferredContact>false</d3p1:IsPreferredContact>
            <d3p1:References>
              <d3p1:AddressReferences xmlns:d8p1="http://schemas.microsoft.com/2003/10/Serialization/Arrays">
                <d8p1:string>12</d8p1:string>
              </d3p1:AddressReferences>
              <d3p1:ClaimReserveReferences xmlns:d8p1="http://schemas.microsoft.com/2003/10/Serialization/Arrays" i:nil="true" />
              <d3p1:ContactPointReferences xmlns:d8p1="http://schemas.microsoft.com/2003/10/Serialization/Arrays" i:nil="true" />
              <d3p1:PartyReferences xmlns:d8p1="http://schemas.microsoft.com/2003/10/Serialization/Arrays" i:nil="true" />
              <d3p1:PartyRoleReferences xmlns:d8p1="http://schemas.microsoft.com/2003/10/Serialization/Arrays" i:nil="true" />
              <d3p1:PhysicalObjectReferences i:nil="true" />
              <d3p1:PhysicalObjectRoleReferences xmlns:d8p1="http://schemas.microsoft.com/2003/10/Serialization/Arrays" i:nil="true" />
              <d3p1:RelatedPartyRoleReferences xmlns:d8p1="http://schemas.microsoft.com/2003/10/Serialization/Arrays" i:nil="true" />
            </d3p1:References>
            <d3p1:AddressNatureCode>Business</d3p1:AddressNatureCode>
            <d3p1:AddressNatureCodeDescription i:nil="true" />
          </d3p1:PostalContact_Type>
          <d3p1:PostalContact_Type>
            <d3p1:ExternalReferences i:nil="true" />
            <d3p1:key>17</d3p1:key>
            <d3p1:IsPreferredContact>false</d3p1:IsPreferredContact>
            <d3p1:References>
              <d3p1:AddressReferences xmlns:d8p1="http://schemas.microsoft.com/2003/10/Serialization/Arrays">
                <d8p1:string>16</d8p1:string>
              </d3p1:AddressReferences>
              <d3p1:ClaimReserveReferences xmlns:d8p1="http://schemas.microsoft.com/2003/10/Serialization/Arrays" i:nil="true" />
              <d3p1:ContactPointReferences xmlns:d8p1="http://schemas.microsoft.com/2003/10/Serialization/Arrays" i:nil="true" />
              <d3p1:PartyReferences xmlns:d8p1="http://schemas.microsoft.com/2003/10/Serialization/Arrays" i:nil="true" />
              <d3p1:PartyRoleReferences xmlns:d8p1="http://schemas.microsoft.com/2003/10/Serialization/Arrays" i:nil="true" />
              <d3p1:PhysicalObjectReferences i:nil="true" />
              <d3p1:PhysicalObjectRoleReferences xmlns:d8p1="http://schemas.microsoft.com/2003/10/Serialization/Arrays" i:nil="true" />
              <d3p1:RelatedPartyRoleReferences xmlns:d8p1="http://schemas.microsoft.com/2003/10/Serialization/Arrays" i:nil="true" />
            </d3p1:References>
            <d3p1:AddressNatureCode>Business</d3p1:AddressNatureCode>
            <d3p1:AddressNatureCodeDescription i:nil="true" />
          </d3p1:PostalContact_Type>
          <d3p1:PostalContact_Type>
            <d3p1:ExternalReferences i:nil="true" />
            <d3p1:key>25</d3p1:key>
            <d3p1:IsPreferredContact>true</d3p1:IsPreferredContact>
            <d3p1:References>
              <d3p1:AddressReferences xmlns:d8p1="http://schemas.microsoft.com/2003/10/Serialization/Arrays">
                <d8p1:string>24</d8p1:string>
              </d3p1:AddressReferences>
              <d3p1:ClaimReserveReferences xmlns:d8p1="http://schemas.microsoft.com/2003/10/Serialization/Arrays" i:nil="true" />
              <d3p1:ContactPointReferences xmlns:d8p1="http://schemas.microsoft.com/2003/10/Serialization/Arrays" i:nil="true" />
              <d3p1:PartyReferences xmlns:d8p1="http://schemas.microsoft.com/2003/10/Serialization/Arrays" i:nil="true" />
              <d3p1:PartyRoleReferences xmlns:d8p1="http://schemas.microsoft.com/2003/10/Serialization/Arrays" i:nil="true" />
              <d3p1:PhysicalObjectReferences i:nil="true" />
              <d3p1:PhysicalObjectRoleReferences xmlns:d8p1="http://schemas.microsoft.com/2003/10/Serialization/Arrays" i:nil="true" />
              <d3p1:RelatedPartyRoleReferences xmlns:d8p1="http://schemas.microsoft.com/2003/10/Serialization/Arrays" i:nil="true" />
            </d3p1:References>
            <d3p1:AddressNatureCode>Business</d3p1:AddressNatureCode>
            <d3p1:AddressNatureCodeDescription i:nil="true" />
          </d3p1:PostalContact_Type>
        </d3p1:PostalContacts>
        <d3p1:TelephoneContacts>
          <d3p1:TelephoneContact_Type>
            <d3p1:ExternalReferences i:nil="true" />
            <d3p1:key>5</d3p1:key>
            <d3p1:IsPreferredContact i:nil="true" />
            <d3p1:References i:nil="true" />
            <d3p1:LastModified i:nil="true" />
            <d3p1:TelephoneNumber>(262)334-6520X</d3p1:TelephoneNumber>
            <d3p1:TelephoneTypeCode>Work</d3p1:TelephoneTypeCode>
            <d3p1:TelephoneTypeCodeDescription i:nil="true" />
          </d3p1:TelephoneContact_Type>
        </d3p1:TelephoneContacts>
        <d3p1:WebPageContacts i:nil="true" />
      </d3p1:ContactPoints>
      <d3p1:EnterpriseClaimFinancialMeasures i:nil="true" />
      <d3p1:JurisdictionStateCode i:nil="true" />
      <d3p1:LossOccurrence>
        <d3p1:CatastropheCode i:nil="true" />
        <d3p1:LossLocation>
          <d3p1:ExternalReferences i:nil="true" />
          <d3p1:key i:nil="true" />
          <d3p1:AddressLine1>6224 N MOZART ST</d3p1:AddressLine1>
          <d3p1:AddressLine1Details i:nil="true" />
          <d3p1:AddressLine2 i:nil="true" />
          <d3p1:AddressLine3 i:nil="true" />
          <d3p1:AddressLine4 i:nil="true" />
          <d3p1:AddressType i:nil="true" />
          <d3p1:CityName>CHICAGO</d3p1:CityName>
          <d3p1:CountryCode i:nil="true" />
          <d3p1:CountryName i:nil="true" />
          <d3p1:CountyCode i:nil="true" />
          <d3p1:CountyName i:nil="true" />
          <d3p1:LastModified i:nil="true" />
          <d3p1:Latitude i:nil="true" />
          <d3p1:Longitude i:nil="true" />
          <d3p1:PostalCode>60659</d3p1:PostalCode>
          <d3p1:PostalCodeExtension i:nil="true" />
          <d3p1:References i:nil="true" />
          <d3p1:RegionCode i:nil="true" />
          <d3p1:RegionName i:nil="true" />
          <d3p1:StateAbbreviationCode>IL</d3p1:StateAbbreviationCode>
          <d3p1:StateName i:nil="true" />
          <d3p1:UnstructuredAddress i:nil="true" />
        </d3p1:LossLocation>
        <d3p1:LossOccurrenceDate>2019-06-11T17:00:00</d3p1:LossOccurrenceDate>
        <d3p1:LossOccurrenceDescription>CHOICE TEST</d3p1:LossOccurrenceDescription>
        <d3p1:LossOccurrenceID i:nil="true" />
      </d3p1:LossOccurrence>
      <d3p1:Parties>
        <d3p1:Organizations i:nil="true" />
        <d3p1:People>
          <d3p1:Person_Type>
            <d3p1:ExternalReferences>
              <d3p1:ExternalReference_Type>
                <d3p1:ReferenceId>KU4O6XV1IG80CLTCBATC</d3p1:ReferenceId>
                <d3p1:SourceSystemId>EXCEED</d3p1:SourceSystemId>
              </d3p1:ExternalReference_Type>
            </d3p1:ExternalReferences>
            <d3p1:key>7</d3p1:key>
            <d3p1:CustomerNumber i:nil="true" />
            <d3p1:References>
              <d3p1:AddressReferences xmlns:d8p1="http://schemas.microsoft.com/2003/10/Serialization/Arrays" i:nil="true" />
              <d3p1:ClaimReserveReferences xmlns:d8p1="http://schemas.microsoft.com/2003/10/Serialization/Arrays" i:nil="true" />
              <d3p1:ContactPointReferences xmlns:d8p1="http://schemas.microsoft.com/2003/10/Serialization/Arrays">
                <d8p1:string>5</d8p1:string>
                <d8p1:string>6</d8p1:string>
              </d3p1:ContactPointReferences>
              <d3p1:PartyReferences xmlns:d8p1="http://schemas.microsoft.com/2003/10/Serialization/Arrays" i:nil="true" />
              <d3p1:PartyRoleReferences xmlns:d8p1="http://schemas.microsoft.com/2003/10/Serialization/Arrays" i:nil="true" />
              <d3p1:PhysicalObjectReferences i:nil="true" />
              <d3p1:PhysicalObjectRoleReferences xmlns:d8p1="http://schemas.microsoft.com/2003/10/Serialization/Arrays" i:nil="true" />
              <d3p1:RelatedPartyRoleReferences xmlns:d8p1="http://schemas.microsoft.com/2003/10/Serialization/Arrays" i:nil="true" />
            </d3p1:References>
            <d3p1:RestrictedReason i:nil="true" />
            <d3p1:RestrictedDate i:nil="true" />
            <d3p1:RestrictedEnteredBy i:nil="true" />
            <d3p1:RestrictedStrategicProfitCenter i:nil="true" />
            <d3p1:IsActive i:nil="true" />
            <d3p1:BirthDate i:nil="true" />
            <d3p1:BloodTypeCode i:nil="true" />
            <d3p1:DeathDate i:nil="true" />
            <d3p1:DeathIndicator i:nil="true" />
            <d3p1:DriverLicense i:nil="true" />
            <d3p1:DrivingIncidents i:nil="true" />
            <d3p1:EthnicityCode i:nil="true" />
            <d3p1:EthnicityCodeDescription i:nil="true" />
            <d3p1:GenderCode i:nil="true" />
            <d3p1:GenderCodeDescription i:nil="true" />
            <d3p1:MaritalStatusCode i:nil="true" />
            <d3p1:MaritalStatusCodeDescription i:nil="true" />
            <d3p1:MissingDate i:nil="true" />
            <d3p1:MissingIndicator i:nil="true" />
            <d3p1:OccupationDescription i:nil="true" />
            <d3p1:PersonDetail i:nil="true" />
            <d3p1:PersonNames>
              <d3p1:PersonName_Type>
                <d3p1:ExternalReferences i:nil="true" />
                <d3p1:key i:nil="true" />
                <d3p1:DefaultIndicator i:nil="true" />
                <d3p1:Description i:nil="true" />
                <d3p1:FullName>KEN HEISDORF</d3p1:FullName>
                <d3p1:GivenName>KEN</d3p1:GivenName>
                <d3p1:MiddleName></d3p1:MiddleName>
                <d3p1:PrefixTitle></d3p1:PrefixTitle>
                <d3p1:Suffix></d3p1:Suffix>
                <d3p1:Surname>HEISDORF</d3p1:Surname>
                <d3p1:UsageCode i:nil="true" />
                <d3p1:UsageCodeDescription i:nil="true" />
              </d3p1:PersonName_Type>
            </d3p1:PersonNames>
            <d3p1:PrimaryLanguageCode i:nil="true" />
            <d3p1:PrimaryLanguageCodeDescription i:nil="true" />
            <d3p1:SocialSecurity i:nil="true" />
          </d3p1:Person_Type>
          <d3p1:Person_Type>
            <d3p1:ExternalReferences>
              <d3p1:ExternalReference_Type>
                <d3p1:ReferenceId>0Q2Y3UMHKB517SALAM20</d3p1:ReferenceId>
                <d3p1:SourceSystemId>EXCEED</d3p1:SourceSystemId>
              </d3p1:ExternalReference_Type>
              <d3p1:ExternalReference_Type>
                <d3p1:ReferenceId i:nil="true" />
                <d3p1:SourceSystemId>EXCEED_VENDOR</d3p1:SourceSystemId>
              </d3p1:ExternalReference_Type>
            </d3p1:ExternalReferences>
            <d3p1:key>9</d3p1:key>
            <d3p1:CustomerNumber i:nil="true" />
            <d3p1:References>
              <d3p1:AddressReferences xmlns:d8p1="http://schemas.microsoft.com/2003/10/Serialization/Arrays" i:nil="true" />
              <d3p1:ClaimReserveReferences xmlns:d8p1="http://schemas.microsoft.com/2003/10/Serialization/Arrays" i:nil="true" />
              <d3p1:ContactPointReferences xmlns:d8p1="http://schemas.microsoft.com/2003/10/Serialization/Arrays">
                <d8p1:string>13</d8p1:string>
              </d3p1:ContactPointReferences>
              <d3p1:PartyReferences xmlns:d8p1="http://schemas.microsoft.com/2003/10/Serialization/Arrays" i:nil="true" />
              <d3p1:PartyRoleReferences xmlns:d8p1="http://schemas.microsoft.com/2003/10/Serialization/Arrays" i:nil="true" />
              <d3p1:PhysicalObjectReferences i:nil="true" />
              <d3p1:PhysicalObjectRoleReferences xmlns:d8p1="http://schemas.microsoft.com/2003/10/Serialization/Arrays" i:nil="true" />
              <d3p1:RelatedPartyRoleReferences xmlns:d8p1="http://schemas.microsoft.com/2003/10/Serialization/Arrays" i:nil="true" />
            </d3p1:References>
            <d3p1:RestrictedReason i:nil="true" />
            <d3p1:RestrictedDate i:nil="true" />
            <d3p1:RestrictedEnteredBy i:nil="true" />
            <d3p1:RestrictedStrategicProfitCenter i:nil="true" />
            <d3p1:IsActive>true</d3p1:IsActive>
            <d3p1:BirthDate i:nil="true" />
            <d3p1:BloodTypeCode i:nil="true" />
            <d3p1:DeathDate i:nil="true" />
            <d3p1:DeathIndicator i:nil="true" />
            <d3p1:DriverLicense i:nil="true" />
            <d3p1:DrivingIncidents i:nil="true" />
            <d3p1:EthnicityCode i:nil="true" />
            <d3p1:EthnicityCodeDescription i:nil="true" />
            <d3p1:GenderCode>U</d3p1:GenderCode>
            <d3p1:GenderCodeDescription i:nil="true" />
            <d3p1:MaritalStatusCode i:nil="true" />
            <d3p1:MaritalStatusCodeDescription i:nil="true" />
            <d3p1:MissingDate i:nil="true" />
            <d3p1:MissingIndicator i:nil="true" />
            <d3p1:OccupationDescription i:nil="true" />
            <d3p1:PersonDetail i:nil="true" />
            <d3p1:PersonNames>
              <d3p1:PersonName_Type>
                <d3p1:ExternalReferences i:nil="true" />
                <d3p1:key i:nil="true" />
                <d3p1:DefaultIndicator i:nil="true" />
                <d3p1:Description i:nil="true" />
                <d3p1:FullName>JFGDG GTRTH</d3p1:FullName>
                <d3p1:GivenName>JFGDG</d3p1:GivenName>
                <d3p1:MiddleName></d3p1:MiddleName>
                <d3p1:PrefixTitle></d3p1:PrefixTitle>
                <d3p1:Suffix></d3p1:Suffix>
                <d3p1:Surname>GTRTH</d3p1:Surname>
                <d3p1:UsageCode i:nil="true" />
                <d3p1:UsageCodeDescription i:nil="true" />
              </d3p1:PersonName_Type>
            </d3p1:PersonNames>
            <d3p1:PrimaryLanguageCode i:nil="true" />
            <d3p1:PrimaryLanguageCodeDescription i:nil="true" />
            <d3p1:SocialSecurity i:nil="true" />
          </d3p1:Person_Type>
          <d3p1:Person_Type>
            <d3p1:ExternalReferences>
              <d3p1:ExternalReference_Type>
                <d3p1:ReferenceId>1VYUL13SU7679NPTOLAN</d3p1:ReferenceId>
                <d3p1:SourceSystemId>EXCEED</d3p1:SourceSystemId>
              </d3p1:ExternalReference_Type>
              <d3p1:ExternalReference_Type>
                <d3p1:ReferenceId i:nil="true" />
                <d3p1:SourceSystemId>EXCEED_VENDOR</d3p1:SourceSystemId>
              </d3p1:ExternalReference_Type>
            </d3p1:ExternalReferences>
            <d3p1:key>14</d3p1:key>
            <d3p1:CustomerNumber i:nil="true" />
            <d3p1:References>
              <d3p1:AddressReferences xmlns:d8p1="http://schemas.microsoft.com/2003/10/Serialization/Arrays" i:nil="true" />
              <d3p1:ClaimReserveReferences xmlns:d8p1="http://schemas.microsoft.com/2003/10/Serialization/Arrays" i:nil="true" />
              <d3p1:ContactPointReferences xmlns:d8p1="http://schemas.microsoft.com/2003/10/Serialization/Arrays">
                <d8p1:string>17</d8p1:string>
                <d8p1:string>18</d8p1:string>
              </d3p1:ContactPointReferences>
              <d3p1:PartyReferences xmlns:d8p1="http://schemas.microsoft.com/2003/10/Serialization/Arrays" i:nil="true" />
              <d3p1:PartyRoleReferences xmlns:d8p1="http://schemas.microsoft.com/2003/10/Serialization/Arrays" i:nil="true" />
              <d3p1:PhysicalObjectReferences i:nil="true" />
              <d3p1:PhysicalObjectRoleReferences xmlns:d8p1="http://schemas.microsoft.com/2003/10/Serialization/Arrays" i:nil="true" />
              <d3p1:RelatedPartyRoleReferences xmlns:d8p1="http://schemas.microsoft.com/2003/10/Serialization/Arrays" i:nil="true" />
            </d3p1:References>
            <d3p1:RestrictedReason i:nil="true" />
            <d3p1:RestrictedDate i:nil="true" />
            <d3p1:RestrictedEnteredBy i:nil="true" />
            <d3p1:RestrictedStrategicProfitCenter i:nil="true" />
            <d3p1:IsActive>true</d3p1:IsActive>
            <d3p1:BirthDate i:nil="true" />
            <d3p1:BloodTypeCode i:nil="true" />
            <d3p1:DeathDate i:nil="true" />
            <d3p1:DeathIndicator i:nil="true" />
            <d3p1:DriverLicense i:nil="true" />
            <d3p1:DrivingIncidents i:nil="true" />
            <d3p1:EthnicityCode i:nil="true" />
            <d3p1:EthnicityCodeDescription i:nil="true" />
            <d3p1:GenderCode> </d3p1:GenderCode>
            <d3p1:GenderCodeDescription i:nil="true" />
            <d3p1:MaritalStatusCode i:nil="true" />
            <d3p1:MaritalStatusCodeDescription i:nil="true" />
            <d3p1:MissingDate i:nil="true" />
            <d3p1:MissingIndicator i:nil="true" />
            <d3p1:OccupationDescription i:nil="true" />
            <d3p1:PersonDetail i:nil="true" />
            <d3p1:PersonNames>
              <d3p1:PersonName_Type>
                <d3p1:ExternalReferences i:nil="true" />
                <d3p1:key i:nil="true" />
                <d3p1:DefaultIndicator i:nil="true" />
                <d3p1:Description i:nil="true" />
                <d3p1:FullName>SYED ALAM</d3p1:FullName>
                <d3p1:GivenName>SYED</d3p1:GivenName>
                <d3p1:MiddleName></d3p1:MiddleName>
                <d3p1:PrefixTitle></d3p1:PrefixTitle>
                <d3p1:Suffix></d3p1:Suffix>
                <d3p1:Surname>ALAM</d3p1:Surname>
                <d3p1:UsageCode i:nil="true" />
                <d3p1:UsageCodeDescription i:nil="true" />
              </d3p1:PersonName_Type>
            </d3p1:PersonNames>
            <d3p1:PrimaryLanguageCode i:nil="true" />
            <d3p1:PrimaryLanguageCodeDescription i:nil="true" />
            <d3p1:SocialSecurity i:nil="true" />
          </d3p1:Person_Type>
          <d3p1:Person_Type>
            <d3p1:ExternalReferences>
              <d3p1:ExternalReference_Type>
                <d3p1:ReferenceId>6AJN2WZ8I3351SALAM11</d3p1:ReferenceId>
                <d3p1:SourceSystemId>EXCEED</d3p1:SourceSystemId>
              </d3p1:ExternalReference_Type>
              <d3p1:ExternalReference_Type>
                <d3p1:ReferenceId i:nil="true" />
                <d3p1:SourceSystemId>EXCEED_VENDOR</d3p1:SourceSystemId>
              </d3p1:ExternalReference_Type>
            </d3p1:ExternalReferences>
            <d3p1:key>19</d3p1:key>
            <d3p1:CustomerNumber i:nil="true" />
            <d3p1:References>
              <d3p1:AddressReferences xmlns:d8p1="http://schemas.microsoft.com/2003/10/Serialization/Arrays" i:nil="true" />
              <d3p1:ClaimReserveReferences xmlns:d8p1="http://schemas.microsoft.com/2003/10/Serialization/Arrays" i:nil="true" />
              <d3p1:ContactPointReferences xmlns:d8p1="http://schemas.microsoft.com/2003/10/Serialization/Arrays">
                <d8p1:string>25</d8p1:string>
              </d3p1:ContactPointReferences>
              <d3p1:PartyReferences xmlns:d8p1="http://schemas.microsoft.com/2003/10/Serialization/Arrays" i:nil="true" />
              <d3p1:PartyRoleReferences xmlns:d8p1="http://schemas.microsoft.com/2003/10/Serialization/Arrays" i:nil="true" />
              <d3p1:PhysicalObjectReferences i:nil="true" />
              <d3p1:PhysicalObjectRoleReferences xmlns:d8p1="http://schemas.microsoft.com/2003/10/Serialization/Arrays" i:nil="true" />
              <d3p1:RelatedPartyRoleReferences xmlns:d8p1="http://schemas.microsoft.com/2003/10/Serialization/Arrays" i:nil="true" />
            </d3p1:References>
            <d3p1:RestrictedReason i:nil="true" />
            <d3p1:RestrictedDate i:nil="true" />
            <d3p1:RestrictedEnteredBy i:nil="true" />
            <d3p1:RestrictedStrategicProfitCenter i:nil="true" />
            <d3p1:IsActive>true</d3p1:IsActive>
            <d3p1:BirthDate>1989-01-01T00:00:00</d3p1:BirthDate>
            <d3p1:BloodTypeCode i:nil="true" />
            <d3p1:DeathDate i:nil="true" />
            <d3p1:DeathIndicator i:nil="true" />
            <d3p1:DriverLicense i:nil="true" />
            <d3p1:DrivingIncidents i:nil="true" />
            <d3p1:EthnicityCode i:nil="true" />
            <d3p1:EthnicityCodeDescription i:nil="true" />
            <d3p1:GenderCode>U</d3p1:GenderCode>
            <d3p1:GenderCodeDescription i:nil="true" />
            <d3p1:MaritalStatusCode i:nil="true" />
            <d3p1:MaritalStatusCodeDescription i:nil="true" />
            <d3p1:MissingDate i:nil="true" />
            <d3p1:MissingIndicator i:nil="true" />
            <d3p1:OccupationDescription i:nil="true" />
            <d3p1:PersonDetail i:nil="true" />
            <d3p1:PersonNames>
              <d3p1:PersonName_Type>
                <d3p1:ExternalReferences i:nil="true" />
                <d3p1:key i:nil="true" />
                <d3p1:DefaultIndicator i:nil="true" />
                <d3p1:Description i:nil="true" />
                <d3p1:FullName>Mary Carter</d3p1:FullName>
                <d3p1:GivenName>Mary</d3p1:GivenName>
                <d3p1:MiddleName></d3p1:MiddleName>
                <d3p1:PrefixTitle></d3p1:PrefixTitle>
                <d3p1:Suffix></d3p1:Suffix>
                <d3p1:Surname>Carter</d3p1:Surname>
                <d3p1:UsageCode i:nil="true" />
                <d3p1:UsageCodeDescription i:nil="true" />
              </d3p1:PersonName_Type>
            </d3p1:PersonNames>
            <d3p1:PrimaryLanguageCode i:nil="true" />
            <d3p1:PrimaryLanguageCodeDescription i:nil="true" />
            <d3p1:SocialSecurity i:nil="true" />
          </d3p1:Person_Type>
        </d3p1:People>
      </d3p1:Parties>
      <d3p1:PartyRoleInClaim>
        <d3p1:ExternalReferences i:nil="true" />
        <d3p1:key i:nil="true" />
        <d3p1:References i:nil="true" />
        <d3p1:Agencies i:nil="true" />
        <d3p1:Appraisers i:nil="true" />
        <d3p1:BodyShops i:nil="true" />
        <d3p1:Chiropractors i:nil="true" />
        <d3p1:ClaimAdjusters>
          <d3p1:ClaimAdjuster_Type>
            <d3p1:ExternalReferences>
              <d3p1:ExternalReference_Type>
                <d3p1:ReferenceId>KRHEISD</d3p1:ReferenceId>
                <d3p1:SourceSystemId>EXCEED</d3p1:SourceSystemId>
              </d3p1:ExternalReference_Type>
            </d3p1:ExternalReferences>
            <d3p1:key>8</d3p1:key>
            <d3p1:References>
              <d3p1:AddressReferences xmlns:d8p1="http://schemas.microsoft.com/2003/10/Serialization/Arrays" i:nil="true" />
              <d3p1:ClaimReserveReferences xmlns:d8p1="http://schemas.microsoft.com/2003/10/Serialization/Arrays" i:nil="true" />
              <d3p1:ContactPointReferences xmlns:d8p1="http://schemas.microsoft.com/2003/10/Serialization/Arrays" i:nil="true" />
              <d3p1:PartyReferences xmlns:d8p1="http://schemas.microsoft.com/2003/10/Serialization/Arrays">
                <d8p1:string>7</d8p1:string>
              </d3p1:PartyReferences>
              <d3p1:PartyRoleReferences xmlns:d8p1="http://schemas.microsoft.com/2003/10/Serialization/Arrays" i:nil="true" />
              <d3p1:PhysicalObjectReferences i:nil="true" />
              <d3p1:PhysicalObjectRoleReferences xmlns:d8p1="http://schemas.microsoft.com/2003/10/Serialization/Arrays" i:nil="true" />
              <d3p1:RelatedPartyRoleReferences xmlns:d8p1="http://schemas.microsoft.com/2003/10/Serialization/Arrays" i:nil="true" />
            </d3p1:References>
            <d3p1:AdjusterId i:nil="true" />
            <d3p1:AdjusterType i:nil="true" />
          </d3p1:ClaimAdjuster_Type>
        </d3p1:ClaimAdjusters>
        <d3p1:ClaimantVehicleDrivers i:nil="true" />
        <d3p1:ClaimantVehiclePassengers i:nil="true" />
        <d3p1:Claimants>
          <d3p1:Claimant_Type>
            <d3p1:ExternalReferences>
              <d3p1:ExternalReference_Type>
                <d3p1:ReferenceId>6AJN2WZ8I3351SALAM11</d3p1:ReferenceId>
                <d3p1:SourceSystemId>EXCEED</d3p1:SourceSystemId>
              </d3p1:ExternalReference_Type>
            </d3p1:ExternalReferences>
            <d3p1:key>20</d3p1:key>
            <d3p1:References>
              <d3p1:AddressReferences xmlns:d8p1="http://schemas.microsoft.com/2003/10/Serialization/Arrays" i:nil="true" />
              <d3p1:ClaimReserveReferences xmlns:d8p1="http://schemas.microsoft.com/2003/10/Serialization/Arrays" i:nil="true" />
              <d3p1:ContactPointReferences xmlns:d8p1="http://schemas.microsoft.com/2003/10/Serialization/Arrays" i:nil="true" />
              <d3p1:PartyReferences xmlns:d8p1="http://schemas.microsoft.com/2003/10/Serialization/Arrays">
                <d8p1:string>19</d8p1:string>
              </d3p1:PartyReferences>
              <d3p1:PartyRoleReferences xmlns:d8p1="http://schemas.microsoft.com/2003/10/Serialization/Arrays" i:nil="true" />
              <d3p1:PhysicalObjectReferences i:nil="true" />
              <d3p1:PhysicalObjectRoleReferences xmlns:d8p1="http://schemas.microsoft.com/2003/10/Serialization/Arrays" i:nil="true" />
              <d3p1:RelatedPartyRoleReferences xmlns:d8p1="http://schemas.microsoft.com/2003/10/Serialization/Arrays" i:nil="true" />
            </d3p1:References>
            <d3p1:ClaimantId i:nil="true" />
            <d3p1:Id i:nil="true" />
            <d3p1:InjuryOrPropertyDamageDescription i:nil="true" />
            <d3p1:Litigation i:nil="true" />
          </d3p1:Claimant_Type>
        </d3p1:Claimants>
        <d3p1:CommercialInsuredVehicleDrivers i:nil="true" />
        <d3p1:Contacts i:nil="true" />
        <d3p1:Contractors i:nil="true" />
        <d3p1:Defendants i:nil="true" />
        <d3p1:DefenseAttorneys i:nil="true" />
        <d3p1:Doctors i:nil="true" />
        <d3p1:Employers i:nil="true" />
        <d3p1:Hospitals i:nil="true" />
        <d3p1:InsuredVehicleDrivers>
          <d3p1:InsuredVehicleDriver_Type>
            <d3p1:ExternalReferences>
              <d3p1:ExternalReference_Type>
                <d3p1:ReferenceId>0Q2Y3UMHKB517SALAM20</d3p1:ReferenceId>
                <d3p1:SourceSystemId>EXCEED</d3p1:SourceSystemId>
              </d3p1:ExternalReference_Type>
            </d3p1:ExternalReferences>
            <d3p1:key>10</d3p1:key>
            <d3p1:References>
              <d3p1:AddressReferences xmlns:d8p1="http://schemas.microsoft.com/2003/10/Serialization/Arrays" i:nil="true" />
              <d3p1:ClaimReserveReferences xmlns:d8p1="http://schemas.microsoft.com/2003/10/Serialization/Arrays" i:nil="true" />
              <d3p1:ContactPointReferences xmlns:d8p1="http://schemas.microsoft.com/2003/10/Serialization/Arrays" i:nil="true" />
              <d3p1:PartyReferences xmlns:d8p1="http://schemas.microsoft.com/2003/10/Serialization/Arrays">
                <d8p1:string>9</d8p1:string>
              </d3p1:PartyReferences>
              <d3p1:PartyRoleReferences xmlns:d8p1="http://schemas.microsoft.com/2003/10/Serialization/Arrays" i:nil="true" />
              <d3p1:PhysicalObjectReferences i:nil="true" />
              <d3p1:PhysicalObjectRoleReferences xmlns:d8p1="http://schemas.microsoft.com/2003/10/Serialization/Arrays" i:nil="true" />
              <d3p1:RelatedPartyRoleReferences xmlns:d8p1="http://schemas.microsoft.com/2003/10/Serialization/Arrays" i:nil="true" />
            </d3p1:References>
          </d3p1:InsuredVehicleDriver_Type>
          <d3p1:InsuredVehicleDriver_Type>
            <d3p1:ExternalReferences>
              <d3p1:ExternalReference_Type>
                <d3p1:ReferenceId>6AJN2WZ8I3351SALAM11</d3p1:ReferenceId>
                <d3p1:SourceSystemId>EXCEED</d3p1:SourceSystemId>
              </d3p1:ExternalReference_Type>
            </d3p1:ExternalReferences>
            <d3p1:key>22</d3p1:key>
            <d3p1:References>
              <d3p1:AddressReferences xmlns:d8p1="http://schemas.microsoft.com/2003/10/Serialization/Arrays" i:nil="true" />
              <d3p1:ClaimReserveReferences xmlns:d8p1="http://schemas.microsoft.com/2003/10/Serialization/Arrays" i:nil="true" />
              <d3p1:ContactPointReferences xmlns:d8p1="http://schemas.microsoft.com/2003/10/Serialization/Arrays" i:nil="true" />
              <d3p1:PartyReferences xmlns:d8p1="http://schemas.microsoft.com/2003/10/Serialization/Arrays">
                <d8p1:string>19</d8p1:string>
              </d3p1:PartyReferences>
              <d3p1:PartyRoleReferences xmlns:d8p1="http://schemas.microsoft.com/2003/10/Serialization/Arrays" i:nil="true" />
              <d3p1:PhysicalObjectReferences i:nil="true" />
              <d3p1:PhysicalObjectRoleReferences xmlns:d8p1="http://schemas.microsoft.com/2003/10/Serialization/Arrays" i:nil="true" />
              <d3p1:RelatedPartyRoleReferences xmlns:d8p1="http://schemas.microsoft.com/2003/10/Serialization/Arrays" i:nil="true" />
            </d3p1:References>
          </d3p1:InsuredVehicleDriver_Type>
        </d3p1:InsuredVehicleDrivers>
        <d3p1:InsuredVehiclePassengers i:nil="true" />
        <d3p1:Insureds>
          <d3p1:Insured_Type>
            <d3p1:ExternalReferences>
              <d3p1:ExternalReference_Type>
                <d3p1:ReferenceId>0Q2Y3UMHKB517SALAM20</d3p1:ReferenceId>
                <d3p1:SourceSystemId>EXCEED</d3p1:SourceSystemId>
              </d3p1:ExternalReference_Type>
            </d3p1:ExternalReferences>
            <d3p1:key>11</d3p1:key>
            <d3p1:References>
              <d3p1:AddressReferences xmlns:d8p1="http://schemas.microsoft.com/2003/10/Serialization/Arrays" i:nil="true" />
              <d3p1:ClaimReserveReferences xmlns:d8p1="http://schemas.microsoft.com/2003/10/Serialization/Arrays" i:nil="true" />
              <d3p1:ContactPointReferences xmlns:d8p1="http://schemas.microsoft.com/2003/10/Serialization/Arrays" i:nil="true" />
              <d3p1:PartyReferences xmlns:d8p1="http://schemas.microsoft.com/2003/10/Serialization/Arrays">
                <d8p1:string>9</d8p1:string>
              </d3p1:PartyReferences>
              <d3p1:PartyRoleReferences xmlns:d8p1="http://schemas.microsoft.com/2003/10/Serialization/Arrays" i:nil="true" />
              <d3p1:PhysicalObjectReferences i:nil="true" />
              <d3p1:PhysicalObjectRoleReferences xmlns:d8p1="http://schemas.microsoft.com/2003/10/Serialization/Arrays" i:nil="true" />
              <d3p1:RelatedPartyRoleReferences xmlns:d8p1="http://schemas.microsoft.com/2003/10/Serialization/Arrays" i:nil="true" />
            </d3p1:References>
            <d3p1:Id i:nil="true" />
            <d3p1:InsurableInterestTypeCode i:nil="true" />
            <d3p1:InsurableInterestTypeDescription i:nil="true" />
            <d3p1:InsuredTypeCode>Primary</d3p1:InsuredTypeCode>
          </d3p1:Insured_Type>
        </d3p1:Insureds>
        <d3p1:LossPayees i:nil="true" />
        <d3p1:MedicalProviders i:nil="true" />
        <d3p1:MortgageesPrimary i:nil="true" />
        <d3p1:MortgageesSecondary i:nil="true" />
        <d3p1:Owners i:nil="true" />
        <d3p1:Pharmacies i:nil="true" />
        <d3p1:PhysicalTherapists i:nil="true" />
        <d3p1:Physicians i:nil="true" />
        <d3p1:PlaintiffAttorneys i:nil="true" />
        <d3p1:Plaintiffs i:nil="true" />
        <d3p1:TowingServices i:nil="true" />
        <d3p1:Unspecifieds>
          <d3p1:Unspecified_Type>
            <d3p1:ExternalReferences>
              <d3p1:ExternalReference_Type>
                <d3p1:ReferenceId>1VYUL13SU7679NPTOLAN</d3p1:ReferenceId>
                <d3p1:SourceSystemId>EXCEED</d3p1:SourceSystemId>
              </d3p1:ExternalReference_Type>
            </d3p1:ExternalReferences>
            <d3p1:key>15</d3p1:key>
            <d3p1:References>
              <d3p1:AddressReferences xmlns:d8p1="http://schemas.microsoft.com/2003/10/Serialization/Arrays" i:nil="true" />
              <d3p1:ClaimReserveReferences xmlns:d8p1="http://schemas.microsoft.com/2003/10/Serialization/Arrays" i:nil="true" />
              <d3p1:ContactPointReferences xmlns:d8p1="http://schemas.microsoft.com/2003/10/Serialization/Arrays" i:nil="true" />
              <d3p1:PartyReferences xmlns:d8p1="http://schemas.microsoft.com/2003/10/Serialization/Arrays">
                <d8p1:string>14</d8p1:string>
              </d3p1:PartyReferences>
              <d3p1:PartyRoleReferences xmlns:d8p1="http://schemas.microsoft.com/2003/10/Serialization/Arrays" i:nil="true" />
              <d3p1:PhysicalObjectReferences i:nil="true" />
              <d3p1:PhysicalObjectRoleReferences xmlns:d8p1="http://schemas.microsoft.com/2003/10/Serialization/Arrays" i:nil="true" />
              <d3p1:RelatedPartyRoleReferences xmlns:d8p1="http://schemas.microsoft.com/2003/10/Serialization/Arrays" i:nil="true" />
            </d3p1:References>
            <d3p1:SourceRoleCode i:nil="true" />
          </d3p1:Unspecified_Type>
          <d3p1:Unspecified_Type>
            <d3p1:ExternalReferences>
              <d3p1:ExternalReference_Type>
                <d3p1:ReferenceId>6AJN2WZ8I3351SALAM11</d3p1:ReferenceId>
                <d3p1:SourceSystemId>EXCEED</d3p1:SourceSystemId>
              </d3p1:ExternalReference_Type>
            </d3p1:ExternalReferences>
            <d3p1:key>21</d3p1:key>
            <d3p1:References>
              <d3p1:AddressReferences xmlns:d8p1="http://schemas.microsoft.com/2003/10/Serialization/Arrays" i:nil="true" />
              <d3p1:ClaimReserveReferences xmlns:d8p1="http://schemas.microsoft.com/2003/10/Serialization/Arrays" i:nil="true" />
              <d3p1:ContactPointReferences xmlns:d8p1="http://schemas.microsoft.com/2003/10/Serialization/Arrays" i:nil="true" />
              <d3p1:PartyReferences xmlns:d8p1="http://schemas.microsoft.com/2003/10/Serialization/Arrays">
                <d8p1:string>19</d8p1:string>
              </d3p1:PartyReferences>
              <d3p1:PartyRoleReferences xmlns:d8p1="http://schemas.microsoft.com/2003/10/Serialization/Arrays" i:nil="true" />
              <d3p1:PhysicalObjectReferences i:nil="true" />
              <d3p1:PhysicalObjectRoleReferences xmlns:d8p1="http://schemas.microsoft.com/2003/10/Serialization/Arrays" i:nil="true" />
              <d3p1:RelatedPartyRoleReferences xmlns:d8p1="http://schemas.microsoft.com/2003/10/Serialization/Arrays" i:nil="true" />
            </d3p1:References>
            <d3p1:SourceRoleCode i:nil="true" />
          </d3p1:Unspecified_Type>
          <d3p1:Unspecified_Type>
            <d3p1:ExternalReferences>
              <d3p1:ExternalReference_Type>
                <d3p1:ReferenceId>6AJN2WZ8I3351SALAM11</d3p1:ReferenceId>
                <d3p1:SourceSystemId>EXCEED</d3p1:SourceSystemId>
              </d3p1:ExternalReference_Type>
            </d3p1:ExternalReferences>
            <d3p1:key>23</d3p1:key>
            <d3p1:References>
              <d3p1:AddressReferences xmlns:d8p1="http://schemas.microsoft.com/2003/10/Serialization/Arrays" i:nil="true" />
              <d3p1:ClaimReserveReferences xmlns:d8p1="http://schemas.microsoft.com/2003/10/Serialization/Arrays" i:nil="true" />
              <d3p1:ContactPointReferences xmlns:d8p1="http://schemas.microsoft.com/2003/10/Serialization/Arrays" i:nil="true" />
              <d3p1:PartyReferences xmlns:d8p1="http://schemas.microsoft.com/2003/10/Serialization/Arrays">
                <d8p1:string>19</d8p1:string>
              </d3p1:PartyReferences>
              <d3p1:PartyRoleReferences xmlns:d8p1="http://schemas.microsoft.com/2003/10/Serialization/Arrays" i:nil="true" />
              <d3p1:PhysicalObjectReferences i:nil="true" />
              <d3p1:PhysicalObjectRoleReferences xmlns:d8p1="http://schemas.microsoft.com/2003/10/Serialization/Arrays" i:nil="true" />
              <d3p1:RelatedPartyRoleReferences xmlns:d8p1="http://schemas.microsoft.com/2003/10/Serialization/Arrays" i:nil="true" />
            </d3p1:References>
            <d3p1:SourceRoleCode i:nil="true" />
          </d3p1:Unspecified_Type>
        </d3p1:Unspecifieds>
        <d3p1:Vendors i:nil="true" />
        <d3p1:Witnesses i:nil="true" />
      </d3p1:PartyRoleInClaim>
      <d3p1:PhysicalObjects>
        <d3p1:Buildings i:nil="true" />
        <d3p1:LandVehicles>
          <d3p1:LandVehicle_Type>
            <d3p1:ExternalReferences i:nil="true" />
            <d3p1:key>31</d3p1:key>
            <d3p1:DateAdded i:nil="true" />
            <d3p1:Deleted i:nil="true" />
            <d3p1:Description>2015 CADILLAC CTS PREMIUM 1G6AT5S3&amp;F</d3p1:Description>
            <d3p1:ExternalReference i:nil="true" />
            <d3p1:Number>100</d3p1:Number>
            <d3p1:PhysicalObjectReference i:nil="true" />
            <d3p1:GrossCombinedWeight i:nil="true" />
            <d3p1:GrossWeight i:nil="true" />
            <d3p1:ListPriceNewAmount i:nil="true" />
            <d3p1:Make>CADILLAC</d3p1:Make>
            <d3p1:Model i:nil="true" />
            <d3p1:ModelYear>2015</d3p1:ModelYear>
            <d3p1:OriginalCostAmount i:nil="true" />
            <d3p1:RegistrationNumber i:nil="true" />
            <d3p1:FullCoverageGlass i:nil="true" />
            <d3p1:GarageType i:nil="true" />
            <d3p1:VehicleIdentificationNumber>1G6AT5S3&amp;F</d3p1:VehicleIdentificationNumber>
            <d3p1:VehicleType i:nil="true" />
          </d3p1:LandVehicle_Type>
        </d3p1:LandVehicles>
        <d3p1:ScheduledItems i:nil="true" />
        <d3p1:Watercrafts i:nil="true" />
      </d3p1:PhysicalObjects>
      <d3p1:References i:nil="true" />
      <d3p1:ReportOfficeCode i:nil="true" />
      <d3p1:ReportedBy i:nil="true" />
      <d3p1:ReportedDate>2019-06-11T00:00:00</d3p1:ReportedDate>
      <d3p1:ReportedToCarrier i:nil="true" />
      <d3p1:TchClaimKey i:nil="true" />
      <d3p1:reportedByMethod i:nil="true" />
    </d2p1:Claim>
    <d2p1:PolicyAgreement xmlns:d3p1="http://schemas.westbendinsurance.com/EnterpriseMessageModel/v1">
      <d3p1:ExternalReferences i:nil="true" />
      <d3p1:key>3</d3p1:key>
      <d3p1:Addresses i:nil="true" />
      <d3p1:AgreementSource i:nil="true" />
      <d3p1:AssignedUnderwriterName i:nil="true" />
      <d3p1:CancellationNoticeDays i:nil="true" />
      <d3p1:CancellationReasons i:nil="true" />
      <d3p1:ContactPoints i:nil="true" />
      <d3p1:EffectiveDate>2019-06-10T00:00:00</d3p1:EffectiveDate>
      <d3p1:ExpirationDate>2020-06-10T00:00:00</d3p1:ExpirationDate>
      <d3p1:IssueDate i:nil="true" />
      <d3p1:Locations i:nil="true" />
      <d3p1:ModifiedDate i:nil="true" />
      <d3p1:Name i:nil="true" />
      <d3p1:Parties>
        <d3p1:Organizations>
          <d3p1:Organization_Type>
            <d3p1:ExternalReferences i:nil="true" />
            <d3p1:key>2</d3p1:key>
            <d3p1:CustomerNumber i:nil="true" />
            <d3p1:References i:nil="true" />
            <d3p1:RestrictedReason i:nil="true" />
            <d3p1:RestrictedDate i:nil="true" />
            <d3p1:RestrictedEnteredBy i:nil="true" />
            <d3p1:RestrictedStrategicProfitCenter i:nil="true" />
            <d3p1:IsActive i:nil="true" />
            <d3p1:DeactivationDate i:nil="true" />
            <d3p1:EmployeeSummaryDetail i:nil="true" />
            <d3p1:EmployerIdentificationNumber i:nil="true" />
            <d3p1:FinancialResult i:nil="true" />
            <d3p1:FoundationDate i:nil="true" />
            <d3p1:MemberCount i:nil="true" />
            <d3p1:OperationsDetail i:nil="true" />
            <d3p1:OrganizationLegalStatus i:nil="true" />
            <d3p1:OrganizationNames i:nil="true" />
            <d3p1:OrganizationStatusCode i:nil="true" />
            <d3p1:OrganizationStatusCodeDate i:nil="true" />
            <d3p1:OrganizationStatusCodeDescription i:nil="true" />
            <d3p1:OrganizationStatusCodeReason i:nil="true" />
            <d3p1:OrganizationUnits>
              <d3p1:OrganizationUnit_Type>
                <d3p1:ExternalReferences i:nil="true" />
                <d3p1:key i:nil="true" />
                <d3p1:Code>W</d3p1:Code>
                <d3p1:Description i:nil="true" />
                <d3p1:OrganizationUnits i:nil="true" />
                <d3p1:Type i:nil="true" />
              </d3p1:OrganizationUnit_Type>
            </d3p1:OrganizationUnits>
            <d3p1:Registration i:nil="true" />
          </d3p1:Organization_Type>
        </d3p1:Organizations>
        <d3p1:People i:nil="true" />
      </d3p1:Parties>
      <d3p1:PartyRoleInAgreement>
        <d3p1:ExternalReferences i:nil="true" />
        <d3p1:key i:nil="true" />
        <d3p1:References i:nil="true" />
        <d3p1:AdditionalInterests i:nil="true" />
        <d3p1:Agencies i:nil="true" />
        <d3p1:Drivers i:nil="true" />
        <d3p1:Insureds i:nil="true" />
        <d3p1:Insurers>
          <d3p1:Insurer_Type>
            <d3p1:ExternalReferences i:nil="true" />
            <d3p1:key>1</d3p1:key>
            <d3p1:References>
              <d3p1:AddressReferences xmlns:d8p1="http://schemas.microsoft.com/2003/10/Serialization/Arrays" i:nil="true" />
              <d3p1:ClaimReserveReferences xmlns:d8p1="http://schemas.microsoft.com/2003/10/Serialization/Arrays" i:nil="true" />
              <d3p1:ContactPointReferences xmlns:d8p1="http://schemas.microsoft.com/2003/10/Serialization/Arrays" i:nil="true" />
              <d3p1:PartyReferences xmlns:d8p1="http://schemas.microsoft.com/2003/10/Serialization/Arrays">
                <d8p1:string>2</d8p1:string>
              </d3p1:PartyReferences>
              <d3p1:PartyRoleReferences xmlns:d8p1="http://schemas.microsoft.com/2003/10/Serialization/Arrays" i:nil="true" />
              <d3p1:PhysicalObjectReferences i:nil="true" />
              <d3p1:PhysicalObjectRoleReferences xmlns:d8p1="http://schemas.microsoft.com/2003/10/Serialization/Arrays" i:nil="true" />
              <d3p1:RelatedPartyRoleReferences xmlns:d8p1="http://schemas.microsoft.com/2003/10/Serialization/Arrays" i:nil="true" />
            </d3p1:References>
          </d3p1:Insurer_Type>
        </d3p1:Insurers>
        <d3p1:Obligees i:nil="true" />
        <d3p1:Principals i:nil="true" />
        <d3p1:Producers i:nil="true" />
        <d3p1:Sureties i:nil="true" />
      </d3p1:PartyRoleInAgreement>
      <d3p1:PenguinTechGenerated i:nil="true" />
      <d3p1:PhysicalObjectRoles i:nil="true" />
      <d3p1:PhysicalObjects i:nil="true" />
      <d3p1:Premium i:nil="true" />
      <d3p1:ProgramCode i:nil="true" />
      <d3p1:ReceivedDate i:nil="true" />
      <d3p1:ReviewDate i:nil="true" />
      <d3p1:SelectedLinesOfBusiness i:nil="true" />
      <d3p1:StatusCode i:nil="true" />
      <d3p1:CustomerCareIndicator i:nil="true" />
      <d3p1:LinesOfBusiness i:nil="true" />
      <d3p1:Offering i:nil="true" />
      <d3p1:PolicyNumber>A542168</d3p1:PolicyNumber>
      <d3p1:PolicySymbol></d3p1:PolicySymbol>
      <d3p1:PolicyVersion>00</d3p1:PolicyVersion>
      <d3p1:PrimaryRatingState>MI</d3p1:PrimaryRatingState>
      <d3p1:ProductCode i:nil="true" />
      <d3p1:ProductDescription i:nil="true" />
      <d3p1:SourceSystem i:nil="true" />
    </d2p1:PolicyAgreement>
    <d2p1:SuretyBondAgreement xmlns:d3p1="http://schemas.westbendinsurance.com/EnterpriseMessageModel/v1" i:nil="true" />
    <d2p1:DataAttributes xmlns:d3p1="http://services.westbendinsurance.com/common/v1">
      <d3p1:DataAttribute_Type>
        <d3p1:Key>ClaimLineOfBusinessCode</d3p1:Key>
        <d3p1:Value>CHO</d3p1:Value>
      </d3p1:DataAttribute_Type>
    </d2p1:DataAttributes>
    <d2p1:ClaimTaskDetail i:nil="true" />
  </_x003C_Claim_x003E_k__BackingField>
</GetFullClaimResponse>