﻿<GetFullClaimResponse xmlns:i="http://www.w3.org/2001/XMLSchema-instance" xmlns="http://schemas.datacontract.org/2004/07/WestBend.Core.Service.MessageContracts">
  <DUMMY1></DUMMY1>
  <_x003C_Claim_x003E_k__BackingField xmlns:d2p1="http://services.westbendinsurance.com/ClaimEntityService/v1">
    <d2p1:Claim xmlns:a="http://schemas.westbendinsurance.com/EnterpriseMessageModel/v1">
            <a:ExternalReferences>
                <a:ExternalReference_Type>
                    <a:ReferenceId>ADPY7T1LIN419JLSPETH</a:ReferenceId>
                    <a:SourceSystemId>EXCEED</a:SourceSystemId>
                </a:ExternalReference_Type>
            </a:ExternalReferences>
            <a:key>4</a:key>
            <a:Addresses>
                <a:Address_Type>
                    <a:ExternalReferences i:nil="true" />
                    <a:key>11</a:key>
                    <a:AddressLine1>1900 S 18TH AVE</a:AddressLine1>
                    <a:AddressLine1Details i:nil="true" />
                    <a:AddressLine2 i:nil="true" />
                    <a:AddressLine3 i:nil="true" />
                    <a:AddressLine4 i:nil="true" />
                    <a:AddressType i:nil="true" />
                    <a:CityName>WEST BEND</a:CityName>
                    <a:CountryCode>USA</a:CountryCode>
                    <a:CountryName i:nil="true" />
                    <a:CountyCode i:nil="true" />
                    <a:CountyName i:nil="true" />
                    <a:LastModified>2016-11-04T12:33:28.034028</a:LastModified>
                    <a:Latitude i:nil="true" />
                    <a:Longitude i:nil="true" />
                    <a:PostalCode>53095-</a:PostalCode>
                    <a:PostalCodeExtension i:nil="true" />
                    <a:References i:nil="true" />
                    <a:RegionCode i:nil="true" />
                    <a:RegionName i:nil="true" />
                    <a:StateAbbreviationCode>WI</a:StateAbbreviationCode>
                    <a:StateName i:nil="true" />
                    <a:UnstructuredAddress i:nil="true" />
                </a:Address_Type>
                <a:Address_Type>
                    <a:ExternalReferences i:nil="true" />
                    <a:key>16</a:key>
                    <a:AddressLine1>555 1ST AVENUE</a:AddressLine1>
                    <a:AddressLine1Details i:nil="true" />
                    <a:AddressLine2 i:nil="true" />
                    <a:AddressLine3 i:nil="true" />
                    <a:AddressLine4 i:nil="true" />
                    <a:AddressType i:nil="true" />
                    <a:CityName>GERMANTOWN</a:CityName>
                    <a:CountryCode>USA</a:CountryCode>
                    <a:CountryName i:nil="true" />
                    <a:CountyCode i:nil="true" />
                    <a:CountyName i:nil="true" />
                    <a:LastModified>2019-05-30T13:27:12.608344</a:LastModified>
                    <a:Latitude i:nil="true" />
                    <a:Longitude i:nil="true" />
                    <a:PostalCode>53022-</a:PostalCode>
                    <a:PostalCodeExtension i:nil="true" />
                    <a:References i:nil="true" />
                    <a:RegionCode i:nil="true" />
                    <a:RegionName i:nil="true" />
                    <a:StateAbbreviationCode>WI</a:StateAbbreviationCode>
                    <a:StateName i:nil="true" />
                    <a:UnstructuredAddress i:nil="true" />
                </a:Address_Type>
                <a:Address_Type>
                    <a:ExternalReferences i:nil="true" />
                    <a:key>23</a:key>
                    <a:AddressLine1>123 MAIN ST</a:AddressLine1>
                    <a:AddressLine1Details i:nil="true" />
                    <a:AddressLine2 i:nil="true" />
                    <a:AddressLine3 i:nil="true" />
                    <a:AddressLine4 i:nil="true" />
                    <a:AddressType i:nil="true" />
                    <a:CityName>ANN ARBOR</a:CityName>
                    <a:CountryCode>USA</a:CountryCode>
                    <a:CountryName i:nil="true" />
                    <a:CountyCode i:nil="true" />
                    <a:CountyName i:nil="true" />
                    <a:LastModified>2019-07-15T16:45:25.241291</a:LastModified>
                    <a:Latitude i:nil="true" />
                    <a:Longitude i:nil="true" />
                    <a:PostalCode>48001-</a:PostalCode>
                    <a:PostalCodeExtension i:nil="true" />
                    <a:References i:nil="true" />
                    <a:RegionCode i:nil="true" />
                    <a:RegionName i:nil="true" />
                    <a:StateAbbreviationCode>MI</a:StateAbbreviationCode>
                    <a:StateName i:nil="true" />
                    <a:UnstructuredAddress i:nil="true" />
                </a:Address_Type>
            </a:Addresses>
            <a:AgreementReference>3</a:AgreementReference>
            <a:CauseOfLoss i:nil="true" />
            <a:ClaimAtFault>
                <a:ExternalReferences i:nil="true" />
                <a:key i:nil="true" />
                <a:DriverNumber>0</a:DriverNumber>
                <a:DriverType>Unlisted</a:DriverType>
                <a:IsAtFault>true</a:IsAtFault>
            </a:ClaimAtFault>
            <a:ClaimCoverages i:nil="true" />
            <a:ClaimLOB i:nil="true" />
            <a:ClaimNumber>DA01071</a:ClaimNumber>
            <a:ClaimRelationships />
            <a:ClaimReserves>
                <a:ClaimReserve_Type>
                    <a:ExternalReferences i:nil="true" />
                    <a:key>25</a:key>
                    <a:TchClaimKey i:nil="true" />
                    <a:ClaimantId i:nil="true" />
                    <a:ReserveCauseOfLoss>99</a:ReserveCauseOfLoss>
                    <a:ReserveCategory>3</a:ReserveCategory>
                    <a:ReserveMajorPeril>110 </a:ReserveMajorPeril>
                    <a:ReserveAmount i:nil="true" />
                    <a:CoverageComponentCode i:nil="true" />
                    <a:PhysicalObjectRole>
                        <a:ExternalReferences i:nil="true" />
                        <a:key i:nil="true" />
                        <a:LocationReference i:nil="true" />
                        <a:PhysicalObjectReference>27</a:PhysicalObjectReference>
                    </a:PhysicalObjectRole>
                    <a:References>
                        <a:AddressReferences i:nil="true" xmlns:b="http://schemas.microsoft.com/2003/10/Serialization/Arrays" />
                        <a:ClaimReserveReferences i:nil="true" xmlns:b="http://schemas.microsoft.com/2003/10/Serialization/Arrays" />
                        <a:ContactPointReferences i:nil="true" xmlns:b="http://schemas.microsoft.com/2003/10/Serialization/Arrays" />
                        <a:PartyReferences i:nil="true" xmlns:b="http://schemas.microsoft.com/2003/10/Serialization/Arrays" />
                        <a:PartyRoleReferences xmlns:b="http://schemas.microsoft.com/2003/10/Serialization/Arrays">
                            <b:string>19</b:string>
                        </a:PartyRoleReferences>
                        <a:PhysicalObjectReferences i:nil="true" />
                        <a:PhysicalObjectRoleReferences i:nil="true" xmlns:b="http://schemas.microsoft.com/2003/10/Serialization/Arrays" />
                        <a:RelatedPartyRoleReferences i:nil="true" xmlns:b="http://schemas.microsoft.com/2003/10/Serialization/Arrays" />
                    </a:References>
                    <a:UnitNumber i:nil="true" />
                    <a:CoverageTypeCode>110 </a:CoverageTypeCode>
                    <a:MajorPerilSequence>00</a:MajorPerilSequence>
                    <a:SarId i:nil="true" />
                    <a:InsuranceLine i:nil="true" />
                    <a:RiskUnitGroup i:nil="true" />
                    <a:RiskUnitGroupSequence i:nil="true" />
                    <a:RiskUnit i:nil="true" />
                    <a:SubLocationNumber>100</a:SubLocationNumber>
                    <a:RiskUnitSequence i:nil="true" />
                    <a:CoverageSequenceNumber>1</a:CoverageSequenceNumber>
                    <a:ClaimReserveType>
                        <a:ReserveTypeCode>D</a:ReserveTypeCode>
                        <a:ReserveTypeDescription>LOSS</a:ReserveTypeDescription>
                    </a:ClaimReserveType>
                    <a:FinancialTransactions i:nil="true" />
                    <a:LocationNumber i:nil="true" />
                    <a:ObjectTypeCode>AUT</a:ObjectTypeCode>
                    <a:CoverageStartDate i:nil="true" />
                    <a:CoverageEndDate i:nil="true" />
                    <a:Status>O</a:Status>
                    <a:ObjectSequenceNumber>1</a:ObjectSequenceNumber>
                    <a:RiskTypeIndicator i:nil="true" />
                    <a:CoverageForm i:nil="true" />
                    <a:CoverageType>PD</a:CoverageType>
                    <a:RiskType i:nil="true" />
                    <a:PolicyCoverageId i:nil="true" />
                    <a:UnitDescription>2017 Nissan Sentra</a:UnitDescription>
                    <a:CoverageTypeCodeDescription>Property damage</a:CoverageTypeCodeDescription>
                    <a:CauseOfLossDescription>PROPERTY DAMAGE</a:CauseOfLossDescription>
                    <a:ReserveCategoryDescription>Property Damage</a:ReserveCategoryDescription>
                    <a:OutstandingReserveAmount>150.00</a:OutstandingReserveAmount>
                    <a:TotalPaidAmount>850.00</a:TotalPaidAmount>
                    <a:TotalIncurredAmount>1000.00</a:TotalIncurredAmount>
                    <a:ClosedDate i:nil="true" />
                    <a:ReopenDate i:nil="true" />
                    <a:ClassCodeDescription i:nil="true" />
                </a:ClaimReserve_Type>
                <a:ClaimReserve_Type>
                    <a:ExternalReferences i:nil="true" />
                    <a:key>26</a:key>
                    <a:TchClaimKey i:nil="true" />
                    <a:ClaimantId i:nil="true" />
                    <a:ReserveCauseOfLoss>03</a:ReserveCauseOfLoss>
                    <a:ReserveCategory>3</a:ReserveCategory>
                    <a:ReserveMajorPeril>145 </a:ReserveMajorPeril>
                    <a:ReserveAmount i:nil="true" />
                    <a:CoverageComponentCode i:nil="true" />
                    <a:PhysicalObjectRole>
                        <a:ExternalReferences i:nil="true" />
                        <a:key i:nil="true" />
                        <a:LocationReference i:nil="true" />
                        <a:PhysicalObjectReference>27</a:PhysicalObjectReference>
                    </a:PhysicalObjectRole>
                    <a:References>
                        <a:AddressReferences i:nil="true" xmlns:b="http://schemas.microsoft.com/2003/10/Serialization/Arrays" />
                        <a:ClaimReserveReferences i:nil="true" xmlns:b="http://schemas.microsoft.com/2003/10/Serialization/Arrays" />
                        <a:ContactPointReferences i:nil="true" xmlns:b="http://schemas.microsoft.com/2003/10/Serialization/Arrays" />
                        <a:PartyReferences i:nil="true" xmlns:b="http://schemas.microsoft.com/2003/10/Serialization/Arrays" />
                        <a:PartyRoleReferences xmlns:b="http://schemas.microsoft.com/2003/10/Serialization/Arrays">
                            <b:string>19</b:string>
                        </a:PartyRoleReferences>
                        <a:PhysicalObjectReferences i:nil="true" />
                        <a:PhysicalObjectRoleReferences i:nil="true" xmlns:b="http://schemas.microsoft.com/2003/10/Serialization/Arrays" />
                        <a:RelatedPartyRoleReferences i:nil="true" xmlns:b="http://schemas.microsoft.com/2003/10/Serialization/Arrays" />
                    </a:References>
                    <a:UnitNumber i:nil="true" />
                    <a:CoverageTypeCode>145 </a:CoverageTypeCode>
                    <a:MajorPerilSequence>00</a:MajorPerilSequence>
                    <a:SarId i:nil="true" />
                    <a:InsuranceLine i:nil="true" />
                    <a:RiskUnitGroup i:nil="true" />
                    <a:RiskUnitGroupSequence i:nil="true" />
                    <a:RiskUnit i:nil="true" />
                    <a:SubLocationNumber>100</a:SubLocationNumber>
                    <a:RiskUnitSequence i:nil="true" />
                    <a:CoverageSequenceNumber>1</a:CoverageSequenceNumber>
                    <a:ClaimReserveType>
                        <a:ReserveTypeCode>D</a:ReserveTypeCode>
                        <a:ReserveTypeDescription>LOSS</a:ReserveTypeDescription>
                    </a:ClaimReserveType>
                    <a:FinancialTransactions i:nil="true" />
                    <a:LocationNumber i:nil="true" />
                    <a:ObjectTypeCode>AUT</a:ObjectTypeCode>
                    <a:CoverageStartDate i:nil="true" />
                    <a:CoverageEndDate i:nil="true" />
                    <a:Status>O</a:Status>
                    <a:ObjectSequenceNumber>1</a:ObjectSequenceNumber>
                    <a:RiskTypeIndicator i:nil="true" />
                    <a:CoverageForm i:nil="true" />
                    <a:CoverageType>OTC</a:CoverageType>
                    <a:RiskType i:nil="true" />
                    <a:PolicyCoverageId i:nil="true" />
                    <a:UnitDescription>2017 Nissan Sentra</a:UnitDescription>
                    <a:CoverageTypeCodeDescription>All Other/Comprehensive</a:CoverageTypeCodeDescription>
                    <a:CauseOfLossDescription>GLASS</a:CauseOfLossDescription>
                    <a:ReserveCategoryDescription>Property Damage</a:ReserveCategoryDescription>
                    <a:OutstandingReserveAmount>50.00</a:OutstandingReserveAmount>
                    <a:TotalPaidAmount>250.00</a:TotalPaidAmount>
                    <a:TotalIncurredAmount>300.00</a:TotalIncurredAmount>
                    <a:ClosedDate i:nil="true" />
                    <a:ReopenDate i:nil="true" />
                    <a:ClassCodeDescription i:nil="true" />
                </a:ClaimReserve_Type>
            </a:ClaimReserves>
            <a:ClaimStatusCode>O</a:ClaimStatusCode>
            <a:ClaimStatusCodeDescription>OPEN</a:ClaimStatusCodeDescription>
            <a:ClaimStory i:nil="true" />
            <a:ClaimType>HOM</a:ClaimType>
            <a:ClosedDate i:nil="true" />
            <a:ContactPoints>
                <a:EmailContacts>
                    <a:EmailContact_Type>
                        <a:ExternalReferences i:nil="true" />
                        <a:key>6</a:key>
                        <a:IsPreferredContact i:nil="true" />
                        <a:References i:nil="true" />
                        <a:EmailAddress i:nil="true" />
                        <a:EmailTypeCode>Work</a:EmailTypeCode>
                        <a:LastModified i:nil="true" />
                    </a:EmailContact_Type>
                </a:EmailContacts>
                <a:PostalContacts>
                    <a:PostalContact_Type>
                        <a:ExternalReferences i:nil="true" />
                        <a:key>12</a:key>
                        <a:IsPreferredContact>false</a:IsPreferredContact>
                        <a:References>
                            <a:AddressReferences xmlns:b="http://schemas.microsoft.com/2003/10/Serialization/Arrays">
                                <b:string>11</b:string>
                            </a:AddressReferences>
                            <a:ClaimReserveReferences i:nil="true" xmlns:b="http://schemas.microsoft.com/2003/10/Serialization/Arrays" />
                            <a:ContactPointReferences i:nil="true" xmlns:b="http://schemas.microsoft.com/2003/10/Serialization/Arrays" />
                            <a:PartyReferences i:nil="true" xmlns:b="http://schemas.microsoft.com/2003/10/Serialization/Arrays" />
                            <a:PartyRoleReferences i:nil="true" xmlns:b="http://schemas.microsoft.com/2003/10/Serialization/Arrays" />
                            <a:PhysicalObjectReferences i:nil="true" />
                            <a:PhysicalObjectRoleReferences i:nil="true" xmlns:b="http://schemas.microsoft.com/2003/10/Serialization/Arrays" />
                            <a:RelatedPartyRoleReferences i:nil="true" xmlns:b="http://schemas.microsoft.com/2003/10/Serialization/Arrays" />
                        </a:References>
                        <a:AddressNatureCode>Business</a:AddressNatureCode>
                        <a:AddressNatureCodeDescription i:nil="true" />
                    </a:PostalContact_Type>
                    <a:PostalContact_Type>
                        <a:ExternalReferences i:nil="true" />
                        <a:key>17</a:key>
                        <a:IsPreferredContact>false</a:IsPreferredContact>
                        <a:References>
                            <a:AddressReferences xmlns:b="http://schemas.microsoft.com/2003/10/Serialization/Arrays">
                                <b:string>16</b:string>
                            </a:AddressReferences>
                            <a:ClaimReserveReferences i:nil="true" xmlns:b="http://schemas.microsoft.com/2003/10/Serialization/Arrays" />
                            <a:ContactPointReferences i:nil="true" xmlns:b="http://schemas.microsoft.com/2003/10/Serialization/Arrays" />
                            <a:PartyReferences i:nil="true" xmlns:b="http://schemas.microsoft.com/2003/10/Serialization/Arrays" />
                            <a:PartyRoleReferences i:nil="true" xmlns:b="http://schemas.microsoft.com/2003/10/Serialization/Arrays" />
                            <a:PhysicalObjectReferences i:nil="true" />
                            <a:PhysicalObjectRoleReferences i:nil="true" xmlns:b="http://schemas.microsoft.com/2003/10/Serialization/Arrays" />
                            <a:RelatedPartyRoleReferences i:nil="true" xmlns:b="http://schemas.microsoft.com/2003/10/Serialization/Arrays" />
                        </a:References>
                        <a:AddressNatureCode>Home</a:AddressNatureCode>
                        <a:AddressNatureCodeDescription i:nil="true" />
                    </a:PostalContact_Type>
                    <a:PostalContact_Type>
                        <a:ExternalReferences i:nil="true" />
                        <a:key>24</a:key>
                        <a:IsPreferredContact>true</a:IsPreferredContact>
                        <a:References>
                            <a:AddressReferences xmlns:b="http://schemas.microsoft.com/2003/10/Serialization/Arrays">
                                <b:string>23</b:string>
                            </a:AddressReferences>
                            <a:ClaimReserveReferences i:nil="true" xmlns:b="http://schemas.microsoft.com/2003/10/Serialization/Arrays" />
                            <a:ContactPointReferences i:nil="true" xmlns:b="http://schemas.microsoft.com/2003/10/Serialization/Arrays" />
                            <a:PartyReferences i:nil="true" xmlns:b="http://schemas.microsoft.com/2003/10/Serialization/Arrays" />
                            <a:PartyRoleReferences i:nil="true" xmlns:b="http://schemas.microsoft.com/2003/10/Serialization/Arrays" />
                            <a:PhysicalObjectReferences i:nil="true" />
                            <a:PhysicalObjectRoleReferences i:nil="true" xmlns:b="http://schemas.microsoft.com/2003/10/Serialization/Arrays" />
                            <a:RelatedPartyRoleReferences i:nil="true" xmlns:b="http://schemas.microsoft.com/2003/10/Serialization/Arrays" />
                        </a:References>
                        <a:AddressNatureCode>Business</a:AddressNatureCode>
                        <a:AddressNatureCodeDescription i:nil="true" />
                    </a:PostalContact_Type>
                </a:PostalContacts>
                <a:TelephoneContacts>
                    <a:TelephoneContact_Type>
                        <a:ExternalReferences i:nil="true" />
                        <a:key>5</a:key>
                        <a:IsPreferredContact i:nil="true" />
                        <a:References i:nil="true" />
                        <a:LastModified i:nil="true" />
                        <a:TelephoneNumber>(262)334-6520X</a:TelephoneNumber>
                        <a:TelephoneTypeCode>Work</a:TelephoneTypeCode>
                        <a:TelephoneTypeCodeDescription i:nil="true" />
                    </a:TelephoneContact_Type>
                </a:TelephoneContacts>
                <a:WebPageContacts i:nil="true" />
            </a:ContactPoints>
            <a:EnterpriseClaimFinancialMeasures i:nil="true" />
            <a:JurisdictionStateCode i:nil="true" />
            <a:LossOccurrence>
                <a:CatastropheCode i:nil="true" />
                <a:LossLocation>
                    <a:ExternalReferences i:nil="true" />
                    <a:key i:nil="true" />
                    <a:AddressLine1>123 MAIN STREET</a:AddressLine1>
                    <a:AddressLine1Details i:nil="true" />
                    <a:AddressLine2 i:nil="true" />
                    <a:AddressLine3 i:nil="true" />
                    <a:AddressLine4 i:nil="true" />
                    <a:AddressType i:nil="true" />
                    <a:CityName>MILWAUKEE</a:CityName>
                    <a:CountryCode i:nil="true" />
                    <a:CountryName i:nil="true" />
                    <a:CountyCode i:nil="true" />
                    <a:CountyName i:nil="true" />
                    <a:LastModified i:nil="true" />
                    <a:Latitude i:nil="true" />
                    <a:Longitude i:nil="true" />
                    <a:PostalCode>53209</a:PostalCode>
                    <a:PostalCodeExtension i:nil="true" />
                    <a:References i:nil="true" />
                    <a:RegionCode i:nil="true" />
                    <a:RegionName i:nil="true" />
                    <a:StateAbbreviationCode>WI</a:StateAbbreviationCode>
                    <a:StateName i:nil="true" />
                    <a:UnstructuredAddress i:nil="true" />
                </a:LossLocation>
                <a:LossOccurrenceDate>2019-05-29T00:00:00</a:LossOccurrenceDate>
                <a:LossOccurrenceDescription>TESTING AN UNLISTED DRIVER</a:LossOccurrenceDescription>
                <a:LossOccurrenceID i:nil="true" />
            </a:LossOccurrence>
            <a:Parties>
                <a:Organizations i:nil="true" />
                <a:People>
                    <a:Person_Type>
                        <a:ExternalReferences>
                            <a:ExternalReference_Type>
                                <a:ReferenceId>ZAO20EH2DG80CLTCBATC</a:ReferenceId>
                                <a:SourceSystemId>EXCEED</a:SourceSystemId>
                            </a:ExternalReference_Type>
                        </a:ExternalReferences>
                        <a:key>7</a:key>
                        <a:CustomerNumber i:nil="true" />
                        <a:References>
                            <a:AddressReferences i:nil="true" xmlns:b="http://schemas.microsoft.com/2003/10/Serialization/Arrays" />
                            <a:ClaimReserveReferences i:nil="true" xmlns:b="http://schemas.microsoft.com/2003/10/Serialization/Arrays" />
                            <a:ContactPointReferences xmlns:b="http://schemas.microsoft.com/2003/10/Serialization/Arrays">
                                <b:string>5</b:string>
                                <b:string>6</b:string>
                            </a:ContactPointReferences>
                            <a:PartyReferences i:nil="true" xmlns:b="http://schemas.microsoft.com/2003/10/Serialization/Arrays" />
                            <a:PartyRoleReferences i:nil="true" xmlns:b="http://schemas.microsoft.com/2003/10/Serialization/Arrays" />
                            <a:PhysicalObjectReferences i:nil="true" />
                            <a:PhysicalObjectRoleReferences i:nil="true" xmlns:b="http://schemas.microsoft.com/2003/10/Serialization/Arrays" />
                            <a:RelatedPartyRoleReferences i:nil="true" xmlns:b="http://schemas.microsoft.com/2003/10/Serialization/Arrays" />
                        </a:References>
                        <a:RestrictedReason i:nil="true" />
                        <a:RestrictedDate i:nil="true" />
                        <a:RestrictedEnteredBy i:nil="true" />
                        <a:RestrictedStrategicProfitCenter i:nil="true" />
                        <a:IsActive i:nil="true" />
                        <a:BirthDate i:nil="true" />
                        <a:BloodTypeCode i:nil="true" />
                        <a:DeathDate i:nil="true" />
                        <a:DeathIndicator i:nil="true" />
                        <a:DriverLicense i:nil="true" />
                        <a:DrivingIncidents i:nil="true" />
                        <a:EthnicityCode i:nil="true" />
                        <a:EthnicityCodeDescription i:nil="true" />
                        <a:GenderCode i:nil="true" />
                        <a:GenderCodeDescription i:nil="true" />
                        <a:MaritalStatusCode i:nil="true" />
                        <a:MaritalStatusCodeDescription i:nil="true" />
                        <a:MissingDate i:nil="true" />
                        <a:MissingIndicator i:nil="true" />
                        <a:OccupationDescription i:nil="true" />
                        <a:PersonDetail i:nil="true" />
                        <a:PersonNames>
                            <a:PersonName_Type>
                                <a:ExternalReferences i:nil="true" />
                                <a:key i:nil="true" />
                                <a:DefaultIndicator i:nil="true" />
                                <a:Description i:nil="true" />
                                <a:FullName>KEN HEISDORF</a:FullName>
                                <a:GivenName>KEN</a:GivenName>
                                <a:MiddleName />
                                <a:PrefixTitle />
                                <a:Suffix />
                                <a:Surname>HEISDORF</a:Surname>
                                <a:UsageCode i:nil="true" />
                                <a:UsageCodeDescription i:nil="true" />
                            </a:PersonName_Type>
                        </a:PersonNames>
                        <a:PrimaryLanguageCode i:nil="true" />
                        <a:PrimaryLanguageCodeDescription i:nil="true" />
                        <a:SocialSecurity i:nil="true" />
                    </a:Person_Type>
                    <a:Person_Type>
                        <a:ExternalReferences>
                            <a:ExternalReference_Type>
                                <a:ReferenceId>X9FKHY4AYT391MJFLOOD</a:ReferenceId>
                                <a:SourceSystemId>EXCEED</a:SourceSystemId>
                            </a:ExternalReference_Type>
                            <a:ExternalReference_Type>
                                <a:ReferenceId i:nil="true" />
                                <a:SourceSystemId>EXCEED_VENDOR</a:SourceSystemId>
                            </a:ExternalReference_Type>
                        </a:ExternalReferences>
                        <a:key>9</a:key>
                        <a:CustomerNumber i:nil="true" />
                        <a:References>
                            <a:AddressReferences i:nil="true" xmlns:b="http://schemas.microsoft.com/2003/10/Serialization/Arrays" />
                            <a:ClaimReserveReferences i:nil="true" xmlns:b="http://schemas.microsoft.com/2003/10/Serialization/Arrays" />
                            <a:ContactPointReferences xmlns:b="http://schemas.microsoft.com/2003/10/Serialization/Arrays">
                                <b:string>12</b:string>
                            </a:ContactPointReferences>
                            <a:PartyReferences i:nil="true" xmlns:b="http://schemas.microsoft.com/2003/10/Serialization/Arrays" />
                            <a:PartyRoleReferences i:nil="true" xmlns:b="http://schemas.microsoft.com/2003/10/Serialization/Arrays" />
                            <a:PhysicalObjectReferences i:nil="true" />
                            <a:PhysicalObjectRoleReferences i:nil="true" xmlns:b="http://schemas.microsoft.com/2003/10/Serialization/Arrays" />
                            <a:RelatedPartyRoleReferences i:nil="true" xmlns:b="http://schemas.microsoft.com/2003/10/Serialization/Arrays" />
                        </a:References>
                        <a:RestrictedReason i:nil="true" />
                        <a:RestrictedDate i:nil="true" />
                        <a:RestrictedEnteredBy i:nil="true" />
                        <a:RestrictedStrategicProfitCenter i:nil="true" />
                        <a:IsActive>true</a:IsActive>
                        <a:BirthDate i:nil="true" />
                        <a:BloodTypeCode i:nil="true" />
                        <a:DeathDate i:nil="true" />
                        <a:DeathIndicator i:nil="true" />
                        <a:DriverLicense i:nil="true" />
                        <a:DrivingIncidents i:nil="true" />
                        <a:EthnicityCode i:nil="true" />
                        <a:EthnicityCodeDescription i:nil="true" />
                        <a:GenderCode></a:GenderCode>
                        <a:GenderCodeDescription i:nil="true" />
                        <a:MaritalStatusCode i:nil="true" />
                        <a:MaritalStatusCodeDescription i:nil="true" />
                        <a:MissingDate i:nil="true" />
                        <a:MissingIndicator i:nil="true" />
                        <a:OccupationDescription i:nil="true" />
                        <a:PersonDetail i:nil="true" />
                        <a:PersonNames>
                            <a:PersonName_Type>
                                <a:ExternalReferences i:nil="true" />
                                <a:key i:nil="true" />
                                <a:DefaultIndicator i:nil="true" />
                                <a:Description i:nil="true" />
                                <a:FullName>JULIE SPETH</a:FullName>
                                <a:GivenName>JULIE</a:GivenName>
                                <a:MiddleName />
                                <a:PrefixTitle />
                                <a:Suffix />
                                <a:Surname>SPETH</a:Surname>
                                <a:UsageCode i:nil="true" />
                                <a:UsageCodeDescription i:nil="true" />
                            </a:PersonName_Type>
                        </a:PersonNames>
                        <a:PrimaryLanguageCode i:nil="true" />
                        <a:PrimaryLanguageCodeDescription i:nil="true" />
                        <a:SocialSecurity i:nil="true" />
                    </a:Person_Type>
                    <a:Person_Type>
                        <a:ExternalReferences>
                            <a:ExternalReference_Type>
                                <a:ReferenceId>ZS71YNLQGF212JLSPETH</a:ReferenceId>
                                <a:SourceSystemId>EXCEED</a:SourceSystemId>
                            </a:ExternalReference_Type>
                            <a:ExternalReference_Type>
                                <a:ReferenceId i:nil="true" />
                                <a:SourceSystemId>EXCEED_VENDOR</a:SourceSystemId>
                            </a:ExternalReference_Type>
                        </a:ExternalReferences>
                        <a:key>13</a:key>
                        <a:CustomerNumber i:nil="true" />
                        <a:References>
                            <a:AddressReferences i:nil="true" xmlns:b="http://schemas.microsoft.com/2003/10/Serialization/Arrays" />
                            <a:ClaimReserveReferences i:nil="true" xmlns:b="http://schemas.microsoft.com/2003/10/Serialization/Arrays" />
                            <a:ContactPointReferences xmlns:b="http://schemas.microsoft.com/2003/10/Serialization/Arrays">
                                <b:string>17</b:string>
                            </a:ContactPointReferences>
                            <a:PartyReferences i:nil="true" xmlns:b="http://schemas.microsoft.com/2003/10/Serialization/Arrays" />
                            <a:PartyRoleReferences i:nil="true" xmlns:b="http://schemas.microsoft.com/2003/10/Serialization/Arrays" />
                            <a:PhysicalObjectReferences i:nil="true" />
                            <a:PhysicalObjectRoleReferences i:nil="true" xmlns:b="http://schemas.microsoft.com/2003/10/Serialization/Arrays" />
                            <a:RelatedPartyRoleReferences i:nil="true" xmlns:b="http://schemas.microsoft.com/2003/10/Serialization/Arrays" />
                        </a:References>
                        <a:RestrictedReason i:nil="true" />
                        <a:RestrictedDate i:nil="true" />
                        <a:RestrictedEnteredBy i:nil="true" />
                        <a:RestrictedStrategicProfitCenter i:nil="true" />
                        <a:IsActive>true</a:IsActive>
                        <a:BirthDate>1990-01-01T00:00:00</a:BirthDate>
                        <a:BloodTypeCode i:nil="true" />
                        <a:DeathDate i:nil="true" />
                        <a:DeathIndicator i:nil="true" />
                        <a:DriverLicense>
                            <a:ExternalReferences i:nil="true" />
                            <a:key>14</a:key>
                            <a:RegistrationNumber>EU36NK4VPD9123</a:RegistrationNumber>
                            <a:RegistrationParty i:nil="true" />
                            <a:TaxRegistrationType i:nil="true" />
                            <a:LicensedStateCode>MI </a:LicensedStateCode>
                        </a:DriverLicense>
                        <a:DrivingIncidents i:nil="true" />
                        <a:EthnicityCode i:nil="true" />
                        <a:EthnicityCodeDescription i:nil="true" />
                        <a:GenderCode>M</a:GenderCode>
                        <a:GenderCodeDescription i:nil="true" />
                        <a:MaritalStatusCode i:nil="true" />
                        <a:MaritalStatusCodeDescription i:nil="true" />
                        <a:MissingDate i:nil="true" />
                        <a:MissingIndicator i:nil="true" />
                        <a:OccupationDescription i:nil="true" />
                        <a:PersonDetail i:nil="true" />
                        <a:PersonNames>
                            <a:PersonName_Type>
                                <a:ExternalReferences i:nil="true" />
                                <a:key i:nil="true" />
                                <a:DefaultIndicator i:nil="true" />
                                <a:Description i:nil="true" />
                                <a:FullName>JOHN DOE</a:FullName>
                                <a:GivenName>JOHN</a:GivenName>
                                <a:MiddleName />
                                <a:PrefixTitle />
                                <a:Suffix />
                                <a:Surname>DOE</a:Surname>
                                <a:UsageCode i:nil="true" />
                                <a:UsageCodeDescription i:nil="true" />
                            </a:PersonName_Type>
                        </a:PersonNames>
                        <a:PrimaryLanguageCode i:nil="true" />
                        <a:PrimaryLanguageCodeDescription i:nil="true" />
                        <a:SocialSecurity i:nil="true" />
                    </a:Person_Type>
                    <a:Person_Type>
                        <a:ExternalReferences>
                            <a:ExternalReference_Type>
                                <a:ReferenceId>3YLX35A9NZ611JLSPETH</a:ReferenceId>
                                <a:SourceSystemId>EXCEED</a:SourceSystemId>
                            </a:ExternalReference_Type>
                            <a:ExternalReference_Type>
                                <a:ReferenceId i:nil="true" />
                                <a:SourceSystemId>EXCEED_VENDOR</a:SourceSystemId>
                            </a:ExternalReference_Type>
                        </a:ExternalReferences>
                        <a:key>18</a:key>
                        <a:CustomerNumber i:nil="true" />
                        <a:References>
                            <a:AddressReferences i:nil="true" xmlns:b="http://schemas.microsoft.com/2003/10/Serialization/Arrays" />
                            <a:ClaimReserveReferences i:nil="true" xmlns:b="http://schemas.microsoft.com/2003/10/Serialization/Arrays" />
                            <a:ContactPointReferences xmlns:b="http://schemas.microsoft.com/2003/10/Serialization/Arrays">
                                <b:string>24</b:string>
                            </a:ContactPointReferences>
                            <a:PartyReferences i:nil="true" xmlns:b="http://schemas.microsoft.com/2003/10/Serialization/Arrays" />
                            <a:PartyRoleReferences i:nil="true" xmlns:b="http://schemas.microsoft.com/2003/10/Serialization/Arrays" />
                            <a:PhysicalObjectReferences i:nil="true" />
                            <a:PhysicalObjectRoleReferences i:nil="true" xmlns:b="http://schemas.microsoft.com/2003/10/Serialization/Arrays" />
                            <a:RelatedPartyRoleReferences i:nil="true" xmlns:b="http://schemas.microsoft.com/2003/10/Serialization/Arrays" />
                        </a:References>
                        <a:RestrictedReason i:nil="true" />
                        <a:RestrictedDate i:nil="true" />
                        <a:RestrictedEnteredBy i:nil="true" />
                        <a:RestrictedStrategicProfitCenter i:nil="true" />
                        <a:IsActive>true</a:IsActive>
                        <a:BirthDate i:nil="true" />
                        <a:BloodTypeCode i:nil="true" />
                        <a:DeathDate i:nil="true" />
                        <a:DeathIndicator i:nil="true" />
                        <a:DriverLicense i:nil="true" />
                        <a:DrivingIncidents i:nil="true" />
                        <a:EthnicityCode i:nil="true" />
                        <a:EthnicityCodeDescription i:nil="true" />
                        <a:GenderCode>U</a:GenderCode>
                        <a:GenderCodeDescription i:nil="true" />
                        <a:MaritalStatusCode i:nil="true" />
                        <a:MaritalStatusCodeDescription i:nil="true" />
                        <a:MissingDate i:nil="true" />
                        <a:MissingIndicator i:nil="true" />
                        <a:OccupationDescription i:nil="true" />
                        <a:PersonDetail i:nil="true" />
                        <a:PersonNames>
                            <a:PersonName_Type>
                                <a:ExternalReferences i:nil="true" />
                                <a:key i:nil="true" />
                                <a:DefaultIndicator i:nil="true" />
                                <a:Description i:nil="true" />
                                <a:FullName>JANE SMITH</a:FullName>
                                <a:GivenName>JANE</a:GivenName>
                                <a:MiddleName />
                                <a:PrefixTitle />
                                <a:Suffix />
                                <a:Surname>SMITH</a:Surname>
                                <a:UsageCode i:nil="true" />
                                <a:UsageCodeDescription i:nil="true" />
                            </a:PersonName_Type>
                        </a:PersonNames>
                        <a:PrimaryLanguageCode i:nil="true" />
                        <a:PrimaryLanguageCodeDescription i:nil="true" />
                        <a:SocialSecurity i:nil="true" />
                    </a:Person_Type>
                </a:People>
            </a:Parties>
            <a:PartyRoleInClaim>
                <a:ExternalReferences i:nil="true" />
                <a:key i:nil="true" />
                <a:References i:nil="true" />
                <a:Agencies i:nil="true" />
                <a:Appraisers i:nil="true" />
                <a:BodyShops i:nil="true" />
                <a:Chiropractors i:nil="true" />
                <a:ClaimAdjusters>
                    <a:ClaimAdjuster_Type>
                        <a:ExternalReferences>
                            <a:ExternalReference_Type>
                                <a:ReferenceId>KRHEISD </a:ReferenceId>
                                <a:SourceSystemId>EXCEED</a:SourceSystemId>
                            </a:ExternalReference_Type>
                        </a:ExternalReferences>
                        <a:key>8</a:key>
                        <a:References>
                            <a:AddressReferences i:nil="true" xmlns:b="http://schemas.microsoft.com/2003/10/Serialization/Arrays" />
                            <a:ClaimReserveReferences i:nil="true" xmlns:b="http://schemas.microsoft.com/2003/10/Serialization/Arrays" />
                            <a:ContactPointReferences i:nil="true" xmlns:b="http://schemas.microsoft.com/2003/10/Serialization/Arrays" />
                            <a:PartyReferences xmlns:b="http://schemas.microsoft.com/2003/10/Serialization/Arrays">
                                <b:string>7</b:string>
                            </a:PartyReferences>
                            <a:PartyRoleReferences i:nil="true" xmlns:b="http://schemas.microsoft.com/2003/10/Serialization/Arrays" />
                            <a:PhysicalObjectReferences i:nil="true" />
                            <a:PhysicalObjectRoleReferences i:nil="true" xmlns:b="http://schemas.microsoft.com/2003/10/Serialization/Arrays" />
                            <a:RelatedPartyRoleReferences i:nil="true" xmlns:b="http://schemas.microsoft.com/2003/10/Serialization/Arrays" />
                        </a:References>
                        <a:AdjusterId i:nil="true" />
                        <a:AdjusterType i:nil="true" />
                    </a:ClaimAdjuster_Type>
                </a:ClaimAdjusters>
                <a:ClaimantVehicleDrivers i:nil="true" />
                <a:ClaimantVehiclePassengers i:nil="true" />
                <a:Claimants>
                    <a:Claimant_Type>
                        <a:ExternalReferences>
                            <a:ExternalReference_Type>
                                <a:ReferenceId>3YLX35A9NZ611JLSPETH</a:ReferenceId>
                                <a:SourceSystemId>EXCEED</a:SourceSystemId>
                            </a:ExternalReference_Type>
                        </a:ExternalReferences>
                        <a:key>19</a:key>
                        <a:References>
                            <a:AddressReferences i:nil="true" xmlns:b="http://schemas.microsoft.com/2003/10/Serialization/Arrays" />
                            <a:ClaimReserveReferences i:nil="true" xmlns:b="http://schemas.microsoft.com/2003/10/Serialization/Arrays" />
                            <a:ContactPointReferences i:nil="true" xmlns:b="http://schemas.microsoft.com/2003/10/Serialization/Arrays" />
                            <a:PartyReferences xmlns:b="http://schemas.microsoft.com/2003/10/Serialization/Arrays">
                                <b:string>18</b:string>
                            </a:PartyReferences>
                            <a:PartyRoleReferences i:nil="true" xmlns:b="http://schemas.microsoft.com/2003/10/Serialization/Arrays" />
                            <a:PhysicalObjectReferences i:nil="true" />
                            <a:PhysicalObjectRoleReferences i:nil="true" xmlns:b="http://schemas.microsoft.com/2003/10/Serialization/Arrays" />
                            <a:RelatedPartyRoleReferences i:nil="true" xmlns:b="http://schemas.microsoft.com/2003/10/Serialization/Arrays" />
                        </a:References>
                        <a:ClaimantId i:nil="true" />
                        <a:Id i:nil="true" />
                        <a:InjuryOrPropertyDamageDescription i:nil="true" />
                        <a:Litigation i:nil="true" />
                    </a:Claimant_Type>
                </a:Claimants>
                <a:CommercialInsuredVehicleDrivers i:nil="true" />
                <a:Contacts i:nil="true" />
                <a:Contractors i:nil="true" />
                <a:Defendants i:nil="true" />
                <a:DefenseAttorneys i:nil="true" />
                <a:Doctors i:nil="true" />
                <a:Employers i:nil="true" />
                <a:Hospitals i:nil="true" />
                <a:InsuredVehicleDrivers>
                    <a:InsuredVehicleDriver_Type>
                        <a:ExternalReferences>
                            <a:ExternalReference_Type>
                                <a:ReferenceId>ZS71YNLQGF212JLSPETH</a:ReferenceId>
                                <a:SourceSystemId>EXCEED</a:SourceSystemId>
                            </a:ExternalReference_Type>
                        </a:ExternalReferences>
                        <a:key>15</a:key>
                        <a:References>
                            <a:AddressReferences i:nil="true" xmlns:b="http://schemas.microsoft.com/2003/10/Serialization/Arrays" />
                            <a:ClaimReserveReferences i:nil="true" xmlns:b="http://schemas.microsoft.com/2003/10/Serialization/Arrays" />
                            <a:ContactPointReferences i:nil="true" xmlns:b="http://schemas.microsoft.com/2003/10/Serialization/Arrays" />
                            <a:PartyReferences xmlns:b="http://schemas.microsoft.com/2003/10/Serialization/Arrays">
                                <b:string>13</b:string>
                            </a:PartyReferences>
                            <a:PartyRoleReferences i:nil="true" xmlns:b="http://schemas.microsoft.com/2003/10/Serialization/Arrays" />
                            <a:PhysicalObjectReferences i:nil="true" />
                            <a:PhysicalObjectRoleReferences i:nil="true" xmlns:b="http://schemas.microsoft.com/2003/10/Serialization/Arrays" />
                            <a:RelatedPartyRoleReferences i:nil="true" xmlns:b="http://schemas.microsoft.com/2003/10/Serialization/Arrays" />
                        </a:References>
                    </a:InsuredVehicleDriver_Type>
                </a:InsuredVehicleDrivers>
                <a:InsuredVehiclePassengers i:nil="true" />
                <a:Insureds>
                    <a:Insured_Type>
                        <a:ExternalReferences>
                            <a:ExternalReference_Type>
                                <a:ReferenceId>3YLX35A9NZ611JLSPETH</a:ReferenceId>
                                <a:SourceSystemId>EXCEED</a:SourceSystemId>
                            </a:ExternalReference_Type>
                        </a:ExternalReferences>
                        <a:key>21</a:key>
                        <a:References>
                            <a:AddressReferences i:nil="true" xmlns:b="http://schemas.microsoft.com/2003/10/Serialization/Arrays" />
                            <a:ClaimReserveReferences i:nil="true" xmlns:b="http://schemas.microsoft.com/2003/10/Serialization/Arrays" />
                            <a:ContactPointReferences i:nil="true" xmlns:b="http://schemas.microsoft.com/2003/10/Serialization/Arrays" />
                            <a:PartyReferences xmlns:b="http://schemas.microsoft.com/2003/10/Serialization/Arrays">
                                <b:string>18</b:string>
                            </a:PartyReferences>
                            <a:PartyRoleReferences i:nil="true" xmlns:b="http://schemas.microsoft.com/2003/10/Serialization/Arrays" />
                            <a:PhysicalObjectReferences i:nil="true" />
                            <a:PhysicalObjectRoleReferences i:nil="true" xmlns:b="http://schemas.microsoft.com/2003/10/Serialization/Arrays" />
                            <a:RelatedPartyRoleReferences i:nil="true" xmlns:b="http://schemas.microsoft.com/2003/10/Serialization/Arrays" />
                        </a:References>
                        <a:InsurableInterestTypeCode i:nil="true" />
                        <a:InsurableInterestTypeDescription i:nil="true" />
                        <a:InsuredTypeCode>Primary</a:InsuredTypeCode>
                    </a:Insured_Type>
                </a:Insureds>
                <a:LossPayees i:nil="true" />
                <a:MedicalProviders i:nil="true" />
                <a:MortgageesPrimary i:nil="true" />
                <a:MortgageesSecondary i:nil="true" />
                <a:Owners i:nil="true" />
                <a:Pharmacies i:nil="true" />
                <a:PhysicalTherapists i:nil="true" />
                <a:Physicians i:nil="true" />
                <a:PlaintiffAttorneys i:nil="true" />
                <a:Plaintiffs i:nil="true" />
                <a:TowingServices i:nil="true" />
                <a:Unspecifieds>
                    <a:Unspecified_Type>
                        <a:ExternalReferences>
                            <a:ExternalReference_Type>
                                <a:ReferenceId>X9FKHY4AYT391MJFLOOD</a:ReferenceId>
                                <a:SourceSystemId>EXCEED</a:SourceSystemId>
                            </a:ExternalReference_Type>
                        </a:ExternalReferences>
                        <a:key>10</a:key>
                        <a:References>
                            <a:AddressReferences i:nil="true" xmlns:b="http://schemas.microsoft.com/2003/10/Serialization/Arrays" />
                            <a:ClaimReserveReferences i:nil="true" xmlns:b="http://schemas.microsoft.com/2003/10/Serialization/Arrays" />
                            <a:ContactPointReferences i:nil="true" xmlns:b="http://schemas.microsoft.com/2003/10/Serialization/Arrays" />
                            <a:PartyReferences xmlns:b="http://schemas.microsoft.com/2003/10/Serialization/Arrays">
                                <b:string>9</b:string>
                            </a:PartyReferences>
                            <a:PartyRoleReferences i:nil="true" xmlns:b="http://schemas.microsoft.com/2003/10/Serialization/Arrays" />
                            <a:PhysicalObjectReferences i:nil="true" />
                            <a:PhysicalObjectRoleReferences i:nil="true" xmlns:b="http://schemas.microsoft.com/2003/10/Serialization/Arrays" />
                            <a:RelatedPartyRoleReferences i:nil="true" xmlns:b="http://schemas.microsoft.com/2003/10/Serialization/Arrays" />
                        </a:References>
                    </a:Unspecified_Type>
                    <a:Unspecified_Type>
                        <a:ExternalReferences>
                            <a:ExternalReference_Type>
                                <a:ReferenceId>3YLX35A9NZ611JLSPETH</a:ReferenceId>
                                <a:SourceSystemId>EXCEED</a:SourceSystemId>
                            </a:ExternalReference_Type>
                        </a:ExternalReferences>
                        <a:key>20</a:key>
                        <a:References>
                            <a:AddressReferences i:nil="true" xmlns:b="http://schemas.microsoft.com/2003/10/Serialization/Arrays" />
                            <a:ClaimReserveReferences i:nil="true" xmlns:b="http://schemas.microsoft.com/2003/10/Serialization/Arrays" />
                            <a:ContactPointReferences i:nil="true" xmlns:b="http://schemas.microsoft.com/2003/10/Serialization/Arrays" />
                            <a:PartyReferences xmlns:b="http://schemas.microsoft.com/2003/10/Serialization/Arrays">
                                <b:string>18</b:string>
                            </a:PartyReferences>
                            <a:PartyRoleReferences i:nil="true" xmlns:b="http://schemas.microsoft.com/2003/10/Serialization/Arrays" />
                            <a:PhysicalObjectReferences i:nil="true" />
                            <a:PhysicalObjectRoleReferences i:nil="true" xmlns:b="http://schemas.microsoft.com/2003/10/Serialization/Arrays" />
                            <a:RelatedPartyRoleReferences i:nil="true" xmlns:b="http://schemas.microsoft.com/2003/10/Serialization/Arrays" />
                        </a:References>
                    </a:Unspecified_Type>
                    <a:Unspecified_Type>
                        <a:ExternalReferences>
                            <a:ExternalReference_Type>
                                <a:ReferenceId>3YLX35A9NZ611JLSPETH</a:ReferenceId>
                                <a:SourceSystemId>EXCEED</a:SourceSystemId>
                            </a:ExternalReference_Type>
                        </a:ExternalReferences>
                        <a:key>22</a:key>
                        <a:References>
                            <a:AddressReferences i:nil="true" xmlns:b="http://schemas.microsoft.com/2003/10/Serialization/Arrays" />
                            <a:ClaimReserveReferences i:nil="true" xmlns:b="http://schemas.microsoft.com/2003/10/Serialization/Arrays" />
                            <a:ContactPointReferences i:nil="true" xmlns:b="http://schemas.microsoft.com/2003/10/Serialization/Arrays" />
                            <a:PartyReferences xmlns:b="http://schemas.microsoft.com/2003/10/Serialization/Arrays">
                                <b:string>18</b:string>
                            </a:PartyReferences>
                            <a:PartyRoleReferences i:nil="true" xmlns:b="http://schemas.microsoft.com/2003/10/Serialization/Arrays" />
                            <a:PhysicalObjectReferences i:nil="true" />
                            <a:PhysicalObjectRoleReferences i:nil="true" xmlns:b="http://schemas.microsoft.com/2003/10/Serialization/Arrays" />
                            <a:RelatedPartyRoleReferences i:nil="true" xmlns:b="http://schemas.microsoft.com/2003/10/Serialization/Arrays" />
                        </a:References>
                    </a:Unspecified_Type>
                </a:Unspecifieds>
                <a:Vendors i:nil="true" />
                <a:Witnesses i:nil="true" />
            </a:PartyRoleInClaim>
            <a:PhysicalObjects>
                <a:Buildings i:nil="true" />
                <a:LandVehicles>
                    <a:LandVehicle_Type>
                        <a:ExternalReferences i:nil="true" />
                        <a:key>27</a:key>
                        <a:DateAdded i:nil="true" />
                        <a:Deleted i:nil="true" />
                        <a:Description>2017 Nissan Sentra</a:Description>
                        <a:ExternalReference i:nil="true" />
                        <a:Number>1000</a:Number>
                        <a:PhysicalObjectReference i:nil="true" />
                        <a:GrossCombinedWeight i:nil="true" />
                        <a:GrossWeight i:nil="true" />
                        <a:ListPriceNewAmount i:nil="true" />
                        <a:Make>Nissan</a:Make>
                        <a:Model i:nil="true" />
                        <a:ModelYear>2017</a:ModelYear>
                        <a:OriginalCostAmount i:nil="true" />
                        <a:RegistrationNumber i:nil="true" />
                        <a:FullCoverageGlass i:nil="true" />
                        <a:GarageType i:nil="true" />
                        <a:VehicleIdentificationNumber i:nil="true" />
                        <a:VehicleType i:nil="true" />
                    </a:LandVehicle_Type>
                </a:LandVehicles>
                <a:ScheduledItems i:nil="true" />
                <a:Watercrafts i:nil="true" />
            </a:PhysicalObjects>
            <a:References i:nil="true" />
            <a:ReportOfficeCode i:nil="true" />
            <a:ReportedBy i:nil="true" />
            <a:ReportedDate>2019-05-30T00:00:00</a:ReportedDate>
            <a:ReportedToCarrier i:nil="true" />
            <a:TchClaimKey i:nil="true" />
            <a:reportedByMethod i:nil="true" />
        </d2p1:Claim>
        <PolicyAgreement xmlns:a="http://schemas.westbendinsurance.com/EnterpriseMessageModel/v1">
            <a:ExternalReferences i:nil="true" />
            <a:key>3</a:key>
            <a:Addresses i:nil="true" />
            <a:AgreementSource i:nil="true" />
            <a:AssignedUnderwriterName i:nil="true" />
            <a:CancellationNoticeDays i:nil="true" />
            <a:CancellationReasons i:nil="true" />
            <a:ContactPoints i:nil="true" />
            <a:EffectiveDate>2019-05-01T00:00:00</a:EffectiveDate>
            <a:ExpirationDate>2020-05-01T00:00:00</a:ExpirationDate>
            <a:IssueDate i:nil="true" />
            <a:Locations i:nil="true" />
            <a:ModifiedDate i:nil="true" />
            <a:Name i:nil="true" />
            <a:Parties>
                <a:Organizations>
                    <a:Organization_Type>
                        <a:ExternalReferences i:nil="true" />
                        <a:key>2</a:key>
                        <a:CustomerNumber i:nil="true" />
                        <a:References i:nil="true" />
                        <a:RestrictedReason i:nil="true" />
                        <a:RestrictedDate i:nil="true" />
                        <a:RestrictedEnteredBy i:nil="true" />
                        <a:RestrictedStrategicProfitCenter i:nil="true" />
                        <a:IsActive i:nil="true" />
                        <a:DeactivationDate i:nil="true" />
                        <a:EmployeeSummaryDetail i:nil="true" />
                        <a:EmployerIdentificationNumber i:nil="true" />
                        <a:FinancialResult i:nil="true" />
                        <a:FoundationDate i:nil="true" />
                        <a:MemberCount i:nil="true" />
                        <a:OperationsDetail i:nil="true" />
                        <a:OrganizationLegalStatus i:nil="true" />
                        <a:OrganizationNames i:nil="true" />
                        <a:OrganizationStatusCode i:nil="true" />
                        <a:OrganizationStatusCodeDate i:nil="true" />
                        <a:OrganizationStatusCodeDescription i:nil="true" />
                        <a:OrganizationStatusCodeReason i:nil="true" />
                        <a:OrganizationUnits>
                            <a:OrganizationUnit_Type>
                                <a:ExternalReferences i:nil="true" />
                                <a:key i:nil="true" />
                                <a:Code>W</a:Code>
                                <a:Description i:nil="true" />
                                <a:OrganizationUnits i:nil="true" />
                                <a:Type i:nil="true" />
                            </a:OrganizationUnit_Type>
                        </a:OrganizationUnits>
                        <a:Registration i:nil="true" />
                    </a:Organization_Type>
                </a:Organizations>
                <a:People i:nil="true" />
            </a:Parties>
            <a:PartyRoleInAgreement>
                <a:ExternalReferences i:nil="true" />
                <a:key i:nil="true" />
                <a:References i:nil="true" />
                <a:AdditionalInterests i:nil="true" />
                <a:Agencies i:nil="true" />
                <a:Drivers i:nil="true" />
                <a:Insureds i:nil="true" />
                <a:Insurers>
                    <a:Insurer_Type>
                        <a:ExternalReferences i:nil="true" />
                        <a:key>1</a:key>
                        <a:References>
                            <a:AddressReferences i:nil="true" xmlns:b="http://schemas.microsoft.com/2003/10/Serialization/Arrays" />
                            <a:ClaimReserveReferences i:nil="true" xmlns:b="http://schemas.microsoft.com/2003/10/Serialization/Arrays" />
                            <a:ContactPointReferences i:nil="true" xmlns:b="http://schemas.microsoft.com/2003/10/Serialization/Arrays" />
                            <a:PartyReferences xmlns:b="http://schemas.microsoft.com/2003/10/Serialization/Arrays">
                                <b:string>2</b:string>
                            </a:PartyReferences>
                            <a:PartyRoleReferences i:nil="true" xmlns:b="http://schemas.microsoft.com/2003/10/Serialization/Arrays" />
                            <a:PhysicalObjectReferences i:nil="true" />
                            <a:PhysicalObjectRoleReferences i:nil="true" xmlns:b="http://schemas.microsoft.com/2003/10/Serialization/Arrays" />
                            <a:RelatedPartyRoleReferences i:nil="true" xmlns:b="http://schemas.microsoft.com/2003/10/Serialization/Arrays" />
                        </a:References>
                    </a:Insurer_Type>
                </a:Insurers>
                <a:Obligees i:nil="true" />
                <a:Principals i:nil="true" />
                <a:Producers i:nil="true" />
                <a:Sureties i:nil="true" />
            </a:PartyRoleInAgreement>
            <a:PenguinTechGenerated i:nil="true" />
            <a:PhysicalObjectRoles i:nil="true" />
            <a:PhysicalObjects i:nil="true" />
            <a:Premium i:nil="true" />
            <a:ProgramCode i:nil="true" />
            <a:ReceivedDate i:nil="true" />
            <a:ReviewDate i:nil="true" />
            <a:SelectedLinesOfBusiness i:nil="true" />
            <a:StatusCode i:nil="true" />
            <a:CustomerCareIndicator i:nil="true" />
            <a:LinesOfBusiness i:nil="true" />
            <a:Offering i:nil="true" />
            <a:PolicyNumber>A502973</a:PolicyNumber>
            <a:PolicySymbol />
            <a:PolicyVersion>00</a:PolicyVersion>
            <a:PrimaryRatingState>MI</a:PrimaryRatingState>
            <a:ProductCode i:nil="true" />
            <a:ProductDescription i:nil="true" />
            <a:SourceSystem i:nil="true" />
        </PolicyAgreement>
        <SuretyBondAgreement i:nil="true" xmlns:a="http://schemas.westbendinsurance.com/EnterpriseMessageModel/v1" />
        <DataAttributes xmlns:a="http://services.westbendinsurance.com/common/v1">
            <a:DataAttribute_Type>
                <a:Key>ClaimLineOfBusinessCode</a:Key>
                <a:Value>CHO</a:Value>
            </a:DataAttribute_Type>
        </DataAttributes>
        <ClaimTaskDetail i:nil="true" />
    </_x003C_Claim_x003E_k__BackingField>
</GetFullClaimResponse>