<PolicyRs>
	<TransactionEffectiveDt>2019-01-23</TransactionEffectiveDt>
	<Policy>
		<PolicyNumber>A123456</PolicyNumber>
		<PolicyStatusCd>NBS</PolicyStatusCd>
		<OriginalPolicyInceptionDt>2019-01-23</OriginalPolicyInceptionDt>
		<ControllingStateProvCd>WI</ControllingStateProvCd>
		<CancellationDt></CancellationDt>
		<ContractTerm>
			<ExpirationDt>2020-01-23</ExpirationDt>
			<EffectiveDt>2019-01-23</EffectiveDt>
		</ContractTerm>
		<Producer>
			<Relationship>
				<RelationshipToCd>Agency</RelationshipToCd>
			</Relationship>
			<Name>Agency One Co</Name>
			<Addr>
				<AddrTypeCd>MailingAddress</AddrTypeCd>
				<Addr1>2345 Second St</Addr1>
				<Addr2></Addr2>
				<City>West Bend</City>
				<StateProvCd>WI</StateProvCd>
				<PostalCode>530952432</PostalCode>
				<AddrExt>
					<PostalCodePlusFour>53095-2432</PostalCodePlusFour>
					<WBAddressStandardization>
						<WBAddrStandardizeInd>1</WBAddrStandardizeInd>
						<WBAddrOverrideInd>0</WBAddrOverrideInd>
						<WBAddrStandardizeStreetName>Second</WBAddrStandardizeStreetName>
						<WBAddrStandardizeStreetTypeCd>St</WBAddrStandardizeStreetTypeCd>
						<WBAddrStandardizeStreetNumber>2345</WBAddrStandardizeStreetNumber>
						<WBAddrStandardizeUnitNumber>4</WBAddrStandardizeUnitNumber>
						<WBAddrStandardizeUnitLabel>Apt</WBAddrStandardizeUnitLabel>
						<WBAddrStandardizeLeadingDirectional>W</WBAddrStandardizeLeadingDirectional>
					</WBAddressStandardization>
				</AddrExt>
			</Addr>
			<Communications>
				<PhoneTypeCd>Phone</PhoneTypeCd>
				<PhoneNumber>414-555-1234</PhoneNumber>
			</Communications>
		</Producer>
		<Producer>
		</Producer>
		<InsuredOrPrincipal id="ins1">
			<Relationship RelationshipToRef="Pol1">
				<RelationshipToCd>PA</RelationshipToCd>
			</Relationship>
			<Addr>
				<AddrTypeCd>InsuredsAddress</AddrTypeCd>
				<Addr1>123 Main St</Addr1>
				<Addr2>Suite 2367</Addr2>
				<City>Ann Arbor</City>
				<StateProvCd>MI</StateProvCd>
				<PostalCode>480011245</PostalCode>
				<County>Washtenaw</County>
				<AddrExt>
					<PostalCodePlusFour>48001-1245</PostalCodePlusFour>
					<WBAddressStandardization>
						<WBAddrStandardizeInd>1</WBAddrStandardizeInd>
						<WBAddrOverrideInd>0</WBAddrOverrideInd>
						<WBAddrStandardizeStreetName>Main</WBAddrStandardizeStreetName>
						<WBAddrStandardizeStreetTypeCd>St</WBAddrStandardizeStreetTypeCd>
						<WBAddrStandardizeStreetNumber>123</WBAddrStandardizeStreetNumber>
						<WBAddrStandardizeUnitNumber>4A</WBAddrStandardizeUnitNumber>
						<WBAddrStandardizeUnitLabel>Unit</WBAddrStandardizeUnitLabel>
						<WBAddrStandardizeLeadingDirectional>N</WBAddrStandardizeLeadingDirectional>
					</WBAddressStandardization>
				</AddrExt>
			</Addr>
			<Communications>
				<EmailAddr>jsample@gmail.com</EmailAddr>
			</Communications>
			<Surname>Sample</Surname>
			<GivenName>John</GivenName>
			<OtherGivenName>Q</OtherGivenName>
			<NameSuffix>Jr.</NameSuffix>
			<GenderCd>M</GenderCd>
			<BirthDt>1965-04-05</BirthDt>
			<MaritalStatusCd>M</MaritalStatusCd>
		</InsuredOrPrincipal>
		<InsuredOrPrincipal id="ins2">
      <Relationship RelationshipToRef="Pol1">
        <RelationshipToCd>SP</RelationshipToCd>
      </Relationship>
			<Addr>
				<AddrTypeCd>InsuredsAddress</AddrTypeCd>
				<Addr1>123 Main St</Addr1>
				<Addr2></Addr2>
				<City>West Bend</City>
				<StateProvCd>WI</StateProvCd>
				<PostalCode>530951245</PostalCode>
				<AddrExt>
					<PostalCodePlusFour>53095-1245</PostalCodePlusFour>
					<WBAddressStandardization>
						<WBAddrStandardizeInd>1</WBAddrStandardizeInd>
						<WBAddrOverrideInd>0</WBAddrOverrideInd>
						<WBAddrStandardizeStreetName>Main</WBAddrStandardizeStreetName>
						<WBAddrStandardizeStreetTypeCd>St</WBAddrStandardizeStreetTypeCd>
						<WBAddrStandardizeStreetNumber>123</WBAddrStandardizeStreetNumber>
						<WBAddrStandardizeUnitNumber>4A</WBAddrStandardizeUnitNumber>
						<WBAddrStandardizeUnitLabel>Unit</WBAddrStandardizeUnitLabel>
						<WBAddrStandardizeLeadingDirectional>N</WBAddrStandardizeLeadingDirectional>
					</WBAddressStandardization>
				</AddrExt>
			</Addr>
			<Communications>
				<EmailAddr>janesample@gmail.com</EmailAddr>
			</Communications>
			<Surname>Sample</Surname>
			<GivenName>Jane</GivenName>
			<OtherGivenName>S</OtherGivenName>
			<NameSuffix>I</NameSuffix>
			<GenderCd>F</GenderCd>
			<BirthDt>1970-12-10</BirthDt>
			<MaritalStatusCd>M</MaritalStatusCd>
		</InsuredOrPrincipal>
		<Location id="L1">
			<Addr>
				<AddrTypeCd>GaragingAddress</AddrTypeCd>
				<StateProvCd>WI</StateProvCd>
			</Addr>
		</Location>
		<Location id="L2">
		</Location>
		<PersAutoLineBusiness>
			<Driver id="D1">
				<Relationship RelationshipToRef="V1">
					<RelationshipToCd>DRV</RelationshipToCd>
				</Relationship>
				<Relationship RelationshipToRef="V2">
					<RelationshipToCd>DRV</RelationshipToCd>
				</Relationship>
				<Relationship RelationshipToRef="ins1">
					<RelationshipToCd>IN</RelationshipToCd>
				</Relationship>
        <ItemIdInfo id="IA7D60A7668ED4E7D9CDD8E4D14473">
          <InsurerId>1000</InsurerId>
        </ItemIdInfo>
				<Name>John Sample</Name>
				<License>
					<LicenseStatusCd>VALID</LicenseStatusCd>
					<LicensePermitNumber>S1234567890123</LicensePermitNumber>
					<StateProvCd>WI</StateProvCd>
				</License>
				<Surname>Sample</Surname>
				<GivenName>John</GivenName>
				<OtherGivenName>Q</OtherGivenName>
				<NameSuffix>Sr</NameSuffix>
				<GenderCd>M</GenderCd>
				<BirthDt>1965-04-05</BirthDt>
				<MaritalStatusCd>M</MaritalStatusCd>
        <DriverTypeCd></DriverTypeCd>
			</Driver>
			<Driver id="D2">
				<Relationship RelationshipToRef="V1">
					<RelationshipToCd>DRV</RelationshipToCd>
				</Relationship>
				<Relationship RelationshipToRef="V2">
					<RelationshipToCd>DRV</RelationshipToCd>
				</Relationship>
				<Relationship RelationshipToRef="ins2">
					<RelationshipToCd>IN</RelationshipToCd>
				</Relationship>
				<Name>Jane Sample</Name>
				<License>
					<LicenseStatusCd>VALID</LicenseStatusCd>
					<LicensePermitNumber>S9876543215456</LicensePermitNumber>
					<StateProvCd>WI</StateProvCd>
				</License>
				<Surname>Sample</Surname>
				<GivenName>Jane</GivenName>
				<OtherGivenName>S</OtherGivenName>
				<GenderCd>F</GenderCd>
				<BirthDt>1970-12-10</BirthDt>
				<MaritalStatusCd>M</MaritalStatusCd>
        <DriverTypeCd>E</DriverTypeCd>
			</Driver>
			<Vehicle id="V1">
        <ItemIdInfo id="IA7D60A7668ED4E7D9CDD8E4D14473">
          <InsurerId>1000</InsurerId>
        </ItemIdInfo>
				<Manufacturer>MAZDA</Manufacturer>
				<Model>RX-5</Model>
				<ModelYear>2001</ModelYear>
				<Registration>
					<StateProvCd>WI</StateProvCd>
				</Registration>
				<LeasedVehInd>0</LeasedVehInd>
				<VehIdentificationNumber>1J654636G897654</VehIdentificationNumber>
				<AdditionalInterest>
					<Name>Loans R Us</Name>
					<Addr>
						<Addr1>987 16th St</Addr1>
						<Addr2></Addr2>
						<City>Hartford</City>
						<StateProvCd>WI</StateProvCd>
						<PostalCode>530278754</PostalCode>
						<AddrExt>
							<PostalCodePlusFour>53095-1245</PostalCodePlusFour>
							<WBAddressStandardization>
								<WBAddrStandardizeInd>1</WBAddrStandardizeInd>
								<WBAddrOverrideInd>0</WBAddrOverrideInd>
								<WBAddrStandardizeStreetName>Main</WBAddrStandardizeStreetName>
								<WBAddrStandardizeStreetTypeCd>St</WBAddrStandardizeStreetTypeCd>
								<WBAddrStandardizeStreetNumber>123</WBAddrStandardizeStreetNumber>
								<WBAddrStandardizeUnitNumber>4A</WBAddrStandardizeUnitNumber>
								<WBAddrStandardizeUnitLabel>Unit</WBAddrStandardizeUnitLabel>
								<WBAddrStandardizeLeadingDirectional>N</WBAddrStandardizeLeadingDirectional>
							</WBAddressStandardization>
						</AddrExt>
					</Addr>
					<NatureInterestCd>ADDIN</NatureInterestCd>
					<AccountNumberId>L6548975</AccountNumberId>
				</AdditionalInterest>
				<AdditionalInterest>
				</AdditionalInterest>
				<Coverage>
					<CoverageCd>BI</CoverageCd>
					<Limit>
						<FormatInteger>50000</FormatInteger>
						<LimitAppliesToCd>BIEachPerson</LimitAppliesToCd>
					</Limit>
					<Limit>
						<FormatInteger>100000</FormatInteger>
						<LimitAppliesToCd>PerAcc</LimitAppliesToCd>
					</Limit>
					<Deductible>
						<FormatPct></FormatPct>
						<FormatCurrencyAmt>
							<Amt>600</Amt>
						</FormatCurrencyAmt>
					</Deductible>
					<EffectiveDt>2019-01-23</EffectiveDt>
				</Coverage>
				<Coverage>
					<CoverageCd>PIP</CoverageCd>
					<Limit>
						<FormatCurrencyAmt>
							<Amt>1000</Amt>
						</FormatCurrencyAmt>
					</Limit>
					<EffectiveDt>2019-01-23</EffectiveDt>
				</Coverage>
			</Vehicle>
			<Vehicle id="V2">
        <ItemIdInfo id="IA7D60A7668ED4E7D9CDD8E4D14473">
          <InsurerId>2000</InsurerId>
        </ItemIdInfo>
			</Vehicle>
		</PersAutoLineBusiness>
	</Policy>
</PolicyRs>
