﻿<transactions id="t530BEC91D58D43279304FB7D791213F7">
  <transaction id="tC96B97F92A7245C7A9C4211D83E2E2E3">
    <reasons id="r7E2D9FE0C34C4166A9AF8B09BEC14D1D">
      <reason id="r40194D59D6DD43E8A064ACE178A05D7B">
        <Code />
      </reason>
    </reasons>
    <PolicyManuScriptID>Carrier_PersonalPackage_Manual_Base_1_0_0_0</PolicyManuScriptID>
    <StatusUser>admin</StatusUser>
    <Type>New</Type>
    <TypeCaption>New Business</TypeCaption>
    <State>committed</State>
    <Status>Committed</Status>
    <EffectiveDate>2019-10-02</EffectiveDate>
    <ScheduleDate />
    <CreatedDate>2019-10-07T12:20:22</CreatedDate>
    <CreatedUser>admin</CreatedUser>
    <OriginalCharge>0</OriginalCharge>
    <Charge>1134</Charge>
    <ProRateFactor>1</ProRateFactor>
    <TermPremium>2997</TermPremium>
    <PriorPremium />
    <NewPremium>2997</NewPremium>
    <HistoryID>2909042</HistoryID>
    <ConvertedTransactionType>New</ConvertedTransactionType>
    <ProductIsReadOnly>0</ProductIsReadOnly>
    <CancellationDate />
    <TransactionCounter>1</TransactionCounter>
    <PolicyVersion>00</PolicyVersion>
    <TransactionDate>2019-10-07T12:27:00.678</TransactionDate>
    <ExpirationDate>2020-10-02</ExpirationDate>
    <WaiveChargeCheck />
    <Deposit />
    <AuditPremium />
    <AuditCharge />
    <WbPolicyStatus>Issued</WbPolicyStatus>
    <StatusUserContext>Manager,CanTraceInExpress</StatusUserContext>
    <DeprecatedBy />
    <PolicyStatus>InForce</PolicyStatus>
    <IssuedDate>2019-10-07T12:27:00</IssuedDate>
    <IssuedUserName>admin</IssuedUserName>
    <TempEndorseExpirationDate />
  </transaction>
  <transaction id="t14E5A178493D46E7BEF5D16F93703D68">
    <reasons id="r7C12F9BF1F1841F588FD33561163920E" />
    <PolicyManuScriptID>Carrier_PersonalPackage_Manual_Base_1_0_0_0</PolicyManuScriptID>
    <StatusUser>admin</StatusUser>
    <Type>Endorse</Type>
    <TypeCaption>Endorse</TypeCaption>
    <State>committed</State>
    <Status>Committed</Status>
    <EffectiveDate>2020-01-01</EffectiveDate>
    <ScheduleDate />
    <CreatedDate>2019-10-07T12:37:30</CreatedDate>
    <CreatedUser>admin</CreatedUser>
    <OriginalCharge>1134</OriginalCharge>
    <Charge>1134</Charge>
    <ProRateFactor>0.7514</ProRateFactor>
    <TermPremium>2997</TermPremium>
    <PriorPremium />
    <NewPremium>2997</NewPremium>
    <HistoryID>2909050</HistoryID>
    <ConvertedTransactionType>Endorse</ConvertedTransactionType>
    <ShortRateFactor>1</ShortRateFactor>
    <ProductIsReadOnly>0</ProductIsReadOnly>
    <CancellationDate />
    <TransactionCounter>3</TransactionCounter>
    <PolicyVersion>00</PolicyVersion>
    <TransactionDate>2019-10-07T12:42:41.474</TransactionDate>
    <ExpirationDate>2020-10-02</ExpirationDate>
    <WaiveChargeCheck>0</WaiveChargeCheck>
    <Deposit />
    <AuditPremium />
    <AuditCharge />
    <WbPolicyStatus>Issued</WbPolicyStatus>
    <StatusUserContext>Manager,CanTraceInExpress</StatusUserContext>
    <PolicyStatus>InForce</PolicyStatus>
    <DeprecatedBy />
    <IssuedDate>2019-10-07T12:42:41</IssuedDate>
    <IssuedUserName>admin</IssuedUserName>
  </transaction>
  <transaction id="t1B17E6C2B98A404CA0620A4ABB51A32B">
    <reasons id="r9AF9ED5CB4834D16AD224A14B06AE792">
      <reason id="r898CB4E8318E4776987DA21F05C30FE5">
        <Code />
      </reason>
    </reasons>
    <PolicyManuScriptID>Carrier_PersonalPackage_Manual_Base_1_0_0_0</PolicyManuScriptID>
    <StatusUser>admin</StatusUser>
    <Type>Endorse</Type>
    <TypeCaption>Endorse</TypeCaption>
    <State>committed</State>
    <Status>Committed</Status>
    <EffectiveDate>2020-05-13</EffectiveDate>
    <ScheduleDate />
    <CreatedDate>2019-10-07T12:29:07</CreatedDate>
    <CreatedUser>admin</CreatedUser>
    <OriginalCharge>1134</OriginalCharge>
    <Charge>1134</Charge>
    <ProRateFactor>0.388</ProRateFactor>
    <TermPremium>2997</TermPremium>
    <PriorPremium />
    <NewPremium>2997</NewPremium>
    <HistoryID>2909044</HistoryID>
    <ConvertedTransactionType>Endorse</ConvertedTransactionType>
    <ShortRateFactor>1</ShortRateFactor>
    <ProductIsReadOnly>0</ProductIsReadOnly>
    <CancellationDate />
    <TransactionCounter>2</TransactionCounter>
    <PolicyVersion>00</PolicyVersion>
    <TransactionDate />
    <ExpirationDate>2020-10-02</ExpirationDate>
    <WaiveChargeCheck>0</WaiveChargeCheck>
    <Deposit />
    <AuditPremium />
    <AuditCharge />
    <WbPolicyStatus>Issued</WbPolicyStatus>
    <StatusUserContext>Manager,CanTraceInExpress</StatusUserContext>
    <DeprecatedBy>t14E5A178493D46E7BEF5D16F93703D68</DeprecatedBy>
    <PolicyStatus>InForce</PolicyStatus>
    <IssuedDate>2019-10-07T12:35:12</IssuedDate>
    <IssuedUserName>admin</IssuedUserName>
    <TempEndorseExpirationDate />
    <OffsetDate>2019-10-07 12:42:38</OffsetDate>
    <ReplacementID>tE2DCEE2092B744A29949BAE36A26EF7F</ReplacementID>
  </transaction>
  <transaction id="tE2DCEE2092B744A29949BAE36A26EF7F">
    <reasons id="rF2F9BBF0719F465F9CE8F7993085AFA8">
      <reason id="r2CABFEB5A77F4DBF92ABB42139C74D9D">
        <Code />
      </reason>
    </reasons>
    <OnsetBy>t14E5A178493D46E7BEF5D16F93703D68</OnsetBy>
    <HistoryID>2909056</HistoryID>
    <Status>Committed</Status>
    <StatusUser>admin</StatusUser>
    <StatusUserContext>Manager,CanTraceInExpress</StatusUserContext>
    <ScheduleDate />
    <ExpirationDate>2020-10-02</ExpirationDate>
    <CancellationDate />
    <PolicyManuScriptID>Carrier_PersonalPackage_Manual_Base_1_0_0_0</PolicyManuScriptID>
    <TypeCaption>Endorse</TypeCaption>
    <PolicyStatus>InForce</PolicyStatus>
    <WaiveChargeCheck>0</WaiveChargeCheck>
    <TransactionCounter>4</TransactionCounter>
    <PolicyVersion>00</PolicyVersion>
    <Type>Endorse</Type>
    <State>committed</State>
    <EffectiveDate>2020-05-13</EffectiveDate>
    <CreatedDate>2019-10-07T12:42:38</CreatedDate>
    <CreatedUser>admin</CreatedUser>
    <HistoryIDOriginal>2909044</HistoryIDOriginal>
    <OriginalID>t1B17E6C2B98A404CA0620A4ABB51A32B</OriginalID>
    <OriginalCharge>1134</OriginalCharge>
    <Charge>1134</Charge>
    <ProRateFactor>0.388</ProRateFactor>
    <TermPremium>2997</TermPremium>
    <PriorPremium />
    <NewPremium>2997</NewPremium>
    <ConvertedTransactionType>Endorse</ConvertedTransactionType>
    <ShortRateFactor>1</ShortRateFactor>
    <ProductIsReadOnly>0</ProductIsReadOnly>
    <TransactionDate>2019-10-07T12:42:40.959</TransactionDate>
    <Deposit />
    <AuditPremium />
    <AuditCharge />
    <WbPolicyStatus>Started Quote</WbPolicyStatus>
    <IssuedDate>2019-10-07T12:42:40</IssuedDate>
    <IssuedUserName>admin</IssuedUserName>
  </transaction>
</transactions>