﻿<PolicyRs xmlns="http://www.acord.org/schema/PC/xml/2">
  <BusinessPurposeTypeCd>NBQ</BusinessPurposeTypeCd>
  <TransactionEffectiveDt>2020-01-01T00:00:00.000</TransactionEffectiveDt>
  <TransactionSeqNumber>1</TransactionSeqNumber>
  <Policy id="Pol1">
    <PolicyNumber>A686487</PolicyNumber>
    <PolicyVersion>00</PolicyVersion>
    <CompanyProductCd>Choice</CompanyProductCd>
    <BroadLOBCd>WB PL</BroadLOBCd>
    <NAICCd>15350</NAICCd>
    <ControllingStateProvCd>AZ</ControllingStateProvCd>
    <ContractTerm id="0A83D31BE89946918DABBD24BA3A9ED6">
      <EffectiveDt>2020-01-01</EffectiveDt>
      <ExpirationDt>2021-01-01</ExpirationDt>
    </ContractTerm>
    <PolicyStatusCd>InForce</PolicyStatusCd>
    <Producer id="6618C7DFB9A34EAD818E0CE6AEB3B7F0">
      <Relationship id="D8B5B6D11E9040D9BE6C2815EA5E6CC7" RelationshipToRef="Pol1">
        <RelationshipToCd>PROD</RelationshipToCd>
      </Relationship>
      <Name>ProducerName</Name>
      <Addr id="F46B76DC3B1E42F292F64D349D33110C">
        <AddrTypeCd>MailingAddress</AddrTypeCd>
        <Addr1>123 Main St</Addr1>
        <City>Ann Arbor</City>
        <StateProvCd>MI</StateProvCd>
        <PostalCode>48001</PostalCode>
        <County>Washtenaw</County>
        <AddrExt id="57A999D19F91418EBEFCAC70D0C5E2D2">
          <WBRatedZipCd>48001</WBRatedZipCd>
          <WBRatedVehicleStateProvCd>MI</WBRatedVehicleStateProvCd>
        </AddrExt>
      </Addr>
      <Communications id="F1D9352533CB43C29911AC5FD687CE85">
        <PhoneTypeCd>Phone</PhoneTypeCd>
        <PhoneNumber>1-555-123-4567</PhoneNumber>
      </Communications>
    </Producer>
    <Producer id="869C797E1DE14A5ABDFB0C1516770E12">
      <Relationship id="8756A081C6C54CAD93EE63066167504E" RelationshipToRef="Pol1">
        <RelationshipToCd>Agency</RelationshipToCd>
      </Relationship>
      <Name>AgencyName</Name>
      <Addr id="2A893BAB91294EF6B3C70DBFF8E747EC">
        <AddrTypeCd>MailingAddress</AddrTypeCd>
        <Addr1>123 Main St</Addr1>
        <City>Ann Arbor</City>
        <StateProvCd>MI</StateProvCd>
        <PostalCode>48001</PostalCode>
        <County>Washtenaw</County>
        <AddrExt id="D49A525B47F3428AB4164B1AB6B0D286">
          <WBRatedZipCd>48001</WBRatedZipCd>
          <WBRatedVehicleStateProvCd>MI</WBRatedVehicleStateProvCd>
        </AddrExt>
      </Addr>
      <Communications id="14CE1A6640384194AF293229DCB79B28">
        <PhoneTypeCd>Phone</PhoneTypeCd>
        <PhoneNumber>1-555-123-4567</PhoneNumber>
      </Communications>
      <ContractNumber>26001</ContractNumber>
      <ProducerSubCode>12121</ProducerSubCode>
    </Producer>
    <InsuredOrPrincipal id="ins1">
      <ItemIdInfo id="C30E2CDFF6364B8996EAB25732267C6B">
        <AgencyId>1923768</AgencyId>
        <InsurerId>1000327229</InsurerId>
      </ItemIdInfo>
      <Relationship id="B73D3EFCA6A044C1BC73133A748A4993" RelationshipToRef="Pol1">
        <RelationshipToCd>FNI</RelationshipToCd>
      </Relationship>
      <Addr id="DB406D85F6AD4149AB7D114196D3E086">
        <AddrTypeCd>InsuredsAddress</AddrTypeCd>
        <Addr1>5605 W Northern Ave</Addr1>
        <City>Glendale</City>
        <StateProvCd>AZ</StateProvCd>
        <PostalCode>85301</PostalCode>
        <AddrExt id="847483CDC73740AEBA575CBDB232C7FB">
          <WBRatedZipCd>85301</WBRatedZipCd>
          <WBRatedVehicleStateProvCd>AZ</WBRatedVehicleStateProvCd>
        </AddrExt>
      </Addr>
      <Addr id="A686F1BFF5D194C28BF65F150D11549B3">
        <AddrTypeCd>BillingAddress</AddrTypeCd>
      </Addr>
      <Name />
      <TitlePrefix />
      <NameSuffix />
    </InsuredOrPrincipal>
    <InsuredOrPrincipal id="ins2">
      <ItemIdInfo id="F73BE81BB41F408E92A8A0CBB6737182">
        <AgencyId>1923768</AgencyId>
        <InsurerId>1000227028</InsurerId>
      </ItemIdInfo>
      <Relationship id="EBD39E24CBE740668FC58685CA57611E" RelationshipToRef="Pol1">
        <RelationshipToCd>CN</RelationshipToCd>
      </Relationship>
      <Relationship id="C1492F26F5F44A959E1EDDFC6F1D47DC" RelationshipToRef="ins1">
        <RelationshipToCd>SP</RelationshipToCd>
      </Relationship>
      <Addr id="00F4B176AC9E4843A82D697A7E4933E3">
        <AddrTypeCd>InsuredsAddress</AddrTypeCd>
        <Addr1>5605 W Northern Ave</Addr1>
        <City>Glendale</City>
        <StateProvCd>AZ</StateProvCd>
        <PostalCode>85301</PostalCode>
        <AddrExt id="165540FF416E4B9B8F079EA3F3E792FD">
          <WBRatedZipCd>85301</WBRatedZipCd>
          <WBRatedVehicleStateProvCd>AZ</WBRatedVehicleStateProvCd>
        </AddrExt>
      </Addr>
      <TitlePrefix />
      <GivenName />
      <Surname />
      <NameSuffix />
      <Name />
    </InsuredOrPrincipal>
    <PersAutoLineBusiness id="66CE397535404343A35F6C6A974C79F8">
      <Driver id="d1">
        <ItemIdInfo id="8557E99E15E4411A86A166F96C04ACB0">
          <InsurerId>1</InsurerId>
        </ItemIdInfo>
        <Relationship id="6C9BFCFEA8D84540883DEF963665CB04" RelationshipToRef="v1">
          <RelationshipToCd>DRV</RelationshipToCd>
        </Relationship>
        <Relationship id="A0796D2B49CA42009D38544ABFD5D242" RelationshipToRef="ins1">
          <RelationshipToCd>IN</RelationshipToCd>
        </Relationship>
        <License id="ED58BF1B6BF5433D88E17BE71A703D51">
          <LicenseTypeCd>Driver</LicenseTypeCd>
          <LicenseStatusCd>VALID</LicenseStatusCd>
          <LicensedDt>2017-02-01</LicensedDt>
          <LicensePermitNumber>1.23457E+11</LicensePermitNumber>
          <LicenseClassCd>D-SING</LicenseClassCd>
          <LicenseTerm id="LE31A68B01ED34321A2212C676627D833">
            <ExpirationDt>2021-01-01</ExpirationDt>
          </LicenseTerm>
          <StateProvCd>AZ</StateProvCd>
          <StateProv>AZ</StateProv>
          <LicenseExt id="L0121DDFC8A704755AAFBDC8559F68D8C">
            <LicensedFiveorMoreYearsInd>0</LicensedFiveorMoreYearsInd>
          </LicenseExt>
        </License>
        <Surname>Smith</Surname>
        <GivenName>Jane</GivenName>
        <OtherGivenName>S</OtherGivenName>
        <GenderCd>F</GenderCd>
        <BirthDt>1970-01-01</BirthDt>
        <MaritalStatusCd>M</MaritalStatusCd>
        <OccupationDesc>Accountant</OccupationDesc>
        <OccupationClassCd>ACT</OccupationClassCd>
        <MilitaryServiceInfo id="M9359C34A46594E29B0A79B0EAF504937">
          <MilitaryServiceInfoExt id="M722A14563E2F44A3928E893B933BCBD3">
            <WBMilitaryStationedFullTimeInd>0</WBMilitaryStationedFullTimeInd>
            <WBMilitaryActiveDutyInd>0</WBMilitaryActiveDutyInd>
          </MilitaryServiceInfoExt>
        </MilitaryServiceInfo>
        <QuestionAnswer id="A22ED308E931419293279877663DB24F">
          <QuestionCd>DRV05</QuestionCd>
          <YesNoCd>YES</YesNoCd>
        </QuestionAnswer>
        <DriverExt id="1ED41E3500B945AF902121D310DCC42E">
          <WBRiskTerm id="WDF19BFF2A189418499633E1F0E203DA1">
            <WBRiskEffectiveDt>2020-01-01</WBRiskEffectiveDt>
            <WBRiskExpirationDt>2021-01-01</WBRiskExpirationDt>
          </WBRiskTerm>
          <WBDriverAge>22</WBDriverAge>
          <WBAdvantageDriverInd>1</WBAdvantageDriverInd>
          <WBVehicleWithDriverInd>1</WBVehicleWithDriverInd>
        </DriverExt>
        <DriverTypeCd />
        <TitlePrefix />
        <NameSuffix />
      </Driver>
      <Vehicle id="v1" RatedDriverRef="">
        <ItemIdInfo id="IEC13D84F826C4DE69621C46746F59mE74">
          <InsurerId>1</InsurerId>
        </ItemIdInfo>
        <ManufactureCd>ACURA</ManufactureCd>
        <ManufacturerCd>ACURA</ManufacturerCd>
        <Model>MDX</Model>
        <ModelCd>ACURA</ModelCd>
        <ModelYear>2014</ModelYear>
        <VehBodyTypeCd>PU</VehBodyTypeCd>
        <VehTypeCd>TRUCK01</VehTypeCd>
        <Registration id="RE80185E367224AF8989B3D454EF385B166">
          <StateProvCd>AZ</StateProvCd>
        </Registration>
        <Horsepower id="H2AB1692664BA4F2EBBD626871C1FC8C167">
          <NumUnits>2.4</NumUnits>
        </Horsepower>
        <VehIdentificationNumber>5XYKT3A6XFG562952</VehIdentificationNumber>
        <GrossVehWeight id="G327FD26E8B694F4C8E40D2E1ADA50A259">
          <NumUnits>12000</NumUnits>
        </GrossVehWeight>
        <PurchaseDt>2016-08-09</PurchaseDt>
        <TerritoryCd>129</TerritoryCd>
        <AdditionalInterest id="AC97BDDD3C4184D6AB2C605E3C2E6157E">
          <ItemIdInfo id="I150DD7F096CD4D87949CD8223C20F350">
            <InsurerId>101</InsurerId>
          </ItemIdInfo>
          <Addr id="A535F921647C04756BD16DFCEEE93A484">
            <AddrTypeCd>MailingAddress</AddrTypeCd>
            <Addr1>123 N Main St</Addr1>
            <City>Ann Arbor</City>
            <StateProvCd>MI</StateProvCd>
            <PostalCode>48104-1665</PostalCode>
            <CountryCd>USA</CountryCd>
            <Latitude>42.282156</Latitude>
            <Longitude>-83.748639</Longitude>
            <County>Washtenaw County</County>
            <AddrExt id="A945A436008A645B1B1EB33388D725A83">
              <WBAddressStandardization id="W3702FE35928743E69EB3532479FBD846">
                <WBAddrStandardizeStreetName>Main</WBAddrStandardizeStreetName>
                <WBAddrStandardizeStreetTypeCd>St</WBAddrStandardizeStreetTypeCd>
                <WBAddrStandardizeStreetNumber>123</WBAddrStandardizeStreetNumber>
                <WBConfidence>83</WBConfidence>
                <WBAddrStandardizeLeadingDirectional>N</WBAddrStandardizeLeadingDirectional>
                <WBAddrStandardizeStatus>Accepted</WBAddrStandardizeStatus>
              </WBAddressStandardization>
            </AddrExt>
            <Addr2 />
            <Addr3 />
            <Addr4 />
          </Addr>
          <GivenName>test interest</GivenName>
          <NatureInterestCd>AINL</NatureInterestCd>
          <AdditionalInterestExt id="A1838B303C9E84209ADF064FD398A3C33">
            <WBRiskTerm id="W8E663D3AF8214D70AE03C0C433C1BFDE">
              <WBRiskEffectiveDt>2020-01-01</WBRiskEffectiveDt>
              <WBRiskExpirationDt>2021-01-01</WBRiskExpirationDt>
            </WBRiskTerm>
          </AdditionalInterestExt>
          <TitlePrefix />
          <NameSuffix />
          <Surname />
          <AccountNumberId />
        </AdditionalInterest>
        <BIPDSymbolCd>285</BIPDSymbolCd>
        <MedPayPIPLiabilitySymbolCd>505</MedPayPIPLiabilitySymbolCd>
        <VehicleExt id="V4C84F27784654EE7B7708632307BB785">
          <WBRiskTerm id="W7F178C70FBC444E795EBC15A37FC309F">
            <WBRiskEffectiveDt>2020-01-01</WBRiskEffectiveDt>
            <WBRiskExpirationDt>2021-01-01</WBRiskExpirationDt>
          </WBRiskTerm>
          <WBPremiumInfo id="W8582500E0CF7447392AD46A0973AB132">
            <WBCurrentTermAmt id="WA3C104E961704BD6AC72ABD2159979F8">
              <Amt>0</Amt>
            </WBCurrentTermAmt>
            <WBNetChangeAmt id="W5CA7D8408C6B4C7D804AAD56F582F051">
              <Amt>0</Amt>
            </WBNetChangeAmt>
            <WBWrittenAmt id="W80B9EB13FD8D4A298C925FD736A9D033" />
            <WBPriorCurrentTermAmt id="WA3EA4DA1DEF04DC9B838094038FAFDCC" />
            <WBPriorWrittenAmt id="W2E90C2B861874DC7A026F14F74C4B4B5" />
            <WBCancelAmt id="W037612848196423A8019B9FA47DD2FAA" />
          </WBPremiumInfo>
          <ClassCode>0</ClassCode>
          <WBAdaptiveHeadlightSystemInd>0</WBAdaptiveHeadlightSystemInd>
          <WBAutonomousOperationsModeInd>0</WBAutonomousOperationsModeInd>
          <WBBackupWarningSystemInd>0</WBBackupWarningSystemInd>
          <WBBlindSpotLaneOrDepartureMonitoringCd />
          <WBDriverFatigueSensingSystemInd>0</WBDriverFatigueSensingSystemInd>
          <WBForwardCrashAvoidanceCd />
          <Form id="F534E8210BF064F76948AC35643622E7E">
            <FormNumber>PP0001Q</FormNumber>
            <EditionDt>2019-01-01</EditionDt>
            <FormName>Personal Auto Policy</FormName>
            <EffectiveDt>2020-01-01</EffectiveDt>
          </Form>
          <Form id="F9FD1134DE072495FA693D9BFAEE5B30F">
            <FormNumber>PP0319Q</FormNumber>
            <EditionDt>2019-01-01</EditionDt>
            <FormName>Additional Insured - Lessor</FormName>
            <EffectiveDt>2020-01-01</EffectiveDt>
          </Form>
        </VehicleExt>
        <VehUseCd />
        <Manufacturer />
      </Vehicle>
      <PersAutoLineBusinessExt id="P4984FA03310F408CBAA8BEAEDDFC8D82">
        <WBPremiumInfo id="W5DD0ACFB42D643C1AC91103E41CF1131">
          <WBCurrentTermAmt id="WE06EFE185EED4FD1B7989878D49AEEAC">
            <Amt>0</Amt>
          </WBCurrentTermAmt>
          <WBNetChangeAmt id="W2C7F6249FE6B438E985B17B71ADA006F">
            <Amt>0</Amt>
          </WBNetChangeAmt>
        </WBPremiumInfo>
      </PersAutoLineBusinessExt>
    </PersAutoLineBusiness>
    <PolicyExt id="F42B20230FAA43A281C06B5D6D849CFC">
      <AutoCompositionFactorCd>P</AutoCompositionFactorCd>
      <WBPolicyAge>1</WBPolicyAge>
      <WBAssocGroupType>GROUP</WBAssocGroupType>
      <WBPolicyInceptionDateInfo id="WEE264D3176C64143B61F4C95606938C7">
        <WBPolicyUWInceptionDt>2020-01-01</WBPolicyUWInceptionDt>
        <WBPolicyUWDtOverrideInd>0</WBPolicyUWDtOverrideInd>
        <WBPolicyUWDtOverrideReason />
      </WBPolicyInceptionDateInfo>
      <WBTransactionStatusDesc>Committed</WBTransactionStatusDesc>
      <WBQuoteStatusDesc>Issued</WBQuoteStatusDesc>
      <WBOnsetOffsetPremiumInfo id="W090AF4B036A045C989CFE89EE98F7FB2">
        <WBCurrentTermOnsetAmt id="WD0473976B15649A381D4DE80902C08DF">
          <Amt />
        </WBCurrentTermOnsetAmt>
        <WBCurrentTermOffsetAmt id="W099B466DD96347C8AB4CE068DC4BE43C">
          <Amt />
        </WBCurrentTermOffsetAmt>
      </WBOnsetOffsetPremiumInfo>
      <WBPremiumInfo id="W001FBF2418E34F8A9F27FB25A890BE24">
        <WBCurrentTermAmt id="W9AB0BD079AE2455FA015BC8E0FC19596">
          <Amt>0</Amt>
        </WBCurrentTermAmt>
        <WBNetChangeAmt id="W75BEE26CFEC94927821EE9D6E45CDFD2" />
        <WBWrittenAmt id="WB84357DC567F4451B8EC0299E6065828" />
        <WBPriorCurrentTermAmt id="WC6575D50C6654B248E9309F942040E3E" />
        <WBPriorWrittenAmt id="WDCE0CA0DBC8F40D2BC5823C3383768A4" />
        <WBCancelAmt id="W96F4455F61454BD2AE2B86E7F73C3C4A" />
      </WBPremiumInfo>
      <WBHouseholdCompositionInd>0</WBHouseholdCompositionInd>
      <WBGroupAssocName />
    </PolicyExt>
    <QuoteInfo id="Q427EB486EE4F47EB94CAF3C77E9C84B4">
      <InitialQuoteRequestDt>2020-01-24</InitialQuoteRequestDt>
    </QuoteInfo>
    <OriginalPolicyInceptionDt>2020-01-01</OriginalPolicyInceptionDt>
    <GroupId />
  </Policy>
</PolicyRs>