﻿<PolicyRs xmlns="http://www.acord.org/schema/PC/xml/2">
	<BusinessPurposeTypeCd>NBQ</BusinessPurposeTypeCd>
	<TransactionEffectiveDt>2019-07-24T00:00:00.000</TransactionEffectiveDt>
	<TransactionSeqNumber>1</TransactionSeqNumber>
	<Policy id="P160878170EB7455BAA77C2300D2B96BF">
		<PolicyNumber>A594820</PolicyNumber>
		<PolicyVersion>00</PolicyVersion>
		<CompanyProductCd>801</CompanyProductCd>
		<BroadLOBCd>1</BroadLOBCd>
		<ControllingStateProvCd>MI</ControllingStateProvCd>
		<ContractTerm id="CA8A64E335DB04093A5622B29F0E68C63">
			<EffectiveDt>2019-07-24</EffectiveDt>
			<ExpirationDt>2020-07-24</ExpirationDt>
		</ContractTerm>
		<PaymentOption id="P2A0C9379B7B842AB9DA0A8CE7325C5A0">
			<PaymentPlanCd>QT</PaymentPlanCd>
		</PaymentOption>
		<QuoteInfo id="QD2D82C86498443E68CE1C61E2AE6C62A">
			<InitialQuoteRequestDt>2019-07-24</InitialQuoteRequestDt>
		</QuoteInfo>
		<CreditScoreInfo id="C043E8BA3F3624CABB75D69BFF478498A">
			<CreditScore>998</CreditScore>
			<CreditScoreDt>2019-07-24</CreditScoreDt>
			<CSPolicyTypeCd>Auto</CSPolicyTypeCd>
			<CreditScoreInfoExt id="C0F5C9C246EB0464EAC61EE63D1527EF2">
				<WBInsuranceScore id="WF513353EBF4C4990A5C8783DF750691A">
					<WBRatingScore>998</WBRatingScore>
				</WBInsuranceScore>
			</CreditScoreInfoExt>
		</CreditScoreInfo>
		<PolicyStatusCd>InForce</PolicyStatusCd>
		<UnderwritingDecisionInfo id="U05924F0C26F94310AD08502AB795B1E2">
			<SystemUnderwritingDecisionDt>2019-07-24</SystemUnderwritingDecisionDt>
			<UnderwritingScoreNumber>120</UnderwritingScoreNumber>
			<UnderwritingRuleInfo id="U2F798A9FDB5346A8977893944FC12BF8">
				<UnderwritingDecisionCd>Refer</UnderwritingDecisionCd>
				<UnderwritingScoreNumber>120</UnderwritingScoreNumber>
				<UnderwritingRuleInfoExt id="UAE2A215F80B8435FBCA6DD9B3ED478C0">
					<WBRuleIDDesc>RX2875</WBRuleIDDesc>
					<WBRuleMessageDesc>Auto - Refer to Underwriting due to responsibility filing for CSL Testing</WBRuleMessageDesc>
					<WBRuleSeverityCd>3</WBRuleSeverityCd>
				</UnderwritingRuleInfoExt>
			</UnderwritingRuleInfo>
			<UnderwritingDecisionInfoExt id="U9318B2D6D8C9458BAC4A25503AC0EF6F">
				<WBUpdatedCumulativeScore>120</WBUpdatedCumulativeScore>
			</UnderwritingDecisionInfoExt>
		</UnderwritingDecisionInfo>
		<PaidInFullInd>0</PaidInFullInd>
		<Producer id="P73F35982CF7D4AB3ADAEC45C8D7A2BA0" />
		<InsuredOrPrincipal id="I94E08B920617465E9C8649705BF8BFB8">
			<ItemIdInfo id="I1DF2D7BDF1EA44E8A365D5A704A02EEB">
				<InsurerId>1000289693</InsurerId>
			</ItemIdInfo>
			<Relationship id="R76885C74B81F4C9480AD12744421ECE9" RelationshipToRef="P160878170EB7455BAA77C2300D2B96BF">
				<RelationshipToCd>FNI</RelationshipToCd>
			</Relationship>
			<Name>CSL F Testing</Name>
			<Addr id="A2979806042354C8086ECF27CB6418CAB">
				<AddrTypeCd>InsuredsAddress</AddrTypeCd>
				<Addr1>513 Michigan Ave</Addr1>
				<City>Baldwin</City>
				<StateProvCd>MI</StateProvCd>
				<PostalCode>49304-7992</PostalCode>
				<CountryCd>USA</CountryCd>
				<Latitude>43.891401</Latitude>
				<Longitude>-85.851933</Longitude>
				<County>Lake County</County>
				<AddrExt id="A2124F45BDFCC412E87B0F025EC7D51F0">
					<WBAddressStandardization id="W085C7D4235DB4AEEA7DC33BD9881AEF4">
						<WBAddrStandardizeStreetName>Michigan</WBAddrStandardizeStreetName>
						<WBAddrStandardizeStreetTypeCd>Ave</WBAddrStandardizeStreetTypeCd>
						<WBAddrStandardizeStreetNumber>513</WBAddrStandardizeStreetNumber>
						<WBConfidence>99</WBConfidence>
						<WBAddrStandardizeStatus>Accepted</WBAddrStandardizeStatus>
					</WBAddressStandardization>
				</AddrExt>
				<Addr2 />
				<Addr3 />
				<Addr4 />
			</Addr>
			<Addr id="AC7DFCB009FE14527AC09BA32972C0314">
				<AddrTypeCd>MailingAddress</AddrTypeCd>
				<Addr1>513 Michigan Ave</Addr1>
				<City>Baldwin</City>
				<StateProvCd>MI</StateProvCd>
				<PostalCode>49304-7992</PostalCode>
				<CountryCd>USA</CountryCd>
				<Latitude>43.891401</Latitude>
				<Longitude>-85.851933</Longitude>
				<County>Lake County</County>
				<AddrExt id="AB1101AF5A5644955ABAFC7874F6237EC">
					<WBAddressStandardization id="WA18F361AD5834335A5509FECCA73CE44">
						<WBAddrStandardizeStreetName>Michigan</WBAddrStandardizeStreetName>
						<WBAddrStandardizeStreetTypeCd>Ave</WBAddrStandardizeStreetTypeCd>
						<WBAddrStandardizeStreetNumber>513</WBAddrStandardizeStreetNumber>
						<WBConfidence>99</WBConfidence>
						<WBAddrStandardizeStatus>Accepted</WBAddrStandardizeStatus>
					</WBAddressStandardization>
					<WBAddressAttentionLine>ATTN Testing</WBAddressAttentionLine>
				</AddrExt>
			</Addr>
			<Addr id="A45B23022F2DB4C00ADA7C981032DDC3C">
				<AddrTypeCd>BillingAddress</AddrTypeCd>
			</Addr>
			<Communications id="C4D2849B6B900474797DC6ADA0530153D" />
			<Surname>Testing</Surname>
			<GivenName>CSL</GivenName>
			<OtherGivenName>F</OtherGivenName>
			<GenderCd>M</GenderCd>
			<BirthDt>1980-07-24</BirthDt>
			<MaritalStatusCd>M</MaritalStatusCd>
			<TitlePrefix />
			<NameSuffix />
		</InsuredOrPrincipal>
		<PersAutoLineBusiness id="PD32035BDA9534F4C8C5B85E18DFEBD9D">
			<CompanyProductCd>850</CompanyProductCd>
			<Coverage id="C983E5D2FBDE74A0CA1A1D45CA54F6559">
				<CoverageCd>ROAD</CoverageCd>
				<Limit id="L442E093A020B4FC48238C233855677DA">
					<FormatCurrencyAmt id="FF592ECB216C94D3FA26BF3E8C865CF5E">
						<Amt>200</Amt>
					</FormatCurrencyAmt>
				</Limit>
				<EffectiveDt>2019-07-24</EffectiveDt>
				<ExpirationDt>2020-07-24</ExpirationDt>
				<ProRateFactor>1</ProRateFactor>
				<CoverageSupplement id="C381D8BC72E4E45ACB9F710761283D036">
					<CoverageSubCd>TLN</CoverageSubCd>
				</CoverageSupplement>
				<CoverageExt id="C3A040634FC734241A13598E37C39D652">
					<WBOnsetOffsetPremiumInfo id="W5D0E00C062174A569E24006CDA079A12">
						<WBCurrentTermOnsetAmt id="WE2F2F1A22CE94E85BF656185D5A0F074">
							<Amt>50</Amt>
						</WBCurrentTermOnsetAmt>
						<WBCurrentTermOffsetAmt id="WD73FE7D1D074483A84D491660F7F1B28">
							<Amt>0</Amt>
						</WBCurrentTermOffsetAmt>
					</WBOnsetOffsetPremiumInfo>
					<WBPremiumInfo id="WEE4E02480B444A139FE3B6E745FDBD67">
						<WBCurrentTermAmt id="WC6A79B2D74FB48C1A508323430BEEB54">
							<Amt>50</Amt>
							<offset>0</offset>
							<onset>50</onset>
						</WBCurrentTermAmt>
						<WBNetChangeAmt id="WE30F867089324B7E9C68562690462040">
							<Amt>50</Amt>
						</WBNetChangeAmt>
						<WBWrittenAmt id="W26726D29C9C7441C98B62C0C309E3BDE">
							<Amt>50</Amt>
						</WBWrittenAmt>
					</WBPremiumInfo>
				</CoverageExt>
			</Coverage>
			<Driver id="D2669F7CF679841F4AE1C66489DA1F2D0">
				<ItemIdInfo id="IC377E6EA86EC4530829AA0CC30E16696">
					<InsurerId>1100</InsurerId>
				</ItemIdInfo>
				<Relationship id="R5145487879BA429C882180D521E230AA" RelationshipToRef="I94E08B920617465E9C8649705BF8BFB8">
					<RelationshipToCd>IN</RelationshipToCd>
				</Relationship>
				<Relationship id="R94817F2C39824E398A7CCEDD5CF7D972" RelationshipToRef="V1D8AA4A21A244AC98C2E69798D011FD1">
					<RelationshipToCd>DRV</RelationshipToCd>
					<RelationshipDesc>PRINCIPAL</RelationshipDesc>
				</Relationship>
				<License id="L548E4E5DA188445E94177015E607338F">
					<LicenseTypeCd>Driver</LicenseTypeCd>
					<LicenseStatusCd>VALID</LicenseStatusCd>
					<LicensePermitNumber>NPWR1KZQL2222</LicensePermitNumber>
					<StateProvCd>MI</StateProvCd>
				</License>
				<Addr id="AE964B50C6134485AAE7291AEA837C8DD">
					<AddrTypeCd>InsuredsAddress</AddrTypeCd>
					<Addr1>513 Michigan Ave</Addr1>
					<City>Baldwin</City>
					<StateProvCd>MI</StateProvCd>
					<PostalCode>49304-7992</PostalCode>
					<CountryCd>USA</CountryCd>
					<Latitude>43.891401</Latitude>
					<Longitude>-85.851933</Longitude>
					<County>Lake County</County>
					<AddrExt id="AAAC2AF984B9148059446D8EFA8BB6D2B">
						<WBAddressStandardization id="W5D7D97E32A9C4E99AFA9D95E1A36B979">
							<WBAddrStandardizeStreetName>Michigan</WBAddrStandardizeStreetName>
							<WBAddrStandardizeStreetTypeCd>Ave</WBAddrStandardizeStreetTypeCd>
							<WBAddrStandardizeStreetNumber>513</WBAddrStandardizeStreetNumber>
							<WBConfidence>99</WBConfidence>
							<WBAddrStandardizeStatus>Accepted</WBAddrStandardizeStatus>
						</WBAddressStandardization>
					</AddrExt>
				</Addr>
				<Surname>Testing</Surname>
				<GivenName>CSL</GivenName>
				<OtherGivenName>F</OtherGivenName>
				<GenderCd>M</GenderCd>
				<BirthDt>1980-07-24</BirthDt>
				<MaritalStatusCd>M</MaritalStatusCd>
				<OccupationClassCd>AR</OccupationClassCd>
				<QuestionAnswer id="Q1A1432F48E124CA8A54EF2E1620F0338">
					<QuestionCd>DRV04</QuestionCd>
					<YesNoCd>YES</YesNoCd>
					<QuestionText>licensedLastFive</QuestionText>
				</QuestionAnswer>
				<QuestionAnswer id="Q8ECD1D5B9BEE48BEBAA98B351E192AF0">
					<QuestionCd>DRV05</QuestionCd>
					<YesNoCd>YES</YesNoCd>
					<QuestionText>isIndiviualLicensed</QuestionText>
				</QuestionAnswer>
				<QuestionAnswer id="Q7267D5AE8E1A44AA945F39EF9A400204">
					<QuestionCd>DRV01</QuestionCd>
					<YesNoCd>NO</YesNoCd>
				</QuestionAnswer>
				<FinancialResponsibilityFiling id="FEC3F64D1DBA44B859DF4DA07F9D052E5">
					<FilingCd>3</FilingCd>
					<FilingOriginalDt>2019-07-24</FilingOriginalDt>
					<FilingReasonCd>MINV</FilingReasonCd>
					<ReasonForFilingDesc>Minor driving violations</ReasonForFilingDesc>
				</FinancialResponsibilityFiling>
				<DriverExt id="D8293C7EDBD1E4B79984B8912005EA058">
					<YouthfulInd>0</YouthfulInd>
					<WBIsMinor>0</WBIsMinor>
					<WBRiskTerm id="WF9274A91CA0C49ED99C20DB946D75AF1">
						<WBRiskEffectiveDt>2019-07-24</WBRiskEffectiveDt>
						<WBRiskExpirationDt>2020-07-24</WBRiskExpirationDt>
					</WBRiskTerm>
					<WBDriverAge>39</WBDriverAge>
					<WBInexperiencedOperatorInd>0</WBInexperiencedOperatorInd>
					<WBAdvantageDriverInd>0</WBAdvantageDriverInd>
				</DriverExt>
				<DriverTypeCd />
				<TitlePrefix />
				<NameSuffix />
			</Driver>
			<Vehicle id="V1D8AA4A21A244AC98C2E69798D011FD1" RatedDriverRef="D2669F7CF679841F4AE1C66489DA1F2D0">
				<ItemIdInfo id="I80C2A621D78D4D209287DCBD1084A129">
					<InsurerId>1100</InsurerId>
				</ItemIdInfo>
				<Manufacturer>HONDA</Manufacturer>
				<ManufacturerCd>HOND</ManufacturerCd>
				<Model>ACCORD EX</Model>
				<ModelCd>ACCORD</ModelCd>
				<ModelYear>2016</ModelYear>
				<VehBodyTypeCd>PP</VehBodyTypeCd>
				<Horsepower id="HB57B9C424C4D45EC9F566F34478BBF6A">
					<NumUnits>2.4</NumUnits>
				</Horsepower>
				<LeasedVehInd>0</LeasedVehInd>
				<VehIdentificationNumber>JHMCR2E7&amp;G</VehIdentificationNumber>
				<GrossVehWeight id="G3E11C6FBDB494096A4849234DA74F166">
					<NumUnits>9999</NumUnits>
				</GrossVehWeight>
				<ItemModificationInfo id="IE9BC1C7DF5724E2981EB66BAD16BD774">
					<ItemModificationInfoExt id="I036BFE7F0F5C48959FDEE69601CF11E6">
						<WBHandicapInd>0</WBHandicapInd>
						<WBCustomEquipInd>0</WBCustomEquipInd>
					</ItemModificationInfoExt>
				</ItemModificationInfo>
				<BIPDSymbolCd>285</BIPDSymbolCd>
				<MedPayPIPLiabilitySymbolCd>500</MedPayPIPLiabilitySymbolCd>
				<Addr id="A90B7BA579DC64C8FAE140CFCEBB28817">
					<AddrTypeCd>GaragingAddress</AddrTypeCd>
					<Addr1>513 Michigan Ave</Addr1>
					<City>Baldwin</City>
					<StateProvCd>MI</StateProvCd>
					<PostalCode>49304-7992</PostalCode>
					<CountryCd>USA</CountryCd>
					<Latitude>43.891401</Latitude>
					<Longitude>-85.851933</Longitude>
					<County>Lake County</County>
					<Region>30</Region>
					<AddrExt id="AEBDFAC651B0B428F8F5131C0FF19E7A2">
						<WBRatedZipCd>49304</WBRatedZipCd>
						<WBRatedVehicleStateProvCd>MI</WBRatedVehicleStateProvCd>
						<WBAddressStandardization id="WA8F84788561B4D3EBA001F2BCF70FB97">
							<WBAddrStandardizeStreetName>Michigan</WBAddrStandardizeStreetName>
							<WBAddrStandardizeStreetTypeCd>Ave</WBAddrStandardizeStreetTypeCd>
							<WBAddrStandardizeStreetNumber>513</WBAddrStandardizeStreetNumber>
							<WBConfidence>99</WBConfidence>
							<WBAddrStandardizeStatus>Accepted</WBAddrStandardizeStatus>
						</WBAddressStandardization>
					</AddrExt>
					<Addr2 />
				</Addr>
				<Coverage id="C4C873DFC45F14D7E9D67F902CE3271F3">
					<CoverageCd>COMP</CoverageCd>
					<Deductible id="D8DC0A409A32F4E1D8E6DC029E14DA61E">
						<FormatCurrencyAmt id="F832A5F6C620849988623AF6807B98D44">
							<Amt>1000</Amt>
						</FormatCurrencyAmt>
						<DeductibleAppliesToCd>ACC</DeductibleAppliesToCd>
					</Deductible>
					<Option id="OC386363C8A28456EB93BEC5A889DB0A0">
						<OptionCd>FG</OptionCd>
					</Option>
					<CreditOrSurcharge id="C968F70E9228E498F93780179C91CD03B">
						<CreditSurchargeCd>LFREE</CreditSurchargeCd>
						<SecondaryCd>CFAEST</SecondaryCd>
						<WBRatingAppliedInd>0</WBRatingAppliedInd>
					</CreditOrSurcharge>
					<EffectiveDt>2019-07-24</EffectiveDt>
					<ExpirationDt>2020-07-24</ExpirationDt>
					<ProRateFactor>1</ProRateFactor>
					<CoverageSupplement id="CC1FE5BBA03254197A3D0D4401D26A219">
						<CoverageSubCd>OTC</CoverageSubCd>
					</CoverageSupplement>
					<CoverageExt id="C2C1A8C840CFD448C978025D466656202">
						<WBOnsetOffsetPremiumInfo id="W13EF81289E3944D2804D9F2018C1EEFE">
							<WBCurrentTermOnsetAmt id="W98D61A4546384C1E85BE6678BD047B85">
								<Amt>460</Amt>
							</WBCurrentTermOnsetAmt>
							<WBCurrentTermOffsetAmt id="WCE7B0AA315B946DE8A0A136F41962902">
								<Amt>0</Amt>
							</WBCurrentTermOffsetAmt>
						</WBOnsetOffsetPremiumInfo>
						<WBPremiumInfo id="WD3375661EC0E4B468B56902B579823C7">
							<WBCurrentTermAmt id="WB4DE3915E9244760988D277589ABC06B">
								<Amt>460</Amt>
								<offset>0</offset>
								<onset>460</onset>
							</WBCurrentTermAmt>
							<WBNetChangeAmt id="WC464C7266C634E9F8B288D7A894BED46">
								<Amt>460</Amt>
							</WBNetChangeAmt>
							<WBWrittenAmt id="W358869ECD87647E79B72D38B0BF733A3">
								<Amt>460</Amt>
							</WBWrittenAmt>
						</WBPremiumInfo>
					</CoverageExt>
				</Coverage>
				<Coverage id="C6C29C2F7897C4560A646B30D4B78B043">
					<CoverageCd>COLL</CoverageCd>
					<Deductible id="DC0088F4E01ED4AA785D59C4287C27A9B">
						<FormatCurrencyAmt id="FFDD4661B07B84B6086F29A3517452DCC">
							<Amt>1000</Amt>
						</FormatCurrencyAmt>
						<DeductibleAppliesToCd>ACC</DeductibleAppliesToCd>
					</Deductible>
					<Option id="O6C825BF20D7547B29836A86F6E53966F">
						<OptionCd>COL</OptionCd>
					</Option>
					<CreditOrSurcharge id="C9B08EDC2BDF94A838ED535ABA3A7974C">
						<CreditSurchargeCd>LFREE</CreditSurchargeCd>
						<SecondaryCd>CFAEST</SecondaryCd>
						<WBRatingAppliedInd>0</WBRatingAppliedInd>
					</CreditOrSurcharge>
					<EffectiveDt>2019-07-24</EffectiveDt>
					<ExpirationDt>2020-07-24</ExpirationDt>
					<ProRateFactor>1</ProRateFactor>
					<CoverageSupplement id="C22F84B8A627143D297D95FD0EF730197">
						<CoverageSubCd>COLL</CoverageSubCd>
					</CoverageSupplement>
					<CoverageExt id="C02C7C8ED0B354D488D33F8E47B5430C7">
						<WBOnsetOffsetPremiumInfo id="WF3EFC4ADFEBD4DDC8EFB9C9D0CED9F14">
							<WBCurrentTermOnsetAmt id="WCB70C3E740B6463BAE48AD9527DD69DC">
								<Amt>817</Amt>
							</WBCurrentTermOnsetAmt>
							<WBCurrentTermOffsetAmt id="W4BB64867D7EC4BB1876349767EE4722E">
								<Amt>0</Amt>
							</WBCurrentTermOffsetAmt>
						</WBOnsetOffsetPremiumInfo>
						<WBPremiumInfo id="W57FF0724DD5C43119FAA60AF802BA04A">
							<WBCurrentTermAmt id="W8028833242F04D6F91B0D669CC8BE9EA">
								<Amt>817</Amt>
								<offset>0</offset>
								<onset>817</onset>
							</WBCurrentTermAmt>
							<WBNetChangeAmt id="WE8BCA6E3685749A886781F42B9F744C1">
								<Amt>817</Amt>
							</WBNetChangeAmt>
							<WBWrittenAmt id="W3523CAF20A2D4398B9C8887C6825F63A">
								<Amt>817</Amt>
							</WBWrittenAmt>
						</WBPremiumInfo>
					</CoverageExt>
				</Coverage>
				<Coverage id="CB7229F6EA97C429499F4E9EC3EDB761E">
					<CoverageCd>CSL</CoverageCd>
					<Limit id="LE2311327CA4A4BAB9DE5B78470C29BB6">
						<FormatCurrencyAmt id="F62EF80B4BB4448B1B84079067EC37076">
							<Amt>100000</Amt>
						</FormatCurrencyAmt>
						<LimitAppliesToCd>PerAcc</LimitAppliesToCd>
					</Limit>
					<CreditOrSurcharge id="CD9509609C5054F489789FA064A220464">
						<CreditSurchargeCd>LFREE</CreditSurchargeCd>
						<SecondaryCd>CFAEST</SecondaryCd>
						<WBRatingAppliedInd>0</WBRatingAppliedInd>
					</CreditOrSurcharge>
					<EffectiveDt>2019-07-24</EffectiveDt>
					<ExpirationDt>2020-07-24</ExpirationDt>
					<ProRateFactor>1</ProRateFactor>
					<CoverageSupplement id="C18E61151B05A4923911E46E95B8AF682">
						<CoverageSubCd>CSL</CoverageSubCd>
					</CoverageSupplement>
					<CoverageExt id="CAD54635EC5D84B1796599BC37A4F5218">
						<WBOnsetOffsetPremiumInfo id="W647F64ED892A42259C6E757F8B908DB4">
							<WBCurrentTermOnsetAmt id="WC629CF4D20C14A18AEE2A4D868995B0A">
								<Amt>158</Amt>
							</WBCurrentTermOnsetAmt>
							<WBCurrentTermOffsetAmt id="WDF9E460E3A3F441C9AA29F3372F7C894">
								<Amt>0</Amt>
							</WBCurrentTermOffsetAmt>
						</WBOnsetOffsetPremiumInfo>
						<WBPremiumInfo id="W79B2345F5E794CCE933F1E3FBCDC92A0">
							<WBCurrentTermAmt id="W506305E0DD37457BA62A27DE612B9339">
								<Amt>158</Amt>
								<offset>0</offset>
								<onset>158</onset>
							</WBCurrentTermAmt>
							<WBNetChangeAmt id="W82997D44250A40F4961F5151295FF140">
								<Amt>158</Amt>
							</WBNetChangeAmt>
							<WBWrittenAmt id="W9A1C2F2E72964D9EA09D34C85518B65C">
								<Amt>158</Amt>
							</WBWrittenAmt>
						</WBPremiumInfo>
					</CoverageExt>
				</Coverage>
				<Coverage id="C8D3567600C6E41A79099089F89F04FF8">
					<CoverageCd>LPD</CoverageCd>
					<Limit id="LB5C758C0A215437CA1385D267079B405">
						<FormatCurrencyAmt id="FC81C0920F7014ED9B70E1CBCD812C731">
							<Amt>1000</Amt>
						</FormatCurrencyAmt>
						<LimitAppliesToCd>EachClaim</LimitAppliesToCd>
					</Limit>
					<EffectiveDt>2019-07-24</EffectiveDt>
					<ExpirationDt>2020-07-24</ExpirationDt>
					<ProRateFactor>1</ProRateFactor>
					<CoverageSupplement id="C80733AD3199642D7A1B6C4E1CAA8C743">
						<CoverageSubCd>APD</CoverageSubCd>
					</CoverageSupplement>
					<CoverageExt id="C130914CB28EB4CB997F1A3BF024F0EDD">
						<WBOnsetOffsetPremiumInfo id="W1BC10A4F2830463E983E2E8AA9CC8228">
							<WBCurrentTermOnsetAmt id="W441EE4CD6B7347FD8A8AE5C2A39E7C5A">
								<Amt>0</Amt>
							</WBCurrentTermOnsetAmt>
							<WBCurrentTermOffsetAmt id="W6628983DD5E34CB1B6AC0EDBC2A4BD77">
								<Amt>0</Amt>
							</WBCurrentTermOffsetAmt>
						</WBOnsetOffsetPremiumInfo>
						<WBPremiumInfo id="W51E6834F0B1047F09E6E226F5BA0D40A">
							<WBCurrentTermAmt id="W61B6C0B9521249DEBD24603879271AC8">
								<Amt>0</Amt>
								<offset>0</offset>
								<onset>0</onset>
							</WBCurrentTermAmt>
							<WBNetChangeAmt id="WD07D63D20ED74CE7951A9C9BBDFEA630">
								<Amt>0</Amt>
							</WBNetChangeAmt>
							<WBWrittenAmt id="WAC99D88E562E404496E65A7F638D495F">
								<Amt>0</Amt>
							</WBWrittenAmt>
						</WBPremiumInfo>
					</CoverageExt>
				</Coverage>
				<Coverage id="C19372CF14154494993CF378F663EDED4">
					<CoverageCd>WLB</CoverageCd>
					<Deductible id="D1E9F12D24FF9468EAE3AEB6680C3C8F8">
						<FormatCurrencyAmt id="FB377E1F3E18241FDA60353D0B7B24BA6">
							<Amt>1000</Amt>
						</FormatCurrencyAmt>
						<DeductibleAppliesToCd>CL</DeductibleAppliesToCd>
					</Deductible>
					<Option id="O5044C1FA68F547E0BA9F34A1F9A32633">
						<OptionCd>P</OptionCd>
					</Option>
					<CreditOrSurcharge id="CB91D38E764A24C5E8A27EA9D1819EF01">
						<CreditSurchargeCd>LFREE</CreditSurchargeCd>
						<SecondaryCd>CFAEST</SecondaryCd>
						<WBRatingAppliedInd>0</WBRatingAppliedInd>
					</CreditOrSurcharge>
					<EffectiveDt>2019-07-24</EffectiveDt>
					<ExpirationDt>2020-07-24</ExpirationDt>
					<ProRateFactor>1</ProRateFactor>
					<CoverageSupplement id="C9B845A8BA9E7471591C0C44453F0F46D">
						<CoverageSubCd>PIPWKLOSS</CoverageSubCd>
					</CoverageSupplement>
					<CoverageExt id="C96C41FEBA22F44C3BF3C595C224C3DBF">
						<WBOnsetOffsetPremiumInfo id="W1F4E6FA66B814885A7D274AF87C3DF8E">
							<WBCurrentTermOnsetAmt id="W6493BE41F94C4B03AFDAE00C5B871FE5">
								<Amt>32</Amt>
							</WBCurrentTermOnsetAmt>
							<WBCurrentTermOffsetAmt id="W75CFF75B07AB48B2ADBEE0EA0EBD6A8C">
								<Amt>0</Amt>
							</WBCurrentTermOffsetAmt>
						</WBOnsetOffsetPremiumInfo>
						<WBPremiumInfo id="W895A8ABFC7E04D4595CCBE10C545A4AD">
							<WBCurrentTermAmt id="WEB489A118A334779B904DFDA5108223C">
								<Amt>32</Amt>
								<offset>0</offset>
								<onset>32</onset>
							</WBCurrentTermAmt>
							<WBNetChangeAmt id="W77C7EFC5EF46427E9A13F1621EDDF51C">
								<Amt>32</Amt>
							</WBNetChangeAmt>
							<WBWrittenAmt id="W5F001898F1E441BEB0FDDD9B75743721">
								<Amt>32</Amt>
							</WBWrittenAmt>
						</WBPremiumInfo>
					</CoverageExt>
				</Coverage>
				<Coverage id="C1BCB2CF8E5D340B8B9649E2AAC7C738B">
					<CoverageCd>UMCSL</CoverageCd>
					<Limit id="LA15DA082E37245BFB3F5723C25D4D812">
						<FormatCurrencyAmt id="FA96EF3C2E47E4849B58055040668EA0F">
							<Amt>100000</Amt>
						</FormatCurrencyAmt>
						<LimitAppliesToCd>CSL</LimitAppliesToCd>
					</Limit>
					<CreditOrSurcharge id="CE553A24F9FBC48798E99E406E93E0563">
						<CreditSurchargeCd>LFREE</CreditSurchargeCd>
						<SecondaryCd>CFAEST</SecondaryCd>
						<WBRatingAppliedInd>0</WBRatingAppliedInd>
					</CreditOrSurcharge>
					<EffectiveDt>2019-07-24</EffectiveDt>
					<ExpirationDt>2020-07-24</ExpirationDt>
					<ProRateFactor>1</ProRateFactor>
					<CoverageSupplement id="C86D4182CC7FD4DFC9FF1664E25C9D1AE">
						<CoverageSubCd>UMCSL</CoverageSubCd>
					</CoverageSupplement>
					<CoverageExt id="CE592226B8AE945E4976B144174C731EC">
						<WBOnsetOffsetPremiumInfo id="W6F637DEAD6764C86A94E3D9C4928F27B">
							<WBCurrentTermOnsetAmt id="W535C288D08834544A2D9C8EC0C8D88E7">
								<Amt>25</Amt>
							</WBCurrentTermOnsetAmt>
							<WBCurrentTermOffsetAmt id="W217AAEEFC50D44D1AB31A711C23F8700">
								<Amt>0</Amt>
							</WBCurrentTermOffsetAmt>
						</WBOnsetOffsetPremiumInfo>
						<WBPremiumInfo id="W81E8FE1E5F0A4DC993C70160B6C732AF">
							<WBCurrentTermAmt id="W47D6C2D446D643D39506858EBB9FA27A">
								<Amt>25</Amt>
								<offset>0</offset>
								<onset>25</onset>
							</WBCurrentTermAmt>
							<WBNetChangeAmt id="WF6247769FF3F4C04A9CE8B954D1AFF42">
								<Amt>25</Amt>
							</WBNetChangeAmt>
							<WBWrittenAmt id="WA3763FF2A7EB4E36B0BDFF696CF6D557">
								<Amt>25</Amt>
							</WBWrittenAmt>
						</WBPremiumInfo>
					</CoverageExt>
				</Coverage>
				<Coverage id="C6D66985C6FA84614A20D184CA287E427">
					<CoverageCd>UNCSL</CoverageCd>
					<Limit id="LC50795CD2D7449EEA9EE6C0F397592BE">
						<FormatCurrencyAmt id="FA8547CB270C747E1B141CADA49B8F36C">
							<Amt>100000</Amt>
						</FormatCurrencyAmt>
						<LimitAppliesToCd>CSL</LimitAppliesToCd>
					</Limit>
					<EffectiveDt>2019-07-24</EffectiveDt>
					<ExpirationDt>2020-07-24</ExpirationDt>
					<ProRateFactor>1</ProRateFactor>
					<CoverageSupplement id="CDF7C86BEEF784BF5911C3E6EEC5BE12F">
						<CoverageSubCd>UNDMCSL</CoverageSubCd>
					</CoverageSupplement>
					<CoverageExt id="C9E9BCFF20557441BA52E071AED02AC2A">
						<WBOnsetOffsetPremiumInfo id="W947C3861BB4341D6BA1EEE6ECCF2B668">
							<WBCurrentTermOnsetAmt id="W4668B732588C4B308491B9F2AF669852">
								<Amt>11</Amt>
							</WBCurrentTermOnsetAmt>
							<WBCurrentTermOffsetAmt id="W582FBDBAB50144C2B5D33A428CC16E7A">
								<Amt>0</Amt>
							</WBCurrentTermOffsetAmt>
						</WBOnsetOffsetPremiumInfo>
						<WBPremiumInfo id="WC22A9F4889ED48D5AD73E6F2E236E607">
							<WBCurrentTermAmt id="W36C13A2FA7F548FAAE1288759142063C">
								<Amt>11</Amt>
								<offset>0</offset>
								<onset>11</onset>
							</WBCurrentTermAmt>
							<WBNetChangeAmt id="W56D107C0B21C491CA25E921C3E7C9D6B">
								<Amt>11</Amt>
							</WBNetChangeAmt>
							<WBWrittenAmt id="WD7FB10DFC81C4204BDB093D78988CD9E">
								<Amt>11</Amt>
							</WBWrittenAmt>
						</WBPremiumInfo>
					</CoverageExt>
				</Coverage>
				<Coverage id="C433A27D82380484F9D1C5D51BEA67709">
					<CoverageCd>TRNEX</CoverageCd>
					<Limit id="LAB079BA00C0C4AC284CD3AB64165AAAA">
						<FormatCurrencyAmt id="F7E828C4EA25A488B9F70B17FCA956E08">
							<Amt>30</Amt>
						</FormatCurrencyAmt>
						<LimitAppliesToCd>PerDay</LimitAppliesToCd>
					</Limit>
					<Limit id="LDD12DC622D27458D8200E22E13FAFAA5">
						<FormatCurrencyAmt id="FB60F85EFA47241318C0E0626297A7DA6">
							<Amt>900</Amt>
						</FormatCurrencyAmt>
						<LimitAppliesToCd>EachClaim</LimitAppliesToCd>
					</Limit>
					<EffectiveDt>2019-07-24</EffectiveDt>
					<ExpirationDt>2020-07-24</ExpirationDt>
					<ProRateFactor>1</ProRateFactor>
					<CoverageSupplement id="C9083CFE127ED49519E87BF656C949E98">
						<CoverageSubCd>TRNSEXP</CoverageSubCd>
					</CoverageSupplement>
					<CoverageExt id="C77F1792AD0354A78B3C2E03DE14DE9F8">
						<WBOnsetOffsetPremiumInfo id="WABF14807017547649B4FD7887C33C007">
							<WBCurrentTermOnsetAmt id="W16066F66D40444F3AF7A2181CD82B2A0">
								<Amt>2</Amt>
							</WBCurrentTermOnsetAmt>
							<WBCurrentTermOffsetAmt id="W84E257C3D8224D6BBF748E3E9D69445E">
								<Amt>0</Amt>
							</WBCurrentTermOffsetAmt>
						</WBOnsetOffsetPremiumInfo>
						<WBPremiumInfo id="W84629A3FCD104118BBD4A8A6EC76BDC5">
							<WBCurrentTermAmt id="W5AE4C14466DB4D9EB47C8A16D47FCFFD">
								<Amt>2</Amt>
								<offset>0</offset>
								<onset>2</onset>
							</WBCurrentTermAmt>
							<WBNetChangeAmt id="W06345A2F0D404D2DA8390287C29477E2">
								<Amt>2</Amt>
							</WBNetChangeAmt>
							<WBWrittenAmt id="WE50BED4B62C54BD595E6AA921B9EC8CD">
								<Amt>2</Amt>
							</WBWrittenAmt>
						</WBPremiumInfo>
					</CoverageExt>
				</Coverage>
				<Coverage id="CF32782C774224FBB9E775FB8841D7AA8">
					<CoverageCd>RRGAP</CoverageCd>
					<Option id="ODC4BCCE0D94B4AA8B184FEAFBA70438B">
						<OptionCd>RC</OptionCd>
					</Option>
					<EffectiveDt>2019-07-24</EffectiveDt>
					<ExpirationDt>2020-07-24</ExpirationDt>
					<ProRateFactor>1</ProRateFactor>
					<CoverageSupplement id="CE21616C8FE884B3CBB97F7BCCCB1ECD8">
						<CoverageSubCd>CDRCOLL</CoverageSubCd>
					</CoverageSupplement>
					<CoverageExt id="CCD0BAA81B44F4658939229806E4C9CCD">
						<WBOnsetOffsetPremiumInfo id="WF24BA4E916784B0CA49FAC5FA50E82FE">
							<WBCurrentTermOnsetAmt id="W0963F1929CEE44BB82A26DA3ED94AC17">
								<Amt>193</Amt>
							</WBCurrentTermOnsetAmt>
							<WBCurrentTermOffsetAmt id="W898C3BE6D9A941AC8BFA7F7E42459CD9">
								<Amt>0</Amt>
							</WBCurrentTermOffsetAmt>
						</WBOnsetOffsetPremiumInfo>
						<WBPremiumInfo id="WE16CC4C00AA849F5ADC424248B2B8C1B">
							<WBCurrentTermAmt id="W6B8B5724EFF3430BB1F5F972210DF0A5">
								<Amt>193</Amt>
								<offset>0</offset>
								<onset>193</onset>
							</WBCurrentTermAmt>
							<WBNetChangeAmt id="W519443D64A124D6C8E2E78E1F1040977">
								<Amt>193</Amt>
							</WBNetChangeAmt>
							<WBWrittenAmt id="W77C455942E824F4184A2123D1C795DBA">
								<Amt>193</Amt>
							</WBWrittenAmt>
						</WBPremiumInfo>
					</CoverageExt>
				</Coverage>
				<Coverage id="C9F7EF8FFF6124FB59A25067EABBCCDE6">
					<CoverageCd>PIP</CoverageCd>
					<Deductible id="D9FE66B2A60C04F3781B1843A299EDCE8">
						<FormatCurrencyAmt id="F0A85F104F74A4ED1801C461CB131F25E">
							<Amt>1000</Amt>
						</FormatCurrencyAmt>
						<DeductibleAppliesToCd>CL</DeductibleAppliesToCd>
					</Deductible>
					<Option id="OCFEB3AFC96ED425D8B4466A255B45C94">
						<OptionCd>P</OptionCd>
					</Option>
					<CreditOrSurcharge id="CF712CF496ECC4C2993B868780EF40B13">
						<CreditSurchargeCd>LFREE</CreditSurchargeCd>
						<SecondaryCd>CFAEST</SecondaryCd>
						<WBRatingAppliedInd>0</WBRatingAppliedInd>
					</CreditOrSurcharge>
					<EffectiveDt>2019-07-24</EffectiveDt>
					<ExpirationDt>2020-07-24</ExpirationDt>
					<ProRateFactor>1</ProRateFactor>
					<CoverageSupplement id="C10AC86249A5244F7BEBDB480A59B4E86">
						<CoverageSubCd>PIPMED</CoverageSubCd>
					</CoverageSupplement>
					<CoverageExt id="C9093A68400BE4496BB59BC1E24769DF7">
						<WBOnsetOffsetPremiumInfo id="W5FDF1F8839A34EFCA2C4B047D388B942">
							<WBCurrentTermOnsetAmt id="WE18BB7813168469EB1293480011D8A50">
								<Amt>684</Amt>
							</WBCurrentTermOnsetAmt>
							<WBCurrentTermOffsetAmt id="W6A378300305743B6BA6F0BE2358F9503">
								<Amt>0</Amt>
							</WBCurrentTermOffsetAmt>
						</WBOnsetOffsetPremiumInfo>
						<WBPremiumInfo id="WCC1C88EC530E4274881835223E1E6770">
							<WBCurrentTermAmt id="WF760D6F1165B48C8B8E68AE0FE129300">
								<Amt>684</Amt>
								<offset>0</offset>
								<onset>684</onset>
							</WBCurrentTermAmt>
							<WBNetChangeAmt id="WD310336F0E964B08909FC298E97AEE0C">
								<Amt>684</Amt>
							</WBNetChangeAmt>
							<WBWrittenAmt id="W47D8D0CAEB1D4FD18D081D79186425E2">
								<Amt>684</Amt>
							</WBWrittenAmt>
						</WBPremiumInfo>
					</CoverageExt>
				</Coverage>
				<Coverage id="C19213D9703C24F628BA89861FF378366">
					<CoverageCd>PIP</CoverageCd>
					<Deductible id="D1F792A8054324AFFB0AF229E03ABED28">
						<FormatCurrencyAmt id="F25A8FC934EA44F44BB72B879AFE8BD0B">
							<Amt>1000</Amt>
						</FormatCurrencyAmt>
						<DeductibleAppliesToCd>CL</DeductibleAppliesToCd>
					</Deductible>
					<EffectiveDt>2019-07-24</EffectiveDt>
					<ExpirationDt>2020-07-24</ExpirationDt>
					<ProRateFactor>1</ProRateFactor>
					<CoverageSupplement id="C7CB3FB3D655D4E00A1F3ADF0AF234292">
						<CoverageSubCd>PIPALLOTHER</CoverageSubCd>
					</CoverageSupplement>
					<CoverageExt id="CC6AB116766014FD5A300D166C9092200">
						<WBOnsetOffsetPremiumInfo id="W7B88029A86E64AB9AE77098F7D8F9DE7">
							<WBCurrentTermOnsetAmt id="WD42C139166D14565BA052C5225A8EA07">
								<Amt>14</Amt>
							</WBCurrentTermOnsetAmt>
							<WBCurrentTermOffsetAmt id="W3B8999AA080A4FCEA7D0376382A8B9CC">
								<Amt>0</Amt>
							</WBCurrentTermOffsetAmt>
						</WBOnsetOffsetPremiumInfo>
						<WBPremiumInfo id="W046B5988DEB649969CC8DE39A7E1C1AF">
							<WBCurrentTermAmt id="W7EC7B8494177491291AD95C8B3F7FAE9">
								<Amt>14</Amt>
							</WBCurrentTermAmt>
							<WBNetChangeAmt id="WE9623C73447C4032AA4AB79F0900B185">
								<Amt>14</Amt>
							</WBNetChangeAmt>
							<WBWrittenAmt id="W3B08736D22F8415FBF662C278CED5B7C">
								<Amt>14</Amt>
							</WBWrittenAmt>
						</WBPremiumInfo>
					</CoverageExt>
				</Coverage>
				<Coverage id="C9D2668DACF7849C9AD27397BAEEF0CBE">
					<CoverageCd>RRGAP</CoverageCd>
					<Option id="O9014C2A93FD84AF0BE524593159FD99F">
						<OptionCd>RC</OptionCd>
					</Option>
					<EffectiveDt>2019-07-24</EffectiveDt>
					<ExpirationDt>2020-07-24</ExpirationDt>
					<ProRateFactor>1</ProRateFactor>
					<CoverageSupplement id="C65A99BFE0E25489AB17C4E591BBB4DC5">
						<CoverageSubCd>CDROTC</CoverageSubCd>
					</CoverageSupplement>
					<CoverageExt id="C24CED0DA1A5E41E2B4AD5D2617B42489">
						<WBOnsetOffsetPremiumInfo id="W0619EC0D00AE4B03A5FD663DC704B6AC">
							<WBCurrentTermOnsetAmt id="WEFC5BDB811D242A5AA18870AE30C861B">
								<Amt>109</Amt>
							</WBCurrentTermOnsetAmt>
							<WBCurrentTermOffsetAmt id="W6FC1F69D1D1148438CCB732CA44BA036">
								<Amt>0</Amt>
							</WBCurrentTermOffsetAmt>
						</WBOnsetOffsetPremiumInfo>
						<WBPremiumInfo id="W7B171D191D794FD2A1241FE74059EDB8">
							<WBCurrentTermAmt id="W08E170D2B06E44BE9A8A9367D17407F8">
								<Amt>109</Amt>
								<offset>0</offset>
								<onset>109</onset>
							</WBCurrentTermAmt>
							<WBNetChangeAmt id="W99DE0552FBBA44E69347AC6A724526CF">
								<Amt>109</Amt>
							</WBNetChangeAmt>
							<WBWrittenAmt id="W7D9F80978E63425BB5568FC139E74066">
								<Amt>109</Amt>
							</WBWrittenAmt>
						</WBPremiumInfo>
					</CoverageExt>
				</Coverage>
				<Coverage id="CF4BA899E43924A5C8EAFF6B2FF4A767F">
					<CoverageCd>PPI</CoverageCd>
					<Limit id="LE8F7A668A4714E648CB75FEF18E52DF4">
						<FormatCurrencyAmt id="F7DB1D7516BFB4B9384F24A64FBB8A634">
							<Amt>1000000</Amt>
						</FormatCurrencyAmt>
						<LimitAppliesToCd>PerAcc</LimitAppliesToCd>
					</Limit>
					<EffectiveDt>2019-07-24</EffectiveDt>
					<ExpirationDt>2020-07-24</ExpirationDt>
					<ProRateFactor>1</ProRateFactor>
					<CoverageSupplement id="CD2CACE4C95CD4C0CAB489D8393BBD9E4">
						<CoverageSubCd>PPI</CoverageSubCd>
					</CoverageSupplement>
					<CoverageExt id="C13DA77B144FC43AE99C2EE56646F1A6B">
						<WBOnsetOffsetPremiumInfo id="WCEEBA97508474923898AA83EBED5E8CA">
							<WBCurrentTermOnsetAmt id="WFCC8738888544F42BE6E5BED52249AF1">
								<Amt>2</Amt>
							</WBCurrentTermOnsetAmt>
							<WBCurrentTermOffsetAmt id="W70644A8C826B47268D86D4AB33129EB4">
								<Amt>0</Amt>
							</WBCurrentTermOffsetAmt>
						</WBOnsetOffsetPremiumInfo>
						<WBPremiumInfo id="W14BFF5622639474FB62E073BB14DB9E0">
							<WBCurrentTermAmt id="WB8381E8BF71A4083B988F4627A52A9E3">
								<Amt>2</Amt>
								<offset>0</offset>
								<onset>2</onset>
							</WBCurrentTermAmt>
							<WBNetChangeAmt id="W620A27BBD3854B2DB52EDDEAC70E3CEB">
								<Amt>2</Amt>
							</WBNetChangeAmt>
							<WBWrittenAmt id="W78C746F4AD274515B8A0DEB637165C87">
								<Amt>2</Amt>
							</WBWrittenAmt>
						</WBPremiumInfo>
					</CoverageExt>
				</Coverage>
				<Coverage id="C00221EA6219F49888E013C4FA9F85EE5">
					<CoverageCd>MCCA</CoverageCd>
					<CoverageTypeCd>Coverage</CoverageTypeCd>
					<EffectiveDt>2019-07-24</EffectiveDt>
					<ExpirationDt>2020-07-24</ExpirationDt>
					<ProRateFactor>1</ProRateFactor>
					<CoverageSupplement id="C80DF0CA7924540D5A38878F2AB3A5392">
						<CoverageSubCd>PIPMCCA</CoverageSubCd>
					</CoverageSupplement>
					<CoverageExt id="CEB10D6D03C3643749519785FDC1F5A03">
						<WBOnsetOffsetPremiumInfo id="W704F602FB0D748D181FC695F8B704676">
							<WBCurrentTermOnsetAmt id="WBB16B12447BD48D7B7F251122B156862">
								<Amt>228</Amt>
							</WBCurrentTermOnsetAmt>
							<WBCurrentTermOffsetAmt id="WC2B4C54963D84898A520610FC9DB1AC7">
								<Amt>0</Amt>
							</WBCurrentTermOffsetAmt>
						</WBOnsetOffsetPremiumInfo>
						<WBPremiumInfo id="W6C271CCC80A14FC2ABFADB0212D00295">
							<WBCurrentTermAmt id="W1E1B35470B5F442587F310E4F70DF1AD">
								<Amt>228.00</Amt>
								<offset>0</offset>
								<onset>228</onset>
							</WBCurrentTermAmt>
							<WBNetChangeAmt id="W03A0942F020D48A7BDEFBF6AAB033921">
								<Amt>228</Amt>
							</WBNetChangeAmt>
							<WBWrittenAmt id="WA625969E4EC547AFB13D2FBC96C3FAD8">
								<Amt>228</Amt>
							</WBWrittenAmt>
						</WBPremiumInfo>
					</CoverageExt>
				</Coverage>
				<Coverage id="C25B084E83A0D48AF886E147041E18435">
					<CoverageCd>FRESP</CoverageCd>
					<CoverageTypeCd>Coverage</CoverageTypeCd>
					<EffectiveDt>2019-07-24</EffectiveDt>
					<ExpirationDt>2020-07-24</ExpirationDt>
					<ProRateFactor>1</ProRateFactor>
					<CoverageSupplement id="C14E3D76EF3964555BD971B75053DF240">
						<CoverageSubCd>FRESP</CoverageSubCd>
					</CoverageSupplement>
					<CoverageExt id="CD523560F7B174BA586863EF19CC89638">
						<WBOnsetOffsetPremiumInfo id="W119052C7589B4F45B3CDA23928827C4A">
							<WBCurrentTermOnsetAmt id="W33C317F1FB4543D290D032B39CF67794">
								<Amt>50</Amt>
							</WBCurrentTermOnsetAmt>
							<WBCurrentTermOffsetAmt id="WCBDDAF42BEBB44E6AA8591E0C6727269">
								<Amt>0</Amt>
							</WBCurrentTermOffsetAmt>
						</WBOnsetOffsetPremiumInfo>
						<WBPremiumInfo id="WB0602608630B441E9311EE729A6F9EFB">
							<WBCurrentTermAmt id="W177ABCD7DCDE431BBAB762EA398726AA">
								<Amt>50</Amt>
							</WBCurrentTermAmt>
							<WBNetChangeAmt id="W967CB08724AC4442ABE3E8937D8955F6">
								<Amt>50</Amt>
							</WBNetChangeAmt>
							<WBWrittenAmt id="WC89328261B314EF1AA7C1BA798CD7E44">
								<Amt>50</Amt>
							</WBWrittenAmt>
						</WBPremiumInfo>
					</CoverageExt>
				</Coverage>
				<CreditOrSurcharge id="C51575DDC187A40DFAAB4F6047AF84941">
					<SecondaryCd>AHS</SecondaryCd>
					<WBRatingAppliedInd>0</WBRatingAppliedInd>
				</CreditOrSurcharge>
				<CreditOrSurcharge id="CD3DCD1833C294F2598821D7F1F995809">
					<SecondaryCd>AOM</SecondaryCd>
					<WBRatingAppliedInd>0</WBRatingAppliedInd>
				</CreditOrSurcharge>
				<CreditOrSurcharge id="CC7F894339E694143AB3BA29CF0F28A92">
					<SecondaryCd>BWS</SecondaryCd>
					<WBRatingAppliedInd>0</WBRatingAppliedInd>
				</CreditOrSurcharge>
				<CreditOrSurcharge id="CDA6A4B8FED60408CAAD9A691AD20D380">
					<SecondaryCd>DFSS</SecondaryCd>
					<WBRatingAppliedInd>0</WBRatingAppliedInd>
				</CreditOrSurcharge>
				<CreditOrSurcharge id="C78E533FC61A344F18AA2BA15563E4AA7">
					<SecondaryCd>FCA</SecondaryCd>
					<WBRatingAppliedInd>0</WBRatingAppliedInd>
				</CreditOrSurcharge>
				<CreditOrSurcharge id="C207AA780CAAA4F1D9A0E75E7C1A56E8E">
					<WBRatingAppliedInd>0</WBRatingAppliedInd>
					<SecondaryCd />
				</CreditOrSurcharge>
				<CreditOrSurcharge id="CCF326C28808944DDBC64B987E61D9062">
					<SecondaryCd>SDD</SecondaryCd>
					<WBRatingAppliedInd>0</WBRatingAppliedInd>
				</CreditOrSurcharge>
				<CreditOrSurcharge id="C628250AA644F4BA297E23E6D5DC2D14D">
					<WBRatingAppliedInd>0</WBRatingAppliedInd>
					<SecondaryCd />
				</CreditOrSurcharge>
				<CreditOrSurcharge id="C50017206D5B04A11B6932D35D9C82D4E">
					<WBRatingAppliedInd>0</WBRatingAppliedInd>
					<SecondaryCd />
				</CreditOrSurcharge>
				<CreditOrSurcharge id="C80BD528D61654EE8BEE01819BB7BF760">
					<WBRatingAppliedInd>0</WBRatingAppliedInd>
					<SecondaryCd />
				</CreditOrSurcharge>
				<CreditOrSurcharge id="CC0B0288DB813440687D2F2028529E4CB">
					<WBRatingAppliedInd>0</WBRatingAppliedInd>
					<SecondaryCd />
				</CreditOrSurcharge>
				<CreditOrSurcharge id="C4B3D6884D41045CF8F6AB04B4D919DC9">
					<SecondaryCd>PU</SecondaryCd>
					<WBRatingAppliedInd>0</WBRatingAppliedInd>
				</CreditOrSurcharge>
				<ComprehensiveOTCSymbolCd>28</ComprehensiveOTCSymbolCd>
				<CollisionSymbolCd>22</CollisionSymbolCd>
				<QuestionAnswer id="QBB939E28C45B4B858AFDAB778663D74C">
					<QuestionCd>VEH01</QuestionCd>
					<YesNoCd>NO</YesNoCd>
				</QuestionAnswer>
				<QuestionAnswer id="Q1942461FFCE341B28BD58FC9A3867B5B">
					<QuestionCd>VEH02</QuestionCd>
					<YesNoCd>DRV</YesNoCd>
					<Explanation>1100</Explanation>
				</QuestionAnswer>
				<VehicleExt id="VBBE280EB20C741298C7282679631C0CA">
					<ClassCode>1239</ClassCode>
					<WBMileage id="W2C171203B95E4397B356E40F6FF37844">
						<WBRatedAnnualMileage>16068</WBRatedAnnualMileage>
						<WBRatedAnnualMileageOverride>16068</WBRatedAnnualMileageOverride>
						<WBAnnualMileageMAMCd>E</WBAnnualMileageMAMCd>
					</WBMileage>
					<WBISOBodyStyleDesc>4-Door Sedan</WBISOBodyStyleDesc>
					<WBFinancialResponsibilityCnt>1</WBFinancialResponsibilityCnt>
					<WBRiskTerm id="W714F632187DC41EBBB5D85087B21C91C">
						<WBRiskEffectiveDt>2019-07-24</WBRiskEffectiveDt>
						<WBRiskExpirationDt>2020-07-24</WBRiskExpirationDt>
					</WBRiskTerm>
					<WBSubtotalInfo id="WE8AFB058427B43DF834F7AF957804BBC">
						<WBSubtotalInfoTypeCd>CFA</WBSubtotalInfoTypeCd>
						<WBCurrentTermAmt id="W2F3963AA8D914A5EA72B76ACA85DBBFB">
							<Amt>67</Amt>
						</WBCurrentTermAmt>
					</WBSubtotalInfo>
					<WBSubtotalInfo id="W2582FA9465B14C618BDB2D354DEFE90C">
						<WBSubtotalInfoTypeCd>VEH</WBSubtotalInfoTypeCd>
						<WBCurrentTermAmt id="WBB4443764EF0490C8D9B2C808B72409D">
							<Amt>2208</Amt>
						</WBCurrentTermAmt>
					</WBSubtotalInfo>
					<WBVehicleAge>3</WBVehicleAge>
					<WBThirdPartyReport id="W6A4B697A15BC440E9940A64A62229E45">
						<WBReportTypeCd>VINMASTER</WBReportTypeCd>
						<WBReportOrderStatus>Returned</WBReportOrderStatus>
					</WBThirdPartyReport>
					<WBPremiumInfo id="W8F0D8FE1933145CF913D60E06A85D02A">
						<WBCurrentTermAmt id="W08BD59C7F6794DC1A68DDD20A4E5684F">
							<Amt>2785</Amt>
						</WBCurrentTermAmt>
						<WBNetChangeAmt id="W4F85E14D8EEE48A8BB9DEB6BC00450B8">
							<Amt>2785</Amt>
						</WBNetChangeAmt>
						<WBWrittenAmt id="W7A689F4CF9A44AF1B049D3A9B1E2D94C">
							<Amt>2785</Amt>
						</WBWrittenAmt>
					</WBPremiumInfo>
					<WBOverrideInfo id="W8ECE9A845350437B89943F310C0ED44B">
						<WBOverrideType>P</WBOverrideType>
						<WBOverrideCategory>Symbol</WBOverrideCategory>
						<WBOverrideCd>BIPD</WBOverrideCd>
						<WBOverrideValue>false</WBOverrideValue>
					</WBOverrideInfo>
					<WBOverrideInfo id="WED3E6BAAE76740B9A3EA686F33BA63AD">
						<WBOverrideType>T</WBOverrideType>
						<WBOverrideCategory>Symbol</WBOverrideCategory>
						<WBOverrideCd>BIPD</WBOverrideCd>
						<WBOverrideValue>false</WBOverrideValue>
					</WBOverrideInfo>
					<WBOverrideInfo id="W4DE1CFC17D794144B9C13EFB7784A470">
						<WBOverrideType>P</WBOverrideType>
						<WBOverrideCategory>Symbol</WBOverrideCategory>
						<WBOverrideCd>MedPIP</WBOverrideCd>
						<WBOverrideValue>false</WBOverrideValue>
					</WBOverrideInfo>
					<WBOverrideInfo id="WA2C198B41C544F9998AF446AD5F1DA94">
						<WBOverrideType>T</WBOverrideType>
						<WBOverrideCategory>Symbol</WBOverrideCategory>
						<WBOverrideCd>MedPIP</WBOverrideCd>
						<WBOverrideValue>false</WBOverrideValue>
					</WBOverrideInfo>
					<WBOverrideInfo id="WE1589994E539479992B0EEE1D6BD95C7">
						<WBOverrideType>P</WBOverrideType>
						<WBOverrideCategory>Symbol</WBOverrideCategory>
						<WBOverrideCd>COLL</WBOverrideCd>
						<WBOverrideValue>false</WBOverrideValue>
					</WBOverrideInfo>
					<WBOverrideInfo id="W2850AAA1DE6448C9A2C4DDF9FE907AA8">
						<WBOverrideType>T</WBOverrideType>
						<WBOverrideCategory>Symbol</WBOverrideCategory>
						<WBOverrideCd>COLL</WBOverrideCd>
						<WBOverrideValue>false</WBOverrideValue>
					</WBOverrideInfo>
					<WBOverrideInfo id="W9B36ADF3BA6F4940BFA7D230DF0180AA">
						<WBOverrideType>P</WBOverrideType>
						<WBOverrideCategory>Symbol</WBOverrideCategory>
						<WBOverrideCd>OTC</WBOverrideCd>
						<WBOverrideValue>false</WBOverrideValue>
					</WBOverrideInfo>
					<WBOverrideInfo id="W6FC880A01E3940B38C082E53A1A8A8CA">
						<WBOverrideType>T</WBOverrideType>
						<WBOverrideCategory>Symbol</WBOverrideCategory>
						<WBOverrideCd>OTC</WBOverrideCd>
						<WBOverrideValue>false</WBOverrideValue>
					</WBOverrideInfo>
					<WBOnsetOffsetPremiumInfo />
					<Form id="F46A1401D8D2046D493C3E7323CA8AF74">
						<FormNumber>DC2178</FormNumber>
						<EditionDt>2019-01-01</EditionDt>
						<FormName>ID Cards</FormName>
						<EffectiveDt>2019-07-24</EffectiveDt>
					</Form>
					<WBAdaptiveHeadlightSystemInd>0</WBAdaptiveHeadlightSystemInd>
					<WBAutonomousOperationsModeInd>0</WBAutonomousOperationsModeInd>
					<WBBackupWarningSystemInd>0</WBBackupWarningSystemInd>
					<WBBlindSpotLaneOrDepartureMonitoringCd />
					<WBDriverFatigueSensingSystemInd>0</WBDriverFatigueSensingSystemInd>
					<WBForwardCrashAvoidanceCd />
					<Form id="FF93B1BF3FA98412DB36D7396A414D5D4">
						<FormNumber>PP0001Q</FormNumber>
						<EditionDt>2019-01-01</EditionDt>
						<FormName>Personal Auto Policy</FormName>
						<EffectiveDt>2019-07-24</EffectiveDt>
					</Form>
					<Form id="F2FAC8D1E20F44C3C8F7A7B8B0477EDEF">
						<FormNumber>PP0180Q</FormNumber>
						<EditionDt>2019-01-01</EditionDt>
						<FormName>Amendment of Policy Provisions - Michigan</FormName>
						<EffectiveDt>2019-07-24</EffectiveDt>
					</Form>
					<Form id="F207115F4C2824FFBA808566E6BA80A5B">
						<FormNumber>PP0280Q</FormNumber>
						<EditionDt>2019-01-01</EditionDt>
						<FormName>Termination Provisions - Michigan</FormName>
						<EffectiveDt>2019-07-24</EffectiveDt>
					</Form>
					<Form id="F83C550595575483B82183BACD2469A1F">
						<FormNumber>DC0009</FormNumber>
						<EditionDt>2019-01-01</EditionDt>
						<FormName>Transportation Expenses</FormName>
						<EffectiveDt>2019-07-24</EffectiveDt>
					</Form>
					<Form id="FDB35F70039CD444DB2CE62C55BB4137E">
						<FormNumber>PP0401Q</FormNumber>
						<EditionDt>2019-01-01</EditionDt>
						<FormName>Uninsured Motorists Limits</FormName>
						<EffectiveDt>2019-07-24</EffectiveDt>
					</Form>
					<Form id="F2169B9CE7C54457FBAB8660575171F5E">
						<FormNumber>PP0402Q</FormNumber>
						<EditionDt>2019-01-01</EditionDt>
						<FormName>Underinsured Motorists Limit</FormName>
						<EffectiveDt>2019-07-24</EffectiveDt>
					</Form>
					<Form id="F384EA2C9E750475EB923D27D7C9F0346">
						<FormNumber>PP0590Q</FormNumber>
						<EditionDt>2019-01-01</EditionDt>
						<FormName>Personal Injury Protection Coverage - Michigan</FormName>
						<EffectiveDt>2019-07-24</EffectiveDt>
					</Form>
					<Form id="FADA383A6302B42F0B42FBEC5F3FAF3B3">
						<FormNumber>PP0591Q</FormNumber>
						<EditionDt>2019-01-01</EditionDt>
						<FormName>Property Protection Coverage - Michigan</FormName>
						<EffectiveDt>2019-07-24</EffectiveDt>
					</Form>
					<Form id="FBF6BC05C8BE346E9B7404C97EF3B0A46">
						<FormNumber>DC2065</FormNumber>
						<EditionDt>2019-01-01</EditionDt>
						<FormName>Car Damage Replacement</FormName>
						<EffectiveDt>2019-07-24</EffectiveDt>
					</Form>
					<Form id="FC7B72321AB044609B79B4CBD0CEAF9B7">
						<FormNumber>PP3305Q</FormNumber>
						<EditionDt>2019-01-01</EditionDt>
						<FormName>Full Safety Glass Coverage</FormName>
						<EffectiveDt>2019-07-24</EffectiveDt>
					</Form>
				</VehicleExt>
			</Vehicle>
			<QuestionAnswer id="Q4185E5A115564F4299B248E2BD380F96">
				<QuestionCd>AUTOP03</QuestionCd>
				<YesNoCd>NO</YesNoCd>
			</QuestionAnswer>
			<QuestionAnswer id="Q5D1B0899481D4542B6995D65FFFBABF4">
				<QuestionCd>VEH03</QuestionCd>
				<YesNoCd>NO</YesNoCd>
			</QuestionAnswer>
			<QuestionAnswer id="Q5CD627CAFD9E4105BBB704C56C04426C">
				<QuestionCd>VEH04</QuestionCd>
				<YesNoCd>NO</YesNoCd>
			</QuestionAnswer>
			<PersAutoLineBusinessExt id="PFC66D462E2AB45CA8BA3FFAE36C2E948">
				<WBSubtotalInfo id="WA58F35B7C42A48488EA38F1097C3F3CF">
					<WBSubtotalInfoTypeCd>CFA</WBSubtotalInfoTypeCd>
					<WBCurrentTermAmt id="WE3FF59BA9B2442F5AFD4E9B9FB665969">
						<Amt>69</Amt>
					</WBCurrentTermAmt>
				</WBSubtotalInfo>
				<WBPermissiveUseCnt>0</WBPermissiveUseCnt>
				<WBPremiumInfo id="WB0651046994047608B646A2AE5BABD9B">
					<WBCurrentTermAmt id="W81D50755D864436DB76903CA6A22A9DF">
						<Amt>2835</Amt>
					</WBCurrentTermAmt>
					<WBNetChangeAmt id="W0BE45549EB5F404BB1C762B4D0F98DCA">
						<Amt>2835</Amt>
					</WBNetChangeAmt>
					<WBWrittenAmt id="WA298360B2AD84B449AC2239DBEE88742">
						<Amt>2835</Amt>
					</WBWrittenAmt>
				</WBPremiumInfo>
				<WBWorkLossDeclineIndicator>0</WBWorkLossDeclineIndicator>
				<WBOnsetOffsetPremiumInfo />
			</PersAutoLineBusinessExt>
		</PersAutoLineBusiness>
		<PolicyExt id="PC0BD250266A8425A9CFF2B1BA04A67CD">
			<AutoCompositionFactorCd>F</AutoCompositionFactorCd>
			<WBTransactionStatusDesc>Committed</WBTransactionStatusDesc>
			<WBQuoteStatusDesc>Issued</WBQuoteStatusDesc>
			<CreditOrSurcharge id="C97A23B0CAABB4D5DADE1E63A94B924A3">
				<SecondaryCd>HCD</SecondaryCd>
				<WBRatingAppliedInd>1</WBRatingAppliedInd>
			</CreditOrSurcharge>
			<CreditOrSurcharge id="CBA029A88299C4394BBE244E82CA31831">
				<SecondaryCd>INSCR</SecondaryCd>
				<WBRatingAppliedInd>1</WBRatingAppliedInd>
			</CreditOrSurcharge>
			<WBHouseholdCompositionInd>0</WBHouseholdCompositionInd>
			<WBSubtotalInfo id="W2E8AB84439AB4A79BE37EC53354C0504">
				<WBSubtotalInfoTypeCd>CFA</WBSubtotalInfoTypeCd>
				<WBCurrentTermAmt id="W12DC89FC6B634157B233749AC34AB0B2">
					<Amt>69</Amt>
				</WBCurrentTermAmt>
			</WBSubtotalInfo>
			<WBPolicyAge>0</WBPolicyAge>
			<WBPremiumInfo id="WE5867A64072545C29D1509B22B4490EB">
				<WBCurrentTermAmt id="WD6E8F8E7171344968CF6E080EE052C8D">
					<Amt>2835</Amt>
				</WBCurrentTermAmt>
				<WBNetChangeAmt id="W7E4718CD39D4416185DE4DDF77E94335">
					<Amt>2835</Amt>
				</WBNetChangeAmt>
				<WBWrittenAmt id="WF57CB79EAF784DD296A2552C56E73CD5">
					<Amt>2835</Amt>
				</WBWrittenAmt>
			</WBPremiumInfo>
			<WBOnsetOffsetPremiumInfo />
		</PolicyExt>
		<CustomerServicingCd />
	</Policy>
</PolicyRs>