﻿<PolicyRs xmlns="http://www.acord.org/schema/PC/xml/2">
  <BusinessPurposeTypeCd>NBQ</BusinessPurposeTypeCd>
  <TransactionEffectiveDt>2020-01-07T00:00:00.000</TransactionEffectiveDt>
  <SourceSystem id="SE33FACACC0CB43C0B814BCC471FFC2CD">
    <SourceSystemCd>WB</SourceSystemCd>
    <SourceSystemQualifierCd>LR</SourceSystemQualifierCd>
  </SourceSystem>
  <TransactionSeqNumber>1</TransactionSeqNumber>
  <Policy id="PF6BBA7D3673E470EA474E83B10A6B3EB">
    <PolicyNumber>A967723</PolicyNumber>
    <PolicyVersion>00</PolicyVersion>
    <CompanyProductCd>801</CompanyProductCd>
    <BroadLOBCd>1</BroadLOBCd>
    <NAICCd>15350</NAICCd>
    <ControllingStateProvCd>AZ</ControllingStateProvCd>
    <ContractTerm id="C69897A85229A4F4FA1E52BA89CF31B60">
      <EffectiveDt>2020-01-07</EffectiveDt>
      <ExpirationDt>2021-01-07</ExpirationDt>
    </ContractTerm>
    <CustomerServicingCd>AGY</CustomerServicingCd>
    <NumLosses>0</NumLosses>
    <PaymentOption id="P2DA1A48861114DC29BE641F813772FAB">
      <PaymentPlanCd>QT</PaymentPlanCd>
      <PaymentOptionExt id="P73669507976D4FEB90B6F812406220BB">
        <WBDepositInd>0</WBDepositInd>
      </PaymentOptionExt>
    </PaymentOption>
    <QuoteInfo id="QE1C9F0B3B9E2490BBC2B0E14B5E46392">
      <InitialQuoteRequestDt>2020-01-24</InitialQuoteRequestDt>
    </QuoteInfo>
    <CreditScoreInfo id="C962D97E8571144C49315DF9291BA3C97">
      <CreditScore>998</CreditScore>
      <CreditScoreDt>2020-01-24</CreditScoreDt>
      <CSPolicyTypeCd>Auto</CSPolicyTypeCd>
    </CreditScoreInfo>
    <CreditScoreInfo id="C3ACF33F50F6A40128FBF55650C236631">
      <CreditScore>0</CreditScore>
      <CreditScoreDt>2020-01-24</CreditScoreDt>
      <CSPolicyTypeCd>Lowest</CSPolicyTypeCd>
    </CreditScoreInfo>
    <PolicyStatusCd>InForce</PolicyStatusCd>
    <UnderwritingDecisionInfo id="U3811C9C01A744875A50AC0A81BBE18E2">
      <SystemUnderwritingDecisionDt>2020-01-24</SystemUnderwritingDecisionDt>
      <UnderwritingScoreNumber>600</UnderwritingScoreNumber>
      <UnderwritingRuleInfo id="U1FA87A028C924C808E1CD150772F6715">
        <UnderwritingDecisionCd>Refer</UnderwritingDecisionCd>
        <UnderwritingScoreNumber>120</UnderwritingScoreNumber>
        <UnderwritingRuleInfoExt id="U142E4C523F3641FCA80E61CB8EA9523D">
          <WBRuleIDDesc>RX3229</WBRuleIDDesc>
          <WBRuleMessageDesc>Refer to Underwriting due to Carol Legend's MVR came back as an Error</WBRuleMessageDesc>
          <WBRuleSeverityCd>3</WBRuleSeverityCd>
          <WBOverrideInd>1</WBOverrideInd>
          <WBRemark id="W07B3C3785A9146EAA08EB3F77B26ADC1">
            <WBMessage>ok</WBMessage>
            <WBMessageDt>2020-01-24T13:35:21.253</WBMessageDt>
            <WBUserId>Michelle Schweizer</WBUserId>
            <WBMessageTypeCd>LUCI</WBMessageTypeCd>
          </WBRemark>
        </UnderwritingRuleInfoExt>
      </UnderwritingRuleInfo>
      <UnderwritingRuleInfo id="UD08F244E0056418B8ACB8B7D3C459107">
        <UnderwritingDecisionCd>Refer</UnderwritingDecisionCd>
        <UnderwritingScoreNumber>120</UnderwritingScoreNumber>
        <UnderwritingRuleInfoExt id="UC5D666E1276047A396064BABD030B978">
          <WBRuleIDDesc>RX3190</WBRuleIDDesc>
          <WBRuleMessageDesc>Refer to Underwriting due to Flex Home and Highway</WBRuleMessageDesc>
          <WBRuleSeverityCd>3</WBRuleSeverityCd>
        </UnderwritingRuleInfoExt>
      </UnderwritingRuleInfo>
      <UnderwritingRuleInfo id="UD75BE732871C45EBA0A7F5B6ED34C4C0">
        <UnderwritingDecisionCd>Refer</UnderwritingDecisionCd>
        <UnderwritingScoreNumber>120</UnderwritingScoreNumber>
        <UnderwritingRuleInfoExt id="UB787A09A4B6F49EABEA6BAD712F6DC8B">
          <WBRuleIDDesc>RX3442</WBRuleIDDesc>
          <WBRuleMessageDesc>Refer to Underwriting due to Effective date is beyond the 14 day binding authority</WBRuleMessageDesc>
          <WBRuleSeverityCd>3</WBRuleSeverityCd>
        </UnderwritingRuleInfoExt>
      </UnderwritingRuleInfo>
      <UnderwritingRuleInfo id="U9BA0998755184F08A31C87CB5A6F8C81">
        <UnderwritingDecisionCd>Refer</UnderwritingDecisionCd>
        <UnderwritingScoreNumber>120</UnderwritingScoreNumber>
        <UnderwritingRuleInfoExt id="UE15F57B6987047B890F5F778D97F0535">
          <WBRuleIDDesc>RX3458</WBRuleIDDesc>
          <WBRuleMessageDesc>Refer to Underwriting due to report(s) returned with an error or no hit message</WBRuleMessageDesc>
          <WBRuleSeverityCd>3</WBRuleSeverityCd>
        </UnderwritingRuleInfoExt>
      </UnderwritingRuleInfo>
      <UnderwritingRuleInfo id="UD2F0633538F34BACBF063D54B9EFAD5C">
        <UnderwritingDecisionCd>Refer</UnderwritingDecisionCd>
        <UnderwritingScoreNumber>120</UnderwritingScoreNumber>
        <UnderwritingRuleInfoExt id="U0C61EDE27DC74F6B98AC1438CCF4B313">
          <WBRuleIDDesc>RX3460</WBRuleIDDesc>
          <WBRuleMessageDesc>Refer to Underwriting - Insurance Score came back as a No Hit. Underwriting will review and reorder the Credit Report before issuing the policy. Premiums will change if a valid insurance score is received.</WBRuleMessageDesc>
          <WBRuleSeverityCd>3</WBRuleSeverityCd>
        </UnderwritingRuleInfoExt>
      </UnderwritingRuleInfo>
      <UnderwritingDecisionInfoExt id="U0FCD36762FB547CEBDFD569D780C17F5">
        <WBUpdatedCumulativeScore>480</WBUpdatedCumulativeScore>
      </UnderwritingDecisionInfoExt>
    </UnderwritingDecisionInfo>
    <OriginalPolicyInceptionDt>2020-01-07</OriginalPolicyInceptionDt>
    <PaidInFullInd>0</PaidInFullInd>
    <Producer id="P837CCC1691AA463EB396AE8B1D8E3C82" />
    <Producer id="P0AB74EB908024B6E9CE603F3AE2AFDE9">
      <Relationship id="RF07D29135E06448C996F0544692E35E6">
        <RelationshipToCd>Agency</RelationshipToCd>
      </Relationship>
      <Name>A &amp; J PETERSBURG AGENCY</Name>
      <Addr id="AB23C05CA2B994C4992F5DAF512D18855">
        <AddrTypeCd>MailingAddress</AddrTypeCd>
        <Addr1>PO BOX 290</Addr1>
        <City>DECORAH</City>
        <StateProvCd>IA</StateProvCd>
        <PostalCode>52101</PostalCode>
        <CountryCd>USA</CountryCd>
        <County>US</County>
      </Addr>
      <Communications id="C96EC64ED347142C4A1EDE96C7D45C4B7">
        <PhoneTypeCd>HOME</PhoneTypeCd>
        <PhoneNumber>563-382-3627</PhoneNumber>
      </Communications>
      <ContractNumber>14004</ContractNumber>
      <ProducerSubCode />
    </Producer>
    <Producer id="P7991E2AE47044A9B8ABA6FBAA1351B2E">
      <Relationship id="RB1613078E8C14EA59443F0D4A5AAC5D6">
        <RelationshipToCd>USERIN</RelationshipToCd>
      </Relationship>
      <Name>Michelle Schweizer</Name>
      <ProducerSubCode>99999</ProducerSubCode>
    </Producer>
    <Producer id="P60605D193F6C4FAF9D28E2BC3FB9F292">
      <Relationship id="RD0C278EC899545A4BE7B91A0837F300A">
        <RelationshipToCd>PROD</RelationshipToCd>
      </Relationship>
      <Name>Andrea Martin</Name>
      <ProducerSubCode>10937</ProducerSubCode>
    </Producer>
    <InsuredOrPrincipal id="I21EBD8DF88BD4639850A6E62CEB1089C">
      <ItemIdInfo id="IC3794CFC697D44BCB5B26A58816919D1">
        <InsurerId>1000435624</InsurerId>
      </ItemIdInfo>
      <Relationship id="R8AAF96C810A54C4483D3F3256535C208" RelationshipToRef="PF6BBA7D3673E470EA474E83B10A6B3EB">
        <RelationshipToCd>FNI</RelationshipToCd>
      </Relationship>
      <Name>Carol Legend</Name>
      <CreditScoreInfo id="C41167C88B9124D718BE266C7DA4B611E">
        <ReferenceNumber>20024191800645</ReferenceNumber>
        <CreditScore>998</CreditScore>
        <CreditScoreDt>2020-01-24</CreditScoreDt>
        <CSPolicyTypeCd>Auto</CSPolicyTypeCd>
        <CreditScoreInfoExt id="C3726ACEB45AE4AC694B8D87B54974DD2">
          <WBThirdPartyReport id="W351DEBDD97FC46FDA95D10E7CDCC77AB">
            <WBReportTypeCd>NCF</WBReportTypeCd>
            <WBReportOrderDt>2020-01-24</WBReportOrderDt>
            <WBReportOrderStatus>No Hit</WBReportOrderStatus>
            <WBReportExpirationDt>2020-04-23</WBReportExpirationDt>
          </WBThirdPartyReport>
          <WBThirdPartyNCF id="WE46AC85E84F8490DAD2F4D3369513D68">
            <WBNCFProcessingStatus>Complete Success</WBNCFProcessingStatus>
            <WBCreditScoreReason id="W18D457E5E79B47C88976AEBBD45567CC">
              <WBCreditScoreReasonCd>WB1</WBCreditScoreReasonCd>
              <WBCreditScoreReasonDesc>An insurance score could not be generated as no credit file was found.</WBCreditScoreReasonDesc>
            </WBCreditScoreReason>
          </WBThirdPartyNCF>
          <WBRecordInfo id="W0DE508AADCA445C48156CF1A09A7A651">
            <WBRecordSource>NCF-CREDIT</WBRecordSource>
          </WBRecordInfo>
        </CreditScoreInfoExt>
      </CreditScoreInfo>
      <CreditScoreInfo id="CFEBF0FC14113492391E3C3D91A38FA08">
        <CreditScore>0</CreditScore>
        <CreditScoreDt>2020-01-24</CreditScoreDt>
        <CSPolicyTypeCd>Home</CSPolicyTypeCd>
      </CreditScoreInfo>
      <Addr id="A5769E5F0EE934820ADA74DDACE0A06DD">
        <AddrTypeCd>InsuredsAddress</AddrTypeCd>
        <Addr1>5919 E Wethersfield Rd</Addr1>
        <City>Scottsdale</City>
        <StateProvCd>AZ</StateProvCd>
        <PostalCode>85254-4366</PostalCode>
        <CountryCd>USA</CountryCd>
        <Latitude>33.598005</Latitude>
        <Longitude>-111.953177</Longitude>
        <County>Maricopa County</County>
        <AddrExt id="ABE085DA5749D4B2F9B68FC2A91E09C99">
          <WBAddressStandardization id="WE122FF0E1AC449D3A01384129038AACB">
            <WBAddrStandardizeStreetName>Wethersfield</WBAddrStandardizeStreetName>
            <WBAddrStandardizeStreetTypeCd>Rd</WBAddrStandardizeStreetTypeCd>
            <WBAddrStandardizeStreetNumber>5919</WBAddrStandardizeStreetNumber>
            <WBConfidence>100</WBConfidence>
            <WBAddrStandardizeLeadingDirectional>E</WBAddrStandardizeLeadingDirectional>
            <WBAddrStandardizeStatus>Accepted</WBAddrStandardizeStatus>
          </WBAddressStandardization>
        </AddrExt>
      </Addr>
      <Addr id="A502B648A70A142109C4FDFE787D55422">
        <AddrTypeCd>MailingAddress</AddrTypeCd>
        <Addr1>5919 E Wethersfield Rd</Addr1>
        <City>Scottsdale</City>
        <StateProvCd>AZ</StateProvCd>
        <PostalCode>85254-4366</PostalCode>
        <CountryCd>USA</CountryCd>
        <Latitude>33.598005</Latitude>
        <Longitude>-111.953177</Longitude>
        <County>Maricopa County</County>
        <AddrExt id="AE593C35F6CA147CF8089C06E26D73224">
          <WBAddressStandardization id="W984F1B3791C34C7B8064065679EEC8EB">
            <WBAddrStandardizeStreetName>Wethersfield</WBAddrStandardizeStreetName>
            <WBAddrStandardizeStreetTypeCd>Rd</WBAddrStandardizeStreetTypeCd>
            <WBAddrStandardizeStreetNumber>5919</WBAddrStandardizeStreetNumber>
            <WBConfidence>100</WBConfidence>
            <WBAddrStandardizeLeadingDirectional>E</WBAddrStandardizeLeadingDirectional>
            <WBAddrStandardizeStatus>Accepted</WBAddrStandardizeStatus>
          </WBAddressStandardization>
        </AddrExt>
      </Addr>
      <Addr id="A0C8E2997305A44989F9C26904D963749">
        <AddrTypeCd>BillingAddress</AddrTypeCd>
      </Addr>
      <Communications id="C5B0E0D28A0094A8B8FF22B7BC46E164E">
        <CommunicationUseCd>Alternate</CommunicationUseCd>
        <PhoneTypeCd>Cell</PhoneTypeCd>
        <PhoneNumber>2623526562</PhoneNumber>
      </Communications>
      <Surname>Legend</Surname>
      <GivenName>Carol</GivenName>
      <GenderCd>F</GenderCd>
      <BirthDt>1954-05-04</BirthDt>
      <MaritalStatusCd>S</MaritalStatusCd>
      <TitlePrefix />
      <NameSuffix />
    </InsuredOrPrincipal>
    <PersAutoLineBusiness id="P7345D272A9B54EDAA94C3B1CFA7C7863">
      <CompanyProductCd>850</CompanyProductCd>
      <Coverage id="CB67BE5A2F83C46FA98672BFDF399CEDC">
        <CoverageCd>ROAD</CoverageCd>
        <Limit id="L3B2F7B9223DE476998E5DC00CDCDA7A1">
          <FormatCurrencyAmt id="F6F0C949135E14BA5B26860F3DCCBFE49">
            <Amt>200</Amt>
          </FormatCurrencyAmt>
          <LimitAppliesToCd>PerOcc</LimitAppliesToCd>
        </Limit>
        <EffectiveDt>2020-01-07</EffectiveDt>
        <ExpirationDt>2021-01-07</ExpirationDt>
        <ProRateFactor>1</ProRateFactor>
        <CoverageSupplement id="CD8239507E3EC48F8A12E3112D24DF021">
          <CoverageSubCd>TLN</CoverageSubCd>
        </CoverageSupplement>
        <CoverageExt id="C23D268736C284F7E9EB65B985B9DD6BA">
          <WBOnsetOffsetPremiumInfo id="WAD0B6D24B58D4348BC7BA79EB0DF2F6C">
            <WBCurrentTermOnsetAmt id="W96DE0246F3FA41C9A130195299A8D058">
              <Amt>50</Amt>
            </WBCurrentTermOnsetAmt>
            <WBCurrentTermOffsetAmt id="W536E2259D3BB4FAB89D38AD4A4F8ECC1">
              <Amt>0</Amt>
            </WBCurrentTermOffsetAmt>
          </WBOnsetOffsetPremiumInfo>
          <WBPremiumInfo id="W6CDAFED6D94D4E02A59316DF5F09659E">
            <WBCurrentTermAmt id="W80AE7B751C7541798D8608252217B0C5">
              <Amt>50</Amt>
              <offset>0</offset>
              <onset>50</onset>
            </WBCurrentTermAmt>
            <WBNetChangeAmt id="WF3D17E3F5EAF40A0AD43E91AF006ADE9">
              <Amt>50</Amt>
            </WBNetChangeAmt>
            <WBWrittenAmt id="W13823D38D0314542B6E4C6FD3A6724C8">
              <Amt>50</Amt>
            </WBWrittenAmt>
            <WBPriorCurrentTermAmt id="W98A6313436A94311B19CDBA4550F7BEA">
              <Amt>0</Amt>
            </WBPriorCurrentTermAmt>
            <WBPriorWrittenAmt id="WC0531FBC52A444BDBC0E700FD4F88FA7">
              <Amt>0</Amt>
            </WBPriorWrittenAmt>
            <WBCancelAmt id="WC6FFEF7034AB496AAB676801861B3B25">
              <Amt>0</Amt>
            </WBCancelAmt>
          </WBPremiumInfo>
        </CoverageExt>
      </Coverage>
      <Driver id="D2AC27D347C5B4D62A97701A982D3332F">
        <ItemIdInfo id="IA37E872317844B8C8D4BE8A87EE677A8">
          <InsurerId>101</InsurerId>
        </ItemIdInfo>
        <Relationship id="R471F1440B90D48719A9E75BF6BEC2064" RelationshipToRef="I21EBD8DF88BD4639850A6E62CEB1089C">
          <RelationshipToCd>IN</RelationshipToCd>
        </Relationship>
        <Relationship id="R3859659358C14DD3BB674ED041984039" RelationshipToRef="VD7B497ADA5AF4759A25E0527937FD3CB">
          <RelationshipToCd>DRV</RelationshipToCd>
          <RelationshipDesc>PRINCIPAL</RelationshipDesc>
        </Relationship>
        <Relationship id="R454C47F5E12D4B2E96CD825A5B52B679" RelationshipToRef="V674C3813394E4164A2FF24780EC0D9FC">
          <RelationshipToCd>DRV</RelationshipToCd>
          <RelationshipDesc>PRINCIPAL</RelationshipDesc>
        </Relationship>
        <License id="L3A5FC66A9390428F9BFE766C323BA314">
          <LicenseTypeCd>Driver</LicenseTypeCd>
          <LicenseStatusCd>VALID</LicenseStatusCd>
          <LicensePermitNumber>V89T5258</LicensePermitNumber>
          <StateProvCd>AZ</StateProvCd>
        </License>
        <Addr id="AC4E3803C8221482FA25D114565D7613E">
          <AddrTypeCd>InsuredsAddress</AddrTypeCd>
          <Addr1>5919 E Wethersfield Rd</Addr1>
          <City>Scottsdale</City>
          <StateProvCd>AZ</StateProvCd>
          <PostalCode>85254-4366</PostalCode>
          <CountryCd>USA</CountryCd>
          <Latitude>33.598005</Latitude>
          <Longitude>-111.953177</Longitude>
          <County>Maricopa County</County>
          <AddrExt id="A21AD39F74F3744DFA1365A25F53B8588">
            <WBAddressStandardization id="WAE6AD19341844CF9AC687882D8282A24">
              <WBAddrStandardizeStreetName>Wethersfield</WBAddrStandardizeStreetName>
              <WBAddrStandardizeStreetTypeCd>Rd</WBAddrStandardizeStreetTypeCd>
              <WBAddrStandardizeStreetNumber>5919</WBAddrStandardizeStreetNumber>
              <WBConfidence>100</WBConfidence>
              <WBAddrStandardizeLeadingDirectional>E</WBAddrStandardizeLeadingDirectional>
              <WBAddrStandardizeStatus>Accepted</WBAddrStandardizeStatus>
            </WBAddressStandardization>
          </AddrExt>
        </Addr>
        <Surname>Legend</Surname>
        <GivenName>Carol</GivenName>
        <GenderCd>F</GenderCd>
        <BirthDt>1954-05-04</BirthDt>
        <MaritalStatusCd>S</MaritalStatusCd>
        <OccupationClassCd>VET</OccupationClassCd>
        <QuestionAnswer id="Q3C1DCA0CB4E7447D846B87A57B531D5E">
          <QuestionCd>DRV04</QuestionCd>
          <YesNoCd>YES</YesNoCd>
          <QuestionText>licensedLastFive</QuestionText>
        </QuestionAnswer>
        <QuestionAnswer id="Q792A0D0B5B8F45E9970A08A68B0FDFB8">
          <QuestionCd>DRV05</QuestionCd>
          <YesNoCd>YES</YesNoCd>
          <QuestionText>isIndiviualLicensed</QuestionText>
        </QuestionAnswer>
        <QuestionAnswer id="QAD0C816A370244A490BB790D22CD681D">
          <QuestionCd>DRV06</QuestionCd>
          <YesNoCd>NO</YesNoCd>
          <QuestionAnswerExt id="QA2919EF98F654F14B1EBD48490DEF263">
            <WBOverrideInfo id="W7CAEF710A9F54D56A2BEC684B5B20E80">
              <WBOverrideType>UWQ</WBOverrideType>
              <WBOverrideCategory>PriorCarrier</WBOverrideCategory>
              <WBOverrideCd>MultPriorCarrier</WBOverrideCd>
              <WBOverrideValue>NO</WBOverrideValue>
            </WBOverrideInfo>
          </QuestionAnswerExt>
        </QuestionAnswer>
        <ContinuousInsuranceCd>ContinuousLessThan6Months</ContinuousInsuranceCd>
        <DriverExt id="D838AA2F100F54F07906A728730722921">
          <YouthfulInd>0</YouthfulInd>
          <WBIsMinor>0</WBIsMinor>
          <WBThirdPartyReport id="W971FEA0CDC864E6687F27525B32B3A4B">
            <WBReportTypeCd>MVR</WBReportTypeCd>
            <WBReportOrderDt>2020-01-24</WBReportOrderDt>
            <WBReportOrderStatus>No Hit</WBReportOrderStatus>
            <WBReportExpirationDt>2020-04-23</WBReportExpirationDt>
          </WBThirdPartyReport>
          <WBRiskTerm id="W7BB6BE0DF1FC43A1811EFC38CFB33C90">
            <WBRiskEffectiveDt>2020-01-07</WBRiskEffectiveDt>
            <WBRiskExpirationDt>2021-01-07</WBRiskExpirationDt>
          </WBRiskTerm>
          <WBDriverAge>65</WBDriverAge>
          <WBDriverIncidentEligiblePoints>0</WBDriverIncidentEligiblePoints>
          <WBInexperiencedOperatorInd>0</WBInexperiencedOperatorInd>
          <WBAdvantageDriverInd>0</WBAdvantageDriverInd>
          <WBInsLapseInfo id="WD83882EFE9034C54AFD4AA36A540064A">
            <WBInsLapseReasonCd>VehStorage</WBInsLapseReasonCd>
          </WBInsLapseInfo>
        </DriverExt>
        <DriverTypeCd />
        <TitlePrefix />
        <NameSuffix />
        <OtherGivenName />
      </Driver>
      <Vehicle id="VD7B497ADA5AF4759A25E0527937FD3CB" RatedDriverRef="D2AC27D347C5B4D62A97701A982D3332F">
        <ItemIdInfo id="IA5D4D9F068C641608FA7C93F18358625">
          <InsurerId>101</InsurerId>
        </ItemIdInfo>
        <Manufacturer>NISSAN</Manufacturer>
        <ManufacturerCd>NSSN</ManufacturerCd>
        <Model>FRONTIER CREW CAB SV/SL</Model>
        <ModelCd>FRONTIER</ModelCd>
        <ModelYear>2016</ModelYear>
        <VehBodyTypeCd>PP</VehBodyTypeCd>
        <Registration id="RA2729A69CEF943F8BFD85EC0E25C4109">
          <StateProvCd>AZ</StateProvCd>
        </Registration>
        <Horsepower id="H566F5BC5C8A74A138DBD75892143202A">
          <NumUnits>4.0</NumUnits>
        </Horsepower>
        <VehIdentificationNumber>1N6AD0FV1G3262525</VehIdentificationNumber>
        <GrossVehWeight id="G85DB5B871E8A4132B589B737D76A3B35">
          <NumUnits>5816</NumUnits>
        </GrossVehWeight>
        <VehPerformanceCd>BASIC</VehPerformanceCd>
        <BIPDSymbolCd>295</BIPDSymbolCd>
        <MedPayPIPLiabilitySymbolCd>490</MedPayPIPLiabilitySymbolCd>
        <Addr id="ADEE104444CB947799336B76E8E705803">
          <AddrTypeCd>GaragingAddress</AddrTypeCd>
          <Addr1>5919 E Wethersfield Rd</Addr1>
          <City>Scottsdale</City>
          <StateProvCd>AZ</StateProvCd>
          <PostalCode>85254-4366</PostalCode>
          <CountryCd>USA</CountryCd>
          <Latitude>33.598005</Latitude>
          <Longitude>-111.953177</Longitude>
          <County>Maricopa County</County>
          <AddrExt id="A2B7CD88F0D484ADBAD4F98A4F45A5DD9">
            <WBRatedZipCd>85254</WBRatedZipCd>
            <WBRatedVehicleStateProvCd>AZ</WBRatedVehicleStateProvCd>
            <WBAddressStandardization id="W1119FBEC8EB743DE92856C1A6532DA98">
              <WBAddrStandardizeStreetName>Wethersfield</WBAddrStandardizeStreetName>
              <WBAddrStandardizeStreetTypeCd>Rd</WBAddrStandardizeStreetTypeCd>
              <WBAddrStandardizeStreetNumber>5919</WBAddrStandardizeStreetNumber>
              <WBConfidence>100</WBConfidence>
              <WBAddrStandardizeLeadingDirectional>E</WBAddrStandardizeLeadingDirectional>
              <WBAddrStandardizeStatus>Accepted</WBAddrStandardizeStatus>
            </WBAddressStandardization>
          </AddrExt>
          <Region />
        </Addr>
        <Coverage id="C33EE9545FC8147FF91B6041C3FBEDF1A">
          <CoverageCd>COMP</CoverageCd>
          <Deductible id="D14C761206D4845DBB35066B0C1D59F3B">
            <FormatCurrencyAmt id="FB3B1E0E775794191A846CF85210F30EE">
              <Amt>1000</Amt>
            </FormatCurrencyAmt>
            <DeductibleAppliesToCd>ACC</DeductibleAppliesToCd>
          </Deductible>
          <CreditOrSurcharge id="C9B744ACF3CC84EB2BF596487E08A0181">
            <CreditSurchargeCd>LFREE</CreditSurchargeCd>
            <NumericValue id="N3ADEC9312028477DBE5DECF490C04735" />
            <SecondaryCd>CFAEST</SecondaryCd>
            <WBRatingAppliedInd>0</WBRatingAppliedInd>
          </CreditOrSurcharge>
          <EffectiveDt>2020-01-07</EffectiveDt>
          <ExpirationDt>2021-01-07</ExpirationDt>
          <ProRateFactor>1</ProRateFactor>
          <CoverageSupplement id="C4CDCDCD7D4284A4487FFA4223C1E116C">
            <CoverageSubCd>OTC</CoverageSubCd>
          </CoverageSupplement>
          <CoverageExt id="C8F9B4FF657A74F5CBAC7C0FDAB99D59C">
            <WBOnsetOffsetPremiumInfo id="WF5E3E5C69AEC4064B17AEF32559B6556">
              <WBCurrentTermOnsetAmt id="WA12D475A53BD48B594AF261B49415391">
                <Amt>353</Amt>
              </WBCurrentTermOnsetAmt>
              <WBCurrentTermOffsetAmt id="W504F2AE6FD614559AD0C9A06D9537BD2">
                <Amt>0</Amt>
              </WBCurrentTermOffsetAmt>
            </WBOnsetOffsetPremiumInfo>
            <WBPremiumInfo id="WB6DA46ACC7A94B1FBE73B0DEE7F2C60D">
              <WBCurrentTermAmt id="W185157C749A947A0AF90BAC8090A9A24">
                <Amt>353</Amt>
                <offset>0</offset>
                <onset>353</onset>
              </WBCurrentTermAmt>
              <WBNetChangeAmt id="WAB60DB030B8A42219E0591EB72FF190C">
                <Amt>353</Amt>
              </WBNetChangeAmt>
              <WBWrittenAmt id="W65BC9F50637047AF97DA2E8DEBEA566B">
                <Amt>353</Amt>
              </WBWrittenAmt>
              <WBPriorCurrentTermAmt id="W1CDC2C2C06CF48F99D02970613ABD7FE">
                <Amt>0</Amt>
              </WBPriorCurrentTermAmt>
              <WBPriorWrittenAmt id="W2335E24D4F4347978CAE49183EAD11BD">
                <Amt>0</Amt>
              </WBPriorWrittenAmt>
              <WBCancelAmt id="W4128034DFEBC4973807F37A874E055EC">
                <Amt>0</Amt>
              </WBCancelAmt>
            </WBPremiumInfo>
          </CoverageExt>
        </Coverage>
        <Coverage id="CE0B1CCEC08EA45C3A15CC08466A2F857">
          <CoverageCd>COLL</CoverageCd>
          <Deductible id="D70512F86397D42C780D77F2927742A72">
            <FormatCurrencyAmt id="F27E1F16178DE476A844EA200B97DB863">
              <Amt>1500</Amt>
            </FormatCurrencyAmt>
            <DeductibleAppliesToCd>ACC</DeductibleAppliesToCd>
          </Deductible>
          <CreditOrSurcharge id="C47A8AEACD699492D9B4EFCAC808E56FC">
            <CreditSurchargeCd>LFREE</CreditSurchargeCd>
            <NumericValue id="NA5C8C71B0C9045E89AAFF03AA634A39B" />
            <SecondaryCd>CFAEST</SecondaryCd>
            <WBRatingAppliedInd>0</WBRatingAppliedInd>
          </CreditOrSurcharge>
          <EffectiveDt>2020-01-07</EffectiveDt>
          <ExpirationDt>2021-01-07</ExpirationDt>
          <ProRateFactor>1</ProRateFactor>
          <CoverageSupplement id="C0DEFA04E539A405E9B981A2690E95E3E">
            <CoverageSubCd>COLL</CoverageSubCd>
          </CoverageSupplement>
          <CoverageExt id="C2578E007EFFC487EBA7047996202A197">
            <WBOnsetOffsetPremiumInfo id="WCF915782C0254F2E91B37C259F484175">
              <WBCurrentTermOnsetAmt id="WA7D710E195C0490CB51FB2E4738BBA65">
                <Amt>693</Amt>
              </WBCurrentTermOnsetAmt>
              <WBCurrentTermOffsetAmt id="W238DFCDAAC9D4DDF83D628178D009AB2">
                <Amt>0</Amt>
              </WBCurrentTermOffsetAmt>
            </WBOnsetOffsetPremiumInfo>
            <WBPremiumInfo id="W42721392488341E186F36B6C9250B289">
              <WBCurrentTermAmt id="WB6D3925459F649C4ADAB7987E435310E">
                <Amt>693</Amt>
              </WBCurrentTermAmt>
              <WBNetChangeAmt id="W0FFEF479AE3E45B29F15F564393A2F51">
                <Amt>693</Amt>
              </WBNetChangeAmt>
              <WBWrittenAmt id="W913E0845CFF64A999CAD89AB138884A5">
                <Amt>693</Amt>
              </WBWrittenAmt>
              <WBPriorCurrentTermAmt id="WBC97C025E69147FE8F65DD95DC2DCE98">
                <Amt>0</Amt>
              </WBPriorCurrentTermAmt>
              <WBPriorWrittenAmt id="W545AC6C4BC0F4C0D89059141EFDAF607">
                <Amt>0</Amt>
              </WBPriorWrittenAmt>
              <WBCancelAmt id="W39A1873D4E69457DA83E1DDC5C2CF5AA">
                <Amt>0</Amt>
              </WBCancelAmt>
            </WBPremiumInfo>
          </CoverageExt>
        </Coverage>
        <Coverage id="CFE9139A31EC84854B2B23E11E16B2431">
          <CoverageCd>CSL</CoverageCd>
          <Limit id="L3089FD82057842EDB84578F15A3D1770">
            <FormatCurrencyAmt id="FCCC55CB503D546939B3D18B8D8B74AD8">
              <Amt>500000</Amt>
            </FormatCurrencyAmt>
            <LimitAppliesToCd>PerAcc</LimitAppliesToCd>
          </Limit>
          <CreditOrSurcharge id="CBCD6AEBF60A34163874E0A3694D32B31">
            <CreditSurchargeCd>LFREE</CreditSurchargeCd>
            <NumericValue id="N020ACB9A14A241ADA302E3FC99E67A52" />
            <SecondaryCd>CFAEST</SecondaryCd>
            <WBRatingAppliedInd>0</WBRatingAppliedInd>
          </CreditOrSurcharge>
          <EffectiveDt>2020-01-07</EffectiveDt>
          <ExpirationDt>2021-01-07</ExpirationDt>
          <ProRateFactor>1</ProRateFactor>
          <CoverageSupplement id="CBD6449579FBC480FA0340BC8559FB340">
            <CoverageSubCd>CSL</CoverageSubCd>
          </CoverageSupplement>
          <CoverageExt id="CD75EB25D99014339951D62024916369C">
            <WBOnsetOffsetPremiumInfo id="WE511169B14FE4DF9B28D02626057F775">
              <WBCurrentTermOnsetAmt id="W47E500278A07455B886BD57FD1B278A7">
                <Amt>545</Amt>
              </WBCurrentTermOnsetAmt>
              <WBCurrentTermOffsetAmt id="W48FEAEB4BC324CF6BD1CA61197C4D115">
                <Amt>0</Amt>
              </WBCurrentTermOffsetAmt>
            </WBOnsetOffsetPremiumInfo>
            <WBPremiumInfo id="WA68ABF08C5FB4028AD33575EDBFDDEDF">
              <WBCurrentTermAmt id="W824432C51397440B844289F50499BFE5">
                <Amt>545</Amt>
              </WBCurrentTermAmt>
              <WBNetChangeAmt id="W22BEEE832C3743F2A7C0EFCF628A01EF">
                <Amt>545</Amt>
              </WBNetChangeAmt>
              <WBWrittenAmt id="W0F9EFF24C1B049579FE1E2E77EE565D4">
                <Amt>545</Amt>
              </WBWrittenAmt>
              <WBPriorCurrentTermAmt id="W699AAC70AAA540D7A4283D01AE3E5B5C">
                <Amt>0</Amt>
              </WBPriorCurrentTermAmt>
              <WBPriorWrittenAmt id="WE9375D9D45334442A7B91738E6664BF0">
                <Amt>0</Amt>
              </WBPriorWrittenAmt>
              <WBCancelAmt id="WA5377EAE4ED94C11A50B622AC639A94E">
                <Amt>0</Amt>
              </WBCancelAmt>
            </WBPremiumInfo>
          </CoverageExt>
        </Coverage>
        <Coverage id="CF547562C665D49EE9E4C466F4E964CC4">
          <CoverageCd>UMCSL</CoverageCd>
          <Limit id="L1F18CCB09E3F47CC8DD23FAE7F78C481">
            <FormatCurrencyAmt id="F87E8423F81634120B1CA0987535EAEF0">
              <Amt>500000</Amt>
            </FormatCurrencyAmt>
            <LimitAppliesToCd>PerAcc</LimitAppliesToCd>
          </Limit>
          <CreditOrSurcharge id="C36122B6F93B642029410B549D9670E52">
            <CreditSurchargeCd>LFREE</CreditSurchargeCd>
            <NumericValue id="N8D267CB625864DAC9BEF38B232985682" />
            <SecondaryCd>CFAEST</SecondaryCd>
            <WBRatingAppliedInd>0</WBRatingAppliedInd>
          </CreditOrSurcharge>
          <EffectiveDt>2020-01-07</EffectiveDt>
          <ExpirationDt>2021-01-07</ExpirationDt>
          <ProRateFactor>1</ProRateFactor>
          <CoverageSupplement id="C01C1830D88D346269C3A5499DE414A33">
            <CoverageSubCd>UMCSL</CoverageSubCd>
          </CoverageSupplement>
          <CoverageExt id="CCCA643F6C072459FB27542CE9B4A33AD">
            <WBOnsetOffsetPremiumInfo id="W101E20FBB6BB4D738841E8C473924FEA">
              <WBCurrentTermOnsetAmt id="W7ADF0AA04A364013A845F18A274EE906">
                <Amt>271</Amt>
              </WBCurrentTermOnsetAmt>
              <WBCurrentTermOffsetAmt id="W87CDD8A1D2BC40B6A51275FD71686613">
                <Amt>0</Amt>
              </WBCurrentTermOffsetAmt>
            </WBOnsetOffsetPremiumInfo>
            <WBPremiumInfo id="W915B6AFA86D040848BDF119E15084A9A">
              <WBCurrentTermAmt id="WA4252588709747438D4566D0CDB54CCB">
                <Amt>271</Amt>
              </WBCurrentTermAmt>
              <WBNetChangeAmt id="WCB4E598FC08A4395BBD31F3299C89B1B">
                <Amt>271</Amt>
              </WBNetChangeAmt>
              <WBWrittenAmt id="WCC5111D556814539ACA45A0B064073FC">
                <Amt>271</Amt>
              </WBWrittenAmt>
              <WBPriorCurrentTermAmt id="W7510843EDBFF46C3BFE2081D9C46B54B">
                <Amt>0</Amt>
              </WBPriorCurrentTermAmt>
              <WBPriorWrittenAmt id="WC80BA8077FD34B98885EBDC78D389662">
                <Amt>0</Amt>
              </WBPriorWrittenAmt>
              <WBCancelAmt id="WA31F22DB77E640CEB243755B8E2A1F90">
                <Amt>0</Amt>
              </WBCancelAmt>
            </WBPremiumInfo>
          </CoverageExt>
        </Coverage>
        <Coverage id="CF4028103FAC04BA1B6449A54A4299034">
          <CoverageCd>UNCSL</CoverageCd>
          <Limit id="L21C82042C2124215B8F37B2C982C797E">
            <FormatCurrencyAmt id="FFC0DD4D6E89F4D4E85F21F3BEB363AE1">
              <Amt>500000</Amt>
            </FormatCurrencyAmt>
            <LimitAppliesToCd>PerAcc</LimitAppliesToCd>
          </Limit>
          <CreditOrSurcharge id="C3E0E9592884D463597528015AFC25E6F">
            <CreditSurchargeCd>LFREE</CreditSurchargeCd>
            <NumericValue id="N10B8186D235641A8A3FDC50A564C9704" />
            <SecondaryCd>CFAEST</SecondaryCd>
            <WBRatingAppliedInd>0</WBRatingAppliedInd>
          </CreditOrSurcharge>
          <EffectiveDt>2020-01-07</EffectiveDt>
          <ExpirationDt>2021-01-07</ExpirationDt>
          <ProRateFactor>1</ProRateFactor>
          <CoverageSupplement id="C62E1C4F733994FE1A4B281DB0E5B284E">
            <CoverageSubCd>UNDMCSL</CoverageSubCd>
          </CoverageSupplement>
          <CoverageExt id="CD58FF695852E48FC9CCE898DEAF8D5B4">
            <WBOnsetOffsetPremiumInfo id="WAC785093269343BAA0B1464557D393A5">
              <WBCurrentTermOnsetAmt id="W6E7DD1682CF44537B41F5CE078990144">
                <Amt>26</Amt>
              </WBCurrentTermOnsetAmt>
              <WBCurrentTermOffsetAmt id="WB2818C8B4AE94E1697DCCB17310F8A13">
                <Amt>0</Amt>
              </WBCurrentTermOffsetAmt>
            </WBOnsetOffsetPremiumInfo>
            <WBPremiumInfo id="W75159AB0948446A4B5BCC5FDDB1525AE">
              <WBCurrentTermAmt id="W34261393E68A4A3CAF8172C2E7B62D9F">
                <Amt>26</Amt>
              </WBCurrentTermAmt>
              <WBNetChangeAmt id="W427B43B1259042B180FD13E20B75DBDA">
                <Amt>26</Amt>
              </WBNetChangeAmt>
              <WBWrittenAmt id="W81C445ECAFEF420CB2883E15493F24E1">
                <Amt>26</Amt>
              </WBWrittenAmt>
              <WBPriorCurrentTermAmt id="WECE96E5887BC4C8EACD20187C5DF1837">
                <Amt>0</Amt>
              </WBPriorCurrentTermAmt>
              <WBPriorWrittenAmt id="W45FAC02FA4ED41E4A3BFEF509C565D12">
                <Amt>0</Amt>
              </WBPriorWrittenAmt>
              <WBCancelAmt id="W88AB019A9F3E43A789C634FA6034853F">
                <Amt>0</Amt>
              </WBCancelAmt>
            </WBPremiumInfo>
          </CoverageExt>
        </Coverage>
        <Coverage id="C2E0A7966EB4E487FB6E4FBF5BF62DBC3">
          <CoverageCd>MEDPM</CoverageCd>
          <Limit id="L302D5BBBFF1D4B6596CF146353892D26">
            <FormatCurrencyAmt id="F78976F91DF9C4028B63FCE2AC36D231C">
              <Amt>10000</Amt>
            </FormatCurrencyAmt>
            <LimitAppliesToCd>PerPerson</LimitAppliesToCd>
          </Limit>
          <EffectiveDt>2020-01-07</EffectiveDt>
          <ExpirationDt>2021-01-07</ExpirationDt>
          <ProRateFactor>1</ProRateFactor>
          <CoverageSupplement id="C5DFB36F1AB5743689327BF428F5DF87B">
            <CoverageSubCd>MP</CoverageSubCd>
          </CoverageSupplement>
          <CoverageExt id="CA25A068B2ADB4F46A34E72BE41915AEE">
            <WBOnsetOffsetPremiumInfo id="W2FC2B810798149649EF04357B50AC70A">
              <WBCurrentTermOnsetAmt id="WD6251B0CDCC3490B975194D725C0CC49">
                <Amt>27</Amt>
              </WBCurrentTermOnsetAmt>
              <WBCurrentTermOffsetAmt id="W8851D51B3A464680AB29B68E23AB631E">
                <Amt>0</Amt>
              </WBCurrentTermOffsetAmt>
            </WBOnsetOffsetPremiumInfo>
            <WBPremiumInfo id="W6C15B6A1B62C4A3882E6ECFEDCD03C0D">
              <WBCurrentTermAmt id="W61253E3B363D446682246172F0307313">
                <Amt>27</Amt>
              </WBCurrentTermAmt>
              <WBNetChangeAmt id="WF68099B4CE6F4482984EFAC8E15884CC">
                <Amt>27</Amt>
              </WBNetChangeAmt>
              <WBWrittenAmt id="WC139F4B333754B17948C7FF13CF673B1">
                <Amt>27</Amt>
              </WBWrittenAmt>
              <WBPriorCurrentTermAmt id="WD69CB8F654514F0F8E73A4AED1BB2F8D">
                <Amt>0</Amt>
              </WBPriorCurrentTermAmt>
              <WBPriorWrittenAmt id="WC1F944934A9943469A46FA2BC6549EE1">
                <Amt>0</Amt>
              </WBPriorWrittenAmt>
              <WBCancelAmt id="WF1639EF2E67341AC9CB4BB79B915E0BD">
                <Amt>0</Amt>
              </WBCancelAmt>
            </WBPremiumInfo>
          </CoverageExt>
        </Coverage>
        <Coverage id="C171798B6EFCD4A2BB4D1FA70904E858D">
          <CoverageCd>TRNEX</CoverageCd>
          <Limit id="L56CED991531C4E91A1A5ECCC66B67CE1">
            <FormatCurrencyAmt id="F0904BCA25D5D4C9BA5AE908662E6FC36">
              <Amt>30</Amt>
            </FormatCurrencyAmt>
            <LimitAppliesToCd>PerDay</LimitAppliesToCd>
          </Limit>
          <Limit id="L5F1B8D93F5334ED0B6792A3268EE15D2">
            <FormatCurrencyAmt id="F25C6F7AB889F4E889D219041402EE2C8">
              <Amt>900</Amt>
            </FormatCurrencyAmt>
            <LimitAppliesToCd>EachClaim</LimitAppliesToCd>
          </Limit>
          <EffectiveDt>2020-01-07</EffectiveDt>
          <ExpirationDt>2021-01-07</ExpirationDt>
          <ProRateFactor>1</ProRateFactor>
          <CoverageSupplement id="CB280318C2149468AB7083FAF60E1EFCA">
            <CoverageSubCd>TRNSEXP</CoverageSubCd>
          </CoverageSupplement>
          <CoverageExt id="CBCAB4629FD5D4E4A8B6DA776716A9896">
            <WBOnsetOffsetPremiumInfo id="W5C674B71A1774FD386B085E31D740AE8">
              <WBCurrentTermOnsetAmt id="W208FB4744D424CB09F5472458F981EE5">
                <Amt>0</Amt>
              </WBCurrentTermOnsetAmt>
              <WBCurrentTermOffsetAmt id="WA33F137D8E6B4C519205C6B139E9DD5C">
                <Amt>0</Amt>
              </WBCurrentTermOffsetAmt>
            </WBOnsetOffsetPremiumInfo>
            <WBPremiumInfo id="WD72B8CA197F84F08B623742684BF0808">
              <WBCurrentTermAmt id="W5BFF639A878A4A7BA2DB6BB7B8C0FA16">
                <Amt>0</Amt>
                <offset>0</offset>
                <onset>0</onset>
              </WBCurrentTermAmt>
              <WBNetChangeAmt id="W97E4EFFA900249E08007E1AA7F607ED9">
                <Amt>0</Amt>
              </WBNetChangeAmt>
              <WBWrittenAmt id="W79856EADE4D74D08AA1B96324D660836">
                <Amt>0</Amt>
              </WBWrittenAmt>
              <WBPriorCurrentTermAmt id="W79228D17A676426CAD165E2F1B1E7668">
                <Amt>0</Amt>
              </WBPriorCurrentTermAmt>
              <WBPriorWrittenAmt id="WA28D8885A61641639404B52D0A9FC669">
                <Amt>0</Amt>
              </WBPriorWrittenAmt>
              <WBCancelAmt id="WA9EA1AEB8D6744DE89084B8A85F36C3D">
                <Amt>0</Amt>
              </WBCancelAmt>
            </WBPremiumInfo>
          </CoverageExt>
        </Coverage>
        <CreditOrSurcharge id="CCDFA72BDA1ED4F4BAB3C0CDCF735525E">
          <SecondaryCd>AHS</SecondaryCd>
          <WBRatingAppliedInd>0</WBRatingAppliedInd>
        </CreditOrSurcharge>
        <CreditOrSurcharge id="C3EF8AB56CDD0459B85842A4A5C9C8446">
          <SecondaryCd>AOM</SecondaryCd>
          <WBRatingAppliedInd>0</WBRatingAppliedInd>
        </CreditOrSurcharge>
        <CreditOrSurcharge id="C0071F6EE6A804A438093D3149D4CFE59">
          <SecondaryCd>BWS</SecondaryCd>
          <WBRatingAppliedInd>0</WBRatingAppliedInd>
        </CreditOrSurcharge>
        <CreditOrSurcharge id="CDA8837BB86BA4C069C7E1D5A617309AF">
          <SecondaryCd>DFSS</SecondaryCd>
          <WBRatingAppliedInd>0</WBRatingAppliedInd>
        </CreditOrSurcharge>
        <CreditOrSurcharge id="CFBB1088C6CA242E995F249B70805063B">
          <WBRatingAppliedInd>0</WBRatingAppliedInd>
          <SecondaryCd />
        </CreditOrSurcharge>
        <CreditOrSurcharge id="CA84B3486DF9742BE9F90146CAA46C896">
          <SecondaryCd>BSM</SecondaryCd>
          <WBRatingAppliedInd>0</WBRatingAppliedInd>
        </CreditOrSurcharge>
        <CreditOrSurcharge id="C262D8C51F33C455283D9626A30F0B813">
          <SecondaryCd>GDSTD</SecondaryCd>
          <WBRatingAppliedInd>0</WBRatingAppliedInd>
        </CreditOrSurcharge>
        <CreditOrSurcharge id="C850318A990184F238B391BFEC28E81A2">
          <SecondaryCd>GRSTD</SecondaryCd>
          <WBRatingAppliedInd>0</WBRatingAppliedInd>
        </CreditOrSurcharge>
        <CreditOrSurcharge id="CA5D6A06DF7AD4C1590E5B894123E02DE">
          <SecondaryCd>RSTD</SecondaryCd>
          <WBRatingAppliedInd>0</WBRatingAppliedInd>
        </CreditOrSurcharge>
        <CreditOrSurcharge id="C5F2C448FEAB74D6AB0988CD2F5B084B3">
          <SecondaryCd>MIL</SecondaryCd>
          <WBRatingAppliedInd>0</WBRatingAppliedInd>
        </CreditOrSurcharge>
        <ComprehensiveOTCSymbolCd>27</ComprehensiveOTCSymbolCd>
        <CollisionSymbolCd>23</CollisionSymbolCd>
        <QuestionAnswer id="QD83C7930204C4DF598B6C525777B9E25">
          <QuestionCd>VEH09</QuestionCd>
          <YesNoCd>NO</YesNoCd>
        </QuestionAnswer>
        <QuestionAnswer id="Q4EBAB8BC4F704A7B94DD22FB8297AE0E">
          <QuestionCd>VEH01</QuestionCd>
          <YesNoCd>NO</YesNoCd>
        </QuestionAnswer>
        <QuestionAnswer id="QD771820AF59E4B8F8A0AD6CC037DA9E8">
          <QuestionCd>VEH02</QuestionCd>
          <YesNoCd>DRV</YesNoCd>
          <Explanation>101</Explanation>
        </QuestionAnswer>
        <VehicleExt id="V8FC01952646542D8AAB4FB4963EC3CF5">
          <ClassCode>2165</ClassCode>
          <WBMileage id="WA1890C7BFB86499BB4BB893D2ED072B7">
            <WBAnnualMileageMAMCd>E</WBAnnualMileageMAMCd>
          </WBMileage>
          <WBISOBodyStyleDesc>Pickup Truck - Four-Wheel Drive 4-Door</WBISOBodyStyleDesc>
          <WBFinancialResponsibilityCnt>0</WBFinancialResponsibilityCnt>
          <WBRiskTerm id="WFD54078FC66F49F4809B059534614236">
            <WBRiskEffectiveDt>2020-01-07</WBRiskEffectiveDt>
            <WBRiskExpirationDt>2021-01-07</WBRiskExpirationDt>
          </WBRiskTerm>
          <WBSubtotalInfo id="W0B72AA393D7C42EBA289FB26C4ED45EA">
            <WBSubtotalInfoTypeCd>CFA</WBSubtotalInfoTypeCd>
            <WBCurrentTermAmt id="WC800CFDD5EA14539888330841B471453">
              <Amt>58</Amt>
            </WBCurrentTermAmt>
          </WBSubtotalInfo>
          <WBSubtotalInfo id="W539E67EA1D8D4FF4AC2F9E411E93C80A">
            <WBSubtotalInfoTypeCd>VEH</WBSubtotalInfoTypeCd>
            <WBCurrentTermAmt id="W7FBA46B0AEFB4DC58F867AE691CF4303">
              <Amt>1915</Amt>
            </WBCurrentTermAmt>
          </WBSubtotalInfo>
          <WBVehicleAge>4</WBVehicleAge>
          <WBThirdPartyReport id="WCB1163ACBADA410DB28F37E551A6FAF3">
            <WBReportTypeCd>VINMASTER</WBReportTypeCd>
            <WBReportOrderStatus>Returned</WBReportOrderStatus>
          </WBThirdPartyReport>
          <WBOnsetOffsetPremiumInfo id="WF5EE2050A8F74F3BB61FF8783BDF9AFA">
            <WBCurrentTermOnsetAmt id="W1A3D5B5392B0475186094DB1B228681F" />
            <WBCurrentTermOffsetAmt id="W82AF9F9E84BE48C48BA860249EC548F4" />
          </WBOnsetOffsetPremiumInfo>
          <WBPremiumInfo id="W2367789AF39540B8B6C8530DF7414ECA">
            <WBCurrentTermAmt id="WA0B2E25FA8CD44719B44F90531AEC4C3">
              <Amt>1915</Amt>
            </WBCurrentTermAmt>
            <WBNetChangeAmt id="W5A0515A172394278AA341D71E4CB0068">
              <Amt>1915</Amt>
            </WBNetChangeAmt>
            <WBWrittenAmt id="W42D045A4C2B94D3D96B61D1B983E9FD0">
              <Amt>1915</Amt>
            </WBWrittenAmt>
            <WBPriorCurrentTermAmt id="WD029F4D18FEC4718A40E782C25110EE3">
              <Amt>0</Amt>
            </WBPriorCurrentTermAmt>
            <WBPriorWrittenAmt id="W36EE0E36BC5644C7A9C3221108727B6B">
              <Amt>0</Amt>
            </WBPriorWrittenAmt>
            <WBCancelAmt id="W17A1CD21F6E947CCBE6AD2B64FE66A4E" />
          </WBPremiumInfo>
          <WBPhysicalDamageOnlyInd>0</WBPhysicalDamageOnlyInd>
          <WBCustomEquipInd>0</WBCustomEquipInd>
          <WBAdaptiveHeadlightSystemInd>0</WBAdaptiveHeadlightSystemInd>
          <WBAutonomousOperationsModeInd>0</WBAutonomousOperationsModeInd>
          <WBBackupWarningSystemInd>0</WBBackupWarningSystemInd>
          <WBBlindSpotLaneOrDepartureMonitoringCd />
          <WBDriverFatigueSensingSystemInd>0</WBDriverFatigueSensingSystemInd>
          <WBForwardCrashAvoidanceCd />
          <Form id="F1AF0626A28B24CD8943D900CB0126398">
            <FormNumber>PP0001Q</FormNumber>
            <EditionDt>2019-01-01</EditionDt>
            <FormName>Personal Auto Policy</FormName>
            <EffectiveDt>2020-01-07</EffectiveDt>
          </Form>
          <Form id="FFD69F243636D49008D74E62A29795567">
            <FormNumber>DC0009</FormNumber>
            <EditionDt>2019-01-01</EditionDt>
            <FormName>Transportation Expenses</FormName>
            <EffectiveDt>2020-01-07</EffectiveDt>
          </Form>
          <Form id="F6235C3C6693A4FBFB91B08B2B0964A67">
            <FormNumber>PP0477Q</FormNumber>
            <EditionDt>2019-01-01</EditionDt>
            <FormName>Uninsured Motorists Coverage - AZ</FormName>
            <EffectiveDt>2020-01-07</EffectiveDt>
          </Form>
          <Form id="FD82B9BB78D474AA9B7072412C3657ED2">
            <FormNumber>PP0489Q</FormNumber>
            <EditionDt>2019-01-01</EditionDt>
            <FormName>Underinsured Motorists Coverage - AZ</FormName>
            <EffectiveDt>2020-01-07</EffectiveDt>
          </Form>
        </VehicleExt>
        <VehUseCd />
      </Vehicle>
      <Vehicle id="V674C3813394E4164A2FF24780EC0D9FC" RatedDriverRef="D2AC27D347C5B4D62A97701A982D3332F">
        <ItemIdInfo id="IFEF46B66CA114FC8A92D4A18C22483F2">
          <InsurerId>102</InsurerId>
        </ItemIdInfo>
        <Manufacturer>JEEP</Manufacturer>
        <ManufacturerCd>JEEP</ManufacturerCd>
        <Model>GRAND CHEROKEE LAREDO/TSI</Model>
        <ModelCd>GRCHLARTSI</ModelCd>
        <ModelYear>1997</ModelYear>
        <VehBodyTypeCd>PP</VehBodyTypeCd>
        <Registration id="RC23B5D4C4E69409A81E3F0746BC355AA">
          <StateProvCd>AZ</StateProvCd>
        </Registration>
        <Horsepower id="H69B02CF5B8C54C7BA7E6D8E937091400">
          <NumUnits>4.0</NumUnits>
        </Horsepower>
        <VehIdentificationNumber>1J41X58S1V2325262</VehIdentificationNumber>
        <GrossVehWeight id="G95A1233EEF4A44779EFC8DFED7024422">
          <NumUnits>9999</NumUnits>
        </GrossVehWeight>
        <VehPerformanceCd>BASIC</VehPerformanceCd>
        <BIPDSymbolCd>300</BIPDSymbolCd>
        <MedPayPIPLiabilitySymbolCd>500</MedPayPIPLiabilitySymbolCd>
        <Addr id="A4C8AF2446C864FC8A3DA807E4B89EAE5">
          <AddrTypeCd>GaragingAddress</AddrTypeCd>
          <Addr1>5919 E Wethersfield Rd</Addr1>
          <City>Scottsdale</City>
          <StateProvCd>AZ</StateProvCd>
          <PostalCode>85254-4366</PostalCode>
          <CountryCd>USA</CountryCd>
          <Latitude>33.598005</Latitude>
          <Longitude>-111.953177</Longitude>
          <County>Maricopa County</County>
          <AddrExt id="A71058B6CED544574B62223AD9BD736DD">
            <WBRatedZipCd>85254</WBRatedZipCd>
            <WBRatedVehicleStateProvCd>AZ</WBRatedVehicleStateProvCd>
            <WBAddressStandardization id="WAEAD8A2915B147F29665A0440CA9031D">
              <WBAddrStandardizeStreetName>Wethersfield</WBAddrStandardizeStreetName>
              <WBAddrStandardizeStreetTypeCd>Rd</WBAddrStandardizeStreetTypeCd>
              <WBAddrStandardizeStreetNumber>5919</WBAddrStandardizeStreetNumber>
              <WBConfidence>100</WBConfidence>
              <WBAddrStandardizeLeadingDirectional>E</WBAddrStandardizeLeadingDirectional>
              <WBAddrStandardizeStatus>Accepted</WBAddrStandardizeStatus>
            </WBAddressStandardization>
          </AddrExt>
          <Region />
        </Addr>
        <Coverage id="CD54CD6C7A7864082A2D8729A5D0B750D">
          <CoverageCd>CSL</CoverageCd>
          <Limit id="L82D6CBB265444BAC8C738490E7832A2F">
            <FormatCurrencyAmt id="FFE04070C9D934881B240B2E1458DCE81">
              <Amt>500000</Amt>
            </FormatCurrencyAmt>
            <LimitAppliesToCd>PerAcc</LimitAppliesToCd>
          </Limit>
          <CreditOrSurcharge id="CC62320AD61B94071B57250B4BD0A27CF">
            <CreditSurchargeCd>LFREE</CreditSurchargeCd>
            <NumericValue id="N841C78374353433FA53EB03593CED4E2" />
            <SecondaryCd>CFAEST</SecondaryCd>
            <WBRatingAppliedInd>0</WBRatingAppliedInd>
          </CreditOrSurcharge>
          <EffectiveDt>2020-01-07</EffectiveDt>
          <ExpirationDt>2021-01-07</ExpirationDt>
          <ProRateFactor>1</ProRateFactor>
          <CoverageSupplement id="C33E1C3ACED454F838E710FAE01DB74F3">
            <CoverageSubCd>CSL</CoverageSubCd>
          </CoverageSupplement>
          <CoverageExt id="C0517782391D14492ACE050C3906C085D">
            <WBOnsetOffsetPremiumInfo id="W71DC4F8B498B40C5B18F4B38DE344524">
              <WBCurrentTermOnsetAmt id="WB4B87DA7741D401996F694AB22E84C32">
                <Amt>551</Amt>
              </WBCurrentTermOnsetAmt>
              <WBCurrentTermOffsetAmt id="W91B4EE21803E44FEA20B57B8411D5428">
                <Amt>0</Amt>
              </WBCurrentTermOffsetAmt>
            </WBOnsetOffsetPremiumInfo>
            <WBPremiumInfo id="WA2B3D60806974B6FA80BD5977839B837">
              <WBCurrentTermAmt id="W71A55BF0BC094B6FA8EC6D28222A9FF7">
                <Amt>551</Amt>
              </WBCurrentTermAmt>
              <WBNetChangeAmt id="W9EF69D0F3BBF43CAADF1C38829E1B3FC">
                <Amt>551</Amt>
              </WBNetChangeAmt>
              <WBWrittenAmt id="W6B60EE5B970B41719AEFBB0D4090DF5D">
                <Amt>551</Amt>
              </WBWrittenAmt>
              <WBPriorCurrentTermAmt id="W054BE452918348A29FE7E702684B07C6">
                <Amt>0</Amt>
              </WBPriorCurrentTermAmt>
              <WBPriorWrittenAmt id="W529A2A9BD4CC4F3881FDB98EE5F07F12">
                <Amt>0</Amt>
              </WBPriorWrittenAmt>
              <WBCancelAmt id="W499BC1F7FF804E21B36CA371EF273A09">
                <Amt>0</Amt>
              </WBCancelAmt>
            </WBPremiumInfo>
          </CoverageExt>
        </Coverage>
        <Coverage id="C08C4602F91A74D078D2A593ED0646132">
          <CoverageCd>UMCSL</CoverageCd>
          <Limit id="L8EBF0A8745704BF9B18D642894F540E2">
            <FormatCurrencyAmt id="F1BC849E47A1649C0AEAA26BB8B3F0283">
              <Amt>500000</Amt>
            </FormatCurrencyAmt>
            <LimitAppliesToCd>PerAcc</LimitAppliesToCd>
          </Limit>
          <CreditOrSurcharge id="CF677220B0F8E4B39AAFEB59A9D6360B8">
            <CreditSurchargeCd>LFREE</CreditSurchargeCd>
            <NumericValue id="N5E25A8EF108446B29E2F82E88433D278" />
            <SecondaryCd>CFAEST</SecondaryCd>
            <WBRatingAppliedInd>0</WBRatingAppliedInd>
          </CreditOrSurcharge>
          <EffectiveDt>2020-01-07</EffectiveDt>
          <ExpirationDt>2021-01-07</ExpirationDt>
          <ProRateFactor>1</ProRateFactor>
          <CoverageSupplement id="C98FCE89BB3B24EF39EA1ED4966CA5FC5">
            <CoverageSubCd>UMCSL</CoverageSubCd>
          </CoverageSupplement>
          <CoverageExt id="C3455BCBF317149F88FFC4DFD282D185E">
            <WBOnsetOffsetPremiumInfo id="WF1D3FED7F2B24D9599BF9D594541769E">
              <WBCurrentTermOnsetAmt id="W7E7830938A6344BF9988336BE9BE5963">
                <Amt>276</Amt>
              </WBCurrentTermOnsetAmt>
              <WBCurrentTermOffsetAmt id="W49BC7A50E82241BB9B5F615260F05F58">
                <Amt>0</Amt>
              </WBCurrentTermOffsetAmt>
            </WBOnsetOffsetPremiumInfo>
            <WBPremiumInfo id="W8EDA5BF2A2504C679293B70F2B3904DB">
              <WBCurrentTermAmt id="W1F29D591CA844B81B200F3E75C3D0E42">
                <Amt>276</Amt>
              </WBCurrentTermAmt>
              <WBNetChangeAmt id="W2C765437CC7C4A7FB1CC599DFCEC85FF">
                <Amt>276</Amt>
              </WBNetChangeAmt>
              <WBWrittenAmt id="W1204E9B3A9B2415D9E666956FD4EEEE2">
                <Amt>276</Amt>
              </WBWrittenAmt>
              <WBPriorCurrentTermAmt id="WEA49C66F8BFC4FD382F5247711104662">
                <Amt>0</Amt>
              </WBPriorCurrentTermAmt>
              <WBPriorWrittenAmt id="W34DD75CD001F4124BC736C491E3F9452">
                <Amt>0</Amt>
              </WBPriorWrittenAmt>
              <WBCancelAmt id="W271141EFED284FD4A7B33B6A061627E3">
                <Amt>0</Amt>
              </WBCancelAmt>
            </WBPremiumInfo>
          </CoverageExt>
        </Coverage>
        <Coverage id="C715D132A163C49F79CC767F6CC8EA38A">
          <CoverageCd>UNCSL</CoverageCd>
          <Limit id="L634F88B591634A319A8C5F7391143FBD">
            <FormatCurrencyAmt id="F9CAE0295113749C7B97BF7E906169A50">
              <Amt>500000</Amt>
            </FormatCurrencyAmt>
            <LimitAppliesToCd>PerAcc</LimitAppliesToCd>
          </Limit>
          <CreditOrSurcharge id="C3640A0F4D23D4953AA5DB35BA2B14334">
            <CreditSurchargeCd>LFREE</CreditSurchargeCd>
            <NumericValue id="N92FFE95E1A9140598094E9C9B0882673" />
            <SecondaryCd>CFAEST</SecondaryCd>
            <WBRatingAppliedInd>0</WBRatingAppliedInd>
          </CreditOrSurcharge>
          <EffectiveDt>2020-01-07</EffectiveDt>
          <ExpirationDt>2021-01-07</ExpirationDt>
          <ProRateFactor>1</ProRateFactor>
          <CoverageSupplement id="C30E56BE963874A48932C9294DCBBFDA5">
            <CoverageSubCd>UNDMCSL</CoverageSubCd>
          </CoverageSupplement>
          <CoverageExt id="C2CBBFB682BA642FCA3ECE8FC0B736785">
            <WBOnsetOffsetPremiumInfo id="WBDC7D9793C844E47A6447B01E57CEF64">
              <WBCurrentTermOnsetAmt id="WB67572733248498DA7304BB0C73AFC0F">
                <Amt>26</Amt>
              </WBCurrentTermOnsetAmt>
              <WBCurrentTermOffsetAmt id="WC420915573604A0D8E66715A5F781048">
                <Amt>0</Amt>
              </WBCurrentTermOffsetAmt>
            </WBOnsetOffsetPremiumInfo>
            <WBPremiumInfo id="W569D99FAD8A54CF886EE6246DFC6BFE5">
              <WBCurrentTermAmt id="WFFF6A0B2CE554179B83A07F761517204">
                <Amt>26</Amt>
              </WBCurrentTermAmt>
              <WBNetChangeAmt id="W7855373228E14DF1BB34DE3BB8768AC6">
                <Amt>26</Amt>
              </WBNetChangeAmt>
              <WBWrittenAmt id="W78B173786F6C43258BEE9224E20BFA47">
                <Amt>26</Amt>
              </WBWrittenAmt>
              <WBPriorCurrentTermAmt id="W53553866EE3942F2A9D9852DABABF3FE">
                <Amt>0</Amt>
              </WBPriorCurrentTermAmt>
              <WBPriorWrittenAmt id="W2DB2AF95449549B18A31D348EDEED794">
                <Amt>0</Amt>
              </WBPriorWrittenAmt>
              <WBCancelAmt id="W2930B93ACEED4B838E431E1619277872">
                <Amt>0</Amt>
              </WBCancelAmt>
            </WBPremiumInfo>
          </CoverageExt>
        </Coverage>
        <Coverage id="C4549CC58C0684B768EC7051CE07D4CB6">
          <CoverageCd>MEDPM</CoverageCd>
          <Limit id="L54AD911106394F91B64B4EE7A6E903B4">
            <FormatCurrencyAmt id="F1C77B21A4DCE40468C6DCFF9C3F8E1B6">
              <Amt>10000</Amt>
            </FormatCurrencyAmt>
            <LimitAppliesToCd>PerPerson</LimitAppliesToCd>
          </Limit>
          <EffectiveDt>2020-01-07</EffectiveDt>
          <ExpirationDt>2021-01-07</ExpirationDt>
          <ProRateFactor>1</ProRateFactor>
          <CoverageSupplement id="C1F51968D13F74975AD9A1C169AA60F4C">
            <CoverageSubCd>MP</CoverageSubCd>
          </CoverageSupplement>
          <CoverageExt id="CB340400A23744E86A7B00CEEEE751DA5">
            <WBOnsetOffsetPremiumInfo id="WC39F10E5248B4B46B4A4C726150E4CD5">
              <WBCurrentTermOnsetAmt id="W115EED4119CA4CCEBF55A4245C4BC52D">
                <Amt>28</Amt>
              </WBCurrentTermOnsetAmt>
              <WBCurrentTermOffsetAmt id="WD65F2C03ABF246B890866401914C2749">
                <Amt>0</Amt>
              </WBCurrentTermOffsetAmt>
            </WBOnsetOffsetPremiumInfo>
            <WBPremiumInfo id="W941791C956EA45EC8FC00CDB8890DFA2">
              <WBCurrentTermAmt id="W865BC255F7294D86B1FBC3D0A204E5E3">
                <Amt>28</Amt>
              </WBCurrentTermAmt>
              <WBNetChangeAmt id="WF6FC69D810A345D8BBE032F9FB28413E">
                <Amt>28</Amt>
              </WBNetChangeAmt>
              <WBWrittenAmt id="W0C43E51AC37F46E090CD3EC8F3059739">
                <Amt>28</Amt>
              </WBWrittenAmt>
              <WBPriorCurrentTermAmt id="WC1818D5A849E4C95A68DE9897EA870D7">
                <Amt>0</Amt>
              </WBPriorCurrentTermAmt>
              <WBPriorWrittenAmt id="WC9903D00B1094C67A03FD1994EA57BBB">
                <Amt>0</Amt>
              </WBPriorWrittenAmt>
              <WBCancelAmt id="W2298ADD076BF4D41AC40A4E1B36CCADA">
                <Amt>0</Amt>
              </WBCancelAmt>
            </WBPremiumInfo>
          </CoverageExt>
        </Coverage>
        <CreditOrSurcharge id="C91B53546DD7D4640BDE98590BBE977D0">
          <SecondaryCd>AHS</SecondaryCd>
          <WBRatingAppliedInd>0</WBRatingAppliedInd>
        </CreditOrSurcharge>
        <CreditOrSurcharge id="C7CDB391E603D4816BFD0E7EAE1D1FB0B">
          <SecondaryCd>AOM</SecondaryCd>
          <WBRatingAppliedInd>0</WBRatingAppliedInd>
        </CreditOrSurcharge>
        <CreditOrSurcharge id="C2CFAA0E40DE14D5391F9F19602382514">
          <SecondaryCd>BWS</SecondaryCd>
          <WBRatingAppliedInd>0</WBRatingAppliedInd>
        </CreditOrSurcharge>
        <CreditOrSurcharge id="C6B8F5DE8688B4E45A90F812510D8D0C3">
          <SecondaryCd>DFSS</SecondaryCd>
          <WBRatingAppliedInd>0</WBRatingAppliedInd>
        </CreditOrSurcharge>
        <CreditOrSurcharge id="CC369731CB1844072A24997FF92C429C5">
          <WBRatingAppliedInd>0</WBRatingAppliedInd>
          <SecondaryCd />
        </CreditOrSurcharge>
        <CreditOrSurcharge id="C55CCCC53F53E4153B75B65ADE8BC1849">
          <SecondaryCd>BSM</SecondaryCd>
          <WBRatingAppliedInd>0</WBRatingAppliedInd>
        </CreditOrSurcharge>
        <CreditOrSurcharge id="C8DEF04179A5A405CBF4C008F698A630C">
          <SecondaryCd>GDSTD</SecondaryCd>
          <WBRatingAppliedInd>0</WBRatingAppliedInd>
        </CreditOrSurcharge>
        <CreditOrSurcharge id="CDF139C93159B41ACA3BD889B722C5BE4">
          <SecondaryCd>GRSTD</SecondaryCd>
          <WBRatingAppliedInd>0</WBRatingAppliedInd>
        </CreditOrSurcharge>
        <CreditOrSurcharge id="C131E6DE76A804B72B7BAD2F1FB8F59DE">
          <SecondaryCd>RSTD</SecondaryCd>
          <WBRatingAppliedInd>0</WBRatingAppliedInd>
        </CreditOrSurcharge>
        <CreditOrSurcharge id="C043185B9F59E45B89A54D3C2E5088445">
          <SecondaryCd>MIL</SecondaryCd>
          <WBRatingAppliedInd>0</WBRatingAppliedInd>
        </CreditOrSurcharge>
        <ComprehensiveOTCSymbolCd>14</ComprehensiveOTCSymbolCd>
        <CollisionSymbolCd>14</CollisionSymbolCd>
        <QuestionAnswer id="Q95F8AE97EF614ED3B40B0F8AD06BEE8B">
          <QuestionCd>VEH01</QuestionCd>
          <YesNoCd>NO</YesNoCd>
        </QuestionAnswer>
        <QuestionAnswer id="QB595CE3CD0CC46E2851B738788D21E32">
          <QuestionCd>VEH02</QuestionCd>
          <YesNoCd>DRV</YesNoCd>
          <Explanation>101</Explanation>
        </QuestionAnswer>
        <QuestionAnswer id="QFC5CF50AD5CF4F75B8E65272C59047CD">
          <QuestionCd>VEH09</QuestionCd>
          <YesNoCd>NO</YesNoCd>
        </QuestionAnswer>
        <VehicleExt id="V56EBF0970A1C403FB900BA0651485504">
          <ClassCode>2165</ClassCode>
          <WBMileage id="W82AAC738649E4734A1287FC79D395DA1">
            <WBAnnualMileageMAMCd>E</WBAnnualMileageMAMCd>
          </WBMileage>
          <WBISOBodyStyleDesc>Utility Vehicle - Two-Wheel Drive</WBISOBodyStyleDesc>
          <WBFinancialResponsibilityCnt>0</WBFinancialResponsibilityCnt>
          <WBRiskTerm id="WAD1C9BD5C33E46048BA179B1CA9A6B51">
            <WBRiskEffectiveDt>2020-01-07</WBRiskEffectiveDt>
            <WBRiskExpirationDt>2021-01-07</WBRiskExpirationDt>
          </WBRiskTerm>
          <WBSubtotalInfo id="WEA30B32444224749A139B656323C1ABA">
            <WBSubtotalInfoTypeCd>CFA</WBSubtotalInfoTypeCd>
            <WBCurrentTermAmt id="WA3CB172D9AB646B8B74531BD7AB5B74F">
              <Amt>27</Amt>
            </WBCurrentTermAmt>
          </WBSubtotalInfo>
          <WBSubtotalInfo id="W6B12B109EA3346F8ABD160ED5F98584F">
            <WBSubtotalInfoTypeCd>VEH</WBSubtotalInfoTypeCd>
            <WBCurrentTermAmt id="WB4B2AF5CA14E45109C3357F1FE2D3F86">
              <Amt>881</Amt>
            </WBCurrentTermAmt>
          </WBSubtotalInfo>
          <WBVehicleAge>23</WBVehicleAge>
          <WBThirdPartyReport id="WE297C3C4D8A64912A163031FFE957A83">
            <WBReportTypeCd>VINMASTER</WBReportTypeCd>
            <WBReportOrderStatus>Returned</WBReportOrderStatus>
          </WBThirdPartyReport>
          <WBOnsetOffsetPremiumInfo id="WAC54FB773DD64E84A99C29E4BAB6AAC9">
            <WBCurrentTermOnsetAmt id="WC591D84C46FE4FB5B2E1DD882F9120BA" />
            <WBCurrentTermOffsetAmt id="WC1D8992657AA4517ACE8D584AD1631FE" />
          </WBOnsetOffsetPremiumInfo>
          <WBPremiumInfo id="W422B4DCDCB5243D4BB7632CB0CE67833">
            <WBCurrentTermAmt id="W2E1AE4E1926643CE94D701D2584196B4">
              <Amt>881</Amt>
            </WBCurrentTermAmt>
            <WBNetChangeAmt id="W1FA4751CB52D4E05B69CFA4A99012D9E">
              <Amt>881</Amt>
            </WBNetChangeAmt>
            <WBWrittenAmt id="W691F7950B8D84E8EA17B9BA5BFBE7BEA">
              <Amt>881</Amt>
            </WBWrittenAmt>
            <WBPriorCurrentTermAmt id="W95F8420DB9974C898AFB96F896195F8D">
              <Amt>0</Amt>
            </WBPriorCurrentTermAmt>
            <WBPriorWrittenAmt id="WBCBE6EDF5DF4478DB0ED2090354D3976">
              <Amt>0</Amt>
            </WBPriorWrittenAmt>
            <WBCancelAmt id="W76ADBAA58F154151AEB6598FB22793D6" />
          </WBPremiumInfo>
          <WBPhysicalDamageOnlyInd>0</WBPhysicalDamageOnlyInd>
          <WBOverrideInfo id="WBF95D25783A142AA90B591C1F5B04263">
            <WBOverrideType>T</WBOverrideType>
            <WBOverrideCategory>Symbol</WBOverrideCategory>
            <WBOverrideCd>BIPD</WBOverrideCd>
            <WBOverrideValue>300</WBOverrideValue>
          </WBOverrideInfo>
          <WBOverrideInfo id="W30D78DA57D95431DA01C9E8FC2ED9B9D">
            <WBOverrideType>T</WBOverrideType>
            <WBOverrideCategory>Symbol</WBOverrideCategory>
            <WBOverrideCd>MedPIP</WBOverrideCd>
            <WBOverrideValue>500</WBOverrideValue>
          </WBOverrideInfo>
          <WBCustomEquipInd>0</WBCustomEquipInd>
          <WBAdaptiveHeadlightSystemInd>0</WBAdaptiveHeadlightSystemInd>
          <WBAutonomousOperationsModeInd>0</WBAutonomousOperationsModeInd>
          <WBBackupWarningSystemInd>0</WBBackupWarningSystemInd>
          <WBBlindSpotLaneOrDepartureMonitoringCd />
          <WBDriverFatigueSensingSystemInd>0</WBDriverFatigueSensingSystemInd>
          <WBForwardCrashAvoidanceCd />
          <Form id="FE35FFF0F71EF408FBABC7F95AF00B969">
            <FormNumber>PP0001Q</FormNumber>
            <EditionDt>2019-01-01</EditionDt>
            <FormName>Personal Auto Policy</FormName>
            <EffectiveDt>2020-01-07</EffectiveDt>
          </Form>
          <Form id="F386934DCF6A94983843F5894F663B351">
            <FormNumber>PP0477Q</FormNumber>
            <EditionDt>2019-01-01</EditionDt>
            <FormName>Uninsured Motorists Coverage - AZ</FormName>
            <EffectiveDt>2020-01-07</EffectiveDt>
          </Form>
          <Form id="F4D03A06FC1AB4E6289FA94D9320F78EF">
            <FormNumber>PP0489Q</FormNumber>
            <EditionDt>2019-01-01</EditionDt>
            <FormName>Underinsured Motorists Coverage - AZ</FormName>
            <EffectiveDt>2020-01-07</EffectiveDt>
          </Form>
        </VehicleExt>
        <VehUseCd />
      </Vehicle>
      <QuestionAnswer id="Q9F08FC4C303743948AA1913373417041">
        <QuestionCd>AUTOP03</QuestionCd>
        <YesNoCd>NO</YesNoCd>
      </QuestionAnswer>
      <QuestionAnswer id="Q50A18C7DA87745138B67E026A6247A4C">
        <QuestionCd>VEH03</QuestionCd>
        <YesNoCd>NO</YesNoCd>
      </QuestionAnswer>
      <QuestionAnswer id="QA2974C53F2A44235AE512A3343ACC0E1">
        <QuestionCd>VEH04</QuestionCd>
        <YesNoCd>NO</YesNoCd>
      </QuestionAnswer>
      <PersAutoLineBusinessExt id="PC1C02C52FFDD4BB08A630AA2E67590C3">
        <WBSubtotalInfo id="W188B5104F225432A9B80FA9D1C162E9F">
          <WBSubtotalInfoTypeCd>CFA</WBSubtotalInfoTypeCd>
          <WBCurrentTermAmt id="WB3A5921D1DB8402595DD6FF1C6C9FDA9">
            <Amt>87</Amt>
          </WBCurrentTermAmt>
        </WBSubtotalInfo>
        <WBOnsetOffsetPremiumInfo id="WD7D3D93F290D4E91939A9A416EBA2E2F">
          <WBCurrentTermOnsetAmt id="W948A972439FA447EA63A9FA4DB79CD64" />
          <WBCurrentTermOffsetAmt id="WF9C204495F244EF6A949B0FE3B8B1143" />
        </WBOnsetOffsetPremiumInfo>
        <WBPermissiveUseCnt>0</WBPermissiveUseCnt>
        <WBPremiumInfo id="W9FB49FC5C5C74CC793B1D503BB4C3A97">
          <WBCurrentTermAmt id="W6F4431002BA64B3BB762F2D72C0A1BB0">
            <Amt>2846</Amt>
          </WBCurrentTermAmt>
          <WBNetChangeAmt id="WE0A8554F8A3F4168BD4DFE8B3BFD5B9A">
            <Amt>2846</Amt>
          </WBNetChangeAmt>
          <WBWrittenAmt id="W622AABCE3E0949D2B0FED6256369487E">
            <Amt>2846</Amt>
          </WBWrittenAmt>
          <WBPriorCurrentTermAmt id="W4193E89F01ED4D2BBC580C555D83A29E">
            <Amt>0</Amt>
          </WBPriorCurrentTermAmt>
          <WBPriorWrittenAmt id="W7AE11F295B944219871FA2D33424D5BF">
            <Amt>0</Amt>
          </WBPriorWrittenAmt>
          <WBCancelAmt id="W8BCBB45EFDDB498AA33640EC5DBDEA56" />
        </WBPremiumInfo>
        <WBAATAFeeCnt>2</WBAATAFeeCnt>
      </PersAutoLineBusinessExt>
    </PersAutoLineBusiness>
    <PolicyExt id="PFD9FD2E0E3134BB0A4C524CC784F2107">
      <AutoCompositionFactorCd>M</AutoCompositionFactorCd>
      <WBTransactionStatusDesc>Committed</WBTransactionStatusDesc>
      <WBQuoteStatusDesc>Issued</WBQuoteStatusDesc>
      <CreditOrSurcharge id="C467DE36D05214C318D9F21248FD5AD5D">
        <SecondaryCd>HCD</SecondaryCd>
        <WBRatingAppliedInd>1</WBRatingAppliedInd>
      </CreditOrSurcharge>
      <CreditOrSurcharge id="C02514ADB624F476888C8CD5DE89A6282">
        <WBRatingAppliedInd>1</WBRatingAppliedInd>
        <SecondaryCd />
      </CreditOrSurcharge>
      <WBHouseholdCompositionInd>0</WBHouseholdCompositionInd>
      <WBSubtotalInfo id="W12172D5F37B34BEEAF4B1B5688AF05AC">
        <WBSubtotalInfoTypeCd>CFA</WBSubtotalInfoTypeCd>
        <WBCurrentTermAmt id="W00BA9AD4539847D680AF40EE7E329592">
          <Amt>87</Amt>
        </WBCurrentTermAmt>
      </WBSubtotalInfo>
      <WBThirdPartyReport id="WEF2B9BD3396949A18955C2012446FB87">
        <WBReportTypeCd>APD</WBReportTypeCd>
        <WBReportOrderDt>2020-01-24</WBReportOrderDt>
        <WBReportOrderStatus>No Hit</WBReportOrderStatus>
        <WBReportExpirationDt>2020-04-23</WBReportExpirationDt>
      </WBThirdPartyReport>
      <WBThirdPartyReport id="WDEE101AB047044A987053D9016FAD8FA">
        <WBReportTypeCd>CLUE-AUTO</WBReportTypeCd>
        <WBReportOrderDt>2020-01-24</WBReportOrderDt>
        <WBReportOrderStatus>No Hit</WBReportOrderStatus>
        <WBReportExpirationDt>2020-04-23</WBReportExpirationDt>
      </WBThirdPartyReport>
      <WBPolicyAge>0</WBPolicyAge>
      <WBOnsetOffsetPremiumInfo id="W06748024CA2D4B92AABF53D81C9F6322">
        <WBCurrentTermOnsetAmt id="WC0C86D89951C4601A04A3D7D212FD21F" />
        <WBCurrentTermOffsetAmt id="WFBADC54C84BC40898BDE5C2B03B7905B" />
      </WBOnsetOffsetPremiumInfo>
      <WBPremiumInfo id="W5CD23436BA784624B08E4688D1EA50C5">
        <WBCurrentTermAmt id="WB804D84C50114F80BE44A150DE3C8F03">
          <Amt>2846</Amt>
        </WBCurrentTermAmt>
        <WBNetChangeAmt id="WCA60C6EBA0014375AC38146938D3D76A">
          <Amt>2846</Amt>
        </WBNetChangeAmt>
        <WBWrittenAmt id="WC4F8787681EC4F2987DC62EA84902029">
          <Amt>2846</Amt>
        </WBWrittenAmt>
        <WBPriorCurrentTermAmt id="W336368AE383C47A4B2265D9FFEB53EBA">
          <Amt>0</Amt>
        </WBPriorCurrentTermAmt>
        <WBPriorWrittenAmt id="WE8481B18BD1F46189CD1157F863E1379">
          <Amt>0</Amt>
        </WBPriorWrittenAmt>
        <WBCancelAmt id="WFB966A3E95EC43ED9635F969D5E3BEA4" />
      </WBPremiumInfo>
      <WBPriorPolicyCnt>1</WBPriorPolicyCnt>
      <WBPolicyIssue id="WBDF00ECDAF4C4B79BD43CA47FE231A00">
        <WBPolicyIssueCd>N</WBPolicyIssueCd>
      </WBPolicyIssue>
      <WBPolicyInceptionDateInfo id="WB029465601254992A386FED0D76FDDC5">
        <WBPolicyUWInceptionDt>2020-01-07</WBPolicyUWInceptionDt>
        <WBPolicyUWDtOverrideInd>0</WBPolicyUWDtOverrideInd>
      </WBPolicyInceptionDateInfo>
      <WBPolicyTenureAge>0</WBPolicyTenureAge>
      <WBAssocGroupType />
      <WBGroupAssocName />
    </PolicyExt>
    <GroupId />
    <Form id="FC3C670DCD856454BB63EF02F352B1F9C">
      <FormNumber>DC877B</FormNumber>
      <EditionDt>2019-01-01</EditionDt>
      <FormName>Consumer Report Disclosure Notice</FormName>
      <EffectiveDt>2020-01-07</EffectiveDt>
    </Form>
    <Form id="F4D9D94EDD309479DB1318E38D50BB6D2">
      <FormNumber>DC2177</FormNumber>
      <EditionDt>2019-01-01</EditionDt>
      <FormName>Membership and Voting Rights Notice</FormName>
      <EffectiveDt>2020-01-07</EffectiveDt>
    </Form>
    <Form id="FA9F5E44DB4184DE3B91F4225F522409D">
      <FormNumber>DC249</FormNumber>
      <EditionDt>2019-01-01</EditionDt>
      <FormName>Coordination of Deductible Clause</FormName>
      <EffectiveDt>2020-01-07</EffectiveDt>
    </Form>
    <Form id="FC0943805D18B47BEBCC52689575A03AB">
      <FormNumber>DC1188</FormNumber>
      <EditionDt>2019-01-01</EditionDt>
      <FormName>West Bend Privacy Statement</FormName>
      <EffectiveDt>2020-01-07</EffectiveDt>
    </Form>
    <Form id="F2C4BC0FEF2B844B893A99E06FE31893A">
      <FormNumber>DC1491</FormNumber>
      <EditionDt>2019-01-01</EditionDt>
      <FormName>Payment Plan Options</FormName>
      <EffectiveDt>2020-01-07</EffectiveDt>
    </Form>
  </Policy>
</PolicyRs>