﻿{
  "value": [
    {
      "PartitionKey": "CurrentCarrier",
      "Timestamp": "2019-09-04T14:09:48.3134525Z",
      "Container": "pl-third-party-integration",
      "Folder": "LexisNexis.CurrentCarrier",
      "Name": "CCSortTestA536519003.txt",
      "CreateDate": "201909041409479457",
      "PolicyNumber": "A536519",
      "PolicyVersion": "00",
      "TransSeqNumber":  "3"
    },
    {
      "PartitionKey": "CurrentCarrier",
      "Timestamp": "2019-09-04T15:34:42.8481594Z",
      "Container": "pl-third-party-integration",
      "Folder": "LexisNexis.CurrentCarrier",
      "Name": "CCSortTestA536557002.txt",
      "CreateDate": "201909041534426290",
      "PolicyNumber": "A536557",
      "PolicyVersion": "00",
      "TransSeqNumber": "2"
    },
    {
      "PartitionKey": "CurrentCarrier",
      "Timestamp": "2019-09-04T15:35:15.4721981Z",
      "Container": "pl-third-party-integration",
      "Folder": "LexisNexis.CurrentCarrier",
      "Name": "CCSortTestA536557001.txt",
      "CreateDate": "201909041535152198",
      "PolicyNumber": "A536557",
      "PolicyVersion": "00",
      "TransSeqNumber": "1"
    },
    {
      "PartitionKey": "CurrentCarrier",
      "Timestamp": "2019-09-04T15:46:37.1744619Z",
      "Container": "pl-third-party-integration",
      "Folder": "LexisNexis.CurrentCarrier",
      "Name": "CCSortTestA536566001.txt",
      "CreateDate": "201909041546368478",
      "PolicyNumber": "A536566",
      "PolicyVersion": "00",
      "TransSeqNumber": "1"
    },
    {
      "PartitionKey": "CurrentCarrier",
      "Timestamp": "2019-09-04T14:31:49.6450418Z",
      "Container": "pl-third-party-integration",
      "Folder": "LexisNexis.CurrentCarrier",
      "Name": "CCSortTestA536519002.txt",
      "CreateDate": "201909041431489240",
      "PolicyNumber": "A536519",
      "PolicyVersion": "00",
      "TransSeqNumber": "2"
    },
    {
      "PartitionKey": "CurrentCarrier",
      "Timestamp": "2019-09-04T15:34:04.3144978Z",
      "Container": "pl-third-party-integration",
      "Folder": "LexisNexis.CurrentCarrier",
      "Name": "CCSortTestA536519001.txt",
      "CreateDate": "201909041534040277",
      "PolicyNumber": "A536519",
      "PolicyVersion": "00",
      "TransSeqNumber": "1"
    }
  ]
}