<?xml version="1.0" encoding="utf-8" ?>
<data>
     <CA_PolicyGeneral>
      <PaymentOption>Semi - Annually</PaymentOption>
		<!-- option values
		Bill in Full
		Semi - Annually
		Quarterly
		Monthly (EFT Only)
		Bill in Full - No Prior Ins -->
		<MailingSameAsPrimary>yes</MailingSameAsPrimary>
		<!-- if no, then use the following address fields-->
			<StreetAddress></StreetAddress>
			<StreetAddress2></StreetAddress2>
			<City></City>
			<State></State>
			<ZipCode></ZipCode>
		<EMail>TestingPolicy@WBMI.com</EMail>
		<Phone>  <!-- allows for multiple phone entries-->
			<PhoneID>0</PhoneID>  <!-- starts at 0-->
			<PhoneNumberType>Mobile</PhoneNumberType>
			  <!-- option values
				Home
				Mobile
				Work
				Other -->
			<PhoneNumber>248-365-8160</PhoneNumber>
		</Phone>
 		  	
     </CA_PolicyGeneral>
	 <CA_Driver>
	 	<ID>101</ID>
	   <Occupation>Technical /Supervisory</Occupation>
	   <!-- a long list exists, some examples
	   Accountant
	   Administrator/Director
	   All other officers and employees not listed above
	   Artist (Without Other Profession)
	   Courts e.g. Bailiff, Clerk, Reporter, Stenographer, etc.
	   Factory Worker, Machine Operator, Tool & Die Worker	   
	   -->
	   	  <WhyNotLicensed></WhyNotLicensed>
		   <!--options
		   No Longer Drivers
		   Disabled
		   Minor
		   Revoked
		   Other
		   -->
	 </CA_Driver>
	 <CA_VehicleGeneral>
	   <Uber>false</Uber>
	   <CarSharing>false</CarSharing>	   
	 </CA_VehicleGeneral>
	 <CA_Vehicle>
	   <ID>101</ID>
	   <TypeOfBusiness>None</TypeOfBusiness>
	   <EmployeeOperatesVehicle>false</EmployeeOperatesVehicle>	
		<DateOfLease>03/01/2018</DateOfLease>
		<CarryOverBalance>false</CarryOverBalance>
		<PriorLoanLeaseCoverage>false</PriorLoanLeaseCoverage>
			<AdditInterest>
			<VehicleID>101</VehicleID>
			<InterestType>Loss Payee</InterestType>
			  <!--  options
				Loss Payee
				Additional Insured
				Additional Interest
				Additional Interest-Lessor  -->
			  <LoanNumber>1234567890</LoanNumber>
			  <Name1>ABC Bank</Name1>
			  <Name2>Attn:  dept A</Name2>
			  <StreetAddr>236 N 1st st</StreetAddr>
			  <StreetAddr2></StreetAddr2>
			  <City>ann arbor</City>
			  <County></County>
			  <State>MI</State>
			  <ZipCode>48104</ZipCode>
		 </AdditInterest>
	 </CA_Vehicle>	
	 <CA_Vehicle>
	   <ID>102</ID>
	   <TypeOfBusiness>None</TypeOfBusiness>
	   <EmployeeOperatesVehicle>false</EmployeeOperatesVehicle>	
		<DateOfLease>03/01/2018</DateOfLease>
		<CarryOverBalance>false</CarryOverBalance>
		<PriorLoanLeaseCoverage>false</PriorLoanLeaseCoverage>
			<AdditInterest>
			<VehicleID>102</VehicleID>
			<InterestType>Loss Payee</InterestType>
			  <!--  options
				Loss Payee
				Additional Insured
				Additional Interest
				Additional Interest-Lessor  -->
			  <LoanNumber>1234567890</LoanNumber>
			  <Name1>ABC Bank</Name1>
			  <Name2>Attn:  dept A</Name2>
			  <StreetAddr>236 N 1st st</StreetAddr>
			  <StreetAddr2></StreetAddr2>
			  <City>ann arbor</City>
			  <County></County>
			  <State>MI</State>
			  <ZipCode>48104</ZipCode>
		 </AdditInterest>
	 </CA_Vehicle>	
</data>
