﻿<?xml version="1.0" encoding="utf-8" ?>
<data>
	<Insured>
		<ID>101</ID>
		<Prefix>Dr.</Prefix>
		<FirstName>Automated</FirstName>
		<MiddleName>UI</MiddleName>
		<LastName>LiferayTest</LastName>
		<Suffix>Sr.</Suffix>
		<!-- Options
		Jr.
		Sr.
		1st
		2nd
		3rd
		4th -->
		<Gender>M</Gender>
		<!-- Gender needs to be updated only xpath parameterization is in place 
		Options
			M, F, NB-->
		<DOB>02/02/1988</DOB>
		<MaritalStatus>Single</MaritalStatus>
		<!-- Options
		Single
		Married
		Divorced
		Widowed
		Separated -->
		<StreetAddress>123 main st</StreetAddress>
		<StreetAddress2>Ste 2134</StreetAddress2>
		<City>Ann Arbor</City>
		<County>none</County>
		<State>MI</State>
		<Zip>48001</Zip>
		<RelationShipToFNI>FNI</RelationShipToFNI>
		<!-- Options
		'Spouse'
		'Child'
		'Grandparent'
		'Not Related'
		'Relative' -->
		<IsLicensed>true</IsLicensed>
		<!-- Options 
		true, false		-->
		<Licensed5Yrs>false</Licensed5Yrs>
		<!-- Options
		true, false -->
		<DateLicensed>11/11/2017</DateLicensed>
		<LicensedState>IL</LicensedState>
		<LicenseNum>S12541253333</LicenseNum>
		<DriverType>RATED</DriverType>
		<!-- Options
			RATED
			NON_RATED
			EXCLUDED-->
		<FinancialRespFiling>false</FinancialRespFiling>
		<!-- Options
			true, false -->
		<Group>Academy of General Dentistry</Group>
		<!-- Options
		Academy of General Dentistry
		American Dental Association
		American Institute of Architects
		American Institute of Certified Public Accountants
		Association of Mature American Citizens
		Association of American Physicians and Surgeon
		Company Employees
		Grand Rapids Bar Association
		Lakeside Home
		Lake Michigan Credit Union
		MEA
		Michigan Dental Association
		Michigan State Bar
		Michigan Society of Professional Engineers
		National Society of Professional Engineers
		Spectrum Health Employees
		WB Appointed Agency
		None 	-->
		<ACV>
			<DateOfOccurance>12/13/2019</DateOfOccurance>
			<IncidentDescription>At Fault Accident over $999	</IncidentDescription>
			<!-- options available are
			At Fault Accident over $999
			At-fault accident damage under $1000
			Accident - Motorcycle
			Not At Fault Accident
			Not At Fault Accident - Motorcycle
			Administration Action
			Alcohol-minor
			Non-Conviction Alcohol or Drug Offense
			Assult with Motor Vehicle
			Blood Alcohol Content
			License Cancelled
			Careless Driving
			Coasting
			Careless inattentive or imprudent driving
			Other Criminal Activity
			Customer Review Required - DMV Notations
			Drug/Alcohol Related
			Unlawful to display another persons license
			Denial, General
			Defective Equipment
			Driving under the influence of drugs
			Driving While License Revoked
			Driving while license is suspended
			Failure to dim lights
			MV may not deprive mcyc use of lane
			Driving on shoulder in ditch or sidewalk
			Disobeying Official Traffic Device
			Disqualified
			Driving Below Min Speed/Impeding Traf
			Driving while intoxicated - accident
			Driving Wrong Way
			Expired License
			Driving while intoxicated
			Driving without Lights
			Driving While Impaired
			Driving Where Prohibited
			Driving on wrong side of road
			Driving without valid license
			-->
			<ClaimStatus>Open</ClaimStatus>
			<!-- options available are
			Open
			Closed
			Subrogated
			Unknown
			Under Deductible
			Peril Not Covered
			Withdrawn	-->
			<AmountOfDamage>800</AmountOfDamage> 
			<RatingStatus>Active</RatingStatus>
			<!--options available are
			Active
			Add at Renewal
			Excluded	-->
			<WBClaims>Q123432</WBClaims>
		</ACV>	
	</Insured>
	<newvehicle>
	    <VehicleType>Private Passenger</VehicleType>
		<ModelYear>2014</ModelYear>
		<VIN>1G1FS1EW1E1111111</VIN>
		<Make>CHEV</Make>
		<Model>CAMARO SS/CAMARO SS RS</Model>
		<StyleEngine>2-Door Coupe - 6.2</StyleEngine>
		<Weight></Weight>
		<Over10k>false</Over10k>
		<CostNew></CostNew>
		<BusinessVehicle>false</BusinessVehicle>
			<!-- options
			false, true			-->
		<TitledType>Other</TitledType>
			<!-- options
			Other, Business, [driver name]		-->		
		<TitledinNameof>My Test Business</TitledinNameof>
		<GaragedAtPrimary>true</GaragedAtPrimary>
			<!-- options
			false, true			-->		
		<!-- Adaptive Headlights - TBD -->	
		<!-- backup warning - TBD -->	
		<!-- Forward Crash - TBD -->
		<ForwardCrashSelect>With Auto-Braking</ForwardCrashSelect>
			<!-- options:  With Auto-Braking,Without Auto-Braking -->		
		<!-- Autonomous at - TBD -->	
		<!-- driver fatigue - TBD -->	
		<!-- Land Departure - blind spot- TBD -->	
		<LaneDepartureSelect>Lane Departure Only</LaneDepartureSelect>	
			<!-- options:  Lane Departure Only, Blind Spot Monitoring Only, Both Lane Departure Blind Spot Monitoring -->
		<BICSL>$100,000 / $300,000</BICSL>	
			<!-- options:  
				$15,000 / $30,000     AZ only with PED < 6/30/2020
				$20,000 / $40,000     MI only
				$25,000 / $50,000     other than MI
				$50,000 / $100,000
				$100,000 / $300,000
				$250,000 / $500,000
				$500,000 / $500,000
				$500,000 / $1,000,000
				$1,000,000 / $1,000,000
				$100,000
				$300,000
				$500,000
				$1,000,000
			-->		
		<PD>$10,000</PD>
			<!-- options:  
				$10,000        applicable for MI. For AZ only when PED < 6/30/2020
				$15,000        other than MI
				$25,000
				$50,000
				$100,000
				$250,000
				$350,000
				$500,000
			-->		
		<UMUIM>$100,000 / $300,000</UMUIM>	
			<!-- MUST BE LES THAN OR EQUAL TO BI/CSL
				options:  
				$20,000 / $40,000
				$50,000 / $100,000
				$100,000 / $300,000
				$250,000 / $500,000
				$500,000 / $500,000
				$500,000 / $1,000,000
				$1,000,000 / $1,000,000
				$100,000
				$300,000
				$500,000
				$1,000,000
			-->	
		<MedPay>Not Requested</MedPay>
		<!-- options:
			Not Requested
			$1,000
			$2,000
			$5,000
			$10,000
			$25,000 
			-->
		<APDL>$1,000</APDL>	
			<!-- options:  		$1,000	-->
		<PIP>Primary Medical - $1,000 deductible</PIP>	
			<!-- options:  		
			Excess Medical - $0 deductible
			Primary Medical - $0 deductible
			Primary Medical - $500 deductible
			Primary Medical - $1,000 deductible
			Primary Medical - $10,000 deductible
			-->		
		<WorkLossWaiver>No</WorkLossWaiver>	
			<!--options:
				Yes       (must be over 60)
				No				-->
		<WorkLossWaiverDeductible>$10,000</WorkLossWaiverDeductible>		
			<!-- options:  		
				$0
				$500
				$1,000
				$5,000
				$10,000
				-->
		<COMPOTC>$5,000</COMPOTC>	
			<!-- options:  		
				$100
				$250
				$500
				$1,000
				$1,500
				$2,000
				$2,500
				$3,000
				$5,000
				-->		
		<FCG>Yes</FCG>	
			<!-- options:
				Yes, No				-->	
		<COLL>Broad</COLL>	
			<!-- options:  		
				Broad
				Standard
				Limited	
				-->	
		<COLLDeductible>$100</COLLDeductible>	
			<!-- options:  		
				Broad or standard:
					$100
					$250
					$500
					$1,000
					$1,500
					$2,000
					$2,500
					$3,000
					$5,000
				Limited	
					$0
					$100
				-->	
		<AutoLL>Yes</AutoLL>
			<!-- options:
				Yes, No			-->		
		<TransExpense>$40 / $1,200</TransExpense>	
			<!-- options:  		
				$30 / $900 Included
				$40 / $1,200
				$50 / $1,500
				$75 / $2,250
				$100 / $3,000
				$150 / $4,500
				$200 / $6,000
				-->	
		<CustomEquip>false</CustomEquip>
				<!-- options:
				true, false				-->	
		<CustomEquipOther>true</CustomEquipOther>
				<!-- options:
				true, false	-->
		<CustomEquipment>
			<RowId>0</RowId>
			<CustomEquipValue>5000</CustomEquipValue>	
			<CustomEquipDesc>added handicap drop gate</CustomEquipDesc>	
			<OEMSelection>false</OEMSelection>
			<!-- options:
				true
				false	-->
		</CustomEquipment>
		<CDR>No</CDR>
		<!-- options:  
			Yes			
			No
			-->
		<Leased>false</Leased>	
			<!-- options:
			true, false			-->	
	</newvehicle>
    <newvehicle>
	    <VehicleType>Private Passenger</VehicleType>
		<VIN>1G1FE1R71H1111111</VIN>
		<ModelYear>2017</ModelYear>
		<Make>CHEV</Make>
		<Model>CAMARO SS</Model>
		<StyleEngine>2-Door Coupe - 6.2</StyleEngine>
		<Weight></Weight>
		<Over10k>false</Over10k>
		<CostNew></CostNew>
		<BusinessVehicle>false</BusinessVehicle>
			<!-- options
			false, true			-->
		<TitledType>Other</TitledType>
			<!-- options
			Other, Business, [driver name]		-->	
		<TitledinNameof>My Test Business</TitledinNameof>
		<GaragedAtPrimary>true</GaragedAtPrimary>
			<!-- options
			false, true	-->		
		<!-- Adaptive Headlights - TBD -->	
		<!-- backup warning - TBD -->	
		<!-- Forward Crash - TBD -->
		<ForwardCrashSelect>With Auto-Braking</ForwardCrashSelect>
			<!-- options:  With Auto-Braking,Without Auto-Braking -->		
		<!-- Autonomous at - TBD -->	
		<!-- driver fatigue - TBD -->	
		<!-- Land Departure - blind spot- TBD -->	
		<LaneDepartureSelect>Lane Departure Only</LaneDepartureSelect>	
			<!-- options:  Lane Departure Only, Blind Spot Monitoring Only, Both Lane Departure Blind Spot Monitoring -->
		<BICSL>$100,000 / $300,000</BICSL>	
			<!-- options:  
				$20,000 / $40,000
				$50,000 / $100,000
				$100,000 / $300,000
				$250,000 / $500,000
				$500,000 / $500,000
				$500,000 / $1,000,000
				$1,000,000 / $1,000,000
				$100,000
				$300,000
				$500,000
				$1,000,000
			-->		
		<PD>$10,000</PD>
			<!-- options:  
				$10,000
				$25,000
				$50,000
				$100,000
				$250,000
				$350,000
				$500,000
			-->		
		<UMUIM>$100,000 / $300,000</UMUIM>	
			<!-- MUST BE LES THAN OR EQUAL TO BI/CSL
				options:  
				$20,000 / $40,000
				$50,000 / $100,000
				$100,000 / $300,000
				$250,000 / $500,000
				$500,000 / $500,000
				$500,000 / $1,000,000
				$1,000,000 / $1,000,000
			-->	
		<MedPay>Not Requested</MedPay>
		<!-- options:
			Not Requested
			$1,000
			$2,000
			$5,000
			$10,000
			$25,000 
			-->
		<APDL>$1,000</APDL>	
			<!-- options:  		$1,000	-->
		<PIP>Primary Medical - $1,000 deductible</PIP>	
			<!-- options:  		
			Excess Medical - $0 deductible
			Primary Medical - $0 deductible
			Primary Medical - $500 deductible
			Primary Medical - $1,000 deductible
			Primary Medical - $10,000 deductible
			-->		
		<WorkLossWaiver>No</WorkLossWaiver>	
			<!--options:
				Yes       (must be over 60)
				No				-->
		<WorkLossWaiverDeductible>$10,000</WorkLossWaiverDeductible>		
			<!-- options:  		
				$0
				$500
				$1,000
				$5,000
				$10,000
				-->
		<COMPOTC>$2,000</COMPOTC>	
			<!-- options:  		
				$100
				$250
				$500
				$1,000
				$1,500
				$2,000
				$2,500
				$3,000
				$5,000
				-->		
		<FCG>Yes</FCG>	
			<!-- options:
				Yes, No				-->	
		<COLL>Standard</COLL>	
			<!-- options:  		
				Broad
				Standard
				Limited	
				-->	
		<COLLDeductible>$2,000</COLLDeductible>	
			<!-- options:  		
				Broad or standard:
					$100
					$250
					$500
					$1,000
					$1,500
					$2,000
					$2,500
					$3,000
					$5,000
				Limited	
					$0
					$100
				-->	
		<AutoLL>Yes</AutoLL>
			<!-- options:
				Yes, No			-->		
		<TransExpense>$150 / $4,500</TransExpense>	
			<!-- options:  		
				$30 / $900 Included
				$40 / $1,200
				$50 / $1,500
				$75 / $2,250
				$100 / $3,000
				$150 / $4,500
				$200 / $6,000
				-->	
		<CustomEquip>false</CustomEquip>
				<!-- options:
				true, false				-->	
		<CustomEquipOther>true</CustomEquipOther>
				<!-- options:
				true, false	-->
		<CustomEquipment>
			<RowId>0</RowId>
			<CustomEquipValue>5000</CustomEquipValue>	
			<CustomEquipDesc>added handicap drop gate</CustomEquipDesc>	
			<OEMSelection>false</OEMSelection>
			<!-- options:
				true
				false	-->	
		</CustomEquipment>
		<CDR>No</CDR>
		<!-- options:  
			Yes			
			No
			-->
		<Leased>false</Leased>	
			<!-- options:
			true, false			-->				
	</newvehicle>
	<VehGenCovQues>
		<PrincipalDriver>Automated LiferayTest</PrincipalDriver>
		<OccasionalDriver>Second Driver</OccasionalDriver>
		<TravelNet>$100</TravelNet>
		<!-- options:
		<blank>
		$100
		$125
		$150
		$200
		$250 	-->
		<OtherAutoInsurance>false</OtherAutoInsurance>
		<!-- options 
		true, false -->
	</VehGenCovQues>
	<PolicyGeneralInfo>
	
		<PayInFull>false</PayInFull>
			<!--  true, false -->
		<ContinuouslyInsured>YES</ContinuouslyInsured>
		<!-- options
			YES
			NO
			NOT_NEEDED
		-->
		<NotNeededReason></NotNeededReason>
		<TwoOrMoreCarriers>true</TwoOrMoreCarriers>
		<!-- options
			false, true		-->
		<PriorCarrier>Admiral Group</PriorCarrier>
		<PriorCarrierName>Testing</PriorCarrierName>
		<!-- options
			ACE American Insurance
			Acuity Mutual Ins Co
			Admiral Group
			Affirmative Insurance Group
			Agency Holding Co of Maryland Inc
			Agricultural Workers Mutual Auto Ins Co
			AIICO Insurance Plc
			Alfa Mutual Insurance Company
			Allianz of America
			Allianz SE
			Ally Financial Inc
			Amer Farmers & Ranchers Mutual Ins Co
			American Express Company
			American Family Ins Mutual Holding Co
			American Financial Group
			American International Group, Inc
			American National Insurance Company
			American Overseas Group Limited
			Ameriprise Financial Inc
			Amica Mutual Insurance Company
			AmTrust Financial Services, Inc
			Arbella Mutual Insurance Company
			Argo Group International Holdings
			AssuranceAmerica Corporation
			Assure Holdings Corporation
			Auto Club Insurance Association
			Automobile Club of Southern California
			Auto-Owners Insurance Company
			AXA Mansard Insurance
			AXA S.A.
			Badani Family Trust
			Badger Mutual Insurance
			Bank of America Corporation
			Berkshire Hathaway Inc
			Brethren Mutual
			Brown & Brown
			Buckeye State Mutual Insurance Company
			California Casualty Indemnity Exch
			Cameron Mutual Insurance Company
			Carolina Motor Club, Inc
			Celina Insurance Group
			Center Mutual Insurance
			Central Mutual Insurance Company
			Chubb Limited
			CIG Holding Company, Inc
			Cincinnati Financial Corporation
			Citizens United Reciprocal Exchange
			Colorado Farm Bureau Mutual Ins Co
			Columbia Lloyds Insurance Company
			Columbia Mutual Insurance Company
			Constitution Group
			Constitutional Casualty
			Consumers Co Mutual
			Cornerstone Management Partners, Inc
			Country-wide Insurance
			CSAA Insurance Exchange
			Cumberland Mutual Fire Insurance Co
			Discovery Insurance
			Donegal Mutual Insurance Company
			Employers Mutual Casualty Company
			Enstart Group Limited
			EP Loya Group LP
			Erie Insurance Exchange
			Ernest Rady Trust
			Everest Reinsurance
			Everett Cash Mutual Insurance Company
			Fairfax Financial Holdings Limited
			Farm Bureau Mutual Holding Company
			Farm Bureau Mutual Insurance Co of ID
			Farmers Alliance Mutual Insurance Co
			Farmers Automobile Insurance Assn
			Farmers Mutual of NE
			First Acceptance Corporation
			First American Financial Corporation
			Fosun International Holdings
			Frankenmuth Mutual Insurance Company
			GAINSCO, Inc
			General Electric Company
			Georgia Farm Bureau Mutual Insurance Co
			Germania Farm Mutual Insurance Assn
			Germantown Mutual
			Goodville Mutual Pool
			Grange Insurance Association
			Grange Mutual Holding Company
			Greenville Casualty Insurance Company
			Grinnell Mutual Reinsurance Company
			Guideone Insurance
			Hallmark Financial Services, Inc
			Hartford Financial Services Group Inc
			Hastings Mutual
			Home State Insurance Group, Inc
			Horace Mann Educators Corporation
			Houston General Ins EX
			HSI Partnership
			IBOD Company Inc
			Illinois Agricultural Association
			IMT Mutual Holding Company
			Indiana Farm Bureau Inc
			Indiana Farmers Mutual Insurance
			Intact Financial Corporation
			Interstate Auto Insurance
			Inverness Partners II LP
			John G. Jinks, Jr
			K2 Insurance Services
			Kemper Corporation
			Lancer Financial Group
			Liberty Life Insurance Public Company Limited
			Liberty Mutual Holding Company Inc
			Lincoln National Corporation
			Loews Corporation
			Madison Mutual Insurance Company IL
			Maine Mutual Group
			MAPFRE
			Markel Corporation
			Merchants Mutual Insurance Company
			Mercury General Corporation
			MetLife, Inc
			Metromile, Inc
			Michigan Farm Bureau
			Michigan Placement Facility
			Midwest Family Mutual Insurance Company
			Milo Trust
			Missouri Farm Bureau Federation
			Motorists Mutual Insurance Company
			Mountain West FB Mutual Ins Co
			Multistate Insurance Group
			Munich Reinsurance Company
			Mutual Benefit Insurance Company
			Mutual of Enumclaw Insurance Holding Co
			National General Holdings Corp
			Nationwide Mutual Insurance Company
			New Jersey Manufacturers Insurance Co
			New York Central Mutual Fire Ins Co
			NLC Insurance Companies Pool
			Nodak Mutual Group, Inc.
			Norfolk & Dedham Group Pool
			Northern Mutual Insurance
			Nothern Neck Insurance Company
			Odyssey Reinsurance Company
			Ohio Farmers Insurance Company
			Ohio Mutual Insurance Company
			Oklahoma Farm Bureau Mutual Insurance Co
			Oregon Mutual Insurance Company
			Pacific Century Grop
			Palisades Safety and Insurance Assn
			Palisades Safety and Insurance Association
			PEMCO Ins Companies
			Pennsylvania National Mutual Cas Ins Co
			Pharmacists Mutual Insurance Company
			Pioneer State Mutual
			Preferred Mutual Insurance Company
			Premier Holdings, LLC
			Progressive Corporation
			Protective Insurance Corporation
			QBE Insurance Group Limited
			Rakuten Inc
			Redpoint County Mutual Insurance
			Robert M Ehrlich and Laurel B Ehrlich
			Rockingham Mutual Group, Inc
			Rural Mutual
			Safe Auto Insurance Group, Inc
			Safety Insurance Group, Inc
			Safeway Financial Holding Company
			Sanitas Grundversicherungen AG
			Santee Partners, LP
			SECURA Insurance, A Mutual Company
			Selective Insurance Group, Inc
			Sentry Insurance a Mutual Company
			Shelter Mutual Insurance Company
			Société de Groupe d'Assurance Mut Covéa
			South Carolina Farm Bureau Group
			Southern Casualty Holding Company
			Southern Pioneer P&C Ins Co
			State Automobile Mutual Insurance Co
			State Farm Mutual Automobile Ins Co
			Tennessee Farmers Mutual Insurance Co
			Texas Farm Bureau
			The Allstate Corporation
			The Auto Club Group
			The Hanover Insurance Group, Inc
			The Plymouth Rock Company Incorporated
			The Travelers Companies, Inc
			Tiptree Inc
			Topa Equities Ltd
			Trebuchet Group Holdings Limited
			Trident VI LP
			Tuscarora Wayne Mutual
			Union Mutual Fire Insurance Company
			United Fire Group, Inc
			United Heritage Mutual Holding Company
			United Holdings Group
			United Insurance Group
			United Services Automobile Association
			Universal Insurance Group of Puerto Rico
			Utica Mutual Insurance Company
			Vesta Insurance Group
			Virginia Farm Bureau Mutual Insurance Co
			W. R. Berkley Corporation
			Wawanesa Mutual Insurance Company
			WEA Member Benefit Trust
			West Bend Mutual
			Westaim HIIG
			Western National Mutual Insurance Co
			Western Reserve Pool
			Western Service Contract Corporation
			Wisconsin Reinsurance Corporation
			Wolverine Mutual
			WT Holdings, Inc
			Zenchi Kyosai Corporation
			Zurich Insurance Group Ltd
			Other(9999)  [pass 9999 if you want to select Other] -->
		
			<PolicyInception>06/01/2019</PolicyInception>
			<PolicyExpiration>06/01/2020</PolicyExpiration>
			<BILimit>Split limits</BILimit>
			<!-- options
				Split limits
				Combined single limits
		-->
		<CSL>$10,000</CSL>
		<PerPerson>$10,000</PerPerson>
		<PerAccident>$10,000</PerAccident>
	</PolicyGeneralInfo>
	
	
  
 
      <CA_PolicyGeneral>
      <PaymentOption>Bill in Full - No Prior Ins</PaymentOption>
	  <DayOfMonth>3</DayOfMonth>
		<!-- option values
		Bill in Full
		Semi - Annually
		Quarterly
		Monthly (EFT Only)
		Bill in Full - No Prior Ins -->
		<MailingSameAsPrimary>yes</MailingSameAsPrimary>
		<!-- if no, then use the following address fields-->
			<StreetAddress></StreetAddress>
			<StreetAddress2></StreetAddress2>
			<City></City>
			<State></State>
			<ZipCode></ZipCode>
		<EMail>TestingPolicy@WBMI.com</EMail>
		<Phone>  <!-- allows for multiple phone entries-->
			<PhoneID>0</PhoneID>  <!-- starts at 0-->
			<PhoneNumberType>Mobile</PhoneNumberType>
			  <!-- option values
				Home
				Mobile
				Work
				Other -->
			<PhoneNumber>248-365-8160</PhoneNumber>
		</Phone>
		  		  	
     </CA_PolicyGeneral>
	 <CA_Driver>
	 
		<ID>101</ID>
	   <Occupation>Technical /Supervisory</Occupation>
	   <!-- a long list exists, some examples
	   Accountant
	   Administrator/Director
	   All other officers and employees not listed above
	   Artist (Without Other Profession)
	   Courts e.g. Bailiff, Clerk, Reporter, Stenographer, etc.
	   Factory Worker, Machine Operator, Tool & Die Worker	   
	   -->
	   	  <WhyNotLicensed>Revoked</WhyNotLicensed>
		   <!--options
		   No Longer Drivers
		   Disabled
		   Minor
		   Revoked
		   Other
		   -->
	 </CA_Driver>
	 
	
	<!--<CA_Driver2>
      <ID>102</ID>
      <Occupation>Athlete - Professional</Occupation>
	  <WhyNotLicensed>Revoked</WhyNotLicensed>
		   options
		   No Longer Drivers
		   Disabled
		   Minor
		   Revoked
		   Other
	</CA_Driver2>-->
	
	
	<CA_MailingAddressInformation>
	    <EMail>TestingPolicy@WBMI.com</EMail>
	    <PhoneNumberType>Mobile</PhoneNumberType>
	    <PhoneNumber>248-365-8160</PhoneNumber>
	</CA_MailingAddressInformation> 
	 <CA_VehicleGeneral>
	   <Uber>false</Uber>
	   <CarSharing>false</CarSharing>	   
	 </CA_VehicleGeneral>
	 <CA_Vehicle>
	   <ID>101</ID>
	   <TypeOfBusiness>None</TypeOfBusiness>
	   <EmployeeOperatesVehicle>false</EmployeeOperatesVehicle>	
		<DateOfLease>03/01/2018</DateOfLease>
		<CarryOverBalance>false</CarryOverBalance>
		<PriorLoanLeaseCoverage>false</PriorLoanLeaseCoverage>
			<AdditInterest>
			<VehicleID>101</VehicleID>
			<InterestType>Loss Payee</InterestType>
			  <!--  options
				Loss Payee
				Additional Insured
				Additional Interest
				Additional Interest-Lessor  -->
			  <LoanNumber>1234567890</LoanNumber>
			  <Name1>ABC Bank</Name1>
			  <Name2>Attn:  dept A</Name2>
			  <StreetAddr>236 N 1st st</StreetAddr>
			  <StreetAddr2></StreetAddr2>
			  <City>ann arbor</City>
			  <County></County>
			  <State>MI</State>
			  <ZipCode>48104</ZipCode>
		 </AdditInterest>
	 </CA_Vehicle>	
	 <CA_Vehicle>
	   <ID>102</ID>
	   <TypeOfBusiness>None</TypeOfBusiness>
	   <EmployeeOperatesVehicle>false</EmployeeOperatesVehicle>	
		<DateOfLease>03/01/2018</DateOfLease>
		<CarryOverBalance>false</CarryOverBalance>
		<PriorLoanLeaseCoverage>false</PriorLoanLeaseCoverage>
			<AdditInterest>
			<VehicleID>102</VehicleID>
			<InterestType>Loss Payee</InterestType>
			  <!--  options
				Loss Payee
				Additional Insured
				Additional Interest
				Additional Interest-Lessor  -->
			  <LoanNumber>1234567890</LoanNumber>
			  <Name1>ABC Bank</Name1>
			  <Name2>Attn:  dept A</Name2>
			  <StreetAddr>236 N 1st st</StreetAddr>
			  <StreetAddr2></StreetAddr2>
			  <City>ann arbor</City>
			  <County></County>
			  <State>MI</State>
			  <ZipCode>48104</ZipCode>
		 </AdditInterest>
	 </CA_Vehicle>	


  


</data>