{
	"$schema": "https://schema.management.azure.com/schemas/2015-01-01/deploymentParameters.json#",
	"contentVersion": "1.0.0.0",
  "parameters": {
    "appName": {
      "value": "apim-dev-commercial-functionapp-acord"
    },
    "apimIpAddress": {
      "value": ""
    },
    "appServicePlan": {
      "value": ""
    },
    "APIM": {
      "value": ""
    },
    "ApimSubscriptionKey": {
      "value": ""
    },
    "storage_account_connection_string": {
      "value": ""
    },
    "maximum_rows_read_from_table": {
      "value": ""
    },
    "UsePenguinForUpload": {
      "value": ""
    },
    "HttpTimeout": {
      "value": ""
    },
    "NSIEnabledLOBs": {
      "value": ""
    },
    "WBCLEnabledLOBs": {
      "value": ""
    },
    "ArgentEnabledLOBs": {
      "value": ""
    },
    "DetokenizeDelay": {
      "value": ""
    },
    "UseWbmiTransforms": {
      "value": ""
    }
  }
}