{
  "$schema": "https://schema.management.azure.com/schemas/2015-01-01/deploymentTemplate.json#",
  "contentVersion": "1.0.0.0",
  "parameters": {
    "apimIpAddress": {
      "type": "string"
    },
    "appName": {
      "type": "string",
      "metadata": {
        "description": "The name of the function app that you wish to create."
      }
    },
    "storageAccountType": {
      "type": "string",
      "defaultValue": "Standard_LRS",
      "allowedValues": [ "Standard_LRS", "Standard_GRS", "Standard_RAGRS" ],
      "metadata": {
        "description": "Storage Account type"
      }
    },
    "location": {
      "type": "string",
      "defaultValue": "[resourceGroup().location]",
      "metadata": {
        "description": "Location for all resources."
      }
    },
    "runtime": {
      "type": "string",
      "defaultValue": "dotnet",
      "allowedValues": [ "node", "dotnet", "java" ],
      "metadata": {
        "description": "The language worker runtime to load in the function app."
      }
    },
    "appServicePlan": {
      "type": "string"
    },
    "APIM": {
      "type": "string"
    },
    "ApimSubscriptionKey": {
      "type": "string"
    },
    "storage_account_connection_string": {
      "type": "string"
    },
    "maximum_rows_read_from_table": {
      "type": "string"
    },
    "UsePenguinForUpload": {
      "type": "string"
    },
    "HttpTimeout": {
      "type": "string"
    },
    "NSIEnabledLOBs": {
      "type": "string"
    },
    "WBCLEnabledLOBs": {
      "type": "string"
    },
    "ArgentEnabledLOBs": {
      "type": "string"
    }, 
     "DetokenizeDelay": {
      "type": "string"
    },
    "UseWbmiTransforms": {
      "type": "string"
    }
  },
  "variables": {
    "functionAppName": "[parameters('appName')]",
    "hostingPlanName": "[parameters('appServicePlan')]",
    "storageAccountName": "[concat(uniquestring(resourceGroup().id), 'azfunctions')]",
    "storageAccountid": "[concat(resourceGroup().id,'/providers/','Microsoft.Storage/storageAccounts/', variables('storageAccountName'))]",
    "functionWorkerRuntime": "[parameters('runtime')]"
  },
  "resources": [
    {      
      "type": "Microsoft.Storage/storageAccounts",
      "name": "[variables('storageAccountName')]",
      "apiVersion": "2016-12-01",
      "location": "[parameters('location')]",
      "kind": "Storage",
      "sku": {
        "name": "[parameters('storageAccountType')]"
      }
    },
    {
     "type": "Microsoft.Web/serverfarms",
      "apiVersion": "2016-09-01",
      "name": "[variables('hostingPlanName')]",
      "location": "[resourceGroup().location]",
      "properties": {
        "name": "[variables('hostingPlanName')]"
      },
      "sku": {
        "name": "S2",
        "tier": "Standard"
      }
    },
    {
      "apiVersion": "2015-08-01",
      "type": "Microsoft.Web/sites",
      "name": "[variables('functionAppName')]",
      "location": "[parameters('location')]",
      "kind": "functionapp",
      "dependsOn": [
        "[resourceId('Microsoft.Web/serverfarms', variables('hostingPlanName'))]",
        "[resourceId('Microsoft.Storage/storageAccounts', variables('storageAccountName'))]"
      ],
      "properties": {
        "serverFarmId": "[resourceId('Microsoft.Web/serverfarms', variables('hostingPlanName'))]",
        "siteConfig": {
          "appSettings": [
            {
              "name": "AzureWebJobsDashboard",
              "value": "[concat('DefaultEndpointsProtocol=https;AccountName=', variables('storageAccountName'), ';AccountKey=', listKeys(variables('storageAccountid'),'2015-05-01-preview').key1)]"
            },
            {
              "name": "AzureWebJobsStorage",
              "value": "[concat('DefaultEndpointsProtocol=https;AccountName=', variables('storageAccountName'), ';AccountKey=', listKeys(variables('storageAccountid'),'2015-05-01-preview').key1)]"
            },
            {
              "name": "WEBSITE_CONTENTAZUREFILECONNECTIONSTRING",
              "value": "[concat('DefaultEndpointsProtocol=https;AccountName=', variables('storageAccountName'), ';AccountKey=', listKeys(variables('storageAccountid'),'2015-05-01-preview').key1)]"
            },
            {
              "name": "WEBSITE_CONTENTSHARE",
              "value": "[toLower(variables('functionAppName'))]"
            },
            {
              "name": "FUNCTIONS_EXTENSION_VERSION",
              "value": "~1"
            },
            {
              "name": "WEBSITE_NODE_DEFAULT_VERSION",
              "value": "8.11.1"
            },
            {
              "name": "APIM",
              "value": "[parameters('APIM')]"
            },
            {
              "name": "appServicePlan",
              "value": "[parameters('appServicePlan')]"
            },
            {
              "name": "ApimSubscriptionKey",
              "value": "[parameters('ApimSubscriptionKey')]"
            },
            {
              "name": "storage_account_connection_string",
              "value": "[parameters('storage_account_connection_string')]"
            },
            {
              "name": "maximum_rows_read_from_table",
              "value": "[parameters('maximum_rows_read_from_table')]"
            },
            {
              "name": "HttpTimeout",
              "value": "[parameters('HttpTimeout')]"
            },
            {
              "name": "UsePenguinForUpload",
              "value": "[parameters('UsePenguinForUpload')]"
            },
            {
              "name": "NSIEnabledLOBs",
              "value": "[parameters('NSIEnabledLOBs')]"
            },
            {
              "name": "WBCLEnabledLOBs",
              "value": "[parameters('WBCLEnabledLOBs')]"
            },
            {
              "name": "ArgentEnabledLOBs",
              "value": "[parameters('ArgentEnabledLOBs')]"
            },        
             {
              "name": "DetokenizeDelay",
              "value": "[parameters('DetokenizeDelay')]"
            },
            {
              "name": "UseWbmiTransforms",
              "value": "[parameters('UseWbmiTransforms')]"
            },
            {
              "name": "FUNCTIONS_WORKER_RUNTIME",
              "value": "[variables('functionWorkerRuntime')]"
            }
          ]
        }
      }
    },
    {
      "type": "Microsoft.Web/sites/config",
      "apiVersion": "2016-08-01",
      "name": "[concat(parameters('appName'), '/web')]",
      "location": "North Central US",
      "dependsOn": [
        "[resourceId('Microsoft.Web/sites', parameters('appName'))]"
      ],
      "tags": {
        "Business Organization": "Unassigned",
        "Created By": "Unassigned",
        "Created Date": "Unassigned",
        "Environment": "Unassigned",
        "Service Request #": "Unassigned",
        "Service Type": "Unassigned",
        "Supporting IT Organization": "Unassigned",
        "Technology Type": "Unassigned"
      },
      "properties": {
        "numberOfWorkers": 1,
        "defaultDocuments": [
          "Default.htm",
          "Default.html",
          "Default.asp",
          "index.htm",
          "index.html",
          "iisstart.htm",
          "default.aspx",
          "index.php"
        ],
        "netFrameworkVersion": "v4.0",
        "phpVersion": "5.6",
        "pythonVersion": "",
        "nodeVersion": "",
        "linuxFxVersion": "",
        "requestTracingEnabled": false,
        "remoteDebuggingEnabled": false,
        "remoteDebuggingVersion": "VS2017",
        "httpLoggingEnabled": false,
        "logsDirectorySizeLimit": 35,
        "detailedErrorLoggingEnabled": false,
        "publishingUsername": "[parameters('appName')]",
        "scmType": "VSTSRM",
        "use32BitWorkerProcess": true,
        "webSocketsEnabled": false,
        "alwaysOn": false,
        "appCommandLine": "",
        "managedPipelineMode": "Integrated",
        "virtualApplications": [
          {
            "virtualPath": "/",
            "physicalPath": "site\\wwwroot",
            "preloadEnabled": false,
            "virtualDirectories": null
          }
        ],
        "winAuthAdminState": 0,
        "winAuthTenantState": 0,
        "customAppPoolIdentityAdminState": false,
        "customAppPoolIdentityTenantState": false,
        "loadBalancing": "LeastRequests",
        "routingRules": [],
        "experiments": {
          "rampUpRules": []
        },
        "autoHealEnabled": false,
        "vnetName": "",
        "siteAuthEnabled": false,
        "siteAuthSettings": {
          "enabled": null,
          "unauthenticatedClientAction": null,
          "tokenStoreEnabled": null,
          "allowedExternalRedirectUrls": null,
          "defaultProvider": null,
          "clientId": null,
          "clientSecret": null,
          "clientSecretCertificateThumbprint": null,
          "issuer": null,
          "allowedAudiences": null,
          "additionalLoginParams": null,
          "isAadAutoProvisioned": false,
          "googleClientId": null,
          "googleClientSecret": null,
          "googleOAuthScopes": null,
          "facebookAppId": null,
          "facebookAppSecret": null,
          "facebookOAuthScopes": null,
          "twitterConsumerKey": null,
          "twitterConsumerSecret": null,
          "microsoftAccountClientId": null,
          "microsoftAccountClientSecret": null,
          "microsoftAccountOAuthScopes": null
        },
        "cors": {
          "allowedOrigins": [
            "https://functions.azure.com",
            "https://functions-staging.azure.com",
            "https://functions-next.azure.com"
          ],
          "supportCredentials": false
        },
        "localMySqlEnabled": false,
        "http20Enabled": false,
        "minTlsVersion": "1.2",
        "ftpsState": "AllAllowed",
        "reservedInstanceCount": 0
      }
    }
  ]
}
