{
  "version": "2.0",
  "logging": {
    "fileLoggingMode": "always",
    "logLevel": {
      "AcordSubmissions.Infrastructure.StorageService": "Information",
      "AcordSubmissions.Application.AcordXmlTokenizePIIHandler": "Information",
      "AcordSubmissions.Application.ImportDuckXmlHandler": "Information",
      "AcordSubmissions.Application.SubmitToPenguinHandler": "Information",
      "AcordSubmissions.Application.PIITokenizeHandler": "Information",
      "AcordSubmissions.Application.UploadDuckXmlClient": "Information",
      "AcordSubmissions.Application.RetrieveConfidenceIndexHandler": "Information"
    }
  }
}