{
  "IsEncrypted": false,
  "Values": {
    "AzureWebJobsStorage": "UseDevelopmentStorage=true",
    "FUNCTIONS_WORKER_RUNTIME": "dotnet",
    "APIM": "https://dev-api.wbmi.com",
    "ApimSubscriptionKey": "e7bf9af92bd2439b86e572aca82c9ce5",
    "UsePenguinForUpload": "false",
    "storage_account_connection_string": "DefaultEndpointsProtocol=https;AccountName=clappdevsa;AccountKey=BDxzhDCMol1VIjzoLMQudT3+dm0jpPAke1El4N4BYxO0Di+O4QpAa2UOuzTUTQWN/z9V2DlGEIWc3rGnVNimPw==;EndpointSuffix=core.windows.net;",
    "maximum_rows_read_from_table": "100",
    "DebugMode": "true",
    "DebugUploadRoute": "http://localhost:7073/api/ProcessDuckXml",
    "DebugStorageRoute": "http://localhost:7074/api/StoreTableAndBlob",
    "DebugUpdateStorageRoute": "http://localhost:7074/api/UpdateTableData",
    "DebugRetrieveStorageRoute": "http://localhost:7074/api/RetrieveBlob",
    "DebugRetrieveTableDataRoute": "http://localhost:7074/api/RetrieveTableData",
    "PenguinDebugUploadRoute": "http://localhost:8001/api/v1/import/schedules",
    "NSIEnabledLOBs": "CPP,WC",
    "WBCLEnabledLOBs": "CPP,WC",
    "ArgentEnabledLOBs": "WC",
    "HttpTimeout": "30",
    "UseWbmiTransforms": "true",
    "DetokenizeDelay": "300"
  }
}
